datetime,count
2011-01-20 00:00:00,101.900665
2011-01-20 01:00:00,83.031425
2011-01-20 02:00:00,83.031425
2011-01-20 03:00:00,92.666176
2011-01-20 04:00:00,92.666176
2011-01-20 05:00:00,74.66143
2011-01-20 06:00:00,68.77021
2011-01-20 07:00:00,83.46204
2011-01-20 08:00:00,89.172005
2011-01-20 09:00:00,105.81014
2011-01-20 10:00:00,116.8379
2011-01-20 11:00:00,138.481
2011-01-20 12:00:00,155.73277
2011-01-20 13:00:00,138.88126
2011-01-20 14:00:00,147.58246
2011-01-20 15:00:00,159.18361
2011-01-20 16:00:00,135.82898
2011-01-20 17:00:00,139.08897
2011-01-20 18:00:00,103.158134
2011-01-20 19:00:00,96.19071
2011-01-20 20:00:00,93.864174
2011-01-20 21:00:00,85.153404
2011-01-20 22:00:00,67.21113
2011-01-20 23:00:00,71.49598
2011-01-21 00:00:00,55.769733
2011-01-21 01:00:00,55.769733
2011-01-21 02:00:00,46.229546
2011-01-21 03:00:00,32.421486
2011-01-21 04:00:00,2.521497
2011-01-21 05:00:00,81.03617
2011-01-21 06:00:00,86.31225
2011-01-21 07:00:00,88.96426
2011-01-21 08:00:00,105.00257
2011-01-21 09:00:00,96.0993
2011-01-21 10:00:00,111.77756
2011-01-21 11:00:00,135.25877
2011-01-21 12:00:00,187.81581
2011-01-21 13:00:00,193.48479
2011-01-21 14:00:00,176.02138
2011-01-21 15:00:00,154.20573
2011-01-21 16:00:00,151.74623
2011-01-21 17:00:00,139.97829
2011-01-21 18:00:00,124.32574
2011-01-21 19:00:00,125.40035
2011-01-21 20:00:00,113.18416
2011-01-21 21:00:00,85.86632
2011-01-21 22:00:00,68.97461
2011-01-21 23:00:00,78.189964
2011-01-22 00:00:00,41.216297
2011-01-22 01:00:00,61.285896
2011-01-22 02:00:00,60.611534
2011-01-22 03:00:00,63.471294
2011-01-22 04:00:00,38.47681
2011-01-22 06:00:00,49.16523
2011-01-22 07:00:00,41.163406
2011-01-22 08:00:00,39.33806
2011-01-22 09:00:00,52.969772
2011-01-22 10:00:00,64.2316
2011-01-22 11:00:00,76.07816
2011-01-22 12:00:00,85.408165
2011-01-22 13:00:00,100.72812
2011-01-22 14:00:00,104.20046
2011-01-22 15:00:00,114.74851
2011-01-22 16:00:00,127.23346
2011-01-22 17:00:00,133.03893
2011-01-22 18:00:00,88.812454
2011-01-22 19:00:00,89.2127
2011-01-22 20:00:00,50.727585
2011-01-22 21:00:00,67.52619
2011-01-22 22:00:00,53.699764
2011-01-22 23:00:00,9.976216
2011-01-23 00:00:00,9.976216
2011-01-23 01:00:00,9.976216
2011-01-23 02:00:00,-7.7566357
2011-01-23 03:00:00,-7.7566357
2011-01-23 05:00:00,17.617985
2011-01-23 06:00:00,17.617985
2011-01-23 07:00:00,24.490023
2011-01-23 08:00:00,0.7753389
2011-01-23 09:00:00,42.39924
2011-01-23 10:00:00,80.50817
2011-01-23 11:00:00,85.79871
2011-01-23 12:00:00,119.93952
2011-01-23 13:00:00,118.70693
2011-01-23 14:00:00,142.50023
2011-01-23 15:00:00,142.50023
2011-01-23 16:00:00,145.52678
2011-01-23 17:00:00,139.2755
2011-01-23 18:00:00,120.95647
2011-01-23 19:00:00,123.81622
2011-01-23 20:00:00,97.47524
2011-01-23 21:00:00,91.7653
2011-01-23 22:00:00,79.99734
2011-01-23 23:00:00,62.080788
2011-01-24 00:00:00,62.59031
2011-01-24 01:00:00,44.985832
2011-01-24 03:00:00,44.58557
2011-01-24 04:00:00,36.749763
2011-01-24 05:00:00,36.749763
2011-01-24 06:00:00,38.58468
2011-01-24 07:00:00,48.265182
2011-01-24 08:00:00,51.218033
2011-01-24 09:00:00,80.57598
2011-01-24 10:00:00,71.12963
2011-01-24 11:00:00,66.11096
2011-01-24 12:00:00,97.10737
2011-01-24 13:00:00,96.80977
2011-01-24 14:00:00,87.99467
2011-01-24 15:00:00,104.23436
2011-01-24 16:00:00,86.11573
2011-01-24 17:00:00,65.33942
2011-01-24 18:00:00,39.294373
2011-01-24 19:00:00,57.206005
2011-01-24 20:00:00,39.294373
2011-01-24 21:00:00,30.76071
2011-01-24 22:00:00,38.04243
2011-01-24 23:00:00,43.805275
2011-01-25 00:00:00,25.903202
2011-01-25 01:00:00,26.663506
2011-01-25 02:00:00,18.621479
2011-01-25 04:00:00,-1.161063
2011-01-25 05:00:00,-1.9213645
2011-01-25 06:00:00,4.6899557
2011-01-25 07:00:00,3.9296453
2011-01-25 08:00:00,15.181921
2011-01-25 09:00:00,58.142723
2011-01-25 10:00:00,77.1723
2011-01-25 11:00:00,79.803505
2011-01-25 12:00:00,105.35311
2011-01-25 13:00:00,103.51819
2011-01-25 14:00:00,146.91766
2011-01-25 15:00:00,161.62398
2011-01-25 16:00:00,161.62398
2011-01-25 17:00:00,139.2759
2011-01-25 18:00:00,137.66388
2011-01-25 19:00:00,73.86265
2011-01-25 20:00:00,57.109848
2011-01-25 21:00:00,57.109848
2011-01-25 22:00:00,57.417007
2011-01-25 23:00:00,65.05877
2011-01-26 00:00:00,47.5072
2011-01-26 01:00:00,65.11168
2011-01-26 02:00:00,60.85892
2011-01-26 05:00:00,1.404968
2011-01-26 06:00:00,1.404968
2011-01-26 07:00:00,11.852905
2011-01-26 08:00:00,11.852905
2011-01-26 09:00:00,11.852905
2011-01-26 10:00:00,-7.2023916
2011-01-26 11:00:00,-8.987523
2011-01-26 12:00:00,-8.987523
2011-01-26 13:00:00,-8.987523
2011-01-26 14:00:00,-6.137333
2011-01-26 15:00:00,-2.2527387
2011-01-26 16:00:00,-1.3457615
2011-01-26 17:00:00,-12.028549
2011-01-27 16:00:00,86.7125
2011-01-27 17:00:00,84.22237
2011-01-27 18:00:00,35.809116
2011-01-27 19:00:00,35.809116
2011-01-27 20:00:00,15.226071
2011-01-27 21:00:00,15.226071
2011-01-27 22:00:00,15.226071
2011-01-27 23:00:00,-1.3390858
2011-01-28 00:00:00,23.985775
2011-01-28 01:00:00,23.985775
2011-01-28 02:00:00,26.845535
2011-01-28 03:00:00,27.245785
2011-01-28 05:00:00,6.662731
2011-01-28 06:00:00,3.4429429
2011-01-28 07:00:00,-18.243565
2011-01-28 08:00:00,-18.243565
2011-01-28 09:00:00,-4.750782
2011-01-28 10:00:00,-3.3256876
2011-01-28 11:00:00,-23.894257
2011-01-28 12:00:00,-23.894257
2011-01-28 13:00:00,-23.894257
2011-01-28 14:00:00,28.232153
2011-01-28 15:00:00,-2.890845
2011-01-28 16:00:00,12.948599
2011-01-28 17:00:00,28.086239
2011-01-28 18:00:00,27.726181
2011-01-28 19:00:00,35.728004
2011-01-28 20:00:00,50.059788
2011-01-28 21:00:00,29.876987
2011-01-28 22:00:00,66.704384
2011-01-28 23:00:00,74.66143
2011-01-29 00:00:00,60.422474
2011-01-29 01:00:00,56.89792
2011-01-29 02:00:00,54.047737
2011-01-29 03:00:00,45.29676
2011-01-29 04:00:00,16.012503
2011-01-29 06:00:00,33.55453
2011-01-29 07:00:00,45.39617
2011-01-29 08:00:00,68.75081
2011-01-29 09:00:00,55.93229
2011-01-29 10:00:00,50.307335
2011-01-29 11:00:00,47.087532
2011-01-29 12:00:00,67.27032
2011-01-29 13:00:00,88.1348
2011-01-29 14:00:00,70.58321
2011-01-29 15:00:00,41.805847
2011-01-29 16:00:00,71.652214
2011-01-29 17:00:00,74.23787
2011-01-29 18:00:00,36.496147
2011-01-29 19:00:00,49.447613
2011-01-29 20:00:00,11.856789
2011-01-29 21:00:00,11.856789
2011-01-29 22:00:00,-11.624428
2011-01-29 23:00:00,-11.624428
2011-01-30 00:00:00,-16.309532
2011-01-30 01:00:00,-13.90514
2011-01-30 02:00:00,-8.013922
2011-01-30 03:00:00,-52.103905
2011-01-30 04:00:00,-52.103905
2011-01-30 05:00:00,-31.535347
2011-01-30 07:00:00,-31.535347
2011-01-30 08:00:00,-23.893568
2011-01-30 09:00:00,-0.37214708
2011-01-30 10:00:00,5.4788656
2011-01-30 11:00:00,24.271158
2011-01-30 12:00:00,119.262856
2011-01-30 13:00:00,80.85633
2011-01-30 14:00:00,85.50123
2011-01-30 15:00:00,103.58459
2011-01-30 16:00:00,103.58459
2011-01-30 17:00:00,103.889336
2011-01-30 18:00:00,62.8516
2011-01-30 19:00:00,65.70179
2011-01-30 20:00:00,70.85343
2011-01-30 21:00:00,49.910324
2011-01-30 22:00:00,46.690506
2011-01-30 23:00:00,63.84185
2011-01-31 00:00:00,67.61138
2011-01-31 01:00:00,59.866943
2011-01-31 02:00:00,60.267197
2011-01-31 03:00:00,60.267197
2011-01-31 04:00:00,65.857574
2011-01-31 05:00:00,44.914474
2011-01-31 06:00:00,22.546278
2011-01-31 07:00:00,40.59503
2011-01-31 08:00:00,55.286865
2011-01-31 09:00:00,56.711967
2011-01-31 10:00:00,52.78715
2011-01-31 11:00:00,52.78715
2011-01-31 12:00:00,80.12191
2011-01-31 13:00:00,64.70282
2011-01-31 14:00:00,76.9021
2011-01-31 15:00:00,59.257412
2011-01-31 16:00:00,73.78246
2011-01-31 17:00:00,52.78715
2011-01-31 18:00:00,67.40038
2011-01-31 19:00:00,96.18683
2011-01-31 20:00:00,63.688942
2011-01-31 21:00:00,68.7341
2011-01-31 22:00:00,56.40722
2011-01-31 23:00:00,46.40049
2011-02-20 00:00:00,159.83684
2011-02-20 01:00:00,137.78073
2011-02-20 02:00:00,146.34085
2011-02-20 03:00:00,131.63454
2011-02-20 04:00:00,131.63454
2011-02-20 06:00:00,98.77354
2011-02-20 07:00:00,76.88421
2011-02-20 08:00:00,86.75555
2011-02-20 09:00:00,109.309654
2011-02-20 10:00:00,143.86436
2011-02-20 11:00:00,182.33333
2011-02-20 12:00:00,175.09181
2011-02-20 13:00:00,182.4825
2011-02-20 14:00:00,209.95522
2011-02-20 15:00:00,208.89015
2011-02-20 16:00:00,203.01344
2011-02-20 17:00:00,192.54396
2011-02-20 18:00:00,182.40071
2011-02-20 19:00:00,182.40071
2011-02-20 20:00:00,164.10573
2011-02-20 21:00:00,125.93267
2011-02-20 22:00:00,117.303505
2011-02-20 23:00:00,100.05907
2011-02-21 00:00:00,164.62608
2011-02-21 01:00:00,164.62608
2011-02-21 02:00:00,164.62608
2011-02-21 03:00:00,161.76631
2011-02-21 04:00:00,138.79364
2011-02-21 05:00:00,175.2072
2011-02-21 06:00:00,256.62506
2011-02-21 07:00:00,255.19995
2011-02-21 08:00:00,117.90982
2011-02-21 09:00:00,116.4847
2011-02-21 10:00:00,113.624954
2011-02-21 11:00:00,111.53509
2011-02-21 12:00:00,87.57992
2011-02-21 13:00:00,45.92932
2011-02-21 14:00:00,57.79598
2011-02-21 15:00:00,82.02947
2011-02-21 16:00:00,60.15844
2011-02-21 17:00:00,55.77668
2011-02-21 18:00:00,-0.1959045
2011-02-21 19:00:00,-0.1959045
2011-02-21 20:00:00,27.935825
2011-02-21 21:00:00,45.424965
2011-02-21 22:00:00,30.603981
2011-02-21 23:00:00,30.603981
2011-02-22 06:00:00,-12.091072
2011-02-22 07:00:00,-12.091072
2011-02-22 08:00:00,-14.950813
2011-02-22 09:00:00,2.460389
2011-02-22 10:00:00,9.386974
2011-02-22 11:00:00,42.36922
2011-02-22 12:00:00,66.617874
2011-02-22 13:00:00,83.86231
2011-02-22 14:00:00,86.7125
2011-02-22 15:00:00,107.06208
2011-02-22 16:00:00,95.615776
2011-02-22 17:00:00,95.215515
2011-02-22 18:00:00,104.50949
2011-02-22 19:00:00,100.71772
2011-02-22 20:00:00,101.11799
2011-02-22 21:00:00,103.96816
2011-02-22 22:00:00,97.869194
2011-02-22 23:00:00,97.869194
2011-02-23 00:00:00,65.73968
2011-02-23 01:00:00,80.71295
2011-02-23 02:00:00,66.31872
2011-02-23 03:00:00,63.108467
2011-02-23 05:00:00,63.468513
2011-02-23 06:00:00,63.468513
2011-02-23 07:00:00,54.56524
2011-02-23 08:00:00,57.206005
2011-02-23 09:00:00,82.8085
2011-02-23 10:00:00,124.632256
2011-02-23 11:00:00,131.25072
2011-02-23 12:00:00,159.41704
2011-02-23 13:00:00,191.72783
2011-02-23 14:00:00,196.06557
2011-02-23 15:00:00,212.28516
2011-02-23 16:00:00,209.78545
2011-02-23 17:00:00,212.28516
2011-02-23 18:00:00,203.45558
2011-02-23 19:00:00,174.5363
2011-02-23 20:00:00,75.0215
2011-02-23 21:00:00,112.867546
2011-02-23 22:00:00,112.867546
2011-02-23 23:00:00,88.90746
2011-02-24 00:00:00,88.90746
2011-02-24 01:00:00,74.21564
2011-02-24 02:00:00,50.500954
2011-02-24 03:00:00,48.66604
2011-02-24 05:00:00,33.9742
2011-02-24 06:00:00,33.61415
2011-02-24 07:00:00,24.799047
2011-02-24 08:00:00,45.277775
2011-02-24 09:00:00,39.25255
2011-02-24 10:00:00,64.48051
2011-02-24 11:00:00,130.30753
2011-02-24 12:00:00,157.01347
2011-02-24 13:00:00,172.50658
2011-02-24 14:00:00,190.15126
2011-02-24 15:00:00,194.60924
2011-02-24 16:00:00,155.2163
2011-02-24 17:00:00,116.861916
2011-02-24 18:00:00,42.297577
2011-02-24 19:00:00,29.449398
2011-02-24 20:00:00,27.51757
2011-02-24 21:00:00,42.297577
2011-02-24 22:00:00,51.76471
2011-02-24 23:00:00,14.891565
2011-02-25 00:00:00,19.409046
2011-02-25 01:00:00,-8.801288
2011-02-25 02:00:00,-8.801288
2011-02-25 03:00:00,15.651878
2011-02-25 05:00:00,15.651878
2011-02-25 06:00:00,27.759764
2011-02-25 07:00:00,5.3562956
2011-02-25 08:00:00,31.81607
2011-02-25 09:00:00,35.159344
2011-02-25 10:00:00,77.21566
2011-02-25 11:00:00,152.67992
2011-02-25 12:00:00,225.232
2011-02-25 13:00:00,225.232
2011-02-25 14:00:00,257.1066
2011-02-25 15:00:00,275.0874
2011-02-25 16:00:00,153.30772
2011-02-25 17:00:00,174.32219
2011-02-25 18:00:00,156.15791
2011-02-25 19:00:00,137.17632
2011-02-25 20:00:00,155.6166
2011-02-25 21:00:00,137.3688
2011-02-25 22:00:00,125.00734
2011-02-25 23:00:00,119.69766
2011-02-26 00:00:00,91.93933
2011-02-26 01:00:00,95.823944
2011-02-26 02:00:00,72.17594
2011-02-26 03:00:00,77.63328
2011-02-26 04:00:00,78.48813
2011-02-26 05:00:00,62.04956
2011-02-26 06:00:00,68.346664
2011-02-26 07:00:00,70.84637
2011-02-26 08:00:00,81.87965
2011-02-26 09:00:00,96.93868
2011-02-26 10:00:00,132.4597
2011-02-26 11:00:00,135.90663
2011-02-26 12:00:00,152.96416
2011-02-26 13:00:00,170.1204
2011-02-26 14:00:00,188.785
2011-02-26 15:00:00,184.70793
2011-02-26 16:00:00,159.43593
2011-02-26 17:00:00,168.65129
2011-02-26 18:00:00,151.08522
2011-02-26 19:00:00,136.01884
2011-02-26 20:00:00,107.10912
2011-02-26 21:00:00,77.26275
2011-02-26 22:00:00,45.028904
2011-02-26 23:00:00,44.66883
2011-02-27 00:00:00,3.5172298
2011-02-27 01:00:00,1.0577233
2011-02-27 02:00:00,1.4177773
2011-02-27 03:00:00,3.2526882
2011-02-27 04:00:00,-10.543443
2011-02-27 06:00:00,-5.098029
2011-02-27 07:00:00,-10.543443
2011-02-27 08:00:00,0.7529886
2011-02-27 09:00:00,9.103698
2011-02-27 10:00:00,33.649967
2011-02-27 11:00:00,104.25262
2011-02-27 12:00:00,147.4067
2011-02-27 13:00:00,165.25655
2011-02-27 14:00:00,179.71748
2011-02-27 15:00:00,198.6589
2011-02-27 16:00:00,207.4099
2011-02-27 17:00:00,163.24294
2011-02-27 18:00:00,157.39192
2011-02-27 19:00:00,151.68199
2011-02-27 20:00:00,147.4067
2011-02-27 21:00:00,125.14361
2011-02-27 22:00:00,127.07543
2011-02-27 23:00:00,114.75414
2011-02-28 00:00:00,106.73002
2011-02-28 01:00:00,52.78955
2011-02-28 03:00:00,22.933586
2011-02-28 05:00:00,17.618298
2011-02-28 06:00:00,12.727989
2011-02-28 07:00:00,27.394108
2011-02-28 08:00:00,21.807625
2011-02-28 09:00:00,92.90765
2011-02-28 10:00:00,179.2888
2011-02-28 11:00:00,195.98302
2011-02-28 12:00:00,195.98303
2011-02-28 13:00:00,78.9631
2011-02-28 14:00:00,56.7257
2011-02-28 15:00:00,56.7257
2011-02-28 16:00:00,41.020943
2011-02-28 17:00:00,50.87468
2011-02-28 18:00:00,76.10335
2011-02-28 19:00:00,127.85215
2011-02-28 20:00:00,127.85215
2011-02-28 21:00:00,84.110176
2011-02-28 22:00:00,40.8693
2011-02-28 23:00:00,59.78673
2011-03-20 00:00:00,151.5046
2011-03-20 01:00:00,128.19019
2011-03-20 02:00:00,124.2125
2011-03-20 03:00:00,103.70806
2011-03-20 04:00:00,95.00684
2011-03-20 05:00:00,80.39362
2011-03-20 06:00:00,83.25338
2011-03-20 07:00:00,71.29217
2011-03-20 08:00:00,95.14793
2011-03-20 09:00:00,116.002846
2011-03-20 10:00:00,149.43959
2011-03-20 11:00:00,169.20383
2011-03-20 12:00:00,172.1165
2011-03-20 13:00:00,191.7131
2011-03-20 14:00:00,209.3578
2011-03-20 15:00:00,212.05075
2011-03-20 16:00:00,209.33206
2011-03-20 17:00:00,221.7906
2011-03-20 18:00:00,208.34258
2011-03-20 19:00:00,168.25105
2011-03-20 20:00:00,159.43593
2011-03-20 21:00:00,140.65813
2011-03-20 22:00:00,138.83276
2011-03-20 23:00:00,128.67758
2011-03-21 00:00:00,141.8726
2011-03-21 01:00:00,119.539
2011-03-21 02:00:00,113.82906
2011-03-21 03:00:00,113.82906
2011-03-21 05:00:00,74.16285
2011-03-21 06:00:00,99.853386
2011-03-21 07:00:00,71.27487
2011-03-21 08:00:00,63.633114
2011-03-21 09:00:00,84.4454
2011-03-21 10:00:00,140.94981
2011-03-21 11:00:00,158.81416
2011-03-21 12:00:00,142.79033
2011-03-21 13:00:00,198.67052
2011-03-21 14:00:00,207.5146
2011-03-21 15:00:00,225.11906
2011-03-21 16:00:00,213.22453
2011-03-21 17:00:00,210.36479
2011-03-21 18:00:00,178.11644
2011-03-21 19:00:00,241.92342
2011-03-21 20:00:00,202.86409
2011-03-21 21:00:00,85.3374
2011-03-21 22:00:00,105.82737
2011-03-21 23:00:00,92.98237
2011-03-22 00:00:00,102.9676
2011-03-22 01:00:00,50.25501
2011-03-22 02:00:00,69.50114
2011-03-22 03:00:00,117.60654
2011-03-22 04:00:00,113.64715
2011-03-22 05:00:00,90.24454
2011-03-22 06:00:00,94.02267
2011-03-22 07:00:00,119.71638
2011-03-22 08:00:00,191.16193
2011-03-22 09:00:00,206.86665
2011-03-22 10:00:00,214.65762
2011-03-22 11:00:00,218.69069
2011-03-22 12:00:00,229.15056
2011-03-22 13:00:00,243.91934
2011-03-22 14:00:00,262.72925
2011-03-22 15:00:00,252.73445
2011-03-22 16:00:00,241.31458
2011-03-22 17:00:00,241.31458
2011-03-22 18:00:00,228.1617
2011-03-22 19:00:00,210.37277
2011-03-22 20:00:00,220.36755
2011-03-22 21:00:00,207.3413
2011-03-22 22:00:00,186.87706
2011-03-22 23:00:00,186.87706
2011-03-23 00:00:00,129.54745
2011-03-23 01:00:00,102.8944
2011-03-23 02:00:00,102.8944
2011-03-23 03:00:00,98.10281
2011-03-23 05:00:00,67.9316
2011-03-23 06:00:00,65.78078
2011-03-23 07:00:00,39.40918
2011-03-23 08:00:00,60.28983
2011-03-23 09:00:00,77.51977
2011-03-23 10:00:00,86.270744
2011-03-23 11:00:00,66.14084
2011-03-23 12:00:00,62.9306
2011-03-23 13:00:00,68.07268
2011-03-23 14:00:00,69.54192
2011-03-23 15:00:00,107.61486
2011-03-23 16:00:00,131.13628
2011-03-23 17:00:00,131.13628
2011-03-23 18:00:00,118.10683
2011-03-23 19:00:00,118.10683
2011-03-23 20:00:00,104.21283
2011-03-23 21:00:00,38.96734
2011-03-23 22:00:00,39.80944
2011-03-23 23:00:00,46.63156
2011-03-24 00:00:00,39.40918
2011-03-24 01:00:00,12.989601
2011-03-24 02:00:00,15.839801
2011-03-24 03:00:00,4.2386236
2011-03-24 04:00:00,4.2386236
2011-03-24 05:00:00,27.666952
2011-03-24 06:00:00,27.666952
2011-03-24 07:00:00,8.889148
2011-03-24 08:00:00,3.8439772
2011-03-24 09:00:00,21.815933
2011-03-24 10:00:00,19.630524
2011-03-24 11:00:00,69.84341
2011-03-24 12:00:00,105.0252
2011-03-24 13:00:00,106.99163
2011-03-24 14:00:00,98.64089
2011-03-24 15:00:00,103.99079
2011-03-24 16:00:00,115.83242
2011-03-24 17:00:00,101.14062
2011-03-24 18:00:00,128.61075
2011-03-24 19:00:00,144.2305
2011-03-24 20:00:00,113.69286
2011-03-24 21:00:00,96.44843
2011-03-24 22:00:00,90.73847
2011-03-24 23:00:00,81.62745
2011-03-25 00:00:00,96.31928
2011-03-25 01:00:00,61.351566
2011-03-25 02:00:00,60.991524
2011-03-25 03:00:00,61.751816
2011-03-25 04:00:00,41.16877
2011-03-25 05:00:00,40.808727
2011-03-25 06:00:00,40.40847
2011-03-25 07:00:00,97.10998
2011-03-25 08:00:00,125.44308
2011-03-25 09:00:00,135.46428
2011-03-25 10:00:00,124.98597
2011-03-25 11:00:00,172.66794
2011-03-25 12:00:00,184.4743
2011-03-25 13:00:00,193.68965
2011-03-25 14:00:00,232.7448
2011-03-25 15:00:00,215.6375
2011-03-25 16:00:00,219.68889
2011-03-25 17:00:00,213.67107
2011-03-25 18:00:00,187.4384
2011-03-25 19:00:00,206.75502
2011-03-25 20:00:00,189.73027
2011-03-25 21:00:00,192.59004
2011-03-25 22:00:00,193.2019
2011-03-25 23:00:00,183.02583
2011-03-26 00:00:00,179.65657
2011-03-26 01:00:00,167.36989
2011-03-26 02:00:00,136.93242
2011-03-26 03:00:00,119.40655
2011-03-26 04:00:00,136.9324
2011-03-26 05:00:00,107.65309
2011-03-26 06:00:00,90.0084
2011-03-26 07:00:00,107.65308
2011-03-26 08:00:00,134.47292
2011-03-26 09:00:00,149.13902
2011-03-26 10:00:00,157.89
2011-03-26 11:00:00,172.55612
2011-03-26 12:00:00,187.17427
2011-03-26 13:00:00,204.70015
2011-03-26 14:00:00,222.34483
2011-03-26 15:00:00,225.55507
2011-03-26 16:00:00,243.18529
2011-03-26 17:00:00,231.14546
2011-03-26 18:00:00,248.00256
2011-03-26 19:00:00,168.18947
2011-03-26 20:00:00,168.18947
2011-03-26 21:00:00,159.56686
2011-03-26 22:00:00,177.09273
2011-03-26 23:00:00,162.02637
2011-03-27 00:00:00,165.53178
2011-03-27 01:00:00,124.09872
2011-03-27 02:00:00,123.14438
2011-03-27 03:00:00,72.90579
2011-03-27 04:00:00,52.722996
2011-03-27 06:00:00,8.711631
2011-03-27 07:00:00,5.5013695
2011-03-27 08:00:00,57.622246
2011-03-27 09:00:00,102.150894
2011-03-27 10:00:00,112.25216
2011-03-27 11:00:00,139.07199
2011-03-27 12:00:00,162.42662
2011-03-27 13:00:00,181.21892
2011-03-27 14:00:00,196.2853
2011-03-27 15:00:00,201.59497
2011-03-27 16:00:00,192.3083
2011-03-27 17:00:00,213.42705
2011-03-27 18:00:00,195.98936
2011-03-27 19:00:00,204.72585
2011-03-27 20:00:00,178.43286
2011-03-27 21:00:00,157.89
2011-03-27 22:00:00,157.89
2011-03-27 23:00:00,151.9251
2011-03-28 00:00:00,111.23011
2011-03-28 01:00:00,143.55214
2011-03-28 02:00:00,140.70195
2011-03-28 03:00:00,140.70195
2011-03-28 05:00:00,128.63808
2011-03-28 06:00:00,157.58307
2011-03-28 07:00:00,173.59569
2011-03-28 08:00:00,163.83437
2011-03-28 09:00:00,183.20387
2011-03-28 10:00:00,184.47026
2011-03-28 11:00:00,206.53279
2011-03-28 12:00:00,206.28017
2011-03-28 13:00:00,236.30547
2011-03-28 14:00:00,240.39146
2011-03-28 15:00:00,240.22466
2011-03-28 16:00:00,243.34428
2011-03-28 17:00:00,244.36916
2011-03-28 18:00:00,249.03978
2011-03-28 19:00:00,232.04071
2011-03-28 20:00:00,241.15178
2011-03-28 21:00:00,246.94032
2011-03-28 22:00:00,234.54044
2011-03-28 23:00:00,223.83751
2011-03-29 00:00:00,202.98259
2011-03-29 01:00:00,182.47816
2011-03-29 02:00:00,182.47816
2011-03-29 03:00:00,182.47816
2011-03-29 04:00:00,134.81073
2011-03-29 05:00:00,163.72044
2011-03-29 06:00:00,156.25183
2011-03-29 07:00:00,155.89177
2011-03-29 08:00:00,179.373
2011-03-29 09:00:00,220.65376
2011-03-29 10:00:00,229.68852
2011-03-29 11:00:00,254.70384
2011-03-29 12:00:00,237.82762
2011-03-29 13:00:00,238.49239
2011-03-29 14:00:00,246.16875
2011-03-29 15:00:00,267.46002
2011-03-29 16:00:00,270.5652
2011-03-29 17:00:00,279.47336
2011-03-29 18:00:00,254.40724
2011-03-29 19:00:00,246.55455
2011-03-29 20:00:00,254.40724
2011-03-29 21:00:00,184.35085
2011-03-29 22:00:00,163.78227
2011-03-29 23:00:00,145.95068
2011-03-30 00:00:00,142.06609
2011-03-30 01:00:00,187.3149
2011-03-30 02:00:00,142.06609
2011-03-30 03:00:00,165.573
2011-03-30 04:00:00,142.06609
2011-03-30 05:00:00,139.41798
2011-03-30 06:00:00,160.3466
2011-03-30 07:00:00,181.21107
2011-03-30 08:00:00,169.09758
2011-03-30 09:00:00,180.45078
2011-03-30 10:00:00,183.40364
2011-03-30 11:00:00,186.25383
2011-03-30 12:00:00,183.76369
2011-03-30 13:00:00,195.36482
2011-03-30 14:00:00,196.3897
2011-03-30 15:00:00,71.63418
2011-03-30 16:00:00,55.789112
2011-03-30 17:00:00,24.107815
2011-03-30 18:00:00,21.815933
2011-03-30 19:00:00,21.815933
2011-03-30 20:00:00,18.52133
2011-03-30 21:00:00,12.70491
2011-03-30 22:00:00,17.496487
2011-03-30 23:00:00,17.096233
2011-03-31 00:00:00,17.496487
2011-03-31 01:00:00,14.636733
2011-03-31 02:00:00,14.636733
2011-03-31 03:00:00,17.496487
2011-03-31 04:00:00,20.346682
2011-03-31 05:00:00,17.496487
2011-03-31 06:00:00,18.52133
2011-03-31 07:00:00,20.346682
2011-03-31 08:00:00,-7.8636637
2011-03-31 09:00:00,26.197693
2011-03-31 10:00:00,26.197693
2011-03-31 11:00:00,32.448975
2011-03-31 12:00:00,32.448975
2011-03-31 13:00:00,56.330433
2011-03-31 14:00:00,56.330433
2011-03-31 15:00:00,59.85499
2011-03-31 16:00:00,54.03856
2011-03-31 17:00:00,54.03856
2011-03-31 18:00:00,48.68866
2011-03-31 19:00:00,48.68866
2011-03-31 20:00:00,34.948673
2011-03-31 21:00:00,21.956999
2011-03-31 22:00:00,38.158924
2011-03-31 23:00:00,3.1791966
2011-04-20 00:00:00,91.40664
2011-04-20 01:00:00,70.74499
2011-04-20 02:00:00,70.74499
2011-04-20 03:00:00,55.040222
2011-04-20 04:00:00,41.553806
2011-04-20 05:00:00,67.74415
2011-04-20 06:00:00,70.74499
2011-04-20 07:00:00,60.93144
2011-04-20 08:00:00,243.68546
2011-04-20 09:00:00,255.69455
2011-04-20 10:00:00,208.00066
2011-04-20 11:00:00,208.00066
2011-04-20 12:00:00,315.63037
2011-04-20 13:00:00,315.63037
2011-04-20 14:00:00,345.83435
2011-04-20 15:00:00,364.0644
2011-04-20 16:00:00,364.0644
2011-04-20 17:00:00,358.00644
2011-04-20 18:00:00,365.22327
2011-04-20 19:00:00,343.7197
2011-04-20 20:00:00,323.55835
2011-04-20 21:00:00,329.15375
2011-04-20 22:00:00,312.0401
2011-04-20 23:00:00,322.3421
2011-04-21 00:00:00,280.2745
2011-04-21 01:00:00,249.81058
2011-04-21 02:00:00,268.43924
2011-04-21 03:00:00,245.02849
2011-04-21 04:00:00,228.93729
2011-04-21 05:00:00,233.0313
2011-04-21 06:00:00,218.28658
2011-04-21 07:00:00,245.03972
2011-04-21 08:00:00,233.2238
2011-04-21 09:00:00,227.90987
2011-04-21 10:00:00,236.21823
2011-04-21 11:00:00,243.78952
2011-04-21 12:00:00,247.03575
2011-04-21 13:00:00,283.3236
2011-04-21 14:00:00,291.94617
2011-04-21 15:00:00,315.3794
2011-04-21 16:00:00,315.54614
2011-04-21 17:00:00,285.22327
2011-04-21 18:00:00,308.39667
2011-04-21 19:00:00,287.83936
2011-04-21 20:00:00,261.8319
2011-04-21 21:00:00,211.69838
2011-04-21 22:00:00,228.15845
2011-04-21 23:00:00,209.04071
2011-04-22 00:00:00,137.84944
2011-04-22 01:00:00,163.8945
2011-04-22 02:00:00,168.17935
2011-04-22 03:00:00,168.17935
2011-04-22 04:00:00,160.90324
2011-04-22 05:00:00,155.19328
2011-04-22 06:00:00,160.90324
2011-04-22 07:00:00,168.545
2011-04-22 08:00:00,165.68524
2011-04-22 09:00:00,147.99474
2011-04-22 10:00:00,145.4912
2011-04-22 11:00:00,135.48831
2011-04-22 12:00:00,100.39471
2011-04-22 13:00:00,73.78263
2011-04-22 14:00:00,73.42256
2011-04-22 15:00:00,73.78263
2011-04-22 16:00:00,68.072685
2011-04-22 17:00:00,47.050945
2011-04-22 18:00:00,47.050945
2011-04-22 19:00:00,47.050945
2011-04-22 20:00:00,64.68116
2011-04-22 21:00:00,41.559982
2011-04-22 22:00:00,18.131664
2011-04-22 23:00:00,47.811268
2011-04-23 00:00:00,18.721785
2011-04-23 01:00:00,18.721785
2011-04-23 02:00:00,26.723614
2011-04-23 03:00:00,22.448332
2011-04-23 04:00:00,25.839836
2011-04-23 05:00:00,25.839836
2011-04-23 06:00:00,21.722618
2011-04-23 07:00:00,29.364395
2011-04-23 08:00:00,30.063759
2011-04-23 09:00:00,76.12024
2011-04-23 10:00:00,98.35761
2011-04-23 11:00:00,110.09986
2011-04-23 12:00:00,153.33829
2011-04-23 13:00:00,150.48811
2011-04-23 14:00:00,179.95364
2011-04-23 15:00:00,215.53644
2011-04-23 16:00:00,205.54163
2011-04-23 17:00:00,209.82649
2011-04-23 18:00:00,164.24887
2011-04-23 19:00:00,152.23552
2011-04-23 20:00:00,136.47469
2011-04-23 21:00:00,159.87729
2011-04-23 22:00:00,177.60059
2011-04-23 23:00:00,127.91456
2011-04-24 00:00:00,134.78334
2011-04-24 01:00:00,111.34054
2011-04-24 02:00:00,111.34054
2011-04-24 03:00:00,83.725105
2011-04-24 04:00:00,83.725105
2011-04-24 05:00:00,83.725105
2011-04-24 06:00:00,65.16696
2011-04-24 07:00:00,65.16696
2011-04-24 08:00:00,102.46132
2011-04-24 09:00:00,134.68394
2011-04-24 10:00:00,173.35991
2011-04-24 11:00:00,226.29216
2011-04-24 12:00:00,243.60326
2011-04-24 13:00:00,272.88263
2011-04-24 14:00:00,288.92096
2011-04-24 15:00:00,249.46548
2011-04-24 16:00:00,317.93332
2011-04-24 17:00:00,241.99692
2011-04-24 18:00:00,211.54744
2011-04-24 19:00:00,179.2613
2011-04-24 20:00:00,179.2613
2011-04-24 21:00:00,117.92614
2011-04-24 22:00:00,100.29592
2011-04-24 23:00:00,93.1609
2011-04-25 00:00:00,82.069244
2011-04-25 01:00:00,81.24662
2011-04-25 02:00:00,81.24662
2011-04-25 03:00:00,78.531044
2011-04-25 04:00:00,74.42747
2011-04-25 05:00:00,56.794037
2011-04-25 06:00:00,68.536255
2011-04-25 07:00:00,82.997185
2011-04-25 08:00:00,123.78315
2011-04-25 09:00:00,153.06738
2011-04-25 10:00:00,208.8732
2011-04-25 11:00:00,208.8732
2011-04-25 12:00:00,214.63603
2011-04-25 13:00:00,249.97337
2011-04-25 14:00:00,288.1866
2011-04-25 15:00:00,296.78275
2011-04-25 16:00:00,295.14044
2011-04-25 17:00:00,289.43048
2011-04-25 18:00:00,280.4743
2011-04-25 19:00:00,271.7329
2011-04-25 20:00:00,255.69455
2011-04-25 21:00:00,223.69583
2011-04-25 22:00:00,210.33598
2011-04-25 23:00:00,176.18785
2011-04-26 00:00:00,226.5556
2011-04-26 01:00:00,208.69193
2011-04-26 02:00:00,159.88966
2011-04-26 03:00:00,135.06197
2011-04-26 04:00:00,152.74504
2011-04-26 05:00:00,132.2022
2011-04-26 06:00:00,135.20303
2011-04-26 07:00:00,162.9211
2011-04-26 08:00:00,162.92111
2011-04-26 09:00:00,221.71819
2011-04-26 10:00:00,239.32266
2011-04-26 11:00:00,259.82715
2011-04-26 12:00:00,280.2818
2011-04-26 13:00:00,318.19745
2011-04-26 14:00:00,286.42795
2011-04-26 15:00:00,274.57184
2011-04-26 16:00:00,286.24677
2011-04-26 17:00:00,268.72083
2011-04-26 18:00:00,265.53705
2011-04-26 19:00:00,227.42815
2011-04-26 20:00:00,221.71819
2011-04-26 21:00:00,194.0001
2011-04-26 22:00:00,166.41911
2011-04-26 23:00:00,169.27888
2011-04-27 00:00:00,161.63708
2011-04-27 01:00:00,164.48729
2011-04-27 02:00:00,143.94443
2011-04-27 03:00:00,154.44595
2011-04-27 04:00:00,117.57282
2011-04-27 05:00:00,128.06479
2011-04-27 06:00:00,120.42303
2011-04-27 07:00:00,154.44595
2011-04-27 08:00:00,158.73082
2011-04-27 09:00:00,167.07196
2011-04-27 10:00:00,180.88004
2011-04-27 11:00:00,201.42288
2011-04-27 12:00:00,203.95718
2011-04-27 13:00:00,195.2062
2011-04-27 14:00:00,223.387
2011-04-27 15:00:00,275.6634
2011-04-27 16:00:00,250.98631
2011-04-27 17:00:00,210.25887
2011-04-27 18:00:00,210.25887
2011-04-27 19:00:00,194.0001
2011-04-27 20:00:00,177.30412
2011-04-27 21:00:00,152.43623
2011-04-27 22:00:00,164.36284
2011-04-27 23:00:00,167.21304
2011-04-28 00:00:00,200.91615
2011-04-28 01:00:00,190.87485
2011-04-28 02:00:00,196.5848
2011-04-28 03:00:00,211.41768
2011-04-28 04:00:00,193.72502
2011-04-28 05:00:00,190.87485
2011-04-28 06:00:00,218.55272
2011-04-28 07:00:00,217.12761
2011-04-28 08:00:00,223.01884
2011-04-28 09:00:00,172.00462
2011-04-28 10:00:00,160.07799
2011-04-28 11:00:00,180.88004
2011-04-28 12:00:00,198.78209
2011-04-28 13:00:00,182.30516
2011-04-28 14:00:00,174.66335
2011-04-28 15:00:00,236.47249
2011-04-28 16:00:00,191.14034
2011-04-28 17:00:00,304.18573
2011-04-28 18:00:00,304.18573
2011-04-28 19:00:00,310.44824
2011-04-28 20:00:00,273.32074
2011-04-28 21:00:00,250.04471
2011-04-28 22:00:00,249.9918
2011-04-28 23:00:00,260.487
2011-04-29 00:00:00,273.15073
2011-04-29 01:00:00,231.07436
2011-04-29 02:00:00,167.86662
2011-04-29 03:00:00,178.19499
2011-04-29 04:00:00,205.97722
2011-04-29 05:00:00,217.73068
2011-04-29 06:00:00,249.62932
2011-04-29 07:00:00,255.76593
2011-04-29 08:00:00,280.46704
2011-04-29 09:00:00,283.32678
2011-04-29 10:00:00,281.95456
2011-04-29 11:00:00,318.224
2011-04-29 12:00:00,290.7697
2011-04-29 13:00:00,292.19476
2011-04-29 14:00:00,337.03394
2011-04-29 15:00:00,291.02145
2011-04-29 16:00:00,285.00366
2011-04-29 17:00:00,273.1571
2011-04-29 18:00:00,253.84047
2011-04-29 19:00:00,212.78828
2011-04-29 20:00:00,229.25325
2011-04-29 21:00:00,211.68715
2011-04-29 22:00:00,176.52617
2011-04-29 23:00:00,194.6776
2011-04-30 00:00:00,207.0035
2011-04-30 01:00:00,198.44334
2011-04-30 02:00:00,204.1533
2011-04-30 03:00:00,195.40233
2011-04-30 04:00:00,198.26207
2011-04-30 05:00:00,206.32509
2011-04-30 06:00:00,178.72578
2011-04-30 07:00:00,200.47404
2011-04-30 08:00:00,191.90434
2011-04-30 09:00:00,218.17162
2011-04-30 10:00:00,253.3422
2011-04-30 11:00:00,262.2102
2011-04-30 12:00:00,270.96118
2011-04-30 13:00:00,277.09775
2011-04-30 14:00:00,269.96274
2011-04-30 15:00:00,273.1208
2011-04-30 16:00:00,284.72192
2011-04-30 17:00:00,255.49055
2011-04-30 18:00:00,249.63953
2011-04-30 19:00:00,249.63953
2011-04-30 20:00:00,164.43489
2011-04-30 21:00:00,164.43489
2011-04-30 22:00:00,146.89285
2011-04-30 23:00:00,146.89285
2011-05-20 00:00:00,75.352165
2011-05-20 01:00:00,49.152267
2011-05-20 02:00:00,51.87094
2011-05-20 03:00:00,43.30123
2011-05-20 04:00:00,69.50114
2011-05-20 05:00:00,70.92622
2011-05-20 06:00:00,94.407455
2011-05-20 07:00:00,144.18166
2011-05-20 08:00:00,166.70464
2011-05-20 09:00:00,188.11935
2011-05-20 10:00:00,202.86409
2011-05-20 11:00:00,228.15053
2011-05-20 12:00:00,275.82538
2011-05-20 13:00:00,286.32687
2011-05-20 14:00:00,273.92953
2011-05-20 15:00:00,270.11542
2011-05-20 16:00:00,276.08035
2011-05-20 17:00:00,252.5148
2011-05-20 18:00:00,259.62347
2011-05-20 19:00:00,198.77003
2011-05-20 20:00:00,200.19513
2011-05-20 21:00:00,194.30392
2011-05-20 22:00:00,152.0128
2011-05-20 23:00:00,164.76472
2011-05-21 00:00:00,140.99364
2011-05-21 01:00:00,145.69069
2011-05-21 02:00:00,155.6855
2011-05-21 03:00:00,114.55959
2011-05-21 04:00:00,93.888374
2011-05-21 05:00:00,91.038185
2011-05-21 06:00:00,123.2608
2011-05-21 07:00:00,161.48851
2011-05-21 08:00:00,196.31105
2011-05-21 09:00:00,232.38719
2011-05-21 10:00:00,229.56342
2011-05-21 11:00:00,261.77155
2011-05-21 12:00:00,257.52267
2011-05-21 13:00:00,277.88672
2011-05-21 14:00:00,292.55286
2011-05-21 15:00:00,308.00262
2011-05-21 16:00:00,333.27463
2011-05-21 17:00:00,315.8994
2011-05-21 18:00:00,301.23328
2011-05-21 19:00:00,287.93375
2011-05-21 20:00:00,219.5686
2011-05-21 21:00:00,229.56342
2011-05-21 22:00:00,203.01546
2011-05-21 23:00:00,154.26366
2011-05-22 00:00:00,120.27279
2011-05-22 01:00:00,93.891624
2011-05-22 02:00:00,91.04143
2011-05-22 03:00:00,67.52
2011-05-22 04:00:00,57.525208
2011-05-22 05:00:00,67.52
2011-05-22 06:00:00,91.04143
2011-05-22 07:00:00,114.562836
2011-05-22 08:00:00,186.98668
2011-05-22 09:00:00,206.05647
2011-05-22 10:00:00,220.44115
2011-05-22 11:00:00,276.0664
2011-05-22 12:00:00,298.41446
2011-05-22 13:00:00,274.82568
2011-05-22 14:00:00,229.90013
2011-05-22 15:00:00,248.54715
2011-05-22 16:00:00,243.93687
2011-05-22 17:00:00,270.0229
2011-05-22 18:00:00,246.61534
2011-05-22 19:00:00,243.7556
2011-05-22 20:00:00,223.30089
2011-05-22 21:00:00,196.75294
2011-05-22 22:00:00,149.6981
2011-05-22 23:00:00,151.48888
2011-05-23 00:00:00,134.27507
2011-05-23 01:00:00,123.78315
2011-05-23 02:00:00,144.7766
2011-05-23 03:00:00,121.29541
2011-05-23 04:00:00,97.94889
2011-05-23 05:00:00,97.94889
2011-05-23 06:00:00,80.31867
2011-05-23 07:00:00,113.79469
2011-05-23 08:00:00,138.01549
2011-05-23 09:00:00,140.87523
2011-05-23 10:00:00,218.92088
2011-05-23 11:00:00,248.07365
2011-05-23 12:00:00,248.07365
2011-05-23 13:00:00,308.48096
2011-05-23 14:00:00,306.94122
2011-05-23 15:00:00,299.8062
2011-05-23 16:00:00,285.52652
2011-05-23 17:00:00,278.23105
2011-05-23 18:00:00,235.34819
2011-05-23 19:00:00,229.63828
2011-05-23 20:00:00,167.30931
2011-05-23 21:00:00,149.67912
2011-05-23 22:00:00,123.02607
2011-05-23 23:00:00,151.50829
2011-05-24 00:00:00,115.84687
2011-05-24 01:00:00,112.99668
2011-05-24 02:00:00,115.84687
2011-05-24 03:00:00,119.68591
2011-05-24 04:00:00,129.45535
2011-05-24 05:00:00,133.956
2011-05-24 06:00:00,128.24605
2011-05-24 07:00:00,200.49496
2011-05-24 08:00:00,182.81186
2011-05-24 09:00:00,213.65523
2011-05-24 10:00:00,271.72168
2011-05-24 11:00:00,296.78275
2011-05-24 12:00:00,335.96872
2011-05-24 13:00:00,326.06702
2011-05-24 14:00:00,328.92676
2011-05-24 15:00:00,324.93777
2011-05-24 16:00:00,223.6179
2011-05-24 17:00:00,250.30696
2011-05-24 18:00:00,232.42177
2011-05-24 19:00:00,208.92609
2011-05-24 20:00:00,198.94084
2011-05-24 21:00:00,175.22617
2011-05-24 22:00:00,162.00981
2011-05-24 23:00:00,221.35942
2011-05-25 00:00:00,176.92065
2011-05-25 01:00:00,168.20987
2011-05-25 02:00:00,103.799904
2011-05-25 03:00:00,85.521904
2011-05-25 04:00:00,82.671715
2011-05-25 05:00:00,122.35803
2011-05-25 06:00:00,104.72784
2011-05-25 07:00:00,194.41228
2011-05-25 08:00:00,220.62666
2011-05-25 09:00:00,231.27737
2011-05-25 10:00:00,248.88185
2011-05-25 11:00:00,283.93774
2011-05-25 12:00:00,282.5296
2011-05-25 13:00:00,282.5296
2011-05-25 14:00:00,285.38934
2011-05-25 15:00:00,308.65576
2011-05-25 16:00:00,302.49268
2011-05-25 17:00:00,296.78275
2011-05-25 18:00:00,276.43314
2011-05-25 19:00:00,253.15715
2011-05-25 20:00:00,256.01694
2011-05-25 21:00:00,217.90796
2011-05-25 22:00:00,229.32787
2011-05-25 23:00:00,200.30348
2011-05-26 00:00:00,200.3035
2011-05-26 01:00:00,200.3035
2011-05-26 02:00:00,156.10841
2011-05-26 03:00:00,128.03027
2011-05-26 04:00:00,119.460556
2011-05-26 05:00:00,135.67204
2011-05-26 06:00:00,82.12122
2011-05-26 07:00:00,133.51802
2011-05-26 08:00:00,181.20238
2011-05-26 09:00:00,241.53282
2011-05-26 10:00:00,235.34819
2011-05-26 11:00:00,264.88745
2011-05-26 12:00:00,313.26306
2011-05-26 13:00:00,341.289
2011-05-26 14:00:00,341.289
2011-05-26 15:00:00,360.491
2011-05-26 16:00:00,352.91968
2011-05-26 17:00:00,340.888
2011-05-26 18:00:00,345.17285
2011-05-26 19:00:00,333.2116
2011-05-26 20:00:00,270.7232
2011-05-26 21:00:00,257.90472
2011-05-26 22:00:00,241.40366
2011-05-26 23:00:00,247.11362
2011-05-27 00:00:00,235.2191
2011-05-27 01:00:00,277.677
2011-05-27 02:00:00,255.87584
2011-05-27 03:00:00,225.38614
2011-05-27 04:00:00,212.05693
2011-05-27 05:00:00,238.09007
2011-05-27 06:00:00,207.78166
2011-05-27 07:00:00,203.16325
2011-05-27 08:00:00,217.4958
2011-05-27 09:00:00,255.68333
2011-05-27 10:00:00,303.89136
2011-05-27 11:00:00,308.73587
2011-05-27 12:00:00,311.7673
2011-05-27 13:00:00,279.4244
2011-05-27 14:00:00,299.8407
2011-05-27 15:00:00,326.18167
2011-05-27 16:00:00,320.337
2011-05-27 17:00:00,297.98895
2011-05-27 18:00:00,285.52652
2011-05-27 19:00:00,200.57289
2011-05-27 20:00:00,210.62373
2011-05-27 21:00:00,150.21718
2011-05-27 22:00:00,173.86943
2011-05-27 23:00:00,132.52455
2011-05-28 00:00:00,129.15527
2011-05-28 01:00:00,134.86519
2011-05-28 02:00:00,111.34378
2011-05-28 03:00:00,131.83374
2011-05-28 04:00:00,134.68394
2011-05-28 05:00:00,131.83374
2011-05-28 06:00:00,155.26697
2011-05-28 07:00:00,161.11801
2011-05-28 08:00:00,182.06111
2011-05-28 09:00:00,208.3541
2011-05-28 10:00:00,246.60408
2011-05-28 11:00:00,246.60408
2011-05-28 12:00:00,275.91406
2011-05-28 13:00:00,267.38043
2011-05-28 14:00:00,278.91492
2011-05-28 15:00:00,287.73004
2011-05-28 16:00:00,299.33118
2011-05-28 17:00:00,294.86505
2011-05-28 18:00:00,270.2306
2011-05-28 19:00:00,243.74434
2011-05-28 20:00:00,246.60408
2011-05-28 21:00:00,215.55159
2011-05-28 22:00:00,190.5931
2011-05-28 23:00:00,161.0803
2011-05-29 00:00:00,163.94005
2011-05-29 01:00:00,137.64705
2011-05-29 02:00:00,131.9371
2011-05-29 03:00:00,131.9371
2011-05-29 04:00:00,124.66099
2011-05-29 05:00:00,101.985634
2011-05-29 06:00:00,148.139
2011-05-29 07:00:00,153.84895
2011-05-29 08:00:00,150.99878
2011-05-29 09:00:00,130.14877
2011-05-29 10:00:00,183.54301
2011-05-29 11:00:00,189.25298
2011-05-29 12:00:00,233.91075
2011-05-29 13:00:00,249.58344
2011-05-29 14:00:00,255.47462
2011-05-29 15:00:00,256.89975
2011-05-29 16:00:00,255.47462
2011-05-29 17:00:00,255.47462
2011-05-29 18:00:00,243.94017
2011-05-29 19:00:00,241.08037
2011-05-29 20:00:00,208.71739
2011-05-29 21:00:00,182.15251
2011-05-29 22:00:00,143.59114
2011-05-29 23:00:00,146.45091
2011-05-30 00:00:00,116.11932
2011-05-30 01:00:00,110.40937
2011-05-30 02:00:00,116.11932
2011-05-30 03:00:00,116.11932
2011-05-30 04:00:00,107.41811
2011-05-30 05:00:00,109.34992
2011-05-30 06:00:00,113.775856
2011-05-30 07:00:00,105.20616
2011-05-30 08:00:00,141.854
2011-05-30 09:00:00,218.85646
2011-05-30 10:00:00,313.8651
2011-05-30 11:00:00,304.26633
2011-05-30 12:00:00,340.6952
2011-05-30 13:00:00,342.0152
2011-05-30 14:00:00,353.98837
2011-05-30 15:00:00,378.25327
2011-05-30 16:00:00,380.91974
2011-05-30 17:00:00,363.6753
2011-05-30 18:00:00,357.9654
2011-05-30 19:00:00,227.31932
2011-05-30 20:00:00,262.93268
2011-05-30 21:00:00,234.66624
2011-05-30 22:00:00,225.99153
2011-05-30 23:00:00,178.9367
2011-05-31 00:00:00,202.10147
2011-05-31 01:00:00,160.75655
2011-05-31 02:00:00,139.91039
2011-05-31 03:00:00,115.10417
2011-05-31 04:00:00,166.42555
2011-05-31 05:00:00,166.42555
2011-05-31 06:00:00,190.14023
2011-05-31 07:00:00,253.46751
2011-05-31 08:00:00,294.69858
2011-05-31 09:00:00,312.3432
2011-05-31 10:00:00,321.3661
2011-05-31 11:00:00,340.59845
2011-05-31 12:00:00,353.44342
2011-05-31 13:00:00,391.55237
2011-05-31 14:00:00,375.6543
2011-05-31 15:00:00,391.35907
2011-05-31 16:00:00,388.69257
2011-05-31 17:00:00,344.60193
2011-05-31 18:00:00,341.7422
2011-05-31 19:00:00,283.03326
2011-05-31 20:00:00,283.03326
2011-05-31 21:00:00,265.42877
2011-05-31 22:00:00,247.424
2011-05-31 23:00:00,214.06264
2011-06-20 00:00:00,173.5606
2011-06-20 01:00:00,136.83414
2011-06-20 02:00:00,136.83414
2011-06-20 03:00:00,143.54797
2011-06-20 04:00:00,156.29988
2011-06-20 05:00:00,174.24214
2011-06-20 06:00:00,189.15297
2011-06-20 07:00:00,147.6268
2011-06-20 08:00:00,162.31863
2011-06-20 09:00:00,192.93109
2011-06-20 10:00:00,192.93109
2011-06-20 11:00:00,178.661
2011-06-20 12:00:00,217.0675
2011-06-20 13:00:00,220.96025
2011-06-20 14:00:00,238.56471
2011-06-20 15:00:00,241.41489
2011-06-20 16:00:00,264.83203
2011-06-20 17:00:00,260.8807
2011-06-20 18:00:00,264.57706
2011-06-20 19:00:00,238.23114
2011-06-20 20:00:00,226.47768
2011-06-20 21:00:00,203.16325
2011-06-20 22:00:00,216.51497
2011-06-20 23:00:00,191.14034
2011-06-21 00:00:00,207.0978
2011-06-21 01:00:00,222.38135
2011-06-21 02:00:00,201.61952
2011-06-21 03:00:00,201.61952
2011-06-21 04:00:00,161.61473
2011-06-21 05:00:00,164.46492
2011-06-21 06:00:00,164.46492
2011-06-21 07:00:00,121.809525
2011-06-21 08:00:00,167.46576
2011-06-21 09:00:00,181.73586
2011-06-21 10:00:00,196.60896
2011-06-21 11:00:00,198.07819
2011-06-21 12:00:00,248.44592
2011-06-21 13:00:00,283.69513
2011-06-21 14:00:00,307.00952
2011-06-21 15:00:00,330.63605
2011-06-21 16:00:00,339.74707
2011-06-21 17:00:00,313.3275
2011-06-21 18:00:00,300.1048
2011-06-21 19:00:00,279.6099
2011-06-21 20:00:00,292.93512
2011-06-21 21:00:00,263.25732
2011-06-21 22:00:00,228.04414
2011-06-21 23:00:00,242.73598
2011-06-22 00:00:00,215.62022
2011-06-22 01:00:00,209.91026
2011-06-22 02:00:00,197.06529
2011-06-22 03:00:00,209.91026
2011-06-22 04:00:00,170.41223
2011-06-22 05:00:00,152.78201
2011-06-22 06:00:00,182.37346
2011-06-22 07:00:00,218.04936
2011-06-22 08:00:00,254.69717
2011-06-22 09:00:00,245.71529
2011-06-22 10:00:00,280.50177
2011-06-22 11:00:00,271.94162
2011-06-22 12:00:00,347.38885
2011-06-22 13:00:00,364.94537
2011-06-22 14:00:00,373.44836
2011-06-22 15:00:00,367.8051
2011-06-22 16:00:00,369.3449
2011-06-22 17:00:00,368.7771
2011-06-22 18:00:00,350.23904
2011-06-22 19:00:00,358.62744
2011-06-22 20:00:00,263.3984
2011-06-22 21:00:00,251.56633
2011-06-22 22:00:00,256.20724
2011-06-22 23:00:00,259.06705
2011-06-23 00:00:00,251.42525
2011-06-23 01:00:00,266.11707
2011-06-23 02:00:00,266.11707
2011-06-23 03:00:00,268.04892
2011-06-23 04:00:00,238.53612
2011-06-23 05:00:00,260.4071
2011-06-23 06:00:00,260.40717
2011-06-23 07:00:00,265.18918
2011-06-23 08:00:00,282.4336
2011-06-23 09:00:00,276.72363
2011-06-23 10:00:00,300.43835
2011-06-23 11:00:00,319.50003
2011-06-23 12:00:00,314.71802
2011-06-23 13:00:00,320.36127
2011-06-23 14:00:00,316.1431
2011-06-23 15:00:00,350.81
2011-06-23 16:00:00,309.82513
2011-06-23 17:00:00,292.24716
2011-06-23 18:00:00,290.31534
2011-06-23 19:00:00,284.60535
2011-06-23 20:00:00,254.15587
2011-06-23 21:00:00,251.29611
2011-06-23 22:00:00,261.79767
2011-06-23 23:00:00,259.86584
2011-06-24 00:00:00,224.64305
2011-06-24 01:00:00,213.78296
2011-06-24 02:00:00,213.78296
2011-06-24 03:00:00,198.07819
2011-06-24 04:00:00,190.94315
2011-06-24 05:00:00,161.35173
2011-06-24 06:00:00,195.21843
2011-06-24 07:00:00,211.42992
2011-06-24 08:00:00,254.15587
2011-06-24 09:00:00,286.47864
2011-06-24 10:00:00,374.2207
2011-06-24 11:00:00,387.08716
2011-06-24 12:00:00,373.98724
2011-06-24 13:00:00,382.96912
2011-06-24 14:00:00,362.25946
2011-06-24 15:00:00,410.44183
2011-06-24 16:00:00,404.2691
2011-06-24 17:00:00,365.06873
2011-06-24 18:00:00,369.35355
2011-06-24 19:00:00,347.5122
2011-06-24 20:00:00,327.3294
2011-06-24 21:00:00,315.87354
2011-06-24 22:00:00,303.02853
2011-06-24 23:00:00,301.2074
2011-06-25 00:00:00,312.45135
2011-06-25 01:00:00,297.74506
2011-06-25 02:00:00,308.237
2011-06-25 03:00:00,280.24564
2011-06-25 04:00:00,280.24564
2011-06-25 05:00:00,256.93124
2011-06-25 06:00:00,283.1054
2011-06-25 07:00:00,288.81537
2011-06-25 08:00:00,323.92413
2011-06-25 09:00:00,332.52026
2011-06-25 10:00:00,326.8103
2011-06-25 11:00:00,322.96167
2011-06-25 12:00:00,349.8529
2011-06-25 13:00:00,349.8529
2011-06-25 14:00:00,342.6963
2011-06-25 15:00:00,314.14658
2011-06-25 16:00:00,354.42407
2011-06-25 17:00:00,344.37637
2011-06-25 18:00:00,332.52026
2011-06-25 19:00:00,332.67514
2011-06-25 20:00:00,318.2142
2011-06-25 21:00:00,300.69788
2011-06-25 22:00:00,315.30154
2011-06-25 23:00:00,318.2318
2011-06-26 00:00:00,273.44418
2011-06-26 01:00:00,283.43896
2011-06-26 02:00:00,271.90448
2011-06-26 03:00:00,245.48491
2011-06-26 04:00:00,244.05981
2011-06-26 05:00:00,235.4901
2011-06-26 06:00:00,235.4901
2011-06-26 07:00:00,244.08623
2011-06-26 08:00:00,268.49216
2011-06-26 09:00:00,278.85654
2011-06-26 10:00:00,315.54526
2011-06-26 11:00:00,321.1004
2011-06-26 12:00:00,338.43295
2011-06-26 13:00:00,322.72824
2011-06-26 14:00:00,335.57324
2011-06-26 15:00:00,322.72824
2011-06-26 16:00:00,341.5166
2011-06-26 17:00:00,340.417
2011-06-26 18:00:00,340.16205
2011-06-26 19:00:00,326.03723
2011-06-26 20:00:00,317.29584
2011-06-26 21:00:00,299.66562
2011-06-26 22:00:00,290.84415
2011-06-26 23:00:00,290.59875
2011-06-27 00:00:00,254.38432
2011-06-27 01:00:00,211.8798
2011-06-27 02:00:00,219.52159
2011-06-27 03:00:00,219.52159
2011-06-27 04:00:00,188.08653
2011-06-27 05:00:00,193.97775
2011-06-27 06:00:00,214.73958
2011-06-27 07:00:00,241.03258
2011-06-27 08:00:00,233.44368
2011-06-27 09:00:00,298.93134
2011-06-27 10:00:00,311.7763
2011-06-27 11:00:00,281.28665
2011-06-27 12:00:00,298.93134
2011-06-27 13:00:00,308.59253
2011-06-27 14:00:00,295.74756
2011-06-27 15:00:00,301.84396
2011-06-27 16:00:00,304.19696
2011-06-27 17:00:00,307.04718
2011-06-27 18:00:00,299.88568
2011-06-27 19:00:00,292.40756
2011-06-27 20:00:00,263.0711
2011-06-27 21:00:00,253.07631
2011-06-27 22:00:00,235.4718
2011-06-27 23:00:00,235.4718
2011-06-28 00:00:00,217.55202
2011-06-28 01:00:00,214.88875
2011-06-28 02:00:00,222.53053
2011-06-28 03:00:00,222.53053
2011-06-28 04:00:00,214.88875
2011-06-28 05:00:00,197.06529
2011-06-28 06:00:00,198.07819
2011-06-28 07:00:00,212.88963
2011-06-28 08:00:00,233.75407
2011-06-28 09:00:00,256.23688
2011-06-28 10:00:00,351.24057
2011-06-28 11:00:00,350.24216
2011-06-28 12:00:00,374.56952
2011-06-28 13:00:00,355.8999
2011-06-28 14:00:00,389.27582
2011-06-28 15:00:00,376.6762
2011-06-28 16:00:00,392.2407
2011-06-28 17:00:00,375.4469
2011-06-28 18:00:00,367.84918
2011-06-28 19:00:00,337.2834
2011-06-28 20:00:00,273.6336
2011-06-28 21:00:00,295.115
2011-06-28 22:00:00,266.9342
2011-06-28 23:00:00,265.50912
2011-06-29 00:00:00,240.85455
2011-06-29 01:00:00,234.63786
2011-06-29 02:00:00,203.78816
2011-06-29 03:00:00,200.01001
2011-06-29 04:00:00,192.36824
2011-06-29 05:00:00,188.96718
2011-06-29 06:00:00,258.1303
2011-06-29 07:00:00,306.81302
2011-06-29 08:00:00,330.1532
2011-06-29 09:00:00,348.7441
2011-06-29 10:00:00,353.45563
2011-06-29 11:00:00,368.09525
2011-06-29 12:00:00,370.9454
2011-06-29 13:00:00,401.5857
2011-06-29 14:00:00,388.7312
2011-06-29 15:00:00,394.67035
2011-06-29 16:00:00,418.93524
2011-06-29 17:00:00,430.6887
2011-06-29 18:00:00,404.60272
2011-06-29 19:00:00,383.8
2011-06-29 20:00:00,363.46234
2011-06-29 21:00:00,350.66956
2011-06-29 22:00:00,333.14368
2011-06-29 23:00:00,318.67084
2011-06-30 00:00:00,301.1143
2011-06-30 01:00:00,289.65845
2011-06-30 02:00:00,278.12396
2011-06-30 03:00:00,266.31763
2011-06-30 04:00:00,227.56294
2011-06-30 05:00:00,238.98283
2011-06-30 06:00:00,263.12427
2011-06-30 07:00:00,268.8702
2011-06-30 08:00:00,321.53058
2011-06-30 09:00:00,336.00345
2011-06-30 10:00:00,338.9947
2011-06-30 11:00:00,347.75763
2011-06-30 12:00:00,362.38525
2011-06-30 13:00:00,371.11224
2011-06-30 14:00:00,382.83997
2011-06-30 15:00:00,400.1101
2011-06-30 16:00:00,397.71307
2011-06-30 17:00:00,410.2982
2011-06-30 18:00:00,388.57562
2011-06-30 19:00:00,365.221
2011-06-30 20:00:00,365.221
2011-06-30 21:00:00,345.12634
2011-06-30 22:00:00,330.29346
2011-06-30 23:00:00,285.40958
2011-07-20 00:00:00,213.35234
2011-07-20 01:00:00,203.3575
2011-07-20 02:00:00,203.3575
2011-07-20 03:00:00,213.35234
2011-07-20 04:00:00,194.33464
2011-07-20 05:00:00,204.32947
2011-07-20 06:00:00,194.34105
2011-07-20 07:00:00,220.99406
2011-07-20 08:00:00,250.5534
2011-07-20 09:00:00,264.80658
2011-07-20 10:00:00,268.19812
2011-07-20 11:00:00,321.2588
2011-07-20 12:00:00,330.2936
2011-07-20 13:00:00,363.5549
2011-07-20 14:00:00,381.08075
2011-07-20 15:00:00,378.1159
2011-07-20 16:00:00,344.9999
2011-07-20 17:00:00,360.80975
2011-07-20 18:00:00,363.66956
2011-07-20 19:00:00,340.7818
2011-07-20 20:00:00,317.09363
2011-07-20 21:00:00,325.64877
2011-07-20 22:00:00,307.64404
2011-07-20 23:00:00,283.8412
2011-07-21 00:00:00,285.77295
2011-07-21 01:00:00,256.33646
2011-07-21 02:00:00,256.33646
2011-07-21 03:00:00,256.3484
2011-07-21 04:00:00,239.0253
2011-07-21 05:00:00,239.0253
2011-07-21 06:00:00,239.0253
2011-07-21 07:00:00,247.76672
2011-07-21 08:00:00,277.27954
2011-07-21 09:00:00,321.51556
2011-07-21 10:00:00,348.4501
2011-07-21 11:00:00,390.83426
2011-07-21 12:00:00,406.40186
2011-07-21 13:00:00,403.5421
2011-07-21 14:00:00,426.66327
2011-07-21 15:00:00,420.03354
2011-07-21 16:00:00,437.36615
2011-07-21 17:00:00,441.53644
2011-07-21 18:00:00,419.52814
2011-07-21 19:00:00,382.19415
2011-07-21 20:00:00,352.76953
2011-07-21 21:00:00,341.23505
2011-07-21 22:00:00,335.0984
2011-07-21 23:00:00,317.06714
2011-07-22 00:00:00,343.5653
2011-07-22 01:00:00,312.68915
2011-07-22 02:00:00,284.80923
2011-07-22 03:00:00,287.64252
2011-07-22 04:00:00,269.5711
2011-07-22 05:00:00,245.85637
2011-07-22 06:00:00,268.14597
2011-07-22 07:00:00,327.5806
2011-07-22 08:00:00,359.95804
2011-07-22 09:00:00,363.21246
2011-07-22 10:00:00,404.33835
2011-07-22 11:00:00,402.39835
2011-07-22 12:00:00,437.90747
2011-07-22 13:00:00,441.27264
2011-07-22 14:00:00,468.8239
2011-07-22 15:00:00,454.1176
2011-07-22 16:00:00,444.1985
2011-07-22 17:00:00,393.18225
2011-07-22 18:00:00,415.87665
2011-07-22 19:00:00,394.3128
2011-07-22 20:00:00,344.9999
2011-07-22 21:00:00,338.86334
2011-07-22 22:00:00,369.59976
2011-07-22 23:00:00,331.24405
2011-07-23 00:00:00,329.66943
2011-07-23 01:00:00,345.3075
2011-07-23 02:00:00,335.31265
2011-07-23 03:00:00,297.11328
2011-07-23 04:00:00,286.57715
2011-07-23 05:00:00,295.0706
2011-07-23 06:00:00,336.19647
2011-07-23 07:00:00,333.3463
2011-07-23 08:00:00,374.28387
2011-07-23 09:00:00,365.72372
2011-07-23 10:00:00,394.72162
2011-07-23 11:00:00,415.3576
2011-07-23 12:00:00,424.82867
2011-07-23 13:00:00,433.4914
2011-07-23 14:00:00,412.32227
2011-07-23 15:00:00,417.78665
2011-07-23 16:00:00,430.63165
2011-07-23 17:00:00,430.63165
2011-07-23 18:00:00,433.54364
2011-07-23 19:00:00,347.41113
2011-07-23 20:00:00,348.33905
2011-07-23 21:00:00,348.33905
2011-07-23 22:00:00,333.518
2011-07-23 23:00:00,324.9579
2011-07-24 00:00:00,324.9579
2011-07-24 01:00:00,298.53833
2011-07-24 02:00:00,317.88953
2011-07-24 03:00:00,317.88953
2011-07-24 04:00:00,298.53833
2011-07-24 05:00:00,297.11328
2011-07-24 06:00:00,325.5313
2011-07-24 07:00:00,327.80807
2011-07-24 08:00:00,356.79407
2011-07-24 09:00:00,366.78888
2011-07-24 10:00:00,390.45135
2011-07-24 11:00:00,368.60043
2011-07-24 12:00:00,407.25067
2011-07-24 13:00:00,383.16144
2011-07-24 14:00:00,386.1665
2011-07-24 15:00:00,418.5559
2011-07-24 16:00:00,418.5559
2011-07-24 17:00:00,406.99072
2011-07-24 18:00:00,398.03455
2011-07-24 19:00:00,377.45154
2011-07-24 20:00:00,365.72372
2011-07-24 21:00:00,322.16486
2011-07-24 22:00:00,288.54352
2011-07-24 23:00:00,281.04034
2011-07-25 00:00:00,275.83987
2011-07-25 01:00:00,275.78775
2011-07-25 02:00:00,252.07304
2011-07-25 03:00:00,235.86159
2011-07-25 04:00:00,229.95845
2011-07-25 05:00:00,229.95845
2011-07-25 06:00:00,237.60022
2011-07-25 07:00:00,243.50331
2011-07-25 08:00:00,267.21808
2011-07-25 09:00:00,309.944
2011-07-25 10:00:00,330.2936
2011-07-25 11:00:00,368.45154
2011-07-25 12:00:00,368.45154
2011-07-25 13:00:00,271.0402
2011-07-25 14:00:00,256.20728
2011-07-25 15:00:00,240.47697
2011-07-25 16:00:00,224.7722
2011-07-25 17:00:00,244.70235
2011-07-25 18:00:00,259.12314
2011-07-25 19:00:00,264.80658
2011-07-25 20:00:00,257.54736
2011-07-25 21:00:00,203.3575
2011-07-25 22:00:00,203.3575
2011-07-25 23:00:00,211.9272
2011-07-26 00:00:00,228.04414
2011-07-26 01:00:00,228.04414
2011-07-26 02:00:00,186.69926
2011-07-26 03:00:00,189.54945
2011-07-26 04:00:00,195.3476
2011-07-26 05:00:00,167.20274
2011-07-26 06:00:00,215.74936
2011-07-26 07:00:00,289.22382
2011-07-26 08:00:00,312.75717
2011-07-26 09:00:00,359.4734
2011-07-26 10:00:00,391.59088
2011-07-26 11:00:00,378.96564
2011-07-26 12:00:00,390.73358
2011-07-26 13:00:00,407.5299
2011-07-26 14:00:00,417.83246
2011-07-26 15:00:00,433.8853
2011-07-26 16:00:00,406.31253
2011-07-26 17:00:00,413.44757
2011-07-26 18:00:00,401.60095
2011-07-26 19:00:00,381.49673
2011-07-26 20:00:00,362.54584
2011-07-26 21:00:00,344.98932
2011-07-26 22:00:00,312.9384
2011-07-26 23:00:00,307.3431
2011-07-27 00:00:00,338.10605
2011-07-27 01:00:00,342.12955
2011-07-27 02:00:00,337.45825
2011-07-27 03:00:00,295.2408
2011-07-27 04:00:00,318.6596
2011-07-27 05:00:00,312.523
2011-07-27 06:00:00,306.81302
2011-07-27 07:00:00,333.18463
2011-07-27 08:00:00,350.59586
2011-07-27 09:00:00,370.9454
2011-07-27 10:00:00,358.40833
2011-07-27 11:00:00,370.1762
2011-07-27 12:00:00,406.09024
2011-07-27 13:00:00,419.11658
2011-07-27 14:00:00,412.1483
2011-07-27 15:00:00,426.7262
2011-07-27 16:00:00,415.0345
2011-07-27 17:00:00,411.91486
2011-07-27 18:00:00,394.83716
2011-07-27 19:00:00,384.62262
2011-07-27 20:00:00,344.78156
2011-07-27 21:00:00,318.69556
2011-07-27 22:00:00,308.91974
2011-07-27 23:00:00,326.08557
2011-07-28 00:00:00,307.0584
2011-07-28 01:00:00,300.10468
2011-07-28 02:00:00,301.28436
2011-07-28 03:00:00,291.28955
2011-07-28 04:00:00,274.82455
2011-07-28 05:00:00,263.0711
2011-07-28 06:00:00,246.95415
2011-07-28 07:00:00,266.0504
2011-07-28 08:00:00,283.69513
2011-07-28 09:00:00,324.9261
2011-07-28 10:00:00,351.1405
2011-07-28 11:00:00,372.1245
2011-07-28 12:00:00,371.96973
2011-07-28 13:00:00,389.38092
2011-07-28 14:00:00,385.29492
2011-07-28 15:00:00,380.96606
2011-07-28 16:00:00,380.8208
2011-07-28 17:00:00,366.25977
2011-07-28 18:00:00,366.41458
2011-07-28 19:00:00,348.84857
2011-07-28 20:00:00,331.24402
2011-07-28 21:00:00,319.03745
2011-07-28 22:00:00,292.463
2011-07-28 23:00:00,278.13123
2011-07-29 00:00:00,251.56633
2011-07-29 01:00:00,248.70657
2011-07-29 02:00:00,235.86159
2011-07-29 03:00:00,235.86159
2011-07-29 04:00:00,234.23372
2011-07-29 05:00:00,221.38872
2011-07-29 06:00:00,229.03052
2011-07-29 07:00:00,252.07304
2011-07-29 08:00:00,273.5215
2011-07-29 09:00:00,389.38092
2011-07-29 10:00:00,424.7849
2011-07-29 11:00:00,444.04797
2011-07-29 12:00:00,462.51996
2011-07-29 13:00:00,423.43414
2011-07-29 14:00:00,459.74844
2011-07-29 15:00:00,462.59866
2011-07-29 16:00:00,475.45322
2011-07-29 17:00:00,466.88348
2011-07-29 18:00:00,449.61267
2011-07-29 19:00:00,419.07498
2011-07-29 20:00:00,408.08572
2011-07-29 21:00:00,365.94693
2011-07-29 22:00:00,356.95053
2011-07-29 23:00:00,324.75433
2011-07-30 00:00:00,315.27908
2011-07-30 01:00:00,305.29382
2011-07-30 02:00:00,306.71893
2011-07-30 03:00:00,285.9691
2011-07-30 04:00:00,274.43463
2011-07-30 05:00:00,274.10104
2011-07-30 06:00:00,275.52612
2011-07-30 07:00:00,295.13727
2011-07-30 08:00:00,324.41663
2011-07-30 09:00:00,375.42264
2011-07-30 10:00:00,384.00427
2011-07-30 11:00:00,388.4823
2011-07-30 12:00:00,391.3156
2011-07-30 13:00:00,396.16815
2011-07-30 14:00:00,408.1294
2011-07-30 15:00:00,421.16763
2011-07-30 16:00:00,435.42078
2011-07-30 17:00:00,418.12415
2011-07-30 18:00:00,417.66147
2011-07-30 19:00:00,364.71152
2011-07-30 20:00:00,362.42276
2011-07-30 21:00:00,347.87128
2011-07-30 22:00:00,321.38504
2011-07-30 23:00:00,305.29385
2011-07-31 00:00:00,305.29382
2011-07-31 01:00:00,278.83405
2011-07-31 02:00:00,273.1908
2011-07-31 03:00:00,264.62106
2011-07-31 04:00:00,246.97638
2011-07-31 05:00:00,249.91476
2011-07-31 06:00:00,252.86758
2011-07-31 07:00:00,294.8628
2011-07-31 08:00:00,318.13885
2011-07-31 09:00:00,332.16656
2011-07-31 10:00:00,385.63208
2011-07-31 11:00:00,408.92007
2011-07-31 12:00:00,432.32758
2011-07-31 13:00:00,429.55597
2011-07-31 14:00:00,432.4157
2011-07-31 15:00:00,462.672
2011-07-31 16:00:00,464.18518
2011-07-31 17:00:00,455.7037
2011-07-31 18:00:00,400.4316
2011-07-31 19:00:00,352.05606
2011-07-31 20:00:00,352.05606
2011-07-31 21:00:00,331.5516
2011-07-31 22:00:00,281.41736
2011-07-31 23:00:00,286.03577
2011-08-20 00:00:00,140.60887
2011-08-20 01:00:00,167.26198
2011-08-20 02:00:00,188.0238
2011-08-20 03:00:00,188.0238
2011-08-20 04:00:00,148.25066
2011-08-20 05:00:00,161.37071
2011-08-20 06:00:00,181.8575
2011-08-20 07:00:00,167.26195
2011-08-20 08:00:00,226.21132
2011-08-20 09:00:00,249.70702
2011-08-20 10:00:00,280.47815
2011-08-20 11:00:00,276.1668
2011-08-20 12:00:00,294.8628
2011-08-20 13:00:00,309.56912
2011-08-20 14:00:00,350.7215
2011-08-20 15:00:00,362.28174
2011-08-20 16:00:00,353.46664
2011-08-20 17:00:00,350.7215
2011-08-20 18:00:00,318.24393
2011-08-20 19:00:00,288.8193
2011-08-20 20:00:00,291.67905
2011-08-20 21:00:00,268.3911
2011-08-20 22:00:00,255.56862
2011-08-20 23:00:00,242.2169
2011-08-21 00:00:00,247.92686
2011-08-21 01:00:00,224.13358
2011-08-21 02:00:00,221.27379
2011-08-21 03:00:00,200.41887
2011-08-21 04:00:00,212.38005
2011-08-21 05:00:00,183.8135
2011-08-21 06:00:00,182.38844
2011-08-21 07:00:00,219.51514
2011-08-21 08:00:00,236.09477
2011-08-21 09:00:00,262.74783
2011-08-21 10:00:00,271.44904
2011-08-21 11:00:00,336.44452
2011-08-21 12:00:00,354.04898
2011-08-21 13:00:00,354.93274
2011-08-21 14:00:00,267.08307
2011-08-21 15:00:00,227.11287
2011-08-21 16:00:00,242.34602
2011-08-21 17:00:00,239.48625
2011-08-21 18:00:00,250.90619
2011-08-21 19:00:00,271.2413
2011-08-21 20:00:00,238.94496
2011-08-21 21:00:00,238.94496
2011-08-21 22:00:00,240.87679
2011-08-21 23:00:00,245.07668
2011-08-22 00:00:00,221.79286
2011-08-22 01:00:00,214.65785
2011-08-22 02:00:00,270.7129
2011-08-22 03:00:00,281.20483
2011-08-22 04:00:00,265.7802
2011-08-22 05:00:00,275.59375
2011-08-22 06:00:00,281.63727
2011-08-22 07:00:00,284.49707
2011-08-22 08:00:00,284.49707
2011-08-22 09:00:00,303.8122
2011-08-22 10:00:00,330.1532
2011-08-22 11:00:00,375.3562
2011-08-22 12:00:00,377.90878
2011-08-22 13:00:00,399.73566
2011-08-22 14:00:00,392.6006
2011-08-22 15:00:00,384.0309
2011-08-22 16:00:00,392.6006
2011-08-22 17:00:00,395.70575
2011-08-22 18:00:00,390.12665
2011-08-22 19:00:00,376.97375
2011-08-22 20:00:00,350.97836
2011-08-22 21:00:00,339.4439
2011-08-22 22:00:00,349.4387
2011-08-22 23:00:00,336.55774
2011-08-23 00:00:00,325.19006
2011-08-23 01:00:00,277.3484
2011-08-23 02:00:00,262.6421
2011-08-23 03:00:00,271.2118
2011-08-23 04:00:00,242.18741
2011-08-23 05:00:00,245.03758
2011-08-23 06:00:00,233.28413
2011-08-23 07:00:00,307.5598
2011-08-23 08:00:00,293.48932
2011-08-23 09:00:00,310.68152
2011-08-23 10:00:00,329.28058
2011-08-23 11:00:00,348.09048
2011-08-23 12:00:00,331.97354
2011-08-23 13:00:00,365.69495
2011-08-23 14:00:00,364.26984
2011-08-23 15:00:00,365.36142
2011-08-23 16:00:00,362.66843
2011-08-23 17:00:00,365.36142
2011-08-23 18:00:00,362.50162
2011-08-23 19:00:00,306.82425
2011-08-23 20:00:00,301.07837
2011-08-23 21:00:00,265.27896
2011-08-23 22:00:00,278.12396
2011-08-23 23:00:00,260.3005
2011-08-24 00:00:00,278.12396
2011-08-24 01:00:00,260.6077
2011-08-24 02:00:00,215.80946
2011-08-24 03:00:00,215.80946
2011-08-24 04:00:00,192.37622
2011-08-24 05:00:00,192.37622
2011-08-24 06:00:00,182.38144
2011-08-24 07:00:00,247.4291
2011-08-24 08:00:00,236.79352
2011-08-24 09:00:00,247.99446
2011-08-24 10:00:00,300.7695
2011-08-24 11:00:00,319.8393
2011-08-24 12:00:00,325.6117
2011-08-24 13:00:00,354.52142
2011-08-24 14:00:00,354.52142
2011-08-24 15:00:00,357.3812
2011-08-24 16:00:00,348.87814
2011-08-24 17:00:00,343.1682
2011-08-24 18:00:00,322.75198
2011-08-24 19:00:00,322.75198
2011-08-24 20:00:00,308.08585
2011-08-24 21:00:00,299.08948
2011-08-24 22:00:00,287.336
2011-08-24 23:00:00,264.02155
2011-08-25 00:00:00,249.32971
2011-08-25 01:00:00,272.59125
2011-08-25 02:00:00,272.59125
2011-08-25 03:00:00,246.29823
2011-08-25 04:00:00,234.18474
2011-08-25 05:00:00,222.3431
2011-08-25 06:00:00,213.78296
2011-08-25 07:00:00,245.1394
2011-08-25 08:00:00,268.93274
2011-08-25 09:00:00,286.53717
2011-08-25 10:00:00,304.1819
2011-08-25 11:00:00,233.3329
2011-08-25 12:00:00,233.3329
2011-08-25 13:00:00,228.04414
2011-08-25 14:00:00,252.34415
2011-08-25 15:00:00,263.87863
2011-08-25 16:00:00,221.38872
2011-08-25 17:00:00,221.38872
2011-08-25 18:00:00,241.8755
2011-08-25 19:00:00,236.11656
2011-08-25 20:00:00,225.43376
2011-08-25 21:00:00,218.29872
2011-08-25 22:00:00,170.63121
2011-08-25 23:00:00,179.20093
2011-08-26 00:00:00,183.47621
2011-08-26 01:00:00,170.63121
2011-08-26 02:00:00,162.67418
2011-08-26 03:00:00,153.97295
2011-08-26 04:00:00,149.8292
2011-08-26 05:00:00,157.47096
2011-08-26 06:00:00,149.8292
2011-08-26 07:00:00,170.41223
2011-08-26 08:00:00,192.36824
2011-08-26 09:00:00,232.74117
2011-08-26 10:00:00,276.5601
2011-08-26 11:00:00,293.23663
2011-08-26 12:00:00,297.5882
2011-08-26 13:00:00,324.00775
2011-08-26 14:00:00,318.3324
2011-08-26 15:00:00,344.5291
2011-08-26 16:00:00,307.55087
2011-08-26 17:00:00,274.81833
2011-08-26 18:00:00,271.0402
2011-08-26 19:00:00,240.00534
2011-08-26 20:00:00,238.58026
2011-08-26 21:00:00,245.71529
2011-08-26 22:00:00,240.00534
2011-08-26 23:00:00,211.92722
2011-08-27 00:00:00,209.98305
2011-08-27 01:00:00,215.69298
2011-08-27 02:00:00,218.54317
2011-08-27 03:00:00,229.04471
2011-08-27 04:00:00,229.04471
2011-08-27 05:00:00,236.17976
2011-08-27 06:00:00,236.17976
2011-08-27 07:00:00,241.88972
2011-08-27 08:00:00,231.89488
2011-08-27 09:00:00,247.59966
2011-08-27 10:00:00,266.57635
2011-08-27 11:00:00,210.51697
2011-08-27 12:00:00,241.39243
2011-08-27 13:00:00,231.40718
2011-08-27 14:00:00,217.51094
2011-08-27 15:00:00,217.51094
2011-08-27 16:00:00,214.66077
2011-08-27 17:00:00,244.6356
2011-08-28 07:00:00,216.80518
2011-08-28 08:00:00,222.51514
2011-08-28 09:00:00,251.4891
2011-08-28 10:00:00,319.98508
2011-08-28 11:00:00,307.39508
2011-08-28 12:00:00,333.6358
2011-08-28 13:00:00,354.25726
2011-08-28 14:00:00,371.7352
2011-08-28 15:00:00,366.02524
2011-08-28 16:00:00,395.30457
2011-08-28 17:00:00,363.2392
2011-08-28 18:00:00,344.37637
2011-08-28 19:00:00,315.54523
2011-08-28 20:00:00,318.25015
2011-08-28 21:00:00,262.56323
2011-08-28 22:00:00,230.3551
2011-08-28 23:00:00,212.7104
2011-08-29 00:00:00,216.0797
2011-08-29 01:00:00,228.05214
2011-08-29 02:00:00,236.61229
2011-08-29 03:00:00,228.05214
2011-08-29 04:00:00,209.91826
2011-08-29 05:00:00,195.22643
2011-08-29 06:00:00,195.22643
2011-08-29 07:00:00,272.0276
2011-08-29 08:00:00,289.54385
2011-08-29 09:00:00,301.29736
2011-08-29 10:00:00,315.63934
2011-08-29 11:00:00,309.92938
2011-08-29 12:00:00,332.27753
2011-08-29 13:00:00,331.0456
2011-08-29 14:00:00,314.58875
2011-08-29 15:00:00,330.29346
2011-08-29 16:00:00,336.1445
2011-08-29 17:00:00,328.95337
2011-08-29 18:00:00,318.48956
2011-08-29 19:00:00,318.48956
2011-08-29 20:00:00,292.5182
2011-08-29 21:00:00,295.3684
2011-08-29 22:00:00,278.12396
2011-08-29 23:00:00,259.1826
2011-08-30 00:00:00,195.22643
2011-08-30 01:00:00,207.06807
2011-08-30 02:00:00,186.52522
2011-08-30 03:00:00,195.08537
2011-08-30 04:00:00,174.59047
2011-08-30 05:00:00,167.45543
2011-08-30 06:00:00,186.52522
2011-08-30 07:00:00,209.91826
2011-08-30 08:00:00,278.12396
2011-08-30 09:00:00,306.82425
2011-08-30 10:00:00,344.81848
2011-08-30 11:00:00,353.6865
2011-08-30 12:00:00,335.1316
2011-08-30 13:00:00,350.78412
2011-08-30 14:00:00,362.37085
2011-08-30 15:00:00,362.20404
2011-08-30 16:00:00,350.61737
2011-08-30 17:00:00,338.9947
2011-08-30 18:00:00,321.4784
2011-08-30 19:00:00,293.97925
2011-08-30 20:00:00,285.40958
2011-08-30 21:00:00,244.05275
2011-08-30 22:00:00,247.45547
2011-08-30 23:00:00,247.45547
2011-08-31 00:00:00,218.05733
2011-08-31 01:00:00,218.05733
2011-08-31 02:00:00,182.38144
2011-08-31 03:00:00,167.68959
2011-08-31 04:00:00,182.38144
2011-08-31 05:00:00,155.71645
2011-08-31 06:00:00,164.77696
2011-08-31 07:00:00,185.54204
2011-08-31 08:00:00,223.94856
2011-08-31 09:00:00,232.29927
2011-08-31 10:00:00,315.7684
2011-08-31 11:00:00,333.28473
2011-08-31 12:00:00,336.2376
2011-08-31 13:00:00,344.9074
2011-08-31 14:00:00,338.9425
2011-08-31 15:00:00,338.9425
2011-08-31 16:00:00,339.17596
2011-08-31 17:00:00,324.46964
2011-08-31 18:00:00,315.62814
2011-08-31 19:00:00,377.4197
2011-08-31 20:00:00,277.686
2011-08-31 21:00:00,261.65723
2011-08-31 22:00:00,223.72957
2011-08-31 23:00:00,195.53685
2011-09-20 00:00:00,205.72795
2011-09-20 01:00:00,155.80144
2011-09-20 02:00:00,155.80144
2011-09-20 03:00:00,176.20323
2011-09-20 04:00:00,151.00986
2011-09-20 05:00:00,158.65163
2011-09-20 06:00:00,158.65163
2011-09-20 07:00:00,155.80144
2011-09-20 08:00:00,154.37315
2011-09-20 09:00:00,151.52296
2011-09-20 10:00:00,169.29422
2011-09-20 11:00:00,169.29422
2011-09-20 12:00:00,144.02226
2011-09-20 13:00:00,141.16249
2011-09-20 14:00:00,170.39384
2011-09-20 15:00:00,209.02962
2011-09-20 16:00:00,188.08653
2011-09-20 17:00:00,174.73482
2011-09-20 18:00:00,174.73482
2011-09-20 19:00:00,144.19713
2011-09-20 20:00:00,120.675735
2011-09-20 21:00:00,120.67573
2011-09-20 22:00:00,120.67573
2011-09-20 23:00:00,120.67573
2011-09-21 00:00:00,97.19452
2011-09-21 01:00:00,114.824715
2011-09-21 02:00:00,114.824715
2011-09-21 03:00:00,131.0362
2011-09-21 04:00:00,117.6813
2011-09-21 05:00:00,120.54107
2011-09-21 06:00:00,123.39124
2011-09-21 07:00:00,123.39124
2011-09-21 08:00:00,114.83109
2011-09-21 09:00:00,119.25702
2011-09-21 10:00:00,151.61992
2011-09-21 11:00:00,193.97775
2011-09-21 12:00:00,207.38554
2011-09-21 13:00:00,238.23529
2011-09-21 14:00:00,241.08546
2011-09-21 15:00:00,232.52531
2011-09-21 16:00:00,232.52531
2011-09-21 17:00:00,245.87704
2011-09-21 18:00:00,201.40056
2011-09-21 19:00:00,141.41252
2011-09-21 20:00:00,141.41252
2011-09-21 21:00:00,106.63883
2011-09-21 22:00:00,133.77074
2011-09-21 23:00:00,124.16257
2011-09-22 00:00:00,124.16257
2011-09-22 01:00:00,130.37923
2011-09-22 02:00:00,131.80432
2011-09-22 03:00:00,130.37923
2011-09-22 04:00:00,130.37923
2011-09-22 05:00:00,131.80432
2011-09-22 06:00:00,110.91415
2011-09-22 07:00:00,108.06393
2011-09-22 08:00:00,113.7739
2011-09-22 09:00:00,152.32567
2011-09-22 10:00:00,181.8385
2011-09-22 11:00:00,178.97876
2011-09-22 12:00:00,205.71997
2011-09-22 13:00:00,208.57018
2011-09-22 14:00:00,211.42992
2011-09-22 15:00:00,229.43463
2011-09-22 16:00:00,241.26675
2011-09-22 17:00:00,213.27676
2011-09-22 18:00:00,188.04881
2011-09-22 19:00:00,168.99352
2011-09-22 20:00:00,146.61574
2011-09-22 21:00:00,168.99352
2011-09-22 22:00:00,112.53005
2011-09-22 23:00:00,133.77074
2011-09-23 00:00:00,166.85805
2011-09-23 01:00:00,122.58675
2011-09-23 02:00:00,132.58153
2011-09-23 03:00:00,122.58675
2011-09-23 04:00:00,130.2285
2011-09-23 05:00:00,158.28835
2011-09-23 06:00:00,166.85805
2011-09-23 07:00:00,178.7751
2011-09-23 08:00:00,178.7751
2011-09-23 09:00:00,148.9647
2011-09-23 10:00:00,146.11452
2011-09-23 11:00:00,146.11452
2011-09-23 12:00:00,175.92493
2011-09-23 13:00:00,138.7982
2011-09-23 14:00:00,138.7982
2011-09-23 15:00:00,175.92493
2011-09-23 16:00:00,165.93013
2011-09-23 17:00:00,122.58675
2011-09-23 18:00:00,114.94497
2011-09-23 19:00:00,163.49156
2011-09-23 20:00:00,138.68538
2011-09-23 21:00:00,130.64972
2011-09-23 22:00:00,154.39012
2011-09-23 23:00:00,153.94112
2011-09-24 00:00:00,138.65477
2011-09-24 01:00:00,163.92674
2011-09-24 02:00:00,163.92674
2011-09-24 03:00:00,147.71527
2011-09-24 04:00:00,151.81886
2011-09-24 05:00:00,159.46063
2011-09-24 06:00:00,159.46063
2011-09-24 07:00:00,177.09084
2011-09-24 08:00:00,175.68022
2011-09-24 09:00:00,181.33797
2011-09-24 10:00:00,181.33797
2011-09-24 11:00:00,207.99106
2011-09-24 12:00:00,207.99106
2011-09-24 13:00:00,212.3224
2011-09-24 14:00:00,256.52383
2011-09-24 15:00:00,256.52383
2011-09-24 16:00:00,228.53389
2011-09-24 17:00:00,246.03188
2011-09-24 18:00:00,222.31718
2011-09-24 19:00:00,170.97752
2011-09-24 20:00:00,191.77956
2011-09-24 21:00:00,200.34926
2011-09-24 22:00:00,178.61928
2011-09-24 23:00:00,181.33797
2011-09-25 00:00:00,172.76826
2011-09-25 01:00:00,182.76305
2011-09-25 02:00:00,150.59962
2011-09-25 03:00:00,150.59962
2011-09-25 04:00:00,163.44466
2011-09-25 05:00:00,173.6962
2011-09-25 06:00:00,182.76305
2011-09-25 07:00:00,155.80284
2011-09-25 08:00:00,178.61928
2011-09-25 09:00:00,199.20233
2011-09-25 10:00:00,199.20233
2011-09-25 11:00:00,238.7004
2011-09-25 12:00:00,225.85542
2011-09-25 13:00:00,249.57007
2011-09-25 14:00:00,225.85542
2011-09-25 15:00:00,225.85542
2011-09-25 16:00:00,259.5328
2011-09-25 17:00:00,241.9283
2011-09-25 18:00:00,241.9283
2011-09-25 19:00:00,204.40558
2011-09-25 20:00:00,200.1303
2011-09-25 21:00:00,155.84703
2011-09-25 22:00:00,179.54721
2011-09-25 23:00:00,164.91386
2011-09-26 00:00:00,158.28835
2011-09-26 01:00:00,191.98334
2011-09-26 02:00:00,191.98334
2011-09-26 03:00:00,158.28835
2011-09-26 04:00:00,166.85805
2011-09-26 05:00:00,181.98857
2011-09-26 06:00:00,166.85805
2011-09-26 07:00:00,158.28835
2011-09-26 08:00:00,158.28835
2011-09-26 09:00:00,203.49632
2011-09-26 10:00:00,203.49632
2011-09-26 11:00:00,252.02043
2011-09-26 12:00:00,253.95229
2011-09-26 13:00:00,280.60535
2011-09-26 14:00:00,278.60687
2011-09-26 15:00:00,311.21524
2011-09-26 16:00:00,293.29865
2011-09-26 17:00:00,275.74707
2011-09-26 18:00:00,216.88585
2011-09-26 19:00:00,218.39914
2011-09-26 20:00:00,190.14462
2011-09-26 21:00:00,190.14462
2011-09-26 22:00:00,163.49156
2011-09-26 23:00:00,163.49156
2011-09-27 00:00:00,163.49156
2011-09-27 01:00:00,166.35133
2011-09-27 02:00:00,160.64137
2011-09-27 03:00:00,158.28835
2011-09-27 04:00:00,174.49983
2011-09-27 05:00:00,174.49983
2011-09-27 06:00:00,168.28316
2011-09-27 07:00:00,168.28316
2011-09-27 08:00:00,194.93622
2011-09-27 09:00:00,211.13814
2011-09-27 10:00:00,187.48592
2011-09-27 11:00:00,200.78722
2011-09-27 12:00:00,203.63744
2011-09-27 13:00:00,286.31525
2011-09-27 14:00:00,248.24231
2011-09-27 15:00:00,235.06374
2011-09-27 16:00:00,233.08778
2011-09-27 17:00:00,209.34737
2011-09-27 18:00:00,206.35612
2011-09-27 19:00:00,197.7864
2011-09-27 20:00:00,215.91066
2011-09-27 21:00:00,189.25761
2011-09-27 22:00:00,177.06548
2011-09-27 23:00:00,177.06548
2011-09-28 00:00:00,168.49574
2011-09-28 01:00:00,168.49574
2011-09-28 02:00:00,192.76067
2011-09-28 03:00:00,154.89687
2011-09-28 04:00:00,168.49574
2011-09-28 05:00:00,146.32713
2011-09-28 06:00:00,169.67366
2011-09-28 07:00:00,169.67366
2011-09-28 08:00:00,187.3448
2011-09-28 09:00:00,187.3448
2011-09-28 10:00:00,158.28835
2011-09-28 11:00:00,224.52763
2011-09-28 12:00:00,238.24751
2011-09-28 13:00:00,281.52368
2011-09-28 14:00:00,322.63513
2011-09-28 15:00:00,275.74707
2011-09-28 16:00:00,281.45703
2011-09-28 17:00:00,284.3168
2011-09-28 18:00:00,246.4395
2011-09-28 19:00:00,246.4395
2011-09-28 20:00:00,233.0909
2011-09-28 21:00:00,208.04419
2011-09-28 22:00:00,177.06548
2011-09-28 23:00:00,151.53036
2011-09-29 00:00:00,157.24031
2011-09-29 01:00:00,141.14166
2011-09-29 02:00:00,141.14166
2011-09-29 03:00:00,164.88208
2011-09-29 04:00:00,194.69247
2011-09-29 05:00:00,186.13234
2011-09-29 06:00:00,184.70726
2011-09-29 07:00:00,181.34076
2011-09-29 08:00:00,189.25761
2011-09-29 09:00:00,240.17555
2011-09-29 10:00:00,278.5556
2011-09-29 11:00:00,290.52805
2011-09-29 12:00:00,293.30988
2011-09-29 13:00:00,296.37903
2011-09-29 14:00:00,341.42978
2011-09-29 15:00:00,367.62967
2011-09-29 16:00:00,376.52344
2011-09-29 17:00:00,347.292
2011-09-29 18:00:00,358.00616
2011-09-29 19:00:00,318.93488
2011-09-29 20:00:00,310.33875
2011-09-29 21:00:00,262.7425
2011-09-29 22:00:00,221.59087
2011-09-29 23:00:00,193.39815
2011-09-30 00:00:00,175.76794
2011-09-30 01:00:00,191.97304
2011-09-30 02:00:00,175.76794
2011-09-30 03:00:00,175.76794
2011-09-30 04:00:00,184.32808
2011-09-30 05:00:00,184.3281
2011-09-30 06:00:00,187.18785
2011-09-30 07:00:00,187.18785
2011-09-30 08:00:00,202.13956
2011-09-30 09:00:00,225.45398
2011-09-30 10:00:00,263.37698
2011-09-30 11:00:00,298.14728
2011-09-30 12:00:00,315.7743
2011-09-30 13:00:00,357.79352
2011-09-30 14:00:00,355.15277
2011-09-30 15:00:00,337.2708
2011-09-30 16:00:00,322.96472
2011-09-30 17:00:00,320.10498
2011-09-30 18:00:00,317.5708
2011-09-30 19:00:00,289.87842
2011-09-30 20:00:00,289.87842
2011-09-30 21:00:00,266.6024
2011-09-30 22:00:00,279.45694
2011-09-30 23:00:00,279.45694
2011-10-20 00:00:00,173.74309
2011-10-20 01:00:00,197.08322
2011-10-20 02:00:00,205.65294
2011-10-20 03:00:00,207.0748
2011-10-20 04:00:00,207.0748
2011-10-20 05:00:00,191.22899
2011-10-20 06:00:00,185.19667
2011-10-20 07:00:00,196.85704
2011-10-20 08:00:00,239.26698
2011-10-20 09:00:00,244.97696
2011-10-20 10:00:00,261.48993
2011-10-20 11:00:00,286.26965
2011-10-20 12:00:00,306.83823
2011-10-20 13:00:00,327.21426
2011-10-20 14:00:00,317.33014
2011-10-20 15:00:00,298.52985
2011-10-20 16:00:00,298.52985
2011-10-20 17:00:00,301.635
2011-10-20 18:00:00,278.35895
2011-10-20 19:00:00,276.42712
2011-10-20 20:00:00,281.21872
2011-10-20 21:00:00,264.86618
2011-10-20 22:00:00,267.72595
2011-10-20 23:00:00,234.12154
2011-10-21 00:00:00,216.51704
2011-10-21 01:00:00,213.66687
2011-10-21 02:00:00,190.31223
2011-10-21 03:00:00,154.72942
2011-10-21 04:00:00,157.58916
2011-10-21 05:00:00,139.85632
2011-10-21 06:00:00,157.58916
2011-10-21 07:00:00,157.58916
2011-10-21 08:00:00,210.80708
2011-10-21 09:00:00,230.3434
2011-10-21 10:00:00,257.8722
2011-10-21 11:00:00,292.95456
2011-10-21 12:00:00,300.0896
2011-10-21 13:00:00,288.28326
2011-10-21 14:00:00,314.79596
2011-10-21 15:00:00,298.66455
2011-10-21 16:00:00,295.80478
2011-10-21 17:00:00,274.07413
2011-10-21 18:00:00,259.408
2011-10-21 19:00:00,272.26254
2011-10-21 20:00:00,256.55777
2011-10-21 21:00:00,225.56139
2011-10-21 22:00:00,237.31487
2011-10-21 23:00:00,213.66687
2011-10-22 00:00:00,207.43782
2011-10-22 01:00:00,207.43782
2011-10-22 02:00:00,213.14775
2011-10-22 03:00:00,201.72789
2011-10-22 04:00:00,179.8079
2011-10-22 05:00:00,171.23819
2011-10-22 06:00:00,150.69536
2011-10-22 07:00:00,139.88812
2011-10-22 08:00:00,162.43758
2011-10-22 09:00:00,188.61174
2011-10-22 10:00:00,218.26167
2011-10-22 11:00:00,218.26167
2011-10-22 12:00:00,235.61443
2011-10-22 13:00:00,268.17062
2011-10-22 14:00:00,282.56094
2011-10-22 15:00:00,266.10413
2011-10-22 16:00:00,286.72552
2011-10-22 17:00:00,239.8897
2011-10-22 18:00:00,232.70174
2011-10-22 19:00:00,185.93327
2011-10-22 20:00:00,180.04207
2011-10-22 21:00:00,147.74573
2011-10-22 22:00:00,147.74573
2011-10-22 23:00:00,124.22433
2011-10-23 00:00:00,103.68148
2011-10-23 01:00:00,103.68148
2011-10-23 02:00:00,100.28996
2011-10-23 03:00:00,97.790276
2011-10-23 04:00:00,97.790276
2011-10-23 05:00:00,91.93924
2011-10-23 06:00:00,95.82386
2011-10-23 07:00:00,100.28996
2011-10-23 08:00:00,104.34629
2011-10-23 09:00:00,147.74573
2011-10-23 10:00:00,176.85828
2011-10-23 11:00:00,192.7972
2011-10-23 12:00:00,251.29832
2011-10-23 13:00:00,263.2331
2011-10-23 14:00:00,266.09286
2011-10-23 15:00:00,269.19803
2011-10-23 16:00:00,263.2331
2011-10-23 17:00:00,228.12498
2011-10-23 18:00:00,225.2748
2011-10-23 19:00:00,162.40063
2011-10-23 20:00:00,179.81114
2011-10-23 21:00:00,179.81114
2011-10-23 22:00:00,160.65318
2011-10-23 23:00:00,166.36314
2011-10-24 00:00:00,154.02766
2011-10-24 01:00:00,146.3298
2011-10-24 02:00:00,128.78778
2011-10-24 03:00:00,142.05452
2011-10-24 04:00:00,133.48482
2011-10-24 05:00:00,112.90177
2011-10-24 06:00:00,128.78778
2011-10-24 07:00:00,109.96977
2011-10-24 08:00:00,145.05214
2011-10-24 09:00:00,168.57355
2011-10-24 10:00:00,182.98473
2011-10-24 11:00:00,215.55048
2011-10-24 12:00:00,227.48521
2011-10-24 13:00:00,256.5498
2011-10-24 14:00:00,253.69003
2011-10-24 15:00:00,260.80255
2011-10-24 16:00:00,246.04825
2011-10-24 17:00:00,222.69365
2011-10-24 18:00:00,247.81648
2011-10-24 19:00:00,172.25284
2011-10-24 20:00:00,166.9641
2011-10-24 21:00:00,146.38103
2011-10-24 22:00:00,193.2426
2011-10-24 23:00:00,174.33958
2011-10-25 00:00:00,172.76387
2011-10-25 01:00:00,172.76387
2011-10-25 02:00:00,152.18083
2011-10-25 03:00:00,118.79299
2011-10-25 04:00:00,125.74677
2011-10-25 05:00:00,125.74677
2011-10-25 06:00:00,137.58841
2011-10-25 07:00:00,169.66994
2011-10-25 08:00:00,174.6107
2011-10-25 09:00:00,257.71988
2011-10-25 10:00:00,278.17462
2011-10-25 11:00:00,295.74066
2011-10-25 12:00:00,335.21222
2011-10-25 13:00:00,349.79968
2011-10-25 14:00:00,328.13
2011-10-25 15:00:00,322.67502
2011-10-25 16:00:00,331.23523
2011-10-25 17:00:00,322.67502
2011-10-25 18:00:00,296.24097
2011-10-25 19:00:00,219.59975
2011-10-25 20:00:00,205.14838
2011-10-25 21:00:00,187.45569
2011-10-25 22:00:00,213.70854
2011-10-25 23:00:00,187.45569
2011-10-26 00:00:00,193.16566
2011-10-26 01:00:00,213.56743
2011-10-26 02:00:00,205.00728
2011-10-26 03:00:00,210.71724
2011-10-26 04:00:00,195.92276
2011-10-26 05:00:00,193.07259
2011-10-26 06:00:00,193.07259
2011-10-26 07:00:00,187.3626
2011-10-26 08:00:00,215.49927
2011-10-26 09:00:00,241.85474
2011-10-26 10:00:00,259.3855
2011-10-26 11:00:00,267.7035
2011-10-26 12:00:00,308.25586
2011-10-26 13:00:00,270.37616
2011-10-26 14:00:00,191.04512
2011-10-26 15:00:00,191.04512
2011-10-26 16:00:00,199.61482
2011-10-26 17:00:00,201.03993
2011-10-26 18:00:00,199.10811
2011-10-26 19:00:00,162.8203
2011-10-26 20:00:00,145.1901
2011-10-26 21:00:00,191.04512
2011-10-26 22:00:00,155.55055
2011-10-26 23:00:00,155.55055
2011-10-27 00:00:00,115.81767
2011-10-27 01:00:00,115.81767
2011-10-27 02:00:00,131.10121
2011-10-27 03:00:00,131.10121
2011-10-27 04:00:00,154.62263
2011-10-27 05:00:00,163.19234
2011-10-27 06:00:00,178.10384
2011-10-27 07:00:00,132.02916
2011-10-27 08:00:00,173.17757
2011-10-27 09:00:00,186.16682
2011-10-27 10:00:00,179.0286
2011-10-27 11:00:00,173.31865
2011-10-27 12:00:00,173.31865
2011-10-27 13:00:00,168.53662
2011-10-27 14:00:00,173.41492
2011-10-27 15:00:00,183.40971
2011-10-27 16:00:00,230.24559
2011-10-27 17:00:00,244.10027
2011-10-27 18:00:00,252.94104
2011-10-27 19:00:00,241.1988
2011-10-27 20:00:00,230.51602
2011-10-27 21:00:00,242.2166
2011-10-27 22:00:00,191.50075
2011-10-27 23:00:00,193.1663
2011-10-28 00:00:00,168.87993
2011-10-28 01:00:00,162.98872
2011-10-28 02:00:00,165.84846
2011-10-28 03:00:00,148.24397
2011-10-28 04:00:00,162.93584
2011-10-28 05:00:00,179.4713
2011-10-28 06:00:00,154.18483
2011-10-28 07:00:00,154.18483
2011-10-28 08:00:00,174.68927
2011-10-28 09:00:00,186.58385
2011-10-28 10:00:00,192.47502
2011-10-28 11:00:00,225.0048
2011-10-28 12:00:00,274.35153
2011-10-28 13:00:00,274.18475
2011-10-28 14:00:00,241.5403
2011-10-28 15:00:00,249.95518
2011-10-28 16:00:00,238.69011
2011-10-28 17:00:00,224.07689
2011-10-28 18:00:00,218.12154
2011-10-28 19:00:00,224.07689
2011-10-28 20:00:00,196.00511
2011-10-28 21:00:00,164.06886
2011-10-28 22:00:00,148.83571
2011-10-28 23:00:00,129.38016
2011-10-29 00:00:00,99.66988
2011-10-29 01:00:00,105.52093
2011-10-29 02:00:00,105.52093
2011-10-29 03:00:00,134.57103
2011-10-29 04:00:00,134.57103
2011-10-29 05:00:00,75.78843
2011-10-29 06:00:00,93.41863
2011-10-29 07:00:00,93.41863
2011-10-29 08:00:00,105.37985
2011-10-29 09:00:00,105.37985
2011-10-29 10:00:00,72.93824
2011-10-29 11:00:00,78.64819
2011-10-29 12:00:00,94.30242
2011-10-29 13:00:00,97.16218
2011-10-29 14:00:00,90.02712
2011-10-29 15:00:00,60.1214
2011-10-29 16:00:00,61.196022
2011-10-29 17:00:00,61.196022
2011-10-29 18:00:00,61.196022
2011-10-29 19:00:00,72.24387
2011-10-29 20:00:00,72.24387
2011-10-29 21:00:00,72.24386
2011-10-29 22:00:00,59.61786
2011-10-29 23:00:00,62.86831
2011-10-30 00:00:00,59.61786
2011-10-30 01:00:00,62.468052
2011-10-30 02:00:00,65.327805
2011-10-30 03:00:00,107.50428
2011-10-30 04:00:00,84.11124
2011-10-30 05:00:00,101.79433
2011-10-30 06:00:00,103.61968
2011-10-30 07:00:00,103.7152
2011-10-30 08:00:00,127.42254
2011-10-30 09:00:00,156.70679
2011-10-30 10:00:00,170.79628
2011-10-30 11:00:00,212.82042
2011-10-30 12:00:00,236.80699
2011-10-30 13:00:00,266.12656
2011-10-30 14:00:00,283.80963
2011-10-30 15:00:00,289.77454
2011-10-30 16:00:00,295.7299
2011-10-30 17:00:00,278.2136
2011-10-30 18:00:00,242.44951
2011-10-30 19:00:00,302.6003
2011-10-30 20:00:00,185.94127
2011-10-30 21:00:00,153.64494
2011-10-30 22:00:00,121.30845
2011-10-30 23:00:00,74.3058
2011-10-31 00:00:00,77.67507
2011-10-31 01:00:00,95.305275
2011-10-31 02:00:00,71.824066
2011-10-31 03:00:00,69.63867
2011-10-31 04:00:00,71.82407
2011-10-31 05:00:00,48.302666
2011-10-31 06:00:00,71.824066
2011-10-31 07:00:00,54.19388
2011-10-31 08:00:00,91.20806
2011-10-31 09:00:00,138.79689
2011-10-31 10:00:00,206.36809
2011-10-31 11:00:00,240.35756
2011-10-31 12:00:00,272.40848
2011-10-31 13:00:00,285.94147
2011-10-31 14:00:00,277.12637
2011-10-31 15:00:00,263.77466
2011-10-31 16:00:00,237.31487
2011-10-31 17:00:00,234.4551
2011-10-31 18:00:00,189.0684
2011-10-31 19:00:00,189.0684
2011-10-31 20:00:00,189.0684
2011-10-31 21:00:00,153.3893
2011-10-31 22:00:00,153.3893
2011-10-31 23:00:00,153.3893
2011-11-20 00:00:00,186.94295
2011-11-20 01:00:00,213.14775
2011-11-20 02:00:00,216.00754
2011-11-20 03:00:00,211.89583
2011-11-20 04:00:00,197.20401
2011-11-20 05:00:00,214.80847
2011-11-20 06:00:00,211.94872
2011-11-20 07:00:00,201.45676
2011-11-20 08:00:00,203.055
2011-11-20 09:00:00,186.94618
2011-11-20 10:00:00,188.878
2011-11-20 11:00:00,232.91655
2011-11-20 12:00:00,235.76674
2011-11-20 13:00:00,262.07422
2011-11-20 14:00:00,245.43607
2011-11-20 15:00:00,232.6761
2011-11-20 16:00:00,241.65797
2011-11-20 17:00:00,247.3679
2011-11-20 18:00:00,250.32079
2011-11-20 19:00:00,206.47127
2011-11-20 20:00:00,224.11595
2011-11-20 21:00:00,184.50331
2011-11-20 22:00:00,153.93184
2011-11-20 23:00:00,153.93184
2011-11-21 00:00:00,123.45945
2011-11-21 01:00:00,149.65617
2011-11-21 02:00:00,126.174934
2011-11-21 03:00:00,120.465
2011-11-21 04:00:00,120.465
2011-11-21 05:00:00,99.97822
2011-11-21 06:00:00,94.08699
2011-11-21 07:00:00,139.1642
2011-11-21 08:00:00,123.45945
2011-11-21 09:00:00,139.34544
2011-11-21 10:00:00,173.41492
2011-11-21 11:00:00,183.40971
2011-11-21 12:00:00,197.99889
2011-11-21 13:00:00,197.99889
2011-11-21 14:00:00,183.166
2011-11-21 15:00:00,146.66489
2011-11-21 16:00:00,146.66489
2011-11-21 17:00:00,147.90874
2011-11-21 18:00:00,155.54411
2011-11-21 19:00:00,132.06291
2011-11-21 20:00:00,155.49124
2011-11-21 21:00:00,149.78127
2011-11-21 22:00:00,146.92154
2011-11-21 23:00:00,149.78127
2011-11-22 00:00:00,117.61155
2011-11-22 01:00:00,126.352974
2011-11-22 02:00:00,99.981346
2011-11-22 03:00:00,99.981346
2011-11-22 04:00:00,123.32151
2011-11-22 05:00:00,123.32151
2011-11-22 06:00:00,109.96977
2011-11-22 07:00:00,129.03145
2011-11-22 08:00:00,129.03145
2011-11-22 09:00:00,113.50797
2011-11-22 10:00:00,113.50797
2011-11-22 11:00:00,126.352974
2011-11-22 12:00:00,104.44747
2011-11-22 13:00:00,110.298485
2011-11-22 14:00:00,110.298485
2011-11-22 15:00:00,125.250206
2011-11-22 16:00:00,125.250206
2011-11-22 17:00:00,116.18972
2011-11-22 18:00:00,107.62
2011-11-22 19:00:00,141.09602
2011-11-22 20:00:00,127.24394
2011-11-22 21:00:00,130.09415
2011-11-22 22:00:00,153.7566
2011-11-22 23:00:00,153.61554
2011-11-23 00:00:00,153.61554
2011-11-23 01:00:00,157.9004
2011-11-23 02:00:00,177.10313
2011-11-23 03:00:00,177.10313
2011-11-23 04:00:00,200.62454
2011-11-23 05:00:00,142.01437
2011-11-23 06:00:00,99.97822
2011-11-23 07:00:00,114.398964
2011-11-23 08:00:00,139.34544
2011-11-23 09:00:00,159.64781
2011-11-23 10:00:00,159.64781
2011-11-23 11:00:00,239.8154
2011-11-23 12:00:00,276.2748
2011-11-23 13:00:00,282.2478
2011-11-23 14:00:00,265.86462
2011-11-23 15:00:00,272.08127
2011-11-23 16:00:00,244.14842
2011-11-23 17:00:00,212.31865
2011-11-23 18:00:00,261.61185
2011-11-23 19:00:00,235.2339
2011-11-23 20:00:00,199.33897
2011-11-23 21:00:00,215.09586
2011-11-23 22:00:00,196.02608
2011-11-23 23:00:00,187.45634
2011-11-24 00:00:00,176.6858
2011-11-24 01:00:00,189.17075
2011-11-24 02:00:00,164.79128
2011-11-24 03:00:00,138.97713
2011-11-24 04:00:00,158.41653
2011-11-24 05:00:00,159.84163
2011-11-24 06:00:00,158.41653
2011-11-24 07:00:00,100.85208
2011-11-24 08:00:00,146.66306
2011-11-24 09:00:00,161.58907
2011-11-24 10:00:00,185.30376
2011-11-24 11:00:00,278.4606
2011-11-24 12:00:00,297.75964
2011-11-24 13:00:00,312.46597
2011-11-24 14:00:00,331.32874
2011-11-24 15:00:00,327.04388
2011-11-24 16:00:00,321.08856
2011-11-24 17:00:00,301.04608
2011-11-24 18:00:00,232.03525
2011-11-24 19:00:00,215.85588
2011-11-24 20:00:00,132.9993
2011-11-24 21:00:00,147.69116
2011-11-24 22:00:00,147.69116
2011-11-24 23:00:00,127.50836
2011-11-25 00:00:00,137.00612
2011-11-25 01:00:00,133.48158
2011-11-25 02:00:00,99.011116
2011-11-25 03:00:00,116.641304
2011-11-25 04:00:00,128.60251
2011-11-25 05:00:00,118.8267
2011-11-25 06:00:00,93.119865
2011-11-25 07:00:00,95.305275
2011-11-25 08:00:00,95.97007
2011-11-25 09:00:00,127.63057
2011-11-25 10:00:00,157.58916
2011-11-25 11:00:00,190.4935
2011-11-25 12:00:00,252.16222
2011-11-25 13:00:00,292.95456
2011-11-25 14:00:00,316.476
2011-11-25 15:00:00,322.43134
2011-11-25 16:00:00,304.8748
2011-11-25 17:00:00,313.8567
2011-11-25 18:00:00,271.30576
2011-11-25 19:00:00,183.41135
2011-11-25 20:00:00,212.57532
2011-11-25 21:00:00,154.06464
2011-11-25 22:00:00,150.67311
2011-11-25 23:00:00,137.40636
2011-11-26 00:00:00,134.0371
2011-11-26 01:00:00,126.720795
2011-11-26 02:00:00,107.60304
2011-11-26 03:00:00,103.67824
2011-11-26 04:00:00,103.67824
2011-11-26 05:00:00,125.23324
2011-11-26 06:00:00,131.4499
2011-11-26 07:00:00,72.12041
2011-11-26 08:00:00,126.720795
2011-11-26 09:00:00,132.61198
2011-11-26 10:00:00,121.31168
2011-11-26 11:00:00,198.8777
2011-11-26 12:00:00,232.94713
2011-11-26 13:00:00,265.25797
2011-11-26 14:00:00,273.99127
2011-11-26 15:00:00,294.62225
2011-11-26 16:00:00,271.0384
2011-11-26 17:00:00,271.0384
2011-11-26 18:00:00,218.08041
2011-11-26 19:00:00,178.64905
2011-11-26 20:00:00,214.12914
2011-11-26 21:00:00,131.86609
2011-11-26 22:00:00,149.4963
2011-11-26 23:00:00,121.31168
2011-11-27 00:00:00,121.31168
2011-11-27 01:00:00,121.31168
2011-11-27 02:00:00,115.42048
2011-11-27 03:00:00,97.790276
2011-11-27 04:00:00,101.715065
2011-11-27 05:00:00,110.05621
2011-11-27 06:00:00,139.92906
2011-11-27 07:00:00,130.94719
2011-11-27 08:00:00,158.66528
2011-11-27 09:00:00,204.21712
2011-11-27 10:00:00,204.21712
2011-11-27 11:00:00,249.53966
2011-11-27 12:00:00,274.75565
2011-11-27 13:00:00,254.43245
2011-11-27 14:00:00,371.8189
2011-11-27 15:00:00,354.68912
2011-11-27 16:00:00,289.5004
2011-11-27 17:00:00,266.18594
2011-11-27 18:00:00,230.98473
2011-11-27 19:00:00,219.0902
2011-11-27 20:00:00,239.54485
2011-11-27 21:00:00,224.80016
2011-11-27 22:00:00,207.24857
2011-11-27 23:00:00,207.24857
2011-11-28 00:00:00,192.89455
2011-11-28 01:00:00,194.31966
2011-11-28 03:00:00,149.01152
2011-11-28 04:00:00,153.79674
2011-11-28 05:00:00,118.79299
2011-11-28 06:00:00,147.90553
2011-11-28 07:00:00,121.70564
2011-11-28 08:00:00,111.7172
2011-11-28 09:00:00,156.6533
2011-11-28 10:00:00,192.14789
2011-11-28 11:00:00,227.48524
2011-11-28 12:00:00,255.0926
2011-11-28 13:00:00,270.38428
2011-11-28 14:00:00,292.95392
2011-11-28 15:00:00,266.6938
2011-11-28 16:00:00,263.65274
2011-11-28 17:00:00,281.2975
2011-11-28 18:00:00,254.75902
2011-11-28 19:00:00,222.46272
2011-11-28 20:00:00,232.95468
2011-11-28 21:00:00,218.35103
2011-11-28 22:00:00,183.40971
2011-11-28 23:00:00,186.25992
2011-11-29 00:00:00,165.77315
2011-11-29 01:00:00,174.34288
2011-11-29 02:00:00,152.83186
2011-11-29 03:00:00,152.83186
2011-11-29 04:00:00,204.82443
2011-11-29 05:00:00,172.31476
2011-11-29 06:00:00,192.8978
2011-11-29 07:00:00,204.81807
2011-11-29 08:00:00,216.41919
2011-11-29 09:00:00,262.15225
2011-11-29 10:00:00,262.15225
2011-11-29 11:00:00,189.02339
2011-11-29 12:00:00,194.589
2011-11-29 13:00:00,196.43587
2011-11-29 14:00:00,132.06291
2011-11-29 15:00:00,165.48604
2011-11-29 16:00:00,155.49123
2011-11-29 17:00:00,154.98448
2011-11-29 18:00:00,169.67635
2011-11-29 19:00:00,172.5361
2011-11-29 20:00:00,144.80844
2011-11-29 21:00:00,144.80844
2011-11-29 22:00:00,156.14334
2011-11-29 23:00:00,158.20184
2011-11-30 00:00:00,202.18916
2011-11-30 01:00:00,169.91432
2011-11-30 02:00:00,148.78532
2011-11-30 03:00:00,148.78532
2011-11-30 04:00:00,127.8422
2011-11-30 05:00:00,101.46104
2011-11-30 06:00:00,75.48968
2011-11-30 07:00:00,93.119865
2011-11-30 08:00:00,101.46104
2011-11-30 09:00:00,133.55215
2011-11-30 10:00:00,166.02974
2011-11-30 11:00:00,238.41759
2011-11-30 12:00:00,223.43126
2011-11-30 13:00:00,284.0914
2011-11-30 14:00:00,284.0914
2011-11-30 15:00:00,240.64288
2011-11-30 16:00:00,236.35805
2011-11-30 17:00:00,227.50835
2011-11-30 18:00:00,219.86658
2011-11-30 19:00:00,199.93553
2011-11-30 20:00:00,199.93553
2011-11-30 21:00:00,207.97205
2011-11-30 22:00:00,184.69603
2011-11-30 23:00:00,189.17339
2011-12-20 00:00:00,199.08638
2011-12-20 01:00:00,206.95525
2011-12-20 02:00:00,185.19887
2011-12-20 03:00:00,185.19887
2011-12-20 04:00:00,218.4816
2011-12-20 05:00:00,202.84355
2011-12-20 06:00:00,202.84355
2011-12-20 07:00:00,188.15169
2011-12-20 08:00:00,237.82156
2011-12-20 09:00:00,176.39824
2011-12-20 10:00:00,236.05333
2011-12-20 11:00:00,215.59865
2011-12-20 12:00:00,247.98805
2011-12-20 13:00:00,247.98805
2011-12-20 14:00:00,233.3844
2011-12-20 15:00:00,235.1431
2011-12-20 16:00:00,227.5013
2011-12-20 17:00:00,207.9569
2011-12-20 18:00:00,193.16243
2011-12-20 19:00:00,174.60747
2011-12-20 20:00:00,168.75645
2011-12-20 21:00:00,171.21596
2011-12-20 22:00:00,176.39824
2011-12-20 23:00:00,194.00272
2011-12-21 00:00:00,82.92717
2011-12-21 01:00:00,106.73002
2011-12-21 02:00:00,88.15357
2011-12-21 03:00:00,88.15357
2011-12-21 04:00:00,88.15357
2011-12-21 05:00:00,71.67736
2011-12-21 06:00:00,41.13971
2011-12-21 07:00:00,45.0243
2011-12-21 08:00:00,31.151287
2011-12-21 09:00:00,74.296646
2011-12-21 10:00:00,131.02786
2011-12-21 11:00:00,131.02786
2011-12-21 12:00:00,112.298035
2011-12-21 13:00:00,80.2471
2011-12-21 14:00:00,107.68772
2011-12-21 15:00:00,110.54749
2011-12-21 16:00:00,65.47668
2011-12-21 17:00:00,65.47668
2011-12-21 18:00:00,54.97514
2011-12-21 19:00:00,93.05835
2011-12-21 20:00:00,95.90856
2011-12-21 21:00:00,98.76191
2011-12-21 22:00:00,95.90215
2011-12-21 23:00:00,90.19221
2011-12-22 00:00:00,106.90404
2011-12-22 01:00:00,44.98352
2011-12-22 02:00:00,93.41127
2011-12-22 03:00:00,131.45448
2011-12-22 04:00:00,66.88578
2011-12-22 05:00:00,54.040783
2011-12-22 06:00:00,33.497936
2011-12-22 07:00:00,9.976525
2011-12-22 08:00:00,41.13971
2011-12-22 09:00:00,55.560425
2011-12-22 10:00:00,76.14349
2011-12-22 11:00:00,94.00784
2011-12-22 12:00:00,170.39413
2011-12-22 13:00:00,140.99599
2011-12-22 14:00:00,140.99599
2011-12-22 15:00:00,158.64067
2011-12-22 16:00:00,140.99599
2011-12-22 17:00:00,139.09624
2011-12-22 18:00:00,146.65305
2011-12-22 19:00:00,138.08333
2011-12-22 20:00:00,113.38859
2011-12-22 21:00:00,113.38859
2011-12-22 22:00:00,35.035885
2011-12-22 23:00:00,60.52371
2011-12-23 00:00:00,79.07867
2011-12-23 01:00:00,79.07867
2011-12-23 02:00:00,46.90892
2011-12-23 03:00:00,46.90892
2011-12-23 04:00:00,61.188583
2011-12-23 05:00:00,22.242474
2011-12-23 06:00:00,78.30567
2011-12-23 07:00:00,75.45548
2011-12-23 08:00:00,101.827095
2011-12-23 09:00:00,135.4956
2011-12-23 10:00:00,152.95901
2011-12-23 11:00:00,173.28221
2011-12-23 12:00:00,192.17073
2011-12-23 13:00:00,198.21423
2011-12-23 14:00:00,182.17592
2011-12-23 15:00:00,170.57474
2011-12-23 16:00:00,176.61827
2011-12-23 17:00:00,142.63689
2011-12-23 18:00:00,148.192
2011-12-23 19:00:00,133.88593
2011-12-23 20:00:00,111.27234
2011-12-23 21:00:00,101.277534
2011-12-23 22:00:00,89.836136
2011-12-23 23:00:00,90.196205
2011-12-24 00:00:00,79.50499
2011-12-24 01:00:00,87.73391
2011-12-24 02:00:00,90.19341
2011-12-24 03:00:00,78.439964
2011-12-24 04:00:00,91.25845
2011-12-24 05:00:00,91.25845
2011-12-24 06:00:00,58.921932
2011-12-24 07:00:00,72.34673
2011-12-24 08:00:00,56.860977
2011-12-24 09:00:00,151.51584
2011-12-24 10:00:00,161.396
2011-12-24 11:00:00,169.32732
2011-12-24 12:00:00,174.15349
2011-12-24 13:00:00,169.46837
2011-12-24 14:00:00,169.46837
2011-12-24 15:00:00,162.55232
2011-12-24 16:00:00,156.98767
2011-12-24 17:00:00,130.7204
2011-12-24 18:00:00,147.22142
2011-12-24 19:00:00,117.83775
2011-12-24 20:00:00,92.507164
2011-12-24 21:00:00,89.2969
2011-12-24 22:00:00,97.744804
2011-12-24 23:00:00,73.81114
2011-12-25 00:00:00,68.43241
2011-12-25 01:00:00,36.496147
2011-12-25 02:00:00,26.770855
2011-12-25 03:00:00,33.086266
2011-12-25 05:00:00,16.234741
2011-12-25 06:00:00,16.234741
2011-12-25 07:00:00,7.3939238
2011-12-25 08:00:00,1.1426456
2011-12-25 09:00:00,-7.683691
2011-12-25 10:00:00,18.287664
2011-12-25 11:00:00,65.972
2011-12-25 12:00:00,51.94496
2011-12-25 13:00:00,74.31315
2011-12-25 14:00:00,106.649666
2011-12-25 15:00:00,107.009735
2011-12-25 16:00:00,122.16427
2011-12-25 17:00:00,101.29978
2011-12-25 18:00:00,74.7134
2011-12-25 19:00:00,113.272224
2011-12-25 20:00:00,132.50386
2011-12-25 21:00:00,104.24937
2011-12-25 22:00:00,80.45608
2011-12-25 23:00:00,66.061844
2011-12-26 00:00:00,15.196964
2011-12-26 01:00:00,91.46937
2011-12-26 02:00:00,141.34624
2011-12-26 04:00:00,142.37108
2011-12-26 05:00:00,162.69423
2011-12-26 06:00:00,144.10332
2011-12-26 07:00:00,141.64383
2011-12-26 08:00:00,142.00389
2011-12-26 09:00:00,142.37108
2011-12-26 10:00:00,169.46925
2011-12-26 11:00:00,163.42574
2011-12-26 12:00:00,172.78215
2011-12-26 13:00:00,196.10393
2011-12-26 14:00:00,198.96368
2011-12-26 15:00:00,191.81905
2011-12-26 16:00:00,161.72232
2011-12-26 17:00:00,141.34624
2011-12-26 18:00:00,125.97515
2011-12-26 19:00:00,73.11025
2011-12-26 20:00:00,99.55555
2011-12-26 21:00:00,44.176487
2011-12-26 22:00:00,44.176483
2011-12-26 23:00:00,41.99108
2011-12-27 00:00:00,51.529037
2011-12-27 01:00:00,54.739285
2011-12-27 02:00:00,54.739285
2011-12-27 03:00:00,103.068306
2011-12-27 04:00:00,91.31482
2011-12-27 05:00:00,93.85294
2011-12-27 06:00:00,104.09313
2011-12-27 07:00:00,97.02477
2011-12-27 08:00:00,91.67487
2011-12-27 09:00:00,102.62957
2011-12-27 10:00:00,93.5627
2011-12-27 11:00:00,102.62957
2011-12-27 12:00:00,51.277946
2011-12-27 13:00:00,31.812828
2011-12-27 14:00:00,118.186005
2011-12-27 15:00:00,118.186005
2011-12-27 16:00:00,100.737076
2011-12-27 17:00:00,73.36872
2011-12-27 18:00:00,66.4736
2011-12-27 19:00:00,31.131283
2011-12-27 20:00:00,6.5850067
2011-12-27 21:00:00,24.215212
2011-12-27 22:00:00,24.215212
2011-12-27 23:00:00,-1.1009207
2011-12-28 00:00:00,25.28025
2011-12-28 01:00:00,57.60229
2011-12-28 02:00:00,104.12774
2011-12-28 03:00:00,104.12774
2011-12-28 05:00:00,119.80599
2011-12-28 06:00:00,115.88118
2011-12-28 07:00:00,115.8812
2011-12-28 08:00:00,119.80601
2011-12-28 09:00:00,123.025795
2011-12-28 10:00:00,118.922226
2011-12-28 11:00:00,169.94026
2011-12-28 12:00:00,170.46397
2011-12-28 13:00:00,182.47243
2011-12-28 14:00:00,175.55635
2011-12-28 15:00:00,187.22166
2011-12-28 16:00:00,181.33041
2011-12-28 17:00:00,159.96794
2011-12-28 18:00:00,149.08131
2011-12-28 19:00:00,133.34059
2011-12-28 20:00:00,130.49039
2011-12-28 21:00:00,113.32459
2011-12-28 22:00:00,116.544395
2011-12-28 23:00:00,118.634285
2011-12-29 00:00:00,117.86121
2011-12-29 01:00:00,106.96898
2011-12-29 02:00:00,90.12481
2011-12-29 03:00:00,74.75129
2011-12-29 04:00:00,77.97109
2011-12-29 05:00:00,78.37135
2011-12-29 06:00:00,68.803276
2011-12-29 07:00:00,44.609737
2011-12-29 08:00:00,61.753223
2011-12-29 09:00:00,56.30781
2011-12-29 10:00:00,65.05877
2011-12-29 11:00:00,81.63842
2011-12-29 12:00:00,100.668015
2011-12-29 13:00:00,118.312675
2011-12-29 14:00:00,126.34911
2011-12-29 15:00:00,128.84879
2011-12-29 16:00:00,122.231865
2011-12-29 17:00:00,95.78657
2011-12-29 18:00:00,107.61864
2011-12-29 19:00:00,110.878654
2011-12-29 20:00:00,72.472145
2011-12-29 21:00:00,94.71759
2011-12-29 22:00:00,75.322334
2011-12-29 23:00:00,84.033104
2011-12-30 00:00:00,60.6305
2011-12-30 01:00:00,71.26603
2011-12-30 02:00:00,46.03807
2011-12-30 03:00:00,46.03807
2011-12-30 04:00:00,44.612984
2011-12-30 05:00:00,30.140135
2011-12-30 06:00:00,44.612984
2011-12-30 07:00:00,29.92115
2011-12-30 08:00:00,37.562923
2011-12-30 09:00:00,39.38266
2011-12-30 10:00:00,86.52325
2011-12-30 11:00:00,89.836136
2011-12-30 12:00:00,116.64152
2011-12-30 13:00:00,141.70897
2011-12-30 14:00:00,178.98631
2011-12-30 15:00:00,177.44093
2011-12-30 16:00:00,187.18079
2011-12-30 17:00:00,152.01979
2011-12-30 18:00:00,107.62189
2011-12-30 19:00:00,162.51567
2011-12-30 20:00:00,100.87898
2011-12-30 21:00:00,106.73002
2011-12-30 22:00:00,85.78692
2011-12-30 23:00:00,108.81991
2011-12-31 00:00:00,148.49011
2011-12-31 01:00:00,150.09645
2011-12-31 02:00:00,150.09645
2011-12-31 03:00:00,150.09645
2011-12-31 04:00:00,104.40824
2011-12-31 05:00:00,79.32696
2011-12-31 06:00:00,105.09624
2011-12-31 07:00:00,83.58525
2011-12-31 08:00:00,42.532448
2011-12-31 09:00:00,68.301704
2011-12-31 10:00:00,89.897675
2011-12-31 11:00:00,110.4405
2011-12-31 12:00:00,246.68895
2011-12-31 13:00:00,250.53755
2011-12-31 14:00:00,196.65483
2011-12-31 15:00:00,224.1035
2011-12-31 16:00:00,196.51376
2011-12-31 17:00:00,163.24294
2011-12-31 18:00:00,157.533
2011-12-31 19:00:00,166.10269
2011-12-31 20:00:00,166.10269
2011-12-31 21:00:00,145.63847
2011-12-31 22:00:00,122.28383
2011-12-31 23:00:00,91.834366
2012-01-20 00:00:00,124.479675
2012-01-20 01:00:00,119.38336
2012-01-20 02:00:00,119.38336
2012-01-20 03:00:00,98.92868
2012-01-20 04:00:00,69.530525
2012-01-20 05:00:00,69.530525
2012-01-20 06:00:00,74.26118
2012-01-20 07:00:00,42.32493
2012-01-20 08:00:00,59.866947
2012-01-20 09:00:00,116.603745
2012-01-20 10:00:00,129.1358
2012-01-20 11:00:00,159.57004
2012-01-20 12:00:00,150.8431
2012-01-20 13:00:00,158.17952
2012-01-20 14:00:00,157.0062
2012-01-20 15:00:00,153.1216
2012-01-20 16:00:00,138.50346
2012-01-20 17:00:00,164.13167
2012-01-20 18:00:00,146.29372
2012-01-20 19:00:00,138.90372
2012-01-20 20:00:00,146.29372
2012-01-20 21:00:00,137.47862
2012-01-20 22:00:00,138.14342
2012-01-20 23:00:00,48.596855
2012-01-21 00:00:00,45.227577
2012-01-21 01:00:00,-20.485477
2012-01-21 02:00:00,-16.251795
2012-01-21 03:00:00,-40.430855
2012-01-21 04:00:00,-13.9710655
2012-01-21 05:00:00,-18.656174
2012-01-21 06:00:00,-39.58481
2012-01-21 07:00:00,-39.58481
2012-01-21 08:00:00,-44.776638
2012-01-21 09:00:00,-44.776638
2012-01-21 10:00:00,-37.134857
2012-01-21 11:00:00,-14.3367405
2012-01-21 12:00:00,8.784414
2012-01-21 13:00:00,11.274561
2012-01-21 14:00:00,13.206387
2012-01-21 15:00:00,13.206394
2012-01-21 16:00:00,9.44922
2012-01-21 17:00:00,18.01892
2012-01-21 18:00:00,32.710762
2012-01-21 19:00:00,6.057701
2012-01-21 20:00:00,3.5981972
2012-01-21 21:00:00,10.336178
2012-01-21 22:00:00,21.228395
2012-01-21 23:00:00,-6.577876
2012-01-22 00:00:00,-16.004791
2012-01-22 01:00:00,21.228395
2012-01-22 02:00:00,19.803305
2012-01-22 03:00:00,34.49514
2012-01-22 04:00:00,-2.1463416
2012-01-22 05:00:00,15.843907
2012-01-22 06:00:00,8.202137
2012-01-22 07:00:00,8.202137
2012-01-22 08:00:00,8.202137
2012-01-22 09:00:00,8.202137
2012-01-22 10:00:00,7.8420877
2012-01-22 11:00:00,1.0639036
2012-01-22 12:00:00,-9.428064
2012-01-22 13:00:00,-5.817562
2012-01-22 14:00:00,-9.027806
2012-01-22 15:00:00,-12.287818
2012-01-22 16:00:00,-12.287818
2012-01-22 17:00:00,-8.667748
2012-01-22 18:00:00,-18.656174
2012-01-22 19:00:00,-18.656174
2012-01-22 20:00:00,-19.016237
2012-01-22 21:00:00,-18.656174
2012-01-22 22:00:00,-42.18141
2012-01-22 23:00:00,-46.866528
2012-01-23 00:00:00,-8.782066
2012-01-23 01:00:00,-10.967468
2012-01-23 02:00:00,-10.967468
2012-01-23 03:00:00,-8.782066
2012-01-23 04:00:00,14.739365
2012-01-23 05:00:00,-2.890845
2012-01-23 06:00:00,-2.890845
2012-01-23 07:00:00,4.7509356
2012-01-23 08:00:00,-0.69448495
2012-01-23 09:00:00,-6.5013475
2012-01-23 10:00:00,-23.45942
2012-01-23 11:00:00,-27.069916
2012-01-23 12:00:00,-17.608398
2012-01-23 13:00:00,-7.4669228
2012-01-23 14:00:00,-9.661887
2012-01-23 15:00:00,-41.12268
2012-01-23 16:00:00,-14.302837
2012-01-23 17:00:00,-22.717686
2012-01-23 18:00:00,-17.162594
2012-01-23 19:00:00,-8.411625
2012-01-23 20:00:00,-28.980188
2012-01-23 21:00:00,-23.67049
2012-01-23 22:00:00,-23.67049
2012-01-23 23:00:00,7.0741415
2012-01-24 00:00:00,-5.818056
2012-01-24 01:00:00,17.741753
2012-01-24 02:00:00,14.891565
2012-01-24 03:00:00,18.50208
2012-01-24 04:00:00,-12.192806
2012-01-24 05:00:00,-12.192806
2012-01-24 06:00:00,18.142021
2012-01-24 07:00:00,18.502079
2012-01-24 08:00:00,18.502079
2012-01-24 09:00:00,31.856987
2012-01-24 10:00:00,6.5850067
2012-01-24 11:00:00,28.271523
2012-01-24 12:00:00,31.131283
2012-01-24 13:00:00,31.131283
2012-01-24 14:00:00,60.36263
2012-01-24 15:00:00,115.600555
2012-01-24 16:00:00,105.09905
2012-01-24 17:00:00,118.428215
2012-01-24 18:00:00,127.269035
2012-01-24 19:00:00,171.3333
2012-01-24 20:00:00,54.077732
2012-01-24 21:00:00,80.51182
2012-01-24 22:00:00,39.385902
2012-01-24 23:00:00,54.077732
2012-01-25 00:00:00,-13.50794
2012-01-25 01:00:00,68.98122
2012-01-25 02:00:00,60.230244
2012-01-25 03:00:00,39.6874
2012-01-25 04:00:00,56.838745
2012-01-25 05:00:00,56.838745
2012-01-25 06:00:00,36.46267
2012-01-25 07:00:00,30.585938
2012-01-25 08:00:00,48.12797
2012-01-25 09:00:00,48.12797
2012-01-25 10:00:00,62.69535
2012-01-25 11:00:00,104.09313
2012-01-25 12:00:00,128.39497
2012-01-25 13:00:00,139.92944
2012-01-25 14:00:00,141.76436
2012-01-25 15:00:00,153.97098
2012-01-25 16:00:00,131.03574
2012-01-25 17:00:00,136.92694
2012-01-25 18:00:00,90.196205
2012-01-25 19:00:00,135.15297
2012-01-25 20:00:00,104.52796
2012-01-25 21:00:00,80.50857
2012-01-25 22:00:00,83.008255
2012-01-25 23:00:00,82.29932
2012-01-26 00:00:00,50.730247
2012-01-26 01:00:00,52.91565
2012-01-26 02:00:00,50.329994
2012-01-26 03:00:00,55.37515
2012-01-26 04:00:00,45.273876
2012-01-26 05:00:00,62.69146
2012-01-26 06:00:00,35.28545
2012-01-26 07:00:00,37.74495
2012-01-26 08:00:00,37.74495
2012-01-26 09:00:00,41.13648
2012-01-26 10:00:00,41.801254
2012-01-26 11:00:00,27.43106
2012-01-26 12:00:00,53.543495
2012-01-26 13:00:00,94.0046
2012-01-26 14:00:00,109.8906
2012-01-26 15:00:00,115.741615
2012-01-26 16:00:00,108.46551
2012-01-26 17:00:00,105.74682
2012-01-26 18:00:00,105.74682
2012-01-26 19:00:00,95.19878
2012-01-26 20:00:00,80.41876
2012-01-26 21:00:00,95.19878
2012-01-26 22:00:00,64.03559
2012-01-26 23:00:00,67.573784
2012-01-27 00:00:00,91.83866
2012-01-27 01:00:00,74.296646
2012-01-27 02:00:00,43.367615
2012-01-27 03:00:00,65.28903
2012-01-27 04:00:00,43.232914
2012-01-27 05:00:00,69.57389
2012-01-27 06:00:00,51.943684
2012-01-27 07:00:00,49.08393
2012-01-27 08:00:00,114.04546
2012-01-27 09:00:00,114.04546
2012-01-27 10:00:00,61.514153
2012-01-27 11:00:00,68.64283
2012-01-27 12:00:00,94.9838
2012-01-27 13:00:00,201.10442
2012-01-27 14:00:00,221.41801
2012-01-27 15:00:00,205.9153
2012-01-27 16:00:00,215.57823
2012-01-27 17:00:00,215.48514
2012-01-27 18:00:00,201.06444
2012-01-27 19:00:00,161.04657
2012-01-27 20:00:00,137.41046
2012-01-27 21:00:00,147.04523
2012-01-27 22:00:00,152.0237
2012-01-27 23:00:00,149.02287
2012-01-28 00:00:00,124.2125
2012-01-28 01:00:00,118.8626
2012-01-28 02:00:00,80.08889
2012-01-28 03:00:00,82.58859
2012-01-28 04:00:00,77.54343
2012-01-28 05:00:00,26.55187
2012-01-28 06:00:00,44.854206
2012-01-28 07:00:00,24.271168
2012-01-28 08:00:00,0.11780381
2012-01-28 09:00:00,9.579319
2012-01-28 10:00:00,51.370014
2012-01-28 11:00:00,104.24937
2012-01-28 12:00:00,97.767204
2012-01-28 13:00:00,118.403145
2012-01-28 14:00:00,181.8187
2012-01-28 15:00:00,190.81506
2012-01-28 16:00:00,208.33134
2012-01-28 17:00:00,211.19112
2012-01-28 18:00:00,204.30147
2012-01-28 19:00:00,243.34319
2012-01-28 20:00:00,231.7854
2012-01-28 21:00:00,216.52322
2012-01-28 22:00:00,186.34561
2012-01-28 23:00:00,189.30971
2012-01-29 00:00:00,174.3315
2012-01-29 01:00:00,195.75813
2012-01-29 02:00:00,192.93367
2012-01-29 03:00:00,174.42134
2012-01-29 04:00:00,150.20866
2012-01-29 05:00:00,83.49552
2012-01-29 06:00:00,119.077576
2012-01-29 07:00:00,124.63266
2012-01-29 08:00:00,109.96656
2012-01-29 09:00:00,101.15145
2012-01-29 10:00:00,142.25163
2012-01-29 11:00:00,183.13213
2012-01-29 12:00:00,200.75108
2012-01-29 13:00:00,200.75108
2012-01-29 14:00:00,203.60127
2012-01-29 15:00:00,221.14165
2012-01-29 16:00:00,245.74013
2012-01-29 17:00:00,245.7401
2012-01-29 18:00:00,222.19218
2012-01-29 19:00:00,194.78616
2012-01-29 20:00:00,156.70131
2012-01-29 21:00:00,180.04146
2012-01-29 22:00:00,210.38585
2012-01-29 23:00:00,178.21611
2012-01-30 00:00:00,224.2471
2012-01-30 01:00:00,87.28745
2012-01-30 02:00:00,116.65663
2012-01-30 03:00:00,107.06208
2012-01-30 04:00:00,86.86481
2012-01-30 05:00:00,86.86481
2012-01-30 06:00:00,118.634285
2012-01-30 07:00:00,121.49404
2012-01-30 08:00:00,101.11798
2012-01-30 09:00:00,101.11798
2012-01-30 10:00:00,130.30914
2012-01-30 11:00:00,129.85202
2012-01-30 12:00:00,163.60635
2012-01-30 13:00:00,180.71777
2012-01-30 14:00:00,213.60759
2012-01-30 15:00:00,213.24754
2012-01-30 16:00:00,216.1602
2012-01-30 17:00:00,233.80486
2012-01-30 18:00:00,219.18672
2012-01-30 19:00:00,143.20067
2012-01-30 20:00:00,160.43065
2012-01-30 21:00:00,151.61552
2012-01-30 22:00:00,127.73407
2012-01-30 23:00:00,83.762886
2012-01-31 00:00:00,118.83079
2012-01-31 01:00:00,152.28032
2012-01-31 02:00:00,151.25548
2012-01-31 03:00:00,142.4404
2012-01-31 04:00:00,127.82717
2012-01-31 05:00:00,127.82717
2012-01-31 06:00:00,110.27065
2012-01-31 07:00:00,83.76289
2012-01-31 08:00:00,81.272766
2012-01-31 09:00:00,119.01206
2012-01-31 10:00:00,123.923225
2012-01-31 11:00:00,219.28313
2012-01-31 12:00:00,203.07805
2012-01-31 13:00:00,234.1048
2012-01-31 14:00:00,276.41046
2012-01-31 15:00:00,308.42792
2012-01-31 16:00:00,308.42792
2012-01-31 17:00:00,305.5681
2012-01-31 18:00:00,305.7349
2012-01-31 19:00:00,272.12555
2012-01-31 20:00:00,140.44759
2012-01-31 21:00:00,250.05495
2012-01-31 22:00:00,238.3272
2012-01-31 23:00:00,225.22723
2012-02-20 00:00:00,-7.595497
2012-02-20 01:00:00,-7.595497
2012-02-20 02:00:00,-7.595497
2012-02-20 03:00:00,7.83974
2012-02-20 05:00:00,79.13999
2012-02-20 06:00:00,94.6451
2012-02-20 07:00:00,85.13062
2012-02-20 08:00:00,62.694363
2012-02-20 09:00:00,62.694363
2012-02-20 10:00:00,88.90874
2012-02-20 11:00:00,112.64983
2012-02-20 12:00:00,126.65116
2012-02-20 13:00:00,147.06743
2012-02-20 14:00:00,168.08916
2012-02-20 15:00:00,176.60661
2012-02-20 16:00:00,204.01999
2012-02-20 17:00:00,230.01784
2012-02-20 18:00:00,176.60661
2012-02-20 19:00:00,176.60661
2012-02-20 20:00:00,179.81688
2012-02-20 21:00:00,150.53262
2012-02-20 22:00:00,131.87758
2012-02-20 23:00:00,147.0081
2012-02-21 00:00:00,68.76632
2012-02-21 01:00:00,95.21164
2012-02-21 02:00:00,77.607155
2012-02-21 04:00:00,59.96247
2012-02-21 05:00:00,39.419613
2012-02-21 06:00:00,21.789415
2012-02-21 07:00:00,59.96247
2012-02-21 08:00:00,35.809116
2012-02-21 09:00:00,19.604015
2012-02-21 10:00:00,42.418007
2012-02-21 11:00:00,64.48051
2012-02-21 12:00:00,127.35467
2012-02-21 13:00:00,154.8739
2012-02-21 14:00:00,142.06097
2012-02-21 15:00:00,154.8739
2012-02-21 16:00:00,175.65022
2012-02-21 17:00:00,220.28157
2012-02-21 18:00:00,220.28157
2012-02-21 19:00:00,164.23032
2012-02-21 20:00:00,133.52586
2012-02-21 21:00:00,107.5288
2012-02-21 22:00:00,88.63712
2012-02-21 23:00:00,86.5857
2012-02-22 00:00:00,86.5857
2012-02-22 01:00:00,78.44274
2012-02-22 02:00:00,98.18687
2012-02-22 03:00:00,85.42685
2012-02-22 04:00:00,78.14515
2012-02-22 05:00:00,75.59255
2012-02-22 06:00:00,57.60229
2012-02-22 07:00:00,56.53725
2012-02-22 08:00:00,53.62459
2012-02-22 09:00:00,74.16745
2012-02-22 10:00:00,77.12029
2012-02-22 11:00:00,98.72817
2012-02-22 12:00:00,145.82399
2012-02-22 13:00:00,176.60701
2012-02-22 14:00:00,185.35799
2012-02-22 15:00:00,279.0938
2012-02-22 16:00:00,295.14664
2012-02-22 17:00:00,279.1965
2012-02-22 18:00:00,242.94077
2012-02-22 19:00:00,223.94963
2012-02-22 20:00:00,200.71378
2012-02-22 21:00:00,262.16284
2012-02-22 22:00:00,206.42374
2012-02-22 23:00:00,232.76472
2012-02-23 00:00:00,206.42374
2012-02-23 01:00:00,176.96144
2012-02-23 02:00:00,159.49802
2012-02-23 03:00:00,149.58821
2012-02-23 04:00:00,98.9769
2012-02-23 05:00:00,98.9769
2012-02-23 06:00:00,39.872665
2012-02-23 07:00:00,60.36263
2012-02-23 08:00:00,33.981464
2012-02-23 09:00:00,57.102634
2012-02-23 10:00:00,128.41344
2012-02-23 11:00:00,210.44557
2012-02-23 12:00:00,231.06703
2012-02-23 13:00:00,240.0634
2012-02-23 14:00:00,257.54132
2012-02-23 15:00:00,257.87488
2012-02-23 16:00:00,253.81929
2012-02-23 17:00:00,263.67303
2012-02-23 18:00:00,246.12143
2012-02-23 19:00:00,224.18694
2012-02-23 20:00:00,202.02818
2012-02-23 21:00:00,184.17827
2012-02-23 22:00:00,178.2134
2012-02-23 23:00:00,153.9485
2012-02-24 00:00:00,158.4065
2012-02-24 01:00:00,148.99648
2012-02-24 02:00:00,122.88304
2012-02-24 03:00:00,78.628006
2012-02-24 04:00:00,58.085163
2012-02-24 05:00:00,71.43688
2012-02-24 06:00:00,68.58669
2012-02-24 07:00:00,106.618675
2012-02-24 08:00:00,110.72225
2012-02-24 09:00:00,72.386185
2012-02-24 10:00:00,69.93623
2012-02-24 11:00:00,62.65451
2012-02-24 12:00:00,98.04897
2012-02-24 13:00:00,115.741615
2012-02-24 14:00:00,139.23732
2012-02-24 15:00:00,79.07867
2012-02-24 16:00:00,79.07867
2012-02-24 17:00:00,55.80095
2012-02-24 18:00:00,38.16438
2012-02-24 19:00:00,71.68061
2012-02-24 20:00:00,170.41121
2012-02-24 21:00:00,280.97537
2012-02-24 22:00:00,247.83292
2012-02-24 23:00:00,251.93648
2012-02-25 00:00:00,178.24585
2012-02-25 01:00:00,166.36324
2012-02-25 02:00:00,147.7723
2012-02-25 03:00:00,140.09595
2012-02-25 04:00:00,151.77081
2012-02-25 05:00:00,156.55284
2012-02-25 06:00:00,156.55284
2012-02-25 07:00:00,142.41438
2012-02-25 08:00:00,113.46862
2012-02-25 09:00:00,40.533794
2012-02-25 10:00:00,83.91817
2012-02-25 11:00:00,181.631
2012-02-25 12:00:00,221.15054
2012-02-25 13:00:00,205.67924
2012-02-25 14:00:00,211.15572
2012-02-25 15:00:00,204.42093
2012-02-25 16:00:00,222.83058
2012-02-25 17:00:00,181.0663
2012-02-25 18:00:00,211.10286
2012-02-25 19:00:00,165.71358
2012-02-25 20:00:00,184.51389
2012-02-25 21:00:00,148.63591
2012-02-25 22:00:00,146.59581
2012-02-25 23:00:00,133.49586
2012-02-26 00:00:00,133.85591
2012-02-26 01:00:00,122.190636
2012-02-26 02:00:00,122.190636
2012-02-26 03:00:00,124.261375
2012-02-26 04:00:00,124.261375
2012-02-26 05:00:00,112.4148
2012-02-26 06:00:00,116.33962
2012-02-26 07:00:00,87.02007
2012-02-26 08:00:00,88.84542
2012-02-26 09:00:00,103.59972
2012-02-26 10:00:00,133.37239
2012-02-26 11:00:00,144.57332
2012-02-26 12:00:00,154.20161
2012-02-26 13:00:00,162.13295
2012-02-26 14:00:00,182.71597
2012-02-26 15:00:00,188.37373
2012-02-26 16:00:00,197.71332
2012-02-26 17:00:00,200.97331
2012-02-26 18:00:00,182.96858
2012-02-26 19:00:00,183.49544
2012-02-26 20:00:00,154.13747
2012-02-26 21:00:00,136.57141
2012-02-26 22:00:00,147.88622
2012-02-26 23:00:00,89.2969
2012-02-27 00:00:00,83.36265
2012-02-27 01:00:00,71.930824
2012-02-27 02:00:00,52.193836
2012-02-27 03:00:00,30.945992
2012-02-27 04:00:00,7.5433817
2012-02-27 05:00:00,7.5433817
2012-02-27 06:00:00,48.12797
2012-02-27 07:00:00,74.66143
2012-02-27 08:00:00,59.31674
2012-02-27 09:00:00,83.76289
2012-02-27 10:00:00,151.14159
2012-02-27 11:00:00,168.76054
2012-02-27 12:00:00,220.70824
2012-02-27 13:00:00,201.65294
2012-02-27 14:00:00,239.81477
2012-02-27 15:00:00,302.61526
2012-02-27 16:00:00,308.42792
2012-02-27 17:00:00,314.30457
2012-02-27 18:00:00,296.73853
2012-02-27 19:00:00,282.1204
2012-02-27 20:00:00,261.65616
2012-02-27 21:00:00,239.81477
2012-02-27 22:00:00,207.59705
2012-02-27 23:00:00,175.51549
2012-02-28 00:00:00,160.90227
2012-02-28 01:00:00,128.51286
2012-02-28 02:00:00,152.20107
2012-02-28 03:00:00,241.11006
2012-02-28 04:00:00,163.88148
2012-02-28 05:00:00,163.88148
2012-02-28 06:00:00,146.32497
2012-02-28 07:00:00,137.61421
2012-02-28 08:00:00,121.4828
2012-02-28 09:00:00,143.32416
2012-02-28 10:00:00,152.28032
2012-02-28 11:00:00,183.4781
2012-02-28 12:00:00,189.89615
2012-02-28 13:00:00,198.99269
2012-02-28 14:00:00,228.59859
2012-02-28 15:00:00,238.90126
2012-02-28 16:00:00,233.02452
2012-02-28 17:00:00,238.90126
2012-02-28 18:00:00,240.15955
2012-02-28 19:00:00,230.33154
2012-02-28 20:00:00,225.5721
2012-02-28 21:00:00,152.00455
2012-02-28 22:00:00,152.00455
2012-02-28 23:00:00,124.78448
2012-02-29 00:00:00,125.54479
2012-02-29 01:00:00,137.29825
2012-02-29 02:00:00,110.118355
2012-02-29 03:00:00,62.425213
2012-02-29 05:00:00,41.88237
2012-02-29 06:00:00,55.37515
2012-02-29 07:00:00,30.05903
2012-02-29 08:00:00,50.730247
2012-02-29 09:00:00,52.302788
2012-02-29 10:00:00,52.302788
2012-02-29 11:00:00,31.45278
2012-02-29 12:00:00,32.528145
2012-02-29 13:00:00,39.478798
2012-02-29 14:00:00,39.478798
2012-02-29 15:00:00,94.69842
2012-02-29 16:00:00,96.63024
2012-02-29 17:00:00,68.58669
2012-02-29 18:00:00,60.523716
2012-02-29 19:00:00,62.876747
2012-02-29 20:00:00,79.141106
2012-02-29 21:00:00,79.141106
2012-02-29 22:00:00,70.07105
2012-02-29 23:00:00,70.07105
2012-03-20 00:00:00,134.86586
2012-03-20 01:00:00,83.41971
2012-03-20 02:00:00,91.98942
2012-03-20 03:00:00,91.061485
2012-03-20 04:00:00,98.01526
2012-03-20 05:00:00,67.54006
2012-03-20 06:00:00,83.24482
2012-03-20 07:00:00,96.596535
2012-03-20 08:00:00,95.16508
2012-03-20 09:00:00,106.76624
2012-03-20 10:00:00,101.974655
2012-03-20 11:00:00,122.69876
2012-03-20 12:00:00,160.77171
2012-03-20 13:00:00,155.06177
2012-03-20 14:00:00,180.61516
2012-03-20 15:00:00,192.54993
2012-03-20 16:00:00,205.14314
2012-03-20 17:00:00,175.82358
2012-03-20 18:00:00,193.287
2012-03-20 19:00:00,152.08243
2012-03-20 20:00:00,162.49895
2012-03-20 21:00:00,133.3462
2012-03-20 22:00:00,115.74175
2012-03-20 23:00:00,92.220314
2012-03-21 00:00:00,102.046104
2012-03-21 01:00:00,125.307655
2012-03-21 02:00:00,108.999886
2012-03-21 03:00:00,122.3516
2012-03-21 04:00:00,116.64165
2012-03-21 05:00:00,116.64165
2012-03-21 06:00:00,101.73014
2012-03-21 07:00:00,106.51215
2012-03-21 08:00:00,97.952034
2012-03-21 09:00:00,119.50143
2012-03-21 10:00:00,140.08444
2012-03-21 11:00:00,140.08444
2012-03-21 12:00:00,147.90112
2012-03-21 13:00:00,130.27092
2012-03-21 14:00:00,150.81375
2012-03-21 15:00:00,150.81375
2012-03-21 16:00:00,163.75502
2012-03-21 17:00:00,202.10944
2012-03-21 18:00:00,193.5397
2012-03-21 19:00:00,214.34177
2012-03-21 20:00:00,151.74171
2012-03-21 21:00:00,132.62395
2012-03-21 22:00:00,132.44269
2012-03-21 23:00:00,140.25935
2012-03-22 00:00:00,125.307655
2012-03-22 01:00:00,125.307655
2012-03-22 02:00:00,125.307655
2012-03-22 03:00:00,125.307655
2012-03-22 04:00:00,71.25495
2012-03-22 05:00:00,71.25495
2012-03-22 06:00:00,71.25495
2012-03-22 07:00:00,71.25495
2012-03-22 08:00:00,94.73617
2012-03-22 09:00:00,94.73617
2012-03-22 10:00:00,77.10596
2012-03-22 11:00:00,92.05767
2012-03-22 12:00:00,134.13403
2012-03-22 13:00:00,157.63292
2012-03-22 14:00:00,191.78107
2012-03-22 15:00:00,217.98589
2012-03-22 16:00:00,229.52037
2012-03-22 17:00:00,232.5212
2012-03-22 18:00:00,232.5212
2012-03-22 19:00:00,228.56987
2012-03-22 20:00:00,208.69193
2012-03-22 21:00:00,164.76796
2012-03-22 22:00:00,147.03511
2012-03-22 23:00:00,137.04987
2012-03-23 00:00:00,128.48016
2012-03-23 01:00:00,107.93732
2012-03-23 02:00:00,116.50701
2012-03-23 03:00:00,112.0409
2012-03-23 04:00:00,96.161255
2012-03-23 05:00:00,86.16645
2012-03-23 06:00:00,103.79666
2012-03-23 07:00:00,101.94982
2012-03-23 08:00:00,99.01144
2012-03-23 09:00:00,112.38086
2012-03-23 10:00:00,131.4249
2012-03-23 11:00:00,199.20387
2012-03-23 12:00:00,257.6264
2012-03-23 13:00:00,286.1527
2012-03-23 14:00:00,313.55872
2012-03-23 15:00:00,316.40894
2012-03-23 16:00:00,319.26865
2012-03-23 17:00:00,319.26865
2012-03-23 18:00:00,296.96075
2012-03-23 19:00:00,279.4469
2012-03-23 20:00:00,282.55206
2012-03-23 21:00:00,262.50964
2012-03-23 22:00:00,241.46642
2012-03-23 23:00:00,217.80461
2012-03-24 00:00:00,175.07759
2012-03-24 01:00:00,163.06425
2012-03-24 02:00:00,146.88487
2012-03-24 03:00:00,146.88487
2012-03-24 04:00:00,121.938354
2012-03-24 05:00:00,136.71518
2012-03-24 06:00:00,136.71518
2012-03-24 07:00:00,113.27238
2012-03-24 08:00:00,101.352104
2012-03-24 09:00:00,133.85542
2012-03-24 10:00:00,124.87353
2012-03-24 11:00:00,101.352104
2012-03-24 12:00:00,117.74487
2012-03-24 13:00:00,120.59508
2012-03-24 14:00:00,148.22008
2012-03-24 15:00:00,130.4086
2012-03-24 16:00:00,118.98869
2012-03-24 17:00:00,129.48384
2012-03-24 18:00:00,100.11143
2012-03-24 19:00:00,91.54171
2012-03-24 20:00:00,73.770454
2012-03-24 21:00:00,73.770454
2012-03-24 22:00:00,79.480385
2012-03-24 23:00:00,92.32858
2012-03-25 00:00:00,92.32858
2012-03-25 01:00:00,65.947395
2012-03-25 02:00:00,77.874016
2012-03-25 03:00:00,95.50423
2012-03-25 04:00:00,90.72221
2012-03-25 05:00:00,60.096405
2012-03-25 06:00:00,60.096405
2012-03-25 07:00:00,84.87121
2012-03-25 08:00:00,84.87121
2012-03-25 09:00:00,77.7266
2012-03-25 10:00:00,105.43978
2012-03-25 11:00:00,77.7266
2012-03-25 12:00:00,74.87641
2012-03-25 13:00:00,92.647675
2012-03-25 14:00:00,98.53889
2012-03-25 15:00:00,101.38908
2012-03-25 16:00:00,119.25663
2012-03-25 17:00:00,148.36916
2012-03-25 18:00:00,148.36916
2012-03-25 19:00:00,164.06438
2012-03-25 20:00:00,140.67133
2012-03-25 21:00:00,134.96138
2012-03-25 22:00:00,111.51858
2012-03-25 23:00:00,117.40978
2012-03-26 00:00:00,131.2806
2012-03-26 01:00:00,132.19897
2012-03-26 02:00:00,105.82737
2012-03-26 03:00:00,120.59779
2012-03-26 04:00:00,111.896576
2012-03-26 05:00:00,126.58841
2012-03-26 06:00:00,108.85557
2012-03-26 07:00:00,144.13042
2012-03-26 08:00:00,176.37386
2012-03-26 09:00:00,232.01036
2012-03-26 10:00:00,304.6244
2012-03-26 11:00:00,313.4652
2012-03-26 12:00:00,301.8785
2012-03-26 13:00:00,329.33673
2012-03-26 14:00:00,294.74347
2012-03-26 15:00:00,322.1921
2012-03-26 16:00:00,336.80536
2012-03-26 17:00:00,315.29755
2012-03-26 18:00:00,303.56976
2012-03-26 19:00:00,294.9856
2012-03-26 20:00:00,298.9626
2012-03-26 21:00:00,293.15
2012-03-26 22:00:00,256.16357
2012-03-26 23:00:00,253.8371
2012-03-27 00:00:00,251.11775
2012-03-27 01:00:00,239.51656
2012-03-27 02:00:00,194.2461
2012-03-27 03:00:00,197.10585
2012-03-27 04:00:00,188.18813
2012-03-27 05:00:00,166.5802
2012-03-27 06:00:00,164.12071
2012-03-27 07:00:00,164.12071
2012-03-27 08:00:00,168.0053
2012-03-27 09:00:00,160.96333
2012-03-27 10:00:00,184.59944
2012-03-27 11:00:00,208.45517
2012-03-27 12:00:00,214.34639
2012-03-27 13:00:00,222.13734
2012-03-27 14:00:00,267.71988
2012-03-27 15:00:00,272.47937
2012-03-27 16:00:00,272.47937
2012-03-27 17:00:00,290.12405
2012-03-27 18:00:00,289.86417
2012-03-27 19:00:00,281.29446
2012-03-27 20:00:00,289.86417
2012-03-27 21:00:00,208.45842
2012-03-27 22:00:00,205.59865
2012-03-27 23:00:00,211.30862
2012-03-28 00:00:00,204.95305
2012-03-28 01:00:00,188.74791
2012-03-28 02:00:00,167.9716
2012-03-28 03:00:00,191.39992
2012-03-28 04:00:00,197.56302
2012-03-28 05:00:00,197.56302
2012-03-28 06:00:00,194.45789
2012-03-28 07:00:00,191.60771
2012-03-28 08:00:00,218.59927
2012-03-28 09:00:00,241.87532
2012-03-28 10:00:00,262.48553
2012-03-28 11:00:00,268.43924
2012-03-28 12:00:00,293.8188
2012-03-28 13:00:00,277.42435
2012-03-28 14:00:00,330.85004
2012-03-28 15:00:00,323.96674
2012-03-28 16:00:00,305.7517
2012-03-28 17:00:00,247.50993
2012-03-28 18:00:00,247.50993
2012-03-28 19:00:00,262.47366
2012-03-28 20:00:00,272.46844
2012-03-28 21:00:00,226.21872
2012-03-28 22:00:00,197.15413
2012-03-28 23:00:00,179.54964
2012-03-29 00:00:00,185.2596
2012-03-29 01:00:00,208.90758
2012-03-29 02:00:00,348.67273
2012-03-29 03:00:00,320.24646
2012-03-29 04:00:00,279.10605
2012-03-29 05:00:00,243.91934
2012-03-29 06:00:00,193.89018
2012-03-29 07:00:00,227.3919
2012-03-29 08:00:00,244.85535
2012-03-29 09:00:00,247.8082
2012-03-29 10:00:00,247.7151
2012-03-29 11:00:00,262.47433
2012-03-29 12:00:00,278.42444
2012-03-29 13:00:00,245.1103
2012-03-29 14:00:00,265.57947
2012-03-29 15:00:00,280.28577
2012-03-29 16:00:00,286.25067
2012-03-29 17:00:00,286.08392
2012-03-29 18:00:00,268.6846
2012-03-29 19:00:00,261.4085
2012-03-29 20:00:00,259.88077
2012-03-29 21:00:00,234.97443
2012-03-29 22:00:00,229.08318
2012-03-29 23:00:00,221.69319
2012-03-30 00:00:00,215.84218
2012-03-30 01:00:00,199.7108
2012-03-30 02:00:00,168.17935
2012-03-30 03:00:00,129.18666
2012-03-30 04:00:00,154.52849
2012-03-30 05:00:00,125.130356
2012-03-30 06:00:00,141.1591
2012-03-30 07:00:00,137.94887
2012-03-30 08:00:00,111.50356
2012-03-30 09:00:00,143.79988
2012-03-30 10:00:00,157.69292
2012-03-30 11:00:00,165.56178
2012-03-30 12:00:00,168.47444
2012-03-30 13:00:00,193.76091
2012-03-30 14:00:00,182.0074
2012-03-30 15:00:00,187.85843
2012-03-30 16:00:00,185.62514
2012-03-30 17:00:00,172.27342
2012-03-30 18:00:00,191.12982
2012-03-30 19:00:00,164.63164
2012-03-30 20:00:00,158.92168
2012-03-30 21:00:00,138.41725
2012-03-30 22:00:00,108.55395
2012-03-30 23:00:00,105.02941
2012-03-31 00:00:00,93.74406
2012-03-31 01:00:00,124.90725
2012-03-31 02:00:00,133.52983
2012-03-31 03:00:00,105.345215
2012-03-31 04:00:00,141.59282
2012-03-31 05:00:00,102.49503
2012-03-31 06:00:00,65.812584
2012-03-31 07:00:00,65.812584
2012-03-31 08:00:00,68.66277
2012-03-31 09:00:00,124.90725
2012-03-31 10:00:00,119.1973
2012-03-31 11:00:00,140.90225
2012-03-31 12:00:00,148.64027
2012-03-31 13:00:00,199.6873
2012-03-31 14:00:00,198.15144
2012-03-31 15:00:00,218.6559
2012-03-31 16:00:00,202.43628
2012-03-31 17:00:00,188.60994
2012-03-31 18:00:00,174.1025
2012-03-31 19:00:00,162.08275
2012-03-31 20:00:00,152.45363
2012-03-31 21:00:00,152.45363
2012-03-31 22:00:00,139.4178
2012-03-31 23:00:00,103.44433
2012-04-20 00:00:00,162.00435
2012-04-20 01:00:00,120.59779
2012-04-20 02:00:00,97.11657
2012-04-20 03:00:00,88.55642
2012-04-20 04:00:00,65.03502
2012-04-20 05:00:00,55.040222
2012-04-20 06:00:00,72.67042
2012-04-20 07:00:00,55.040222
2012-04-20 08:00:00,60.93144
2012-04-20 09:00:00,92.98237
2012-04-20 10:00:00,147.03185
2012-04-20 11:00:00,182.4094
2012-04-20 12:00:00,241.07735
2012-04-20 13:00:00,300.45346
2012-04-20 14:00:00,300.15588
2012-04-20 15:00:00,288.481
2012-04-20 16:00:00,297.0771
2012-04-20 17:00:00,297.05066
2012-04-20 18:00:00,288.4546
2012-04-20 19:00:00,271.28876
2012-04-20 20:00:00,229.412
2012-04-20 21:00:00,185.40065
2012-04-20 22:00:00,190.96954
2012-04-20 23:00:00,161.90495
2012-04-21 00:00:00,152.41356
2012-04-21 01:00:00,152.41356
2012-04-21 02:00:00,143.84384
2012-04-21 03:00:00,131.8305
2012-04-21 04:00:00,134.68068
2012-04-21 05:00:00,134.68068
2012-04-21 06:00:00,131.8305
2012-04-21 07:00:00,137.54045
2012-04-21 08:00:00,143.51027
2012-04-21 09:00:00,152.5948
2012-04-21 10:00:00,238.09715
2012-04-21 11:00:00,250.97807
2012-04-21 12:00:00,258.5878
2012-04-21 13:00:00,267.1839
2012-04-21 14:00:00,305.01138
2012-04-21 15:00:00,325.63284
2012-04-21 16:00:00,318.1114
2012-04-21 17:00:00,372.35553
2012-04-21 18:00:00,326.97546
2012-04-21 19:00:00,216.88277
2012-04-21 20:00:00,154.2491
2012-04-21 21:00:00,162.81879
2012-04-21 22:00:00,133.11455
2012-04-21 23:00:00,133.44
2012-04-22 00:00:00,124.87031
2012-04-22 01:00:00,137.72484
2012-04-22 02:00:00,155.1819
2012-04-22 03:00:00,116.16909
2012-04-22 04:00:00,130.86092
2012-04-22 05:00:00,136.57085
2012-04-22 06:00:00,161.25749
2012-04-22 07:00:00,154.02617
2012-04-22 08:00:00,120.62876
2012-04-22 09:00:00,120.62876
2012-04-22 10:00:00,121.88217
2012-04-22 11:00:00,104.330574
2012-04-22 12:00:00,107.190346
2012-04-22 13:00:00,124.73235
2012-04-22 14:00:00,107.190346
2012-04-22 15:00:00,112.90029
2012-04-22 16:00:00,118.61022
2012-04-22 17:00:00,70.76859
2012-04-22 18:00:00,70.76859
2012-04-22 19:00:00,95.53386
2012-04-22 20:00:00,73.97886
2012-04-22 21:00:00,88.75886
2012-04-22 22:00:00,83.57264
2012-04-22 23:00:00,107.45411
2012-04-23 00:00:00,112.60853
2012-04-23 01:00:00,77.30717
2012-04-23 02:00:00,67.03419
2012-04-23 03:00:00,80.37953
2012-04-23 04:00:00,82.17028
2012-04-23 05:00:00,82.17028
2012-04-23 06:00:00,69.84341
2012-04-23 07:00:00,79.310524
2012-04-23 08:00:00,90.33337
2012-04-23 09:00:00,96.04333
2012-04-23 10:00:00,116.98642
2012-04-23 11:00:00,113.76661
2012-04-23 12:00:00,124.32104
2012-04-23 13:00:00,141.8726
2012-04-23 14:00:00,165.22723
2012-04-23 15:00:00,157.94553
2012-04-23 16:00:00,83.19512
2012-04-23 17:00:00,77.40657
2012-04-23 18:00:00,85.92186
2012-04-23 19:00:00,95.25263
2012-04-23 20:00:00,89.761665
2012-04-23 21:00:00,74.66958
2012-04-23 22:00:00,84.970085
2012-04-23 23:00:00,82.119896
2012-04-24 00:00:00,92.97193
2012-04-24 01:00:00,78.28009
2012-04-24 02:00:00,70.278244
2012-04-24 03:00:00,67.02781
2012-04-24 04:00:00,90.63908
2012-04-24 05:00:00,90.63908
2012-04-24 06:00:00,93.498825
2012-04-24 07:00:00,116.81325
2012-04-24 08:00:00,134.53654
2012-04-24 09:00:00,221.55212
2012-04-24 10:00:00,221.69319
2012-04-24 11:00:00,289.019
2012-04-24 12:00:00,300.787
2012-04-24 13:00:00,306.63797
2012-04-24 14:00:00,318.39145
2012-04-24 15:00:00,327.11838
2012-04-24 16:00:00,305.7037
2012-04-24 17:00:00,333.09778
2012-04-24 18:00:00,301.84058
2012-04-24 19:00:00,326.10547
2012-04-24 20:00:00,318.58398
2012-04-24 21:00:00,284.06122
2012-04-24 22:00:00,244.28984
2012-04-24 23:00:00,228.15845
2012-04-25 00:00:00,225.47997
2012-04-25 01:00:00,210.77364
2012-04-25 02:00:00,131.47472
2012-04-25 03:00:00,98.68505
2012-04-25 04:00:00,116.32972
2012-04-25 05:00:00,113.83003
2012-04-25 06:00:00,113.83003
2012-04-25 07:00:00,99.13821
2012-04-25 08:00:00,92.7971
2012-04-25 09:00:00,172.57487
2012-04-25 10:00:00,260.7179
2012-04-25 11:00:00,279.43967
2012-04-25 12:00:00,311.36398
2012-04-25 13:00:00,317.38177
2012-04-25 14:00:00,341.98026
2012-04-25 15:00:00,338.13156
2012-04-25 16:00:00,368.92923
2012-04-25 17:00:00,366.06946
2012-04-25 18:00:00,364.64438
2012-04-25 19:00:00,356.0747
2012-04-25 20:00:00,316.29025
2012-04-25 21:00:00,220.6723
2012-04-25 22:00:00,204.87447
2012-04-25 23:00:00,221.08595
2012-04-26 00:00:00,171.40483
2012-04-26 01:00:00,224.05002
2012-04-26 02:00:00,204.90654
2012-04-26 03:00:00,203.48146
2012-04-26 04:00:00,191.72798
2012-04-26 05:00:00,184.24983
2012-04-26 06:00:00,195.66971
2012-04-26 07:00:00,151.58607
2012-04-26 08:00:00,135.88133
2012-04-26 09:00:00,115.400955
2012-04-26 10:00:00,90.128975
2012-04-26 11:00:00,95.83892
2012-04-26 12:00:00,137.2247
2012-04-26 13:00:00,137.1316
2012-04-26 14:00:00,166.45604
2012-04-26 15:00:00,155.7892
2012-04-26 16:00:00,145.79439
2012-04-26 17:00:00,155.9641
2012-04-26 18:00:00,166.45604
2012-04-26 19:00:00,169.31581
2012-04-26 20:00:00,158.81429
2012-04-26 21:00:00,138.15263
2012-04-26 22:00:00,132.44269
2012-04-26 23:00:00,111.859634
2012-04-27 00:00:00,219.51926
2012-04-27 01:00:00,224.19695
2012-04-27 02:00:00,215.48616
2012-04-27 03:00:00,246.13939
2012-04-27 04:00:00,226.22343
2012-04-27 05:00:00,236.21823
2012-04-27 06:00:00,223.3108
2012-04-27 07:00:00,199.7108
2012-04-27 08:00:00,178.47734
2012-04-27 09:00:00,249.06325
2012-04-27 10:00:00,265.44965
2012-04-27 11:00:00,256.8895
2012-04-27 12:00:00,271.46744
2012-04-27 13:00:00,283.1423
2012-04-27 14:00:00,277.43237
2012-04-27 15:00:00,322.51443
2012-04-27 16:00:00,299.67462
2012-04-27 17:00:00,333.11224
2012-04-27 18:00:00,321.4229
2012-04-27 19:00:00,312.5147
2012-04-27 20:00:00,279.02423
2012-04-27 21:00:00,268.72156
2012-04-27 22:00:00,243.85367
2012-04-27 23:00:00,232.1259
2012-04-28 00:00:00,205.49017
2012-04-28 01:00:00,173.62517
2012-04-28 02:00:00,187.45895
2012-04-28 03:00:00,163.57747
2012-04-28 04:00:00,163.93755
2012-04-28 05:00:00,169.89287
2012-04-28 06:00:00,166.78773
2012-04-28 07:00:00,163.93755
2012-04-28 08:00:00,211.44551
2012-04-28 09:00:00,215.05739
2012-04-28 10:00:00,221.947
2012-04-28 11:00:00,216.23709
2012-04-28 12:00:00,197.4272
2012-04-28 13:00:00,220.9486
2012-04-28 14:00:00,226.21428
2012-04-28 15:00:00,228.8191
2012-04-28 16:00:00,248.30742
2012-04-28 17:00:00,227.89113
2012-04-28 18:00:00,199.20674
2012-04-28 19:00:00,117.60847
2012-04-28 20:00:00,129.84474
2012-04-28 21:00:00,123.31842
2012-04-28 22:00:00,109.96668
2012-04-28 23:00:00,109.0308
2012-04-29 00:00:00,88.224815
2012-04-29 01:00:00,80.58303
2012-04-29 02:00:00,66.172646
2012-04-29 03:00:00,68.66277
2012-04-29 04:00:00,62.95282
2012-04-29 05:00:00,48.75506
2012-04-29 06:00:00,49.419857
2012-04-29 07:00:00,57.061623
2012-04-29 08:00:00,105.66431
2012-04-29 09:00:00,126.24735
2012-04-29 10:00:00,139.57654
2012-04-29 11:00:00,189.76294
2012-04-29 12:00:00,226.21751
2012-04-29 13:00:00,229.13016
2012-04-29 14:00:00,263.23984
2012-04-29 15:00:00,273.1208
2012-04-29 16:00:00,335.30865
2012-04-29 17:00:00,348.02283
2012-04-29 18:00:00,349.75513
2012-04-29 19:00:00,278.9975
2012-04-29 20:00:00,283.5373
2012-04-29 21:00:00,229.05649
2012-04-29 22:00:00,219.13536
2012-04-29 23:00:00,172.14722
2012-04-30 00:00:00,135.57028
2012-04-30 01:00:00,113.56216
2012-04-30 02:00:00,135.46764
2012-04-30 03:00:00,117.78456
2012-04-30 04:00:00,161.5906
2012-04-30 05:00:00,161.5906
2012-04-30 06:00:00,205.84738
2012-04-30 07:00:00,197.03227
2012-04-30 08:00:00,217.60085
2012-04-30 09:00:00,225.24263
2012-04-30 10:00:00,234.12015
2012-04-30 11:00:00,225.48634
2012-04-30 12:00:00,219.52144
2012-04-30 13:00:00,215.2349
2012-04-30 14:00:00,213.60774
2012-04-30 15:00:00,216.64879
2012-04-30 16:00:00,214.61754
2012-04-30 17:00:00,211.76735
2012-04-30 18:00:00,225.11906
2012-04-30 19:00:00,210.36479
2012-04-30 20:00:00,213.45549
2012-04-30 21:00:00,213.45549
2012-04-30 22:00:00,222.35872
2012-04-30 23:00:00,228.0687
2012-05-20 00:00:00,229.14793
2012-05-20 01:00:00,216.20026
2012-05-20 02:00:00,216.20026
2012-05-20 03:00:00,207.16551
2012-05-20 04:00:00,166.01387
2012-05-20 05:00:00,149.79427
2012-05-20 06:00:00,179.08977
2012-05-20 07:00:00,175.9991
2012-05-20 08:00:00,220.15154
2012-05-20 09:00:00,335.11615
2012-05-20 10:00:00,333.0863
2012-05-20 11:00:00,330.06927
2012-05-20 12:00:00,335.96054
2012-05-20 13:00:00,328.51834
2012-05-20 14:00:00,338.48743
2012-05-20 15:00:00,343.1284
2012-05-20 16:00:00,326.8126
2012-05-20 17:00:00,315.14728
2012-05-20 18:00:00,297.73608
2012-05-20 19:00:00,265.1703
2012-05-20 20:00:00,265.17026
2012-05-20 21:00:00,232.96214
2012-05-20 22:00:00,209.60753
2012-05-20 23:00:00,207.1984
2012-05-21 00:00:00,163.51283
2012-05-21 01:00:00,169.2228
2012-05-21 02:00:00,135.70654
2012-05-21 03:00:00,149.97983
2012-05-21 04:00:00,157.62161
2012-05-21 05:00:00,157.62161
2012-05-21 06:00:00,157.62161
2012-05-21 07:00:00,157.62161
2012-05-21 08:00:00,153.33676
2012-05-21 09:00:00,150.48656
2012-05-21 10:00:00,162.08774
2012-05-21 11:00:00,163.56892
2012-05-21 12:00:00,172.12907
2012-05-21 13:00:00,179.77084
2012-05-21 14:00:00,174.06088
2012-05-21 15:00:00,213.65523
2012-05-21 16:00:00,219.36517
2012-05-21 17:00:00,236.96962
2012-05-21 18:00:00,197.4533
2012-05-21 19:00:00,213.63269
2012-05-21 20:00:00,212.05693
2012-05-21 21:00:00,208.00066
2012-05-21 22:00:00,204.91382
2012-05-21 23:00:00,208.69193
2012-05-22 00:00:00,158.63625
2012-05-22 01:00:00,154.85812
2012-05-22 02:00:00,152.00795
2012-05-22 03:00:00,152.00795
2012-05-22 04:00:00,137.13484
2012-05-22 05:00:00,147.6268
2012-05-22 06:00:00,139.06667
2012-05-22 07:00:00,139.06667
2012-05-22 08:00:00,134.27507
2012-05-22 09:00:00,157.859
2012-05-22 10:00:00,177.23592
2012-05-22 11:00:00,168.66621
2012-05-22 12:00:00,184.51201
2012-05-22 13:00:00,195.10028
2012-05-22 14:00:00,205.09508
2012-05-22 15:00:00,248.88185
2012-05-22 16:00:00,244.45593
2012-05-22 17:00:00,266.77194
2012-05-22 18:00:00,247.3061
2012-05-22 19:00:00,226.47768
2012-05-22 20:00:00,211.72337
2012-05-22 21:00:00,179.72044
2012-05-22 22:00:00,190.13698
2012-05-22 23:00:00,191.56207
2012-05-23 00:00:00,179.72044
2012-05-23 01:00:00,155.92714
2012-05-23 02:00:00,163.56892
2012-05-23 03:00:00,171.01924
2012-05-23 04:00:00,168.20987
2012-05-23 05:00:00,153.33676
2012-05-23 06:00:00,123.78315
2012-05-23 07:00:00,134.37135
2012-05-23 08:00:00,134.37135
2012-05-23 09:00:00,174.5172
2012-05-23 10:00:00,175.44518
2012-05-23 11:00:00,187.45851
2012-05-23 12:00:00,221.27441
2012-05-23 13:00:00,213.71767
2012-05-23 14:00:00,235.55266
2012-05-23 15:00:00,247.9539
2012-05-23 16:00:00,264.1654
2012-05-23 17:00:00,224.49028
2012-05-23 18:00:00,224.49028
2012-05-23 19:00:00,169.46013
2012-05-23 20:00:00,162.32509
2012-05-23 21:00:00,153.75539
2012-05-23 22:00:00,169.46013
2012-05-23 23:00:00,153.06738
2012-05-24 00:00:00,148.79208
2012-05-24 01:00:00,128.03027
2012-05-24 02:00:00,119.460556
2012-05-24 03:00:00,137.09712
2012-05-24 04:00:00,142.80707
2012-05-24 05:00:00,142.80707
2012-05-24 06:00:00,142.80707
2012-05-24 07:00:00,150.21718
2012-05-24 08:00:00,194.41228
2012-05-24 09:00:00,197.27203
2012-05-24 10:00:00,223.81044
2012-05-24 11:00:00,229.66144
2012-05-24 12:00:00,259.12207
2012-05-24 13:00:00,282.47668
2012-05-24 14:00:00,291.0993
2012-05-24 15:00:00,293.94946
2012-05-24 16:00:00,303.94427
2012-05-24 17:00:00,296.80927
2012-05-24 18:00:00,298.18143
2012-05-24 19:00:00,268.8619
2012-05-24 20:00:00,239.82938
2012-05-24 21:00:00,197.64476
2012-05-24 22:00:00,184.29305
2012-05-24 23:00:00,187.1432
2012-05-25 00:00:00,158.9586
2012-05-25 01:00:00,154.6833
2012-05-25 02:00:00,153.75539
2012-05-25 03:00:00,142.94815
2012-05-25 04:00:00,132.95335
2012-05-25 05:00:00,141.52304
2012-05-25 06:00:00,142.94815
2012-05-25 07:00:00,148.6581
2012-05-25 08:00:00,145.90099
2012-05-25 09:00:00,148.75119
2012-05-25 10:00:00,197.27528
2012-05-25 11:00:00,194.41551
2012-05-25 12:00:00,247.57634
2012-05-25 13:00:00,261.961
2012-05-25 14:00:00,273.71448
2012-05-25 15:00:00,279.63214
2012-05-25 16:00:00,311.65662
2012-05-25 17:00:00,288.2019
2012-05-25 18:00:00,279.63214
2012-05-25 19:00:00,273.3809
2012-05-25 20:00:00,244.26344
2012-05-25 21:00:00,241.40366
2012-05-25 22:00:00,200.36592
2012-05-25 23:00:00,193.96237
2012-05-26 00:00:00,158.2301
2012-05-26 01:00:00,155.37035
2012-05-26 02:00:00,137.74016
2012-05-26 03:00:00,131.93709
2012-05-26 04:00:00,134.7873
2012-05-26 05:00:00,167.00923
2012-05-26 06:00:00,140.49724
2012-05-26 07:00:00,145.28882
2012-05-26 08:00:00,176.13216
2012-05-26 09:00:00,161.0803
2012-05-26 10:00:00,199.61594
2012-05-26 11:00:00,223.40921
2012-05-26 12:00:00,261.51816
2012-05-26 13:00:00,270.61966
2012-05-26 14:00:00,273.47943
2012-05-26 15:00:00,279.1894
2012-05-26 16:00:00,308.43265
2012-05-26 17:00:00,318.7793
2012-05-26 18:00:00,307.21835
2012-05-26 19:00:00,269.15997
2012-05-26 20:00:00,292.51202
2012-05-26 21:00:00,272.16248
2012-05-26 22:00:00,229.11917
2012-05-26 23:00:00,229.11917
2012-05-27 00:00:00,230.93144
2012-05-27 01:00:00,208.41658
2012-05-27 02:00:00,205.50394
2012-05-27 03:00:00,199.79396
2012-05-27 04:00:00,161.29927
2012-05-27 05:00:00,161.29927
2012-05-27 06:00:00,158.44908
2012-05-27 07:00:00,137.64705
2012-05-27 08:00:00,161.0803
2012-05-27 09:00:00,175.90128
2012-05-27 10:00:00,217.15797
2012-05-27 11:00:00,255.62694
2012-05-27 12:00:00,264.36838
2012-05-27 13:00:00,288.01636
2012-05-27 14:00:00,293.7263
2012-05-27 15:00:00,313.9973
2012-05-27 16:00:00,313.9973
2012-05-27 17:00:00,324.23746
2012-05-27 18:00:00,298.01117
2012-05-27 19:00:00,288.01636
2012-05-27 20:00:00,282.02005
2012-05-27 21:00:00,256.9469
2012-05-27 22:00:00,158.02788
2012-05-27 23:00:00,170.87288
2012-05-28 00:00:00,157.6303
2012-05-28 01:00:00,193.16893
2012-05-28 02:00:00,151.73907
2012-05-28 03:00:00,187.37401
2012-05-28 04:00:00,163.97142
2012-05-28 05:00:00,163.97142
2012-05-28 06:00:00,187.37401
2012-05-28 07:00:00,166.97223
2012-05-28 08:00:00,195.16498
2012-05-28 09:00:00,230.41414
2012-05-28 10:00:00,230.41414
2012-05-28 11:00:00,240.52852
2012-05-28 12:00:00,264.02423
2012-05-28 13:00:00,305.39813
2012-05-28 14:00:00,305.39813
2012-05-28 15:00:00,327.17282
2012-05-28 16:00:00,330.03253
2012-05-28 17:00:00,327.17282
2012-05-28 18:00:00,312.4665
2012-05-28 19:00:00,318.14996
2012-05-28 20:00:00,291.6902
2012-05-28 21:00:00,272.6606
2012-05-28 22:00:00,237.526
2012-05-28 23:00:00,225.99153
2012-05-29 00:00:00,212.08667
2012-05-29 01:00:00,212.08667
2012-05-29 02:00:00,182.66206
2012-05-29 03:00:00,208.69518
2012-05-29 04:00:00,193.96237
2012-05-29 05:00:00,193.96237
2012-05-29 06:00:00,193.96237
2012-05-29 07:00:00,193.96237
2012-05-29 08:00:00,226.77849
2012-05-29 09:00:00,250.09294
2012-05-29 10:00:00,260.26904
2012-05-29 11:00:00,289.62695
2012-05-29 12:00:00,330.90778
2012-05-29 13:00:00,351.2838
2012-05-29 14:00:00,354.13397
2012-05-29 15:00:00,360.0989
2012-05-29 16:00:00,370.08417
2012-05-29 17:00:00,365.6942
2012-05-29 18:00:00,358.12292
2012-05-29 19:00:00,324.5016
2012-05-29 20:00:00,305.56015
2012-05-29 21:00:00,177.5735
2012-05-29 22:00:00,141.52304
2012-05-29 23:00:00,116.894905
2012-05-30 00:00:00,153.54277
2012-05-30 01:00:00,162.10292
2012-05-30 02:00:00,125.46462
2012-05-30 03:00:00,153.44011
2012-05-30 04:00:00,145.79834
2012-05-30 05:00:00,187.3622
2012-05-30 06:00:00,178.661
2012-05-30 07:00:00,194.8629
2012-05-30 08:00:00,205.1328
2012-05-30 09:00:00,225.62767
2012-05-30 10:00:00,234.19734
2012-05-30 11:00:00,243.01317
2012-05-30 12:00:00,260.8807
2012-05-30 13:00:00,269.69583
2012-05-30 14:00:00,308.76715
2012-05-30 15:00:00,288.432
2012-05-30 16:00:00,291.2918
2012-05-30 17:00:00,292.75287
2012-05-30 18:00:00,299.8879
2012-05-30 19:00:00,282.47668
2012-05-30 20:00:00,210.69835
2012-05-30 21:00:00,256.2094
2012-05-30 22:00:00,215.05779
2012-05-30 23:00:00,226.81125
2012-05-31 00:00:00,212.05693
2012-05-31 01:00:00,207.78166
2012-05-31 02:00:00,219.53514
2012-05-31 03:00:00,208.00066
2012-05-31 04:00:00,199.43094
2012-05-31 05:00:00,223.69583
2012-05-31 06:00:00,203.20097
2012-05-31 07:00:00,241.46642
2012-05-31 08:00:00,265.02625
2012-05-31 09:00:00,293.97192
2012-05-31 10:00:00,336.00568
2012-05-31 11:00:00,337.73862
2012-05-31 12:00:00,329.16895
2012-05-31 13:00:00,329.1167
2012-05-31 14:00:00,352.47134
2012-05-31 15:00:00,356.58945
2012-05-31 16:00:00,355.1643
2012-05-31 17:00:00,349.62115
2012-05-31 18:00:00,349.51846
2012-05-31 19:00:00,335.13385
2012-05-31 20:00:00,300.1181
2012-05-31 21:00:00,300.1181
2012-05-31 22:00:00,276.59668
2012-05-31 23:00:00,270.5532
2012-06-20 00:00:00,212.08667
2012-06-20 01:00:00,200.12547
2012-06-20 02:00:00,173.5606
2012-06-20 03:00:00,170.70084
2012-06-20 04:00:00,166.42555
2012-06-20 05:00:00,166.42555
2012-06-20 06:00:00,144.47588
2012-06-20 07:00:00,141.75722
2012-06-20 08:00:00,211.16832
2012-06-20 09:00:00,227.82652
2012-06-20 10:00:00,327.00934
2012-06-20 11:00:00,347.4256
2012-06-20 12:00:00,356.3032
2012-06-20 13:00:00,353.33835
2012-06-20 14:00:00,382.4413
2012-06-20 15:00:00,381.531
2012-06-20 16:00:00,391.52585
2012-06-20 17:00:00,375.6543
2012-06-20 18:00:00,375.65436
2012-06-20 19:00:00,387.95795
2012-06-20 20:00:00,373.33984
2012-06-20 21:00:00,339.95203
2012-06-20 22:00:00,335.71936
2012-06-20 23:00:00,291.8484
2012-06-21 00:00:00,264.80658
2012-06-21 01:00:00,242.85555
2012-06-21 02:00:00,240.00534
2012-06-21 03:00:00,244.70235
2012-06-21 04:00:00,211.9272
2012-06-21 05:00:00,213.35234
2012-06-21 06:00:00,219.56898
2012-06-21 07:00:00,219.56898
2012-06-21 08:00:00,256.23688
2012-06-21 09:00:00,342.5708
2012-06-21 10:00:00,363.38306
2012-06-21 11:00:00,389.52124
2012-06-21 12:00:00,424.60358
2012-06-21 13:00:00,406.04865
2012-06-21 14:00:00,403.91544
2012-06-21 15:00:00,433.48114
2012-06-21 16:00:00,418.89365
2012-06-21 17:00:00,388.2107
2012-06-21 18:00:00,395.2312
2012-06-21 19:00:00,409.81873
2012-06-21 20:00:00,386.41605
2012-06-21 21:00:00,357.23688
2012-06-21 22:00:00,328.39386
2012-06-21 23:00:00,326.9021
2012-06-22 00:00:00,285.83472
2012-06-22 01:00:00,275.281
2012-06-22 02:00:00,235.86159
2012-06-22 03:00:00,235.86159
2012-06-22 04:00:00,287.59335
2012-06-22 05:00:00,284.2018
2012-06-22 06:00:00,275.6321
2012-06-22 07:00:00,301.09186
2012-06-22 08:00:00,312.93835
2012-06-22 09:00:00,318.763
2012-06-22 10:00:00,360.98044
2012-06-22 11:00:00,351.24057
2012-06-22 12:00:00,366.23328
2012-06-22 13:00:00,409.81873
2012-06-22 14:00:00,409.81873
2012-06-22 15:00:00,440.30835
2012-06-22 16:00:00,433.10663
2012-06-22 17:00:00,384.91547
2012-06-22 18:00:00,350.2126
2012-06-22 19:00:00,357.6996
2012-06-22 20:00:00,357.6996
2012-06-22 21:00:00,289.63348
2012-06-22 22:00:00,248.31677
2012-06-22 23:00:00,222.53053
2012-06-23 00:00:00,167.04298
2012-06-23 01:00:00,206.541
2012-06-23 02:00:00,193.23967
2012-06-23 03:00:00,183.25444
2012-06-23 04:00:00,190.3895
2012-06-23 05:00:00,193.23967
2012-06-23 06:00:00,175.61267
2012-06-23 07:00:00,182.7477
2012-06-23 08:00:00,253.51723
2012-06-23 09:00:00,289.03827
2012-06-23 10:00:00,309.38785
2012-06-23 11:00:00,332.5972
2012-06-23 12:00:00,362.28174
2012-06-23 13:00:00,388.50803
2012-06-23 14:00:00,379.3039
2012-06-23 15:00:00,412.8971
2012-06-23 16:00:00,415.68054
2012-06-23 17:00:00,411.61475
2012-06-23 18:00:00,415.89954
2012-06-23 19:00:00,397.11536
2012-06-23 20:00:00,379.47064
2012-06-23 21:00:00,362.03296
2012-06-23 22:00:00,341.53815
2012-06-23 23:00:00,311.19373
2012-06-24 00:00:00,290.84415
2012-06-24 01:00:00,292.38947
2012-06-24 02:00:00,292.63492
2012-06-24 03:00:00,254.17624
2012-06-24 04:00:00,245.60655
2012-06-24 05:00:00,233.42427
2012-06-24 06:00:00,247.81853
2012-06-24 07:00:00,230.3551
2012-06-24 08:00:00,270.2756
2012-06-24 09:00:00,296.73535
2012-06-24 10:00:00,334.68945
2012-06-24 11:00:00,347.53445
2012-06-24 12:00:00,382.34497
2012-06-24 13:00:00,388.0549
2012-06-24 14:00:00,410.03732
2012-06-24 15:00:00,414.63
2012-06-24 16:00:00,405.7525
2012-06-24 17:00:00,399.87573
2012-06-24 18:00:00,394.21796
2012-06-24 19:00:00,380.85812
2012-06-24 20:00:00,347.2153
2012-06-24 21:00:00,318.13885
2012-06-24 22:00:00,300.82776
2012-06-24 23:00:00,292.01263
2012-06-25 00:00:00,298.1175
2012-06-25 01:00:00,274.491
2012-06-25 02:00:00,259.79916
2012-06-25 03:00:00,259.7367
2012-06-25 04:00:00,221.33015
2012-06-25 05:00:00,230.59349
2012-06-25 06:00:00,206.87883
2012-06-25 07:00:00,236.30342
2012-06-25 08:00:00,248.13551
2012-06-25 09:00:00,271.63123
2012-06-25 10:00:00,315.79816
2012-06-25 11:00:00,378.50555
2012-06-25 12:00:00,359.55838
2012-06-25 13:00:00,328.65436
2012-06-25 14:00:00,359.3997
2012-06-25 15:00:00,387.97098
2012-06-25 16:00:00,407.29565
2012-06-25 17:00:00,428.8891
2012-06-25 18:00:00,413.01685
2012-06-25 19:00:00,408.55072
2012-06-25 20:00:00,398.5295
2012-06-25 21:00:00,375.36743
2012-06-25 22:00:00,384.23474
2012-06-25 23:00:00,366.9903
2012-06-26 00:00:00,367.2093
2012-06-26 01:00:00,367.26147
2012-06-26 02:00:00,297.6571
2012-06-26 03:00:00,285.92938
2012-06-26 04:00:00,287.35446
2012-06-26 05:00:00,281.21783
2012-06-26 06:00:00,260.89465
2012-06-26 07:00:00,266.60464
2012-06-26 08:00:00,284.31177
2012-06-26 09:00:00,307.57822
2012-06-26 10:00:00,346.55252
2012-06-26 11:00:00,366.73535
2012-06-26 12:00:00,375.2528
2012-06-26 13:00:00,394.10364
2012-06-26 14:00:00,394.10364
2012-06-26 15:00:00,405.83136
2012-06-26 16:00:00,408.4883
2012-06-26 17:00:00,401.5465
2012-06-26 18:00:00,395.83655
2012-06-26 19:00:00,382.99158
2012-06-26 20:00:00,376.97375
2012-06-26 21:00:00,356.8696
2012-06-26 22:00:00,356.68832
2012-06-26 23:00:00,325.13782
2012-06-27 00:00:00,330.84775
2012-06-27 01:00:00,322.33984
2012-06-27 02:00:00,265.74722
2012-06-27 03:00:00,276.17828
2012-06-27 04:00:00,339.71515
2012-06-27 05:00:00,333.7597
2012-06-27 06:00:00,294.73322
2012-06-27 07:00:00,340.89478
2012-06-27 08:00:00,337.82562
2012-06-27 09:00:00,346.11456
2012-06-27 10:00:00,353.54547
2012-06-27 11:00:00,386.8907
2012-06-27 12:00:00,392.8605
2012-06-27 13:00:00,413.33917
2012-06-27 14:00:00,418.8943
2012-06-27 15:00:00,429.12256
2012-06-27 16:00:00,433.35522
2012-06-27 17:00:00,427.6453
2012-06-27 18:00:00,413.33917
2012-06-27 19:00:00,401.57123
2012-06-27 20:00:00,376.98895
2012-06-27 21:00:00,353.63434
2012-06-27 22:00:00,337.82452
2012-06-27 23:00:00,312.96088
2012-06-28 00:00:00,295.40436
2012-06-28 01:00:00,273.65607
2012-06-28 02:00:00,293.97925
2012-06-28 03:00:00,293.97925
2012-06-28 04:00:00,257.45032
2012-06-28 05:00:00,273.84866
2012-06-28 06:00:00,273.84866
2012-06-28 07:00:00,257.45032
2012-06-28 08:00:00,298.25458
2012-06-28 09:00:00,301.1031
2012-06-28 10:00:00,327.25568
2012-06-28 11:00:00,388.7312
2012-06-28 12:00:00,417.62473
2012-06-28 13:00:00,423.87604
2012-06-28 14:00:00,430.7392
2012-06-28 15:00:00,430.7392
2012-06-28 16:00:00,429.61237
2012-06-28 17:00:00,432.55078
2012-06-28 18:00:00,420.7444
2012-06-28 19:00:00,413.40662
2012-06-28 20:00:00,391.87732
2012-06-28 21:00:00,318.64835
2012-06-28 22:00:00,324.61325
2012-06-28 23:00:00,321.54572
2012-06-29 00:00:00,321.54572
2012-06-29 01:00:00,315.59042
2012-06-29 02:00:00,298.091
2012-06-29 03:00:00,298.091
2012-06-29 04:00:00,268.78107
2012-06-29 05:00:00,274.82455
2012-06-29 06:00:00,288.17633
2012-06-29 07:00:00,274.82455
2012-06-29 08:00:00,311.83875
2012-06-29 09:00:00,315.79816
2012-06-29 10:00:00,428.91492
2012-06-29 11:00:00,432.4267
2012-06-29 12:00:00,447.40485
2012-06-29 13:00:00,439.7109
2012-06-29 14:00:00,460.40863
2012-06-29 15:00:00,438.99396
2012-06-29 16:00:00,438.99396
2012-06-29 17:00:00,469.2766
2012-06-29 18:00:00,435.39532
2012-06-29 19:00:00,413.70355
2012-06-29 20:00:00,439.95642
2012-06-29 21:00:00,385.86273
2012-06-29 22:00:00,364.55884
2012-06-29 23:00:00,364.55884
2012-06-30 00:00:00,180.40108
2012-06-30 01:00:00,186.11101
2012-06-30 02:00:00,157.05452
2012-06-30 03:00:00,157.05452
2012-06-30 04:00:00,130.40146
2012-06-30 05:00:00,165.11751
2012-06-30 06:00:00,165.11751
2012-06-30 07:00:00,165.11751
2012-06-30 08:00:00,165.11751
2012-06-30 09:00:00,165.11751
2012-06-30 10:00:00,423.56464
2012-06-30 11:00:00,423.56464
2012-06-30 12:00:00,423.56464
2012-06-30 13:00:00,423.56464
2012-06-30 14:00:00,423.56464
2012-06-30 15:00:00,423.56464
2012-06-30 16:00:00,423.8341
2012-06-30 17:00:00,406.268
2012-06-30 18:00:00,390.71814
2012-06-30 19:00:00,376.79556
2012-06-30 20:00:00,351.01746
2012-06-30 21:00:00,351.01746
2012-06-30 22:00:00,309.89148
2012-06-30 23:00:00,302.75647
2012-07-20 00:00:00,182.4863
2012-07-20 01:00:00,171.47804
2012-07-20 02:00:00,174.84451
2012-07-20 03:00:00,176.2696
2012-07-20 04:00:00,181.97957
2012-07-20 05:00:00,179.1198
2012-07-20 06:00:00,181.97957
2012-07-20 07:00:00,184.82979
2012-07-20 08:00:00,217.68118
2012-07-20 09:00:00,238.53612
2012-07-20 10:00:00,241.39586
2012-07-20 11:00:00,278.54092
2012-07-20 12:00:00,225.32298
2012-07-20 13:00:00,219.61302
2012-07-20 14:00:00,234.34583
2012-07-20 15:00:00,239.54901
2012-07-20 16:00:00,233.38594
2012-07-20 17:00:00,206.24449
2012-07-20 18:00:00,236.11656
2012-07-20 19:00:00,205.1787
2012-07-20 20:00:00,222.81523
2012-07-20 21:00:00,217.32426
2012-07-20 22:00:00,196.82796
2012-07-20 23:00:00,205.39766
2012-07-21 00:00:00,209.67015
2012-07-21 01:00:00,199.16862
2012-07-21 02:00:00,183.01706
2012-07-21 03:00:00,180.15733
2012-07-21 04:00:00,183.23604
2012-07-21 05:00:00,180.37631
2012-07-21 06:00:00,180.37631
2012-07-21 07:00:00,172.73454
2012-07-21 08:00:00,187.42638
2012-07-21 09:00:00,181.71642
2012-07-21 10:00:00,180.37631
2012-07-21 11:00:00,193.27739
2012-07-21 12:00:00,198.06895
2012-07-21 13:00:00,192.35902
2012-07-21 14:00:00,172.51555
2012-07-21 15:00:00,180.15733
2012-07-21 16:00:00,174.44737
2012-07-21 17:00:00,171.59715
2012-07-21 18:00:00,166.80559
2012-07-21 19:00:00,163.95541
2012-07-21 20:00:00,171.59715
2012-07-21 21:00:00,163.95541
2012-07-21 22:00:00,158.24547
2012-07-21 23:00:00,148.25066
2012-07-22 00:00:00,158.24547
2012-07-22 01:00:00,163.95541
2012-07-22 02:00:00,158.24547
2012-07-22 03:00:00,158.24547
2012-07-22 04:00:00,140.60887
2012-07-22 05:00:00,140.60887
2012-07-22 06:00:00,183.47343
2012-07-22 07:00:00,174.90373
2012-07-22 08:00:00,195.44658
2012-07-22 09:00:00,233.85307
2012-07-22 10:00:00,219.16124
2012-07-22 11:00:00,219.16124
2012-07-22 12:00:00,252.65176
2012-07-22 13:00:00,265.91852
2012-07-22 14:00:00,268.72467
2012-07-22 15:00:00,268.72467
2012-07-22 16:00:00,274.61588
2012-07-22 17:00:00,286.03577
2012-07-22 18:00:00,280.3258
2012-07-22 19:00:00,262.68115
2012-07-22 20:00:00,245.07668
2012-07-22 21:00:00,224.67488
2012-07-22 22:00:00,247.92686
2012-07-22 23:00:00,218.42361
2012-07-23 00:00:00,167.20274
2012-07-23 01:00:00,177.18797
2012-07-23 02:00:00,160.1527
2012-07-23 03:00:00,160.1527
2012-07-23 04:00:00,164.42798
2012-07-23 05:00:00,164.42798
2012-07-23 06:00:00,192.91594
2012-07-23 07:00:00,216.2025
2012-07-23 08:00:00,240.00534
2012-07-23 09:00:00,271.0402
2012-07-23 10:00:00,305.19785
2012-07-23 11:00:00,350.06726
2012-07-23 12:00:00,350.06726
2012-07-23 13:00:00,344.3573
2012-07-23 14:00:00,329.71765
2012-07-23 15:00:00,342.5708
2012-07-23 16:00:00,351.52692
2012-07-23 17:00:00,351.52692
2012-07-23 18:00:00,360.23694
2012-07-23 19:00:00,350.98563
2012-07-23 20:00:00,301.2996
2012-07-23 21:00:00,304.14978
2012-07-23 22:00:00,292.18857
2012-07-23 23:00:00,277.8039
2012-07-24 00:00:00,245.58615
2012-07-24 01:00:00,221.79286
2012-07-24 02:00:00,198.07819
2012-07-24 03:00:00,198.07819
2012-07-24 04:00:00,190.94315
2012-07-24 05:00:00,192.36824
2012-07-24 06:00:00,195.21843
2012-07-24 07:00:00,248.44592
2012-07-24 08:00:00,274.7918
2012-07-24 09:00:00,347.70483
2012-07-24 10:00:00,361.58844
2012-07-24 11:00:00,386.7561
2012-07-24 12:00:00,362.09515
2012-07-24 13:00:00,383.89636
2012-07-24 14:00:00,376.76126
2012-07-24 15:00:00,376.04675
2012-07-24 16:00:00,352.56558
2012-07-24 17:00:00,358.13025
2012-07-24 18:00:00,317.0044
2012-07-24 19:00:00,301.2996
2012-07-24 20:00:00,283.69513
2012-07-24 21:00:00,289.40503
2012-07-24 22:00:00,292.25525
2012-07-24 23:00:00,316.79663
2012-07-25 00:00:00,308.08585
2012-07-25 01:00:00,292.1998
2012-07-25 02:00:00,280.39343
2012-07-25 03:00:00,262.74878
2012-07-25 04:00:00,256.89777
2012-07-25 05:00:00,251.18779
2012-07-25 06:00:00,254.03798
2012-07-25 07:00:00,316.81906
2012-07-25 08:00:00,338.8536
2012-07-25 09:00:00,363.68134
2012-07-25 10:00:00,334.91263
2012-07-25 11:00:00,352.55725
2012-07-25 12:00:00,352.55725
2012-07-25 13:00:00,379.9898
2012-07-25 14:00:00,388.898
2012-07-25 15:00:00,372.8547
2012-07-25 16:00:00,391.7577
2012-07-25 17:00:00,370.1762
2012-07-25 18:00:00,394.7747
2012-07-25 19:00:00,365.40228
2012-07-25 20:00:00,341.80222
2012-07-25 21:00:00,324.46964
2012-07-25 22:00:00,286.48984
2012-07-25 23:00:00,299.28195
2012-07-26 00:00:00,259.88904
2012-07-26 01:00:00,262.74878
2012-07-26 02:00:00,253.84547
2012-07-26 03:00:00,250.99527
2012-07-26 04:00:00,233.44368
2012-07-26 05:00:00,233.44368
2012-07-26 06:00:00,221.33015
2012-07-26 07:00:00,257.00607
2012-07-26 08:00:00,264.64786
2012-07-26 09:00:00,270.8324
2012-07-26 10:00:00,277.65158
2012-07-26 11:00:00,331.35873
2012-07-26 12:00:00,369.26486
2012-07-26 13:00:00,388.21576
2012-07-26 14:00:00,419.4135
2012-07-26 15:00:00,444.2412
2012-07-26 16:00:00,458.2754
2012-07-26 17:00:00,434.88483
2012-07-26 18:00:00,449.75793
2012-07-26 19:00:00,426.3247
2012-07-26 20:00:00,386.67603
2012-07-26 21:00:00,394.06042
2012-07-26 22:00:00,394.06042
2012-07-26 23:00:00,263.19067
2012-07-27 00:00:00,250.34566
2012-07-27 01:00:00,260.34048
2012-07-27 02:00:00,230.89432
2012-07-27 03:00:00,248.4459
2012-07-27 04:00:00,218.04936
2012-07-27 05:00:00,203.3575
2012-07-27 06:00:00,218.04936
2012-07-27 07:00:00,268.9006
2012-07-27 08:00:00,288.5213
2012-07-27 09:00:00,374.62164
2012-07-27 10:00:00,353.15482
2012-07-27 11:00:00,384.5643
2012-07-27 12:00:00,387.64795
2012-07-27 13:00:00,380.27942
2012-07-27 14:00:00,393.66577
2012-07-27 15:00:00,398.09094
2012-07-27 16:00:00,374.56952
2012-07-27 17:00:00,403.80084
2012-07-27 18:00:00,365.94693
2012-07-27 19:00:00,357.23688
2012-07-27 20:00:00,316.36597
2012-07-27 21:00:00,316.36597
2012-07-27 22:00:00,319.2162
2012-07-27 23:00:00,279.9516
2012-07-28 00:00:00,283.1093
2012-07-28 01:00:00,255.54608
2012-07-28 02:00:00,246.97638
2012-07-28 03:00:00,246.97638
2012-07-28 04:00:00,233.23502
2012-07-28 05:00:00,218.42361
2012-07-28 06:00:00,245.01
2012-07-28 07:00:00,259.8214
2012-07-28 08:00:00,280.3258
2012-07-28 09:00:00,312.9967
2012-07-28 10:00:00,356.72736
2012-07-28 11:00:00,382.52695
2012-07-28 12:00:00,382.7604
2012-07-28 13:00:00,400.4316
2012-07-28 14:00:00,397.33835
2012-07-28 15:00:00,420.54773
2012-07-28 16:00:00,394.48816
2012-07-28 17:00:00,365.4278
2012-07-28 18:00:00,376.7024
2012-07-28 19:00:00,190.96538
2012-07-28 20:00:00,200.41887
2012-07-28 21:00:00,202.2657
2012-07-28 22:00:00,202.2657
2012-07-28 23:00:00,187.57387
2012-07-29 00:00:00,168.10878
2012-07-29 01:00:00,188.99898
2012-07-29 02:00:00,224.36449
2012-07-29 03:00:00,247.62599
2012-07-29 04:00:00,238.91522
2012-07-29 05:00:00,206.57874
2012-07-29 06:00:00,224.31157
2012-07-29 07:00:00,250.47621
2012-07-29 08:00:00,271.12177
2012-07-29 09:00:00,294.74823
2012-07-29 10:00:00,270.26434
2012-07-29 11:00:00,318.13885
2012-07-29 12:00:00,328.1336
2012-07-29 13:00:00,353.58124
2012-07-29 14:00:00,353.46664
2012-07-29 15:00:00,356.57175
2012-07-29 16:00:00,356.57175
2012-07-29 17:00:00,371.15924
2012-07-29 18:00:00,372.04303
2012-07-29 19:00:00,312.42886
2012-07-29 20:00:00,274.61588
2012-07-29 21:00:00,259.8214
2012-07-29 22:00:00,245.01
2012-07-29 23:00:00,235.01518
2012-07-30 00:00:00,241.31088
2012-07-30 01:00:00,232.74117
2012-07-30 02:00:00,220.77995
2012-07-30 03:00:00,182.37346
2012-07-30 04:00:00,182.37346
2012-07-30 05:00:00,192.36824
2012-07-30 06:00:00,198.07819
2012-07-30 07:00:00,226.61905
2012-07-30 08:00:00,262.33896
2012-07-30 09:00:00,263.87866
2012-07-30 10:00:00,297.0468
2012-07-30 11:00:00,332.54138
2012-07-30 12:00:00,314.98486
2012-07-30 13:00:00,351.24057
2012-07-30 14:00:00,356.95053
2012-07-30 15:00:00,359.80072
2012-07-30 16:00:00,362.6605
2012-07-30 17:00:00,331.5029
2012-07-30 18:00:00,337.318
2012-07-30 19:00:00,354.38672
2012-07-30 20:00:00,271.76038
2012-07-30 21:00:00,268.9006
2012-07-30 22:00:00,261.79767
2012-07-30 23:00:00,251.29611
2012-07-31 00:00:00,218.93312
2012-07-31 01:00:00,195.21843
2012-07-31 02:00:00,195.21843
2012-07-31 03:00:00,190.94315
2012-07-31 04:00:00,190.94315
2012-07-31 05:00:00,198.07819
2012-07-31 06:00:00,168.48679
2012-07-31 07:00:00,215.74936
2012-07-31 08:00:00,230.89432
2012-07-31 09:00:00,260.34048
2012-07-31 10:00:00,262.09912
2012-07-31 11:00:00,297.34833
2012-07-31 12:00:00,338.28094
2012-07-31 13:00:00,351.1405
2012-07-31 14:00:00,351.1405
2012-07-31 15:00:00,298.43985
2012-07-31 16:00:00,318.763
2012-07-31 17:00:00,336.17422
2012-07-31 18:00:00,327.21805
2012-07-31 19:00:00,323.17685
2012-07-31 20:00:00,272.22296
2012-07-31 21:00:00,224.64305
2012-07-31 22:00:00,245.04486
2012-07-31 23:00:00,205.71997
2012-08-20 00:00:00,182.37657
2012-08-20 01:00:00,180.44475
2012-08-20 02:00:00,180.44475
2012-08-20 03:00:00,153.97295
2012-08-20 04:00:00,180.95149
2012-08-20 05:00:00,172.38177
2012-08-20 06:00:00,206.0288
2012-08-20 07:00:00,211.8798
2012-08-20 08:00:00,223.72145
2012-08-20 09:00:00,231.37132
2012-08-20 10:00:00,239.94104
2012-08-20 11:00:00,251.32883
2012-08-20 12:00:00,270.7241
2012-08-20 13:00:00,286.48984
2012-08-20 14:00:00,306.99426
2012-08-20 15:00:00,315.5544
2012-08-20 16:00:00,315.5544
2012-08-20 17:00:00,300.7695
2012-08-20 18:00:00,223.29973
2012-08-20 19:00:00,217.58978
2012-08-20 20:00:00,205.39766
2012-08-20 21:00:00,164.74
2012-08-20 22:00:00,172.38177
2012-08-20 23:00:00,172.38177
2012-08-21 00:00:00,180.95149
2012-08-21 01:00:00,185.22676
2012-08-21 02:00:00,178.96356
2012-08-21 03:00:00,138.30594
2012-08-21 04:00:00,138.30594
2012-08-21 05:00:00,161.56746
2012-08-21 06:00:00,162.99257
2012-08-21 07:00:00,195.53685
2012-08-21 08:00:00,198.38701
2012-08-21 09:00:00,223.72957
2012-08-21 10:00:00,263.08234
2012-08-21 11:00:00,285.39838
2012-08-21 12:00:00,311.62463
2012-08-21 13:00:00,326.09747
2012-08-21 14:00:00,349.3735
2012-08-21 15:00:00,340.80383
2012-08-21 16:00:00,340.80383
2012-08-21 17:00:00,327.0103
2012-08-21 18:00:00,312.70422
2012-08-21 19:00:00,231.3632
2012-08-21 20:00:00,211.97612
2012-08-21 21:00:00,211.97612
2012-08-21 22:00:00,191.17407
2012-08-21 23:00:00,170.63121
2012-08-22 00:00:00,180.62602
2012-08-22 01:00:00,191.39305
2012-08-22 02:00:00,191.39305
2012-08-22 03:00:00,191.39305
2012-08-22 04:00:00,168.88379
2012-08-22 05:00:00,185.54204
2012-08-22 06:00:00,206.08488
2012-08-22 07:00:00,191.39305
2012-08-22 08:00:00,220.54582
2012-08-22 09:00:00,247.2253
2012-08-22 10:00:00,273.39948
2012-08-22 11:00:00,288.10577
2012-08-22 12:00:00,299.88568
2012-08-22 13:00:00,324.54663
2012-08-22 14:00:00,333.36163
2012-08-22 15:00:00,327.39673
2012-08-22 16:00:00,330.90045
2012-08-22 17:00:00,330.90045
2012-08-22 18:00:00,289.78577
2012-08-22 19:00:00,222.53053
2012-08-22 20:00:00,230.53104
2012-08-22 21:00:00,211.97612
2012-08-22 22:00:00,211.97612
2012-08-22 23:00:00,170.41223
2012-08-23 00:00:00,191.17407
2012-08-23 01:00:00,170.63121
2012-08-23 02:00:00,170.63123
2012-08-23 03:00:00,179.20093
2012-08-23 04:00:00,170.63121
2012-08-23 05:00:00,170.63121
2012-08-23 06:00:00,160.18962
2012-08-23 07:00:00,186.8427
2012-08-23 08:00:00,231.10022
2012-08-23 09:00:00,246.02626
2012-08-23 10:00:00,293.95676
2012-08-23 11:00:00,323.12146
2012-08-23 12:00:00,343.71643
2012-08-23 13:00:00,370.1386
2012-08-23 14:00:00,347.73444
2012-08-23 15:00:00,339.1647
2012-08-23 16:00:00,330.25653
2012-08-23 17:00:00,344.78156
2012-08-23 18:00:00,330.11548
2012-08-23 19:00:00,308.67435
2012-08-23 20:00:00,274.82455
2012-08-23 21:00:00,277.67477
2012-08-23 22:00:00,276.61533
2012-08-23 23:00:00,237.22235
2012-08-24 00:00:00,237.22235
2012-08-24 01:00:00,219.61787
2012-08-24 02:00:00,229.58058
2012-08-24 03:00:00,211.97612
2012-08-24 04:00:00,219.61787
2012-08-24 05:00:00,191.17407
2012-08-24 06:00:00,178.273
2012-08-24 07:00:00,198.81586
2012-08-24 08:00:00,222.53053
2012-08-24 09:00:00,287.17786
2012-08-24 10:00:00,322.19354
2012-08-24 11:00:00,332.18832
2012-08-24 12:00:00,339.57834
2012-08-24 13:00:00,364.49915
2012-08-24 14:00:00,345.1296
2012-08-24 15:00:00,335.03857
2012-08-24 16:00:00,335.03857
2012-08-24 17:00:00,328.94214
2012-08-24 18:00:00,300.04935
2012-08-24 19:00:00,302.8826
2012-08-24 20:00:00,282.13275
2012-08-24 21:00:00,288.17633
2012-08-24 22:00:00,272.4716
2012-08-24 23:00:00,251.68326
2012-08-25 00:00:00,269.10226
2012-08-25 01:00:00,239.74431
2012-08-25 02:00:00,227.73096
2012-08-25 03:00:00,234.78099
2012-08-25 04:00:00,243.84785
2012-08-25 05:00:00,231.95335
2012-08-25 06:00:00,211.15132
2012-08-25 07:00:00,214.0015
2012-08-25 08:00:00,243.42613
2012-08-25 09:00:00,266.86902
2012-08-25 10:00:00,285.89856
2012-08-25 11:00:00,305.24976
2012-08-25 12:00:00,340.32324
2012-08-25 13:00:00,338.63684
2012-08-25 14:00:00,277.51324
2012-08-25 15:00:00,247.65813
2012-08-25 16:00:00,247.71098
2012-08-25 17:00:00,250.57076
2012-08-25 18:00:00,278.10757
2012-08-25 19:00:00,223.99629
2012-08-25 20:00:00,206.81038
2012-08-25 21:00:00,201.52165
2012-08-25 22:00:00,201.52165
2012-08-25 23:00:00,199.16862
2012-08-26 00:00:00,173.67766
2012-08-26 01:00:00,167.9677
2012-08-26 02:00:00,178.46924
2012-08-26 03:00:00,181.31941
2012-08-26 04:00:00,175.60948
2012-08-26 05:00:00,167.9677
2012-08-26 06:00:00,175.00964
2012-08-26 07:00:00,167.9677
2012-08-26 08:00:00,229.8435
2012-08-26 09:00:00,226.98376
2012-08-26 10:00:00,301.74054
2012-08-26 11:00:00,298.88077
2012-08-26 12:00:00,290.87634
2012-08-26 13:00:00,248.94917
2012-08-26 14:00:00,159.40755
2012-08-26 15:00:00,191.82095
2012-08-26 16:00:00,191.82095
2012-08-26 17:00:00,170.82745
2012-08-26 18:00:00,165.62424
2012-08-26 19:00:00,172.75928
2012-08-26 20:00:00,165.11751
2012-08-26 21:00:00,179.88795
2012-08-26 22:00:00,155.02962
2012-08-26 23:00:00,175.83165
2012-08-27 00:00:00,170.63121
2012-08-27 01:00:00,158.39888
2012-08-27 02:00:00,162.67418
2012-08-27 03:00:00,158.39888
2012-08-27 04:00:00,170.63121
2012-08-27 05:00:00,149.8292
2012-08-27 06:00:00,149.8292
2012-08-27 07:00:00,182.37346
2012-08-27 08:00:00,190.94315
2012-08-27 09:00:00,192.36824
2012-08-27 10:00:00,257.54736
2012-08-27 11:00:00,286.54532
2012-08-27 12:00:00,285.5948
2012-08-27 13:00:00,315.99146
2012-08-27 14:00:00,344.10553
2012-08-27 15:00:00,352.56558
2012-08-27 16:00:00,348.28076
2012-08-27 17:00:00,359.69568
2012-08-27 18:00:00,339.02444
2012-08-27 19:00:00,277.65158
2012-08-27 20:00:00,274.7918
2012-08-27 21:00:00,263.25732
2012-08-27 22:00:00,221.91243
2012-08-27 23:00:00,219.06226
2012-08-28 00:00:00,227.62239
2012-08-28 01:00:00,195.25938
2012-08-28 02:00:00,218.59956
2012-08-28 03:00:00,171.47804
2012-08-28 04:00:00,195.21843
2012-08-28 05:00:00,198.58495
2012-08-28 06:00:00,176.2696
2012-08-28 07:00:00,200.01001
2012-08-28 08:00:00,200.2033
2012-08-28 09:00:00,241.39587
2012-08-28 10:00:00,297.8985
2012-08-28 11:00:00,336.31952
2012-08-28 12:00:00,362.6605
2012-08-28 13:00:00,381.49673
2012-08-28 14:00:00,398.8294
2012-08-28 15:00:00,401.8721
2012-08-28 16:00:00,401.56
2012-08-28 17:00:00,395.5422
2012-08-28 18:00:00,368.21478
2012-08-28 19:00:00,333.2206
2012-08-28 20:00:00,318.91455
2012-08-28 21:00:00,317.48944
2012-08-28 22:00:00,285.39838
2012-08-28 23:00:00,270.7322
2012-08-29 00:00:00,229.58058
2012-08-29 01:00:00,236.57457
2012-08-29 02:00:00,218.92989
2012-08-29 03:00:00,216.0797
2012-08-29 04:00:00,227.71858
2012-08-29 05:00:00,224.85884
2012-08-29 06:00:00,224.85884
2012-08-29 07:00:00,244.05275
2012-08-29 08:00:00,268.7923
2012-08-29 09:00:00,312.76837
2012-08-29 10:00:00,324.62445
2012-08-29 11:00:00,311.62463
2012-08-29 12:00:00,338.05872
2012-08-29 13:00:00,326.33096
2012-08-29 14:00:00,346.62842
2012-08-29 15:00:00,356.61365
2012-08-29 16:00:00,353.64877
2012-08-29 17:00:00,373.9463
2012-08-29 18:00:00,342.0357
2012-08-29 19:00:00,303.95328
2012-08-29 20:00:00,270.7322
2012-08-29 21:00:00,283.6509
2012-08-29 22:00:00,273.65607
2012-08-29 23:00:00,264.841
2012-08-30 00:00:00,223.72957
2012-08-30 01:00:00,235.48305
2012-08-30 02:00:00,206.08488
2012-08-30 03:00:00,206.08488
2012-08-30 04:00:00,206.08488
2012-08-30 05:00:00,206.08488
2012-08-30 06:00:00,180.44475
2012-08-30 07:00:00,211.97612
2012-08-30 08:00:00,241.33406
2012-08-30 09:00:00,273.64487
2012-08-30 10:00:00,291.28955
2012-08-30 11:00:00,346.62842
2012-08-30 12:00:00,336.2119
2012-08-30 13:00:00,324.54663
2012-08-30 14:00:00,327.39673
2012-08-30 15:00:00,353.98572
2012-08-30 16:00:00,362.8008
2012-08-30 17:00:00,394.73706
2012-08-30 18:00:00,368.52264
2012-08-30 19:00:00,327.39673
2012-08-30 20:00:00,301.09186
2012-08-30 21:00:00,274.94412
2012-08-30 22:00:00,238.38446
2012-08-30 23:00:00,242.736
2012-08-31 00:00:00,210.03941
2012-08-31 01:00:00,210.03941
2012-08-31 02:00:00,171.47804
2012-08-31 03:00:00,168.62784
2012-08-31 04:00:00,165.62703
2012-08-31 05:00:00,168.48679
2012-08-31 06:00:00,176.12856
2012-08-31 07:00:00,168.99352
2012-08-31 08:00:00,240.38297
2012-08-31 09:00:00,256.23688
2012-08-31 10:00:00,294.16455
2012-08-31 11:00:00,425.13434
2012-08-31 12:00:00,426.7262
2012-08-31 13:00:00,436.82367
2012-08-31 14:00:00,438.5566
2012-08-31 15:00:00,445.9251
2012-08-31 16:00:00,441.64032
2012-08-31 17:00:00,412.49707
2012-08-31 18:00:00,403.45276
2012-08-31 19:00:00,348.3808
2012-08-31 20:00:00,348.3808
2012-08-31 21:00:00,315.90323
2012-08-31 22:00:00,315.90323
2012-08-31 23:00:00,283.62842
2012-09-20 00:00:00,194.13165
2012-09-20 01:00:00,165.93892
2012-09-20 02:00:00,164.51382
2012-09-20 03:00:00,135.40128
2012-09-20 04:00:00,145.39607
2012-09-20 05:00:00,145.39607
2012-09-20 06:00:00,135.40128
2012-09-20 07:00:00,136.55525
2012-09-20 08:00:00,188.00954
2012-09-20 09:00:00,229.1499
2012-09-20 10:00:00,255.60968
2012-09-20 11:00:00,306.4161
2012-09-20 12:00:00,319.2611
2012-09-20 13:00:00,316.10376
2012-09-20 14:00:00,312.99857
2012-09-20 15:00:00,312.7796
2012-09-20 16:00:00,310.14838
2012-09-20 17:00:00,307.04324
2012-09-20 18:00:00,292.7012
2012-09-20 19:00:00,247.88611
2012-09-20 20:00:00,221.67174
2012-09-20 21:00:00,227.3817
2012-09-20 22:00:00,186.52522
2012-09-20 23:00:00,201.21704
2012-09-21 00:00:00,191.22224
2012-09-21 01:00:00,173.57756
2012-09-21 02:00:00,173.57756
2012-09-21 03:00:00,161.56422
2012-09-21 04:00:00,152.99452
2012-09-21 05:00:00,138.30266
2012-09-21 06:00:00,161.56422
2012-09-21 07:00:00,158.88573
2012-09-21 08:00:00,189.37541
2012-09-21 09:00:00,215.80946
2012-09-21 10:00:00,268.8702
2012-09-21 11:00:00,286.25568
2012-09-21 12:00:00,286.43695
2012-09-21 13:00:00,301.1031
2012-09-21 14:00:00,313.94806
2012-09-21 15:00:00,306.81302
2012-09-21 16:00:00,303.95325
2012-09-21 17:00:00,297.85684
2012-09-21 18:00:00,277.35242
2012-09-21 19:00:00,259.74792
2012-09-21 20:00:00,242.50348
2012-09-21 21:00:00,230.56877
2012-09-21 22:00:00,224.85884
2012-09-21 23:00:00,237.71336
2012-09-22 00:00:00,230.05923
2012-09-22 01:00:00,184.06946
2012-09-22 02:00:00,159.20155
2012-09-22 03:00:00,176.75313
2012-09-22 04:00:00,176.75313
2012-09-22 05:00:00,181.03801
2012-09-22 06:00:00,178.17824
2012-09-22 07:00:00,194.47646
2012-09-22 08:00:00,231.48433
2012-09-22 09:00:00,244.6252
2012-09-22 10:00:00,269.37427
2012-09-22 11:00:00,297.4002
2012-09-22 12:00:00,316.47
2012-09-22 13:00:00,330.77606
2012-09-22 14:00:00,338.3072
2012-09-22 15:00:00,342.45093
2012-09-22 16:00:00,327.9259
2012-09-22 17:00:00,327.9259
2012-09-22 18:00:00,315.0449
2012-09-22 19:00:00,288.83054
2012-09-22 20:00:00,306.29395
2012-09-22 21:00:00,285.95557
2012-09-22 22:00:00,280.46466
2012-09-22 23:00:00,301.0332
2012-09-23 00:00:00,366.52115
2012-09-23 01:00:00,293.64417
2012-09-23 02:00:00,289.5116
2012-09-23 03:00:00,261.48566
2012-09-23 04:00:00,248.4594
2012-09-23 05:00:00,239.55612
2012-09-23 06:00:00,224.89
2012-09-23 07:00:00,236.70592
2012-09-23 08:00:00,267.19562
2012-09-23 09:00:00,281.9499
2012-09-23 10:00:00,304.21793
2012-09-23 11:00:00,307.13058
2012-09-23 12:00:00,301.6756
2012-09-23 13:00:00,358.18
2012-09-23 14:00:00,361.0302
2012-09-23 15:00:00,378.58182
2012-09-23 16:00:00,388.5766
2012-09-23 17:00:00,343.73746
2012-09-23 18:00:00,322.01495
2012-09-23 19:00:00,298.58173
2012-09-23 20:00:00,298.58173
2012-09-23 21:00:00,282.8833
2012-09-23 22:00:00,265.2467
2012-09-23 23:00:00,244.67003
2012-09-24 00:00:00,225.46198
2012-09-24 01:00:00,207.99855
2012-09-24 02:00:00,227.39381
2012-09-24 03:00:00,222.6118
2012-09-24 04:00:00,199.29732
2012-09-24 05:00:00,206.90703
2012-09-24 06:00:00,218.66052
2012-09-24 07:00:00,207.99855
2012-09-24 08:00:00,260.71115
2012-09-24 09:00:00,275.41748
2012-09-24 10:00:00,292.98352
2012-09-24 11:00:00,331.23523
2012-09-24 12:00:00,347.10675
2012-09-24 13:00:00,394.9629
2012-09-24 14:00:00,369.1582
2012-09-24 15:00:00,366.4131
2012-09-24 16:00:00,363.40497
2012-09-24 17:00:00,339.14005
2012-09-24 18:00:00,322.534
2012-09-24 19:00:00,307.9063
2012-09-24 20:00:00,266.85733
2012-09-24 21:00:00,266.75467
2012-09-24 22:00:00,275.32437
2012-09-24 23:00:00,219.75203
2012-09-25 00:00:00,210.85834
2012-09-25 01:00:00,187.45569
2012-09-25 02:00:00,166.87267
2012-09-25 03:00:00,180.22757
2012-09-25 04:00:00,184.50288
2012-09-25 05:00:00,162.59737
2012-09-25 06:00:00,181.33359
2012-09-25 07:00:00,178.4738
2012-09-25 08:00:00,219.59975
2012-09-25 09:00:00,275.26517
2012-09-25 10:00:00,297.15448
2012-09-25 11:00:00,350.88736
2012-09-25 12:00:00,358.05835
2012-09-25 13:00:00,343.22614
2012-09-25 14:00:00,373.6587
2012-09-25 15:00:00,382.47382
2012-09-25 16:00:00,370.79895
2012-09-25 17:00:00,369.37387
2012-09-25 18:00:00,358.00613
2012-09-25 19:00:00,334.63
2012-09-25 20:00:00,321.50366
2012-09-25 21:00:00,321.50366
2012-09-25 22:00:00,320.07858
2012-09-25 23:00:00,324.36346
2012-09-26 00:00:00,267.78534
2012-09-26 01:00:00,270.64508
2012-09-26 02:00:00,274.002
2012-09-26 03:00:00,274.002
2012-09-26 04:00:00,231.16394
2012-09-26 05:00:00,228.31372
2012-09-26 06:00:00,219.60295
2012-09-26 07:00:00,202.13956
2012-09-26 08:00:00,235.44878
2012-09-26 09:00:00,281.93195
2012-09-26 10:00:00,257.94614
2012-09-26 11:00:00,302.08905
2012-09-26 12:00:00,304.91107
2012-09-26 13:00:00,319.57718
2012-09-26 14:00:00,360.34302
2012-09-26 15:00:00,361.76807
2012-09-26 16:00:00,369.1581
2012-09-26 17:00:00,361.76807
2012-09-26 18:00:00,354.63303
2012-09-26 19:00:00,325.62073
2012-09-26 20:00:00,272.65314
2012-09-26 21:00:00,284.40662
2012-09-26 22:00:00,282.30466
2012-09-26 23:00:00,241.96632
2012-09-27 00:00:00,218.62935
2012-09-27 01:00:00,218.62935
2012-09-27 02:00:00,218.62935
2012-09-27 03:00:00,210.05966
2012-09-27 04:00:00,158.03831
2012-09-27 05:00:00,183.4066
2012-09-27 06:00:00,171.39325
2012-09-27 07:00:00,210.05965
2012-09-27 08:00:00,251.15915
2012-09-27 09:00:00,265.85165
2012-09-27 10:00:00,353.4975
2012-09-27 11:00:00,347.96878
2012-09-27 12:00:00,353.70514
2012-09-27 13:00:00,340.86014
2012-09-27 14:00:00,364.09595
2012-09-27 15:00:00,355.52625
2012-09-27 16:00:00,343.10498
2012-09-27 17:00:00,290.28973
2012-09-27 18:00:00,283.15466
2012-09-27 19:00:00,278.69666
2012-09-27 20:00:00,277.30365
2012-09-27 21:00:00,238.9821
2012-09-27 22:00:00,238.9821
2012-09-27 23:00:00,226.13713
2012-09-28 00:00:00,199.48405
2012-09-28 01:00:00,183.7793
2012-09-28 02:00:00,212.32903
2012-09-28 03:00:00,209.7444
2012-09-28 04:00:00,188.10187
2012-09-28 05:00:00,162.82355
2012-09-28 06:00:00,161.4048
2012-09-28 07:00:00,152.83511
2012-09-28 08:00:00,197.82732
2012-09-28 09:00:00,212.78542
2012-09-28 10:00:00,236.17845
2012-09-28 11:00:00,261.73996
2012-09-28 12:00:00,341.82257
2012-09-28 13:00:00,350.63773
2012-09-28 14:00:00,341.82257
2012-09-28 15:00:00,338.83136
2012-09-28 16:00:00,338.98364
2012-09-28 17:00:00,334.36517
2012-09-28 18:00:00,339.2026
2012-09-28 19:00:00,349.91357
2012-09-28 20:00:00,332.75732
2012-09-28 21:00:00,335.6075
2012-09-28 22:00:00,300.6141
2012-09-28 23:00:00,283.04803
2012-09-29 00:00:00,257.29224
2012-09-29 01:00:00,257.29224
2012-09-29 02:00:00,276.68747
2012-09-29 03:00:00,259.1214
2012-09-29 04:00:00,257.18958
2012-09-29 05:00:00,233.83492
2012-09-29 06:00:00,239.54485
2012-09-29 07:00:00,224.80016
2012-09-29 08:00:00,227.71281
2012-09-29 09:00:00,233.83492
2012-09-29 10:00:00,271.89587
2012-09-29 11:00:00,292.36014
2012-09-29 12:00:00,361.9909
2012-09-29 13:00:00,361.9909
2012-09-29 14:00:00,360.86343
2012-09-29 15:00:00,352.0483
2012-09-29 16:00:00,357.70605
2012-09-29 17:00:00,376.735
2012-09-29 18:00:00,301.42065
2012-09-29 19:00:00,260.3829
2012-09-29 20:00:00,263.2331
2012-09-29 21:00:00,257.52313
2012-09-29 22:00:00,225.2748
2012-09-29 23:00:00,235.60316
2012-09-30 00:00:00,227.03343
2012-09-30 01:00:00,227.03343
2012-09-30 02:00:00,209.42897
2012-09-30 03:00:00,200.35399
2012-09-30 04:00:00,200.35399
2012-09-30 05:00:00,171.24141
2012-09-30 06:00:00,179.81114
2012-09-30 07:00:00,156.5496
2012-09-30 08:00:00,207.6703
2012-09-30 09:00:00,231.16603
2012-09-30 10:00:00,304.46167
2012-09-30 11:00:00,349.19812
2012-09-30 12:00:00,361.9909
2012-09-30 13:00:00,357.70605
2012-09-30 14:00:00,357.70605
2012-09-30 15:00:00,372.17886
2012-09-30 16:00:00,369.32874
2012-09-30 17:00:00,378.19598
2012-09-30 18:00:00,275.7541
2012-09-30 19:00:00,216.96323
2012-09-30 20:00:00,216.96323
2012-09-30 21:00:00,200.58815
2012-09-30 22:00:00,182.98367
2012-09-30 23:00:00,191.55339
2012-10-20 00:00:00,160.55379
2012-10-20 01:00:00,189.93745
2012-10-20 02:00:00,166.54439
2012-10-20 03:00:00,163.50337
2012-10-20 04:00:00,171.24141
2012-10-20 05:00:00,130.11554
2012-10-20 06:00:00,168.28859
2012-10-20 07:00:00,130.11554
2012-10-20 08:00:00,204.62929
2012-10-20 09:00:00,239.87845
2012-10-20 10:00:00,266.33826
2012-10-20 11:00:00,280.7992
2012-10-20 12:00:00,292.86047
2012-10-20 13:00:00,307.38556
2012-10-20 14:00:00,300.49588
2012-10-20 15:00:00,291.68076
2012-10-20 16:00:00,315.8928
2012-10-20 17:00:00,324.8747
2012-10-20 18:00:00,313.1067
2012-10-20 19:00:00,281.01556
2012-10-20 20:00:00,307.2155
2012-10-20 21:00:00,271.96634
2012-10-20 22:00:00,242.94194
2012-10-20 23:00:00,206.48735
2012-10-21 00:00:00,239.8368
2012-10-21 01:00:00,227.90205
2012-10-21 02:00:00,204.58763
2012-10-21 03:00:00,179.8079
2012-10-21 04:00:00,154.2199
2012-10-21 05:00:00,179.8079
2012-10-21 06:00:00,188.88287
2012-10-21 07:00:00,188.88287
2012-10-21 08:00:00,180.04207
2012-10-21 09:00:00,242.74947
2012-10-21 10:00:00,287.90524
2012-10-21 11:00:00,308.40967
2012-10-21 12:00:00,328.99277
2012-10-21 13:00:00,333.5759
2012-10-21 14:00:00,333.74268
2012-10-21 15:00:00,346.5972
2012-10-21 16:00:00,324.8747
2012-10-21 17:00:00,315.9569
2012-10-21 18:00:00,310.24695
2012-10-21 19:00:00,292.69046
2012-10-21 20:00:00,283.81293
2012-10-21 21:00:00,233.94557
2012-10-21 22:00:00,218.24083
2012-10-21 23:00:00,224.132
2012-10-22 00:00:00,192.25215
2012-10-22 01:00:00,165.80684
2012-10-22 02:00:00,159.91563
2012-10-22 03:00:00,192.25215
2012-10-22 04:00:00,174.60747
2012-10-22 05:00:00,153.7935
2012-10-22 06:00:00,141.83229
2012-10-22 07:00:00,183.1772
2012-10-22 08:00:00,189.30254
2012-10-22 09:00:00,215.47673
2012-10-22 10:00:00,242.15619
2012-10-22 11:00:00,328.38498
2012-10-22 12:00:00,324.4482
2012-10-22 13:00:00,387.77557
2012-10-22 14:00:00,390.4325
2012-10-22 15:00:00,387.5566
2012-10-22 16:00:00,376.02213
2012-10-22 17:00:00,370.3122
2012-10-22 18:00:00,237.48813
2012-10-22 19:00:00,266.85733
2012-10-22 20:00:00,240.39752
2012-10-22 21:00:00,209.61452
2012-10-22 22:00:00,163.92307
2012-10-22 23:00:00,161.07285
2012-10-23 00:00:00,149.15262
2012-10-23 01:00:00,181.47466
2012-10-23 02:00:00,140.44182
2012-10-23 03:00:00,172.76387
2012-10-23 04:00:00,164.02246
2012-10-23 05:00:00,168.48857
2012-10-23 06:00:00,142.05452
2012-10-23 07:00:00,177.55547
2012-10-23 08:00:00,196.67323
2012-10-23 09:00:00,209.84053
2012-10-23 10:00:00,239.2468
2012-10-23 11:00:00,301.76904
2012-10-23 12:00:00,338.33008
2012-10-23 13:00:00,335.41812
2012-10-23 14:00:00,357.96844
2012-10-23 15:00:00,363.6784
2012-10-23 16:00:00,342.0183
2012-10-23 17:00:00,342.26373
2012-10-23 18:00:00,310.11975
2012-10-23 19:00:00,298.3663
2012-10-23 20:00:00,252.08058
2012-10-23 21:00:00,221.59087
2012-10-23 22:00:00,231.58568
2012-10-23 23:00:00,211.04283
2012-10-24 00:00:00,209.61774
2012-10-24 01:00:00,215.73985
2012-10-24 02:00:00,215.73987
2012-10-24 03:00:00,186.08185
2012-10-24 04:00:00,186.08185
2012-10-24 05:00:00,162.8203
2012-10-24 06:00:00,166.9641
2012-10-24 07:00:00,153.7598
2012-10-24 08:00:00,183.40971
2012-10-24 09:00:00,199.61482
2012-10-24 10:00:00,208.6898
2012-10-24 11:00:00,239.23555
2012-10-24 12:00:00,280.54282
2012-10-24 13:00:00,298.1737
2012-10-24 14:00:00,404.26367
2012-10-24 15:00:00,357.91626
2012-10-24 16:00:00,384.02872
2012-10-24 17:00:00,318.74225
2012-10-24 18:00:00,327.55737
2012-10-24 19:00:00,317.54254
2012-10-24 20:00:00,288.18463
2012-10-24 21:00:00,289.60968
2012-10-24 22:00:00,283.86377
2012-10-24 23:00:00,243.69357
2012-10-25 00:00:00,281.0136
2012-10-25 01:00:00,227.48209
2012-10-25 02:00:00,189.29457
2012-10-25 03:00:00,171.56808
2012-10-25 04:00:00,168.71788
2012-10-25 05:00:00,174.42783
2012-10-25 06:00:00,177.27802
2012-10-25 07:00:00,177.27802
2012-10-25 08:00:00,189.11969
2012-10-25 09:00:00,191.96986
2012-10-25 10:00:00,192.15114
2012-10-25 11:00:00,189.30095
2012-10-25 12:00:00,209.84377
2012-10-25 13:00:00,199.84898
2012-10-25 14:00:00,243.66647
2012-10-25 15:00:00,273.06464
2012-10-25 16:00:00,258.27972
2012-10-25 17:00:00,258.27972
2012-10-25 18:00:00,187.51018
2012-10-25 19:00:00,190.21931
2012-10-25 20:00:00,171.56808
2012-10-25 21:00:00,171.56808
2012-10-25 22:00:00,187.87584
2012-10-25 23:00:00,192.15115
2012-10-26 00:00:00,196.93636
2012-10-26 01:00:00,167.29279
2012-10-26 02:00:00,168.71788
2012-10-26 03:00:00,174.42783
2012-10-26 04:00:00,174.42783
2012-10-26 05:00:00,168.71788
2012-10-26 06:00:00,167.29279
2012-10-26 07:00:00,168.71788
2012-10-26 08:00:00,177.4593
2012-10-26 09:00:00,177.4593
2012-10-26 10:00:00,174.6091
2012-10-26 11:00:00,215.55373
2012-10-26 12:00:00,238.98695
2012-10-26 13:00:00,247.96884
2012-10-26 14:00:00,283.86377
2012-10-26 15:00:00,289.60968
2012-10-26 16:00:00,236.1368
2012-10-26 17:00:00,224.28065
2012-10-26 18:00:00,212.69398
2012-10-26 19:00:00,195.01088
2012-10-26 20:00:00,195.01088
2012-10-26 21:00:00,209.78136
2012-10-26 22:00:00,186.25992
2012-10-26 23:00:00,181.47789
2012-10-27 00:00:00,154.66582
2012-10-27 01:00:00,162.30757
2012-10-27 02:00:00,168.01753
2012-10-27 03:00:00,157.52556
2012-10-27 04:00:00,165.16734
2012-10-27 05:00:00,185.64775
2012-10-27 06:00:00,185.64775
2012-10-27 07:00:00,169.2166
2012-10-27 08:00:00,198.40773
2012-10-27 09:00:00,198.40773
2012-10-27 10:00:00,224.80339
2012-10-27 11:00:00,257.09976
2012-10-27 12:00:00,322.66467
2012-10-27 13:00:00,352.0483
2012-10-27 14:00:00,343.23325
2012-10-27 15:00:00,276.49496
2012-10-27 16:00:00,264.7415
2012-10-27 17:00:00,264.7415
2012-10-27 18:00:00,264.7415
2012-10-27 19:00:00,223.78238
2012-10-27 20:00:00,223.78238
2012-10-27 21:00:00,223.78238
2012-10-27 22:00:00,226.63255
2012-10-27 23:00:00,251.2406
2012-10-28 00:00:00,250.31267
2012-10-28 01:00:00,223.60109
2012-10-28 02:00:00,236.77968
2012-10-28 03:00:00,254.33125
2012-10-28 04:00:00,257.18146
2012-10-28 05:00:00,251.47148
2012-10-28 06:00:00,266.08475
2012-10-28 07:00:00,263.225
2012-10-28 08:00:00,287.48987
2012-10-28 09:00:00,286.39832
2012-10-28 10:00:00,292.3008
2012-10-28 11:00:00,295.30164
2012-10-28 12:00:00,275.9289
2012-10-28 13:00:00,268.79388
2012-10-28 14:00:00,277.50464
2012-10-28 15:00:00,270.0265
2012-10-28 16:00:00,257.21356
2012-10-28 17:00:00,227.64864
2012-10-28 18:00:00,163.09438
2012-10-28 19:00:00,150.24939
2012-10-28 20:00:00,160.2442
2012-10-28 21:00:00,179.48076
2012-10-28 22:00:00,173.77081
2012-10-28 23:00:00,150.24939
2012-10-29 00:00:00,177.14009
2012-10-30 13:00:00,132.23033
2012-10-30 14:00:00,132.23033
2012-10-30 15:00:00,110.715546
2012-10-30 16:00:00,110.715546
2012-10-30 17:00:00,107.86535
2012-10-30 18:00:00,105.365654
2012-10-30 19:00:00,230.15414
2012-10-30 20:00:00,114.994026
2012-10-30 21:00:00,100.98388
2012-10-30 22:00:00,107.712296
2012-10-30 23:00:00,107.712296
2012-10-31 00:00:00,118.6141
2012-10-31 01:00:00,117.18898
2012-10-31 02:00:00,115.354065
2012-10-31 03:00:00,118.6141
2012-10-31 04:00:00,97.36382
2012-10-31 05:00:00,115.354065
2012-10-31 06:00:00,110.57206
2012-10-31 07:00:00,97.72387
2012-10-31 08:00:00,119.67353
2012-10-31 09:00:00,134.14636
2012-10-31 10:00:00,162.89886
2012-10-31 11:00:00,185.63274
2012-10-31 12:00:00,222.56055
2012-10-31 13:00:00,254.77824
2012-10-31 14:00:00,262.42004
2012-10-31 15:00:00,237.31487
2012-10-31 16:00:00,250.6666
2012-10-31 17:00:00,227.35216
2012-10-31 18:00:00,227.35216
2012-10-31 19:00:00,253.70927
2012-10-31 20:00:00,253.70927
2012-10-31 21:00:00,253.70927
2012-10-31 22:00:00,195.86655
2012-10-31 23:00:00,197.66127
2012-11-20 00:00:00,151.99556
2012-11-20 01:00:00,166.79002
2012-11-20 02:00:00,137.73184
2012-11-20 03:00:00,159.73997
2012-11-20 04:00:00,176.88176
2012-11-20 05:00:00,171.17183
2012-11-20 06:00:00,159.33974
2012-11-20 07:00:00,130.09006
2012-11-20 08:00:00,148.8382
2012-11-20 09:00:00,161.7064
2012-11-20 10:00:00,196.71016
2012-11-20 11:00:00,199.62282
2012-11-20 12:00:00,191.05312
2012-11-20 13:00:00,223.38963
2012-11-20 14:00:00,233.3844
2012-11-20 15:00:00,248.05055
2012-11-20 16:00:00,214.31465
2012-11-20 17:00:00,189.15338
2012-11-20 18:00:00,196.71016
2012-11-20 19:00:00,173.44862
2012-11-20 20:00:00,152.86557
2012-11-20 21:00:00,154.06464
2012-11-20 22:00:00,154.06464
2012-11-20 23:00:00,116.823326
2012-11-21 00:00:00,118.78974
2012-11-21 01:00:00,116.823326
2012-11-21 02:00:00,81.3809
2012-11-21 03:00:00,81.3809
2012-11-21 04:00:00,81.3809
2012-11-21 05:00:00,81.3809
2012-11-21 06:00:00,86.025795
2012-11-21 07:00:00,80.17478
2012-11-21 08:00:00,111.297775
2012-11-21 09:00:00,130.09007
2012-11-21 10:00:00,180.50993
2012-11-21 11:00:00,246.06749
2012-11-21 12:00:00,284.255
2012-11-21 13:00:00,304.745
2012-11-21 14:00:00,313.61298
2012-11-21 15:00:00,294.81265
2012-11-21 16:00:00,302.05203
2012-11-21 17:00:00,272.60095
2012-11-21 18:00:00,278.6188
2012-11-21 19:00:00,260.7449
2012-11-21 20:00:00,181.48187
2012-11-21 21:00:00,215.77034
2012-11-21 22:00:00,212.81749
2012-11-21 23:00:00,171.70604
2012-11-22 00:00:00,149.57571
2012-11-22 01:00:00,140.77185
2012-11-22 02:00:00,93.57595
2012-11-22 03:00:00,95.001045
2012-11-22 04:00:00,71.1982
2012-11-22 05:00:00,95.001045
2012-11-22 06:00:00,115.5439
2012-11-22 07:00:00,85.89004
2012-11-22 08:00:00,91.74104
2012-11-22 09:00:00,144.16338
2012-11-22 10:00:00,189.18837
2012-11-22 11:00:00,258.48056
2012-11-22 12:00:00,273.4323
2012-11-22 13:00:00,291.03677
2012-11-22 14:00:00,302.80475
2012-11-22 15:00:00,302.80475
2012-11-22 16:00:00,285.1601
2012-11-22 17:00:00,273.4323
2012-11-22 18:00:00,238.1831
2012-11-22 19:00:00,129.4748
2012-11-22 20:00:00,138.2754
2012-11-22 21:00:00,170.15877
2012-11-22 22:00:00,161.80803
2012-11-22 23:00:00,129.47153
2012-11-23 00:00:00,148.21034
2012-11-23 01:00:00,103.656
2012-11-23 02:00:00,115.4352
2012-11-23 03:00:00,127.62731
2012-11-23 04:00:00,104.89906
2012-11-23 05:00:00,89.45428
2012-11-23 06:00:00,89.45428
2012-11-23 07:00:00,89.45428
2012-11-23 08:00:00,68.21357
2012-11-23 09:00:00,116.641304
2012-11-23 10:00:00,181.08165
2012-11-23 11:00:00,246.06749
2012-11-23 12:00:00,298.7801
2012-11-23 13:00:00,307.49088
2012-11-23 14:00:00,322.25006
2012-11-23 15:00:00,301.7072
2012-11-23 16:00:00,295.07892
2012-11-23 17:00:00,299.53052
2012-11-23 18:00:00,270.3778
2012-11-23 19:00:00,277.26746
2012-11-23 20:00:00,280.12082
2012-11-23 21:00:00,278.1858
2012-11-23 22:00:00,339.17145
2012-11-23 23:00:00,311.45337
2012-11-24 00:00:00,302.3117
2012-11-24 01:00:00,246.69106
2012-11-24 02:00:00,261.03485
2012-11-24 03:00:00,225.26117
2012-11-24 04:00:00,215.75945
2012-11-24 05:00:00,210.44977
2012-11-24 06:00:00,191.45859
2012-11-24 07:00:00,218.0915
2012-11-24 08:00:00,216.01125
2012-11-24 09:00:00,223.40123
2012-11-24 10:00:00,206.41667
2012-11-24 11:00:00,227.19301
2012-11-24 12:00:00,271.64072
2012-11-24 13:00:00,254.91504
2012-11-24 14:00:00,270.50516
2012-11-24 15:00:00,255.79881
2012-11-24 16:00:00,236.53578
2012-11-24 17:00:00,216.1597
2012-11-24 18:00:00,224.97481
2012-11-24 19:00:00,209.37514
2012-11-24 20:00:00,191.4586
2012-11-24 21:00:00,188.9991
2012-11-24 22:00:00,194.70905
2012-11-24 23:00:00,188.9991
2012-11-25 00:00:00,180.00273
2012-11-25 01:00:00,189.2181
2012-11-25 02:00:00,192.74263
2012-11-25 03:00:00,188.91333
2012-11-25 04:00:00,188.91333
2012-11-25 05:00:00,185.19456
2012-11-25 06:00:00,185.55463
2012-11-25 07:00:00,173.80115
2012-11-25 08:00:00,176.2913
2012-11-25 09:00:00,187.74715
2012-11-25 10:00:00,182.95555
2012-11-25 11:00:00,220.27693
2012-11-25 12:00:00,220.27693
2012-11-25 13:00:00,214.567
2012-11-25 14:00:00,231.931
2012-11-25 15:00:00,224.28923
2012-11-25 16:00:00,230.25414
2012-11-25 17:00:00,212.77623
2012-11-25 18:00:00,198.1101
2012-11-25 19:00:00,209.47069
2012-11-25 20:00:00,147.79068
2012-11-25 21:00:00,188.90211
2012-11-25 22:00:00,147.79068
2012-11-25 23:00:00,117.953896
2012-11-26 00:00:00,118.82346
2012-11-26 01:00:00,112.972435
2012-11-26 02:00:00,112.972435
2012-11-26 03:00:00,112.972435
2012-11-26 04:00:00,118.82346
2012-11-26 05:00:00,116.27799
2012-11-26 06:00:00,118.82346
2012-11-26 07:00:00,136.46812
2012-11-26 08:00:00,136.46812
2012-11-26 09:00:00,177.11516
2012-11-26 10:00:00,206.96645
2012-11-26 11:00:00,294.26108
2012-11-26 12:00:00,287.43393
2012-11-26 13:00:00,287.43393
2012-11-26 14:00:00,277.4391
2012-11-26 15:00:00,286.0088
2012-11-26 16:00:00,298.02213
2012-11-26 17:00:00,286.2542
2012-11-26 18:00:00,219.29486
2012-11-26 19:00:00,201.06398
2012-11-26 20:00:00,212.81749
2012-11-26 21:00:00,212.81749
2012-11-26 22:00:00,171.70604
2012-11-26 23:00:00,168.5406
2012-11-27 00:00:00,167.1155
2012-11-27 01:00:00,159.63734
2012-11-27 02:00:00,156.42708
2012-11-27 03:00:00,167.27911
2012-11-27 04:00:00,122.63578
2012-11-27 05:00:00,117.8538
2012-11-27 06:00:00,118.21383
2012-11-27 07:00:00,122.99584
2012-11-27 08:00:00,131.74681
2012-11-27 09:00:00,127.31529
2012-11-27 10:00:00,134.59702
2012-11-27 11:00:00,108.890205
2012-11-27 12:00:00,111.6089
2012-11-27 13:00:00,104.82435
2012-11-27 14:00:00,108.74912
2012-11-27 15:00:00,136.50883
2012-11-27 16:00:00,136.50883
2012-11-27 17:00:00,145.0785
2012-11-27 18:00:00,99.13457
2012-11-27 19:00:00,129.11176
2012-11-27 20:00:00,113.91457
2012-11-27 21:00:00,86.10831
2012-11-27 22:00:00,86.868614
2012-11-27 23:00:00,102.85153
2012-11-28 00:00:00,120.48174
2012-11-28 01:00:00,123.74175
2012-11-28 02:00:00,123.74175
2012-11-28 03:00:00,138.43358
2012-11-28 04:00:00,135.5738
2012-11-28 05:00:00,135.93388
2012-11-28 06:00:00,153.12541
2012-11-28 07:00:00,176.71095
2012-11-28 08:00:00,147.814
2012-11-28 09:00:00,186.67369
2012-11-28 10:00:00,205.00003
2012-11-28 11:00:00,222.24445
2012-11-28 12:00:00,246.1451
2012-11-28 13:00:00,239.76079
2012-11-28 14:00:00,255.41335
2012-11-28 15:00:00,281.78006
2012-11-28 16:00:00,283.45056
2012-11-28 17:00:00,266.3729
2012-11-28 18:00:00,262.81458
2012-11-28 19:00:00,248.68977
2012-11-28 20:00:00,251.90004
2012-11-28 21:00:00,233.98344
2012-11-28 22:00:00,204.39203
2012-11-28 23:00:00,192.9362
2012-11-29 00:00:00,159.30293
2012-11-29 01:00:00,136.01498
2012-11-29 02:00:00,133.51527
2012-11-29 04:00:00,91.73173
2012-11-29 05:00:00,112.972435
2012-11-29 06:00:00,118.82346
2012-11-29 07:00:00,127.66425
2012-11-29 08:00:00,110.78703
2012-11-29 09:00:00,151.15996
2012-11-29 10:00:00,150.66986
2012-11-29 11:00:00,263.2036
2012-11-29 12:00:00,248.67854
2012-11-29 13:00:00,287.35696
2012-11-29 14:00:00,245.57341
2012-11-29 15:00:00,245.17317
2012-11-29 16:00:00,254.38849
2012-11-29 17:00:00,248.57588
2012-11-29 18:00:00,210.49098
2012-11-29 19:00:00,192.56488
2012-11-29 20:00:00,195.78467
2012-11-29 21:00:00,142.98395
2012-11-29 22:00:00,130.12701
2012-11-29 23:00:00,159.96385
2012-11-30 00:00:00,125.08187
2012-11-30 01:00:00,118.1658
2012-11-30 02:00:00,107.084465
2012-11-30 03:00:00,107.084465
2012-11-30 04:00:00,101.193245
2012-11-30 05:00:00,80.650406
2012-11-30 06:00:00,63.02021
2012-11-30 07:00:00,86.50143
2012-11-30 08:00:00,96.64291
2012-11-30 09:00:00,103.473976
2012-11-30 10:00:00,161.70316
2012-11-30 11:00:00,211.20547
2012-11-30 12:00:00,241.01659
2012-11-30 13:00:00,280.24277
2012-11-30 14:00:00,274.53284
2012-11-30 15:00:00,286.26056
2012-11-30 16:00:00,260.92615
2012-11-30 17:00:00,222.14505
2012-11-30 18:00:00,185.19887
2012-11-30 19:00:00,157.01422
2012-11-30 20:00:00,157.01422
2012-11-30 21:00:00,127.1774
2012-11-30 22:00:00,124.677734
2012-11-30 23:00:00,134.81918
2012-12-20 00:00:00,178.44086
2012-12-20 01:00:00,157.01422
2012-12-20 02:00:00,157.01422
2012-12-20 03:00:00,149.51103
2012-12-20 04:00:00,149.51103
2012-12-20 05:00:00,150.93611
2012-12-20 06:00:00,161.70316
2012-12-20 07:00:00,147.01132
2012-12-20 08:00:00,147.01132
2012-12-20 09:00:00,147.01132
2012-12-20 10:00:00,158.54582
2012-12-20 11:00:00,200.11682
2012-12-20 12:00:00,218.12154
2012-12-20 13:00:00,209.21826
2012-12-20 14:00:00,220.97174
2012-12-20 15:00:00,203.32706
2012-12-20 16:00:00,215.75487
2012-12-20 17:00:00,176.88176
2012-12-20 18:00:00,162.18993
2012-12-20 19:00:00,169.47163
2012-12-20 20:00:00,152.28967
2012-12-20 21:00:00,152.28967
2012-12-20 22:00:00,122.81784
2012-12-20 23:00:00,177.3181
2012-12-21 00:00:00,91.98609
2012-12-21 01:00:00,106.44703
2012-12-21 02:00:00,94.667854
2012-12-21 03:00:00,94.667854
2012-12-21 04:00:00,110.89786
2012-12-21 05:00:00,83.17974
2012-12-21 06:00:00,148.64348
2012-12-21 07:00:00,123.923225
2012-12-21 08:00:00,126.38272
2012-12-21 09:00:00,175.15292
2012-12-21 10:00:00,173.87627
2012-12-21 11:00:00,177.23322
2012-12-21 12:00:00,180.33836
2012-12-21 13:00:00,186.04831
2012-12-21 14:00:00,188.90808
2012-12-21 15:00:00,168.49182
2012-12-21 16:00:00,171.59697
2012-12-21 17:00:00,103.8325
2012-12-21 18:00:00,100.97273
2012-12-21 19:00:00,137.61421
2012-12-21 20:00:00,151.15282
2012-12-21 21:00:00,148.82635
2012-12-21 22:00:00,128.59137
2012-12-21 23:00:00,133.23628
2012-12-22 00:00:00,146.23653
2012-12-22 01:00:00,133.39154
2012-12-22 02:00:00,140.52658
2012-12-22 03:00:00,121.63808
2012-12-22 04:00:00,115.65402
2012-12-22 05:00:00,124.88851
2012-12-22 06:00:00,136.64198
2012-12-22 07:00:00,136.64198
2012-12-22 08:00:00,149.08672
2012-12-22 09:00:00,122.03832
2012-12-22 10:00:00,116.32839
2012-12-22 11:00:00,151.70834
2012-12-22 12:00:00,194.73094
2012-12-22 13:00:00,186.71213
2012-12-22 14:00:00,188.13722
2012-12-22 15:00:00,202.26202
2012-12-22 16:00:00,172.00581
2012-12-22 17:00:00,145.9984
2012-12-22 18:00:00,134.81664
2012-12-22 19:00:00,113.287346
2012-12-22 20:00:00,106.91262
2012-12-22 21:00:00,97.55618
2012-12-22 22:00:00,97.55618
2012-12-22 23:00:00,95.09669
2012-12-23 00:00:00,109.309654
2012-12-23 01:00:00,106.85016
2012-12-23 02:00:00,86.35528
2012-12-23 03:00:00,83.49552
2012-12-23 04:00:00,95.24899
2012-12-23 05:00:00,88.94094
2012-12-23 06:00:00,35.389442
2012-12-23 07:00:00,35.389442
2012-12-23 08:00:00,10.161503
2012-12-23 09:00:00,63.248604
2012-12-23 10:00:00,56.89792
2012-12-23 11:00:00,91.93933
2012-12-23 12:00:00,145.02644
2012-12-23 13:00:00,162.55232
2012-12-23 14:00:00,192.9753
2012-12-23 15:00:00,180.63567
2012-12-23 16:00:00,186.34561
2012-12-23 17:00:00,136.4191
2012-12-23 18:00:00,139.43115
2012-12-23 19:00:00,144.72173
2012-12-23 20:00:00,65.39706
2012-12-23 21:00:00,44.854206
2012-12-23 22:00:00,72.05247
2012-12-23 23:00:00,74.23788
2012-12-24 00:00:00,45.270634
2012-12-24 01:00:00,45.270638
2012-12-24 02:00:00,21.789415
2012-12-24 03:00:00,21.789415
2012-12-24 05:00:00,-4.1988373
2012-12-24 06:00:00,21.789415
2012-12-24 07:00:00,39.419613
2012-12-24 08:00:00,45.270638
2012-12-24 09:00:00,68.37168
2012-12-24 10:00:00,76.408104
2012-12-24 11:00:00,88.55448
2012-12-24 12:00:00,111.20411
2012-12-24 13:00:00,28.999596
2012-12-24 14:00:00,11.36939
2012-12-24 15:00:00,10.609079
2012-12-24 16:00:00,10.609079
2012-12-24 17:00:00,-6.661068
2012-12-24 18:00:00,-6.260811
2012-12-24 19:00:00,-17.162594
2012-12-24 20:00:00,-9.520817
2012-12-24 21:00:00,-7.6859083
2012-12-24 22:00:00,-11.717176
2012-12-24 23:00:00,-4.0754023
2012-12-25 00:00:00,-17.583914
2012-12-25 01:00:00,-0.6794312
2012-12-25 02:00:00,-0.6794312
2012-12-25 04:00:00,-7.595497
2012-12-25 05:00:00,-32.91162
2012-12-25 06:00:00,-32.91162
2012-12-25 07:00:00,-30.051868
2012-12-25 08:00:00,-3.9849894
2012-12-25 09:00:00,-16.165195
2012-12-25 10:00:00,17.745667
2012-12-25 11:00:00,43.72659
2012-12-25 12:00:00,46.639236
2012-12-25 13:00:00,175.4712
2012-12-25 14:00:00,178.47374
2012-12-25 15:00:00,138.29399
2012-12-25 16:00:00,145.93575
2012-12-25 17:00:00,113.624954
2012-12-25 18:00:00,87.17965
2012-12-25 19:00:00,84.32946
2012-12-25 20:00:00,90.0394
2012-12-25 21:00:00,78.55706
2012-12-25 22:00:00,67.085045
2012-12-25 23:00:00,78.375786
2012-12-26 00:00:00,88.273796
2012-12-26 01:00:00,74.52743
2012-12-26 02:00:00,74.52743
2012-12-26 03:00:00,59.654327
2012-12-26 04:00:00,49.099915
2012-12-26 05:00:00,55.676647
2012-12-26 06:00:00,49.966698
2012-12-26 07:00:00,5.689823
2012-12-26 08:00:00,5.689823
2012-12-26 09:00:00,5.689823
2012-12-26 10:00:00,2.8300698
2012-12-26 11:00:00,12.464811
2012-12-26 12:00:00,8.642666
2012-12-26 13:00:00,8.642666
2012-12-26 14:00:00,-10.062145
2012-12-26 15:00:00,23.235086
2012-12-26 16:00:00,23.235086
2012-12-26 17:00:00,5.6048822
2012-12-26 18:00:00,11.856157
2012-12-26 19:00:00,31.45278
2012-12-26 20:00:00,25.383537
2012-12-26 21:00:00,27.695606
2012-12-26 22:00:00,2.2133672
2012-12-26 23:00:00,17.525131
2012-12-27 00:00:00,17.525131
2012-12-27 01:00:00,2.2133672
2012-12-27 02:00:00,12.201808
2012-12-27 03:00:00,2.967306
2012-12-27 04:00:00,6.8519
2012-12-27 05:00:00,30.945992
2012-12-27 06:00:00,58.78756
2012-12-27 07:00:00,45.277775
2012-12-27 08:00:00,72.59561
2012-12-27 09:00:00,94.02224
2012-12-27 10:00:00,114.52668
2012-12-27 11:00:00,121.10342
2012-12-27 12:00:00,147.41652
2012-12-27 13:00:00,147.41652
2012-12-27 14:00:00,116.27722
2012-12-27 15:00:00,109.14218
2012-12-27 16:00:00,117.37112
2012-12-27 17:00:00,117.37112
2012-12-27 18:00:00,85.153404
2012-12-27 19:00:00,74.26118
2012-12-27 20:00:00,75.0215
2012-12-27 21:00:00,85.153404
2012-12-27 22:00:00,81.90295
2012-12-27 23:00:00,85.153404
2012-12-28 00:00:00,82.66326
2012-12-28 01:00:00,71.80168
2012-12-28 02:00:00,77.511635
2012-12-28 03:00:00,82.66326
2012-12-28 04:00:00,83.063515
2012-12-28 05:00:00,81.63842
2012-12-28 06:00:00,62.726704
2012-12-28 07:00:00,57.417007
2012-12-28 08:00:00,79.803505
2012-12-28 09:00:00,81.90295
2012-12-28 10:00:00,102.75788
2012-12-28 11:00:00,123.62237
2012-12-28 12:00:00,135.82898
2012-12-28 13:00:00,135.82898
2012-12-28 14:00:00,135.82898
2012-12-28 15:00:00,129.0942
2012-12-28 16:00:00,128.18721
2012-12-28 17:00:00,72.16175
2012-12-28 18:00:00,72.16175
2012-12-28 19:00:00,64.75162
2012-12-28 20:00:00,68.37168
2012-12-28 21:00:00,50.419846
2012-12-28 22:00:00,52.254753
2012-12-28 23:00:00,66.94659
2012-12-29 00:00:00,34.20557
2012-12-29 01:00:00,28.083439
2012-12-29 02:00:00,34.20557
2012-12-29 03:00:00,19.513737
2012-12-29 04:00:00,28.083439
2012-12-29 05:00:00,28.083439
2012-12-29 06:00:00,43.98139
2012-12-29 07:00:00,46.831577
2012-12-29 08:00:00,1.6645558
2012-12-29 09:00:00,1.6645539
2012-12-29 10:00:00,22.151329
2012-12-29 11:00:00,-16.727413
2012-12-29 12:00:00,-45.86568
2012-12-29 13:00:00,-45.86568
2012-12-29 14:00:00,-7.176959
2012-12-29 15:00:00,-15.746672
2012-12-29 16:00:00,21.209808
2012-12-29 17:00:00,9.89431
2012-12-29 18:00:00,44.461784
2012-12-29 19:00:00,84.2588
2012-12-29 20:00:00,127.50038
2012-12-29 21:00:00,122.00942
2012-12-29 22:00:00,107.62475
2012-12-29 23:00:00,63.370255
2012-12-30 00:00:00,85.1852
2012-12-30 01:00:00,109.02335
2012-12-30 02:00:00,102.248375
2012-12-30 03:00:00,109.02335
2012-12-30 04:00:00,102.64861
2012-12-30 05:00:00,121.11039
2012-12-30 06:00:00,108.81561
2012-12-30 07:00:00,89.780426
2012-12-30 08:00:00,105.458694
2012-12-30 09:00:00,104.393654
2012-12-30 10:00:00,155.05162
2012-12-30 11:00:00,145.45706
2012-12-30 12:00:00,175.63469
2012-12-30 13:00:00,194.73094
2012-12-30 14:00:00,182.24602
2012-12-30 15:00:00,157.67326
2012-12-30 16:00:00,160.12318
2012-12-30 17:00:00,136.89694
2012-12-30 18:00:00,126.97265
2012-12-30 19:00:00,100.63499
2012-12-30 20:00:00,107.52451
2012-12-30 21:00:00,86.35528
2012-12-30 22:00:00,71.38202
2012-12-30 23:00:00,85.99524
2012-12-31 00:00:00,68.86007
2012-12-31 01:00:00,68.86007
2012-12-31 02:00:00,48.4054
2012-12-31 03:00:00,48.765446
2012-12-31 04:00:00,13.530766
2012-12-31 05:00:00,30.453556
2012-12-31 06:00:00,33.713562
2012-12-31 07:00:00,36.923813
2012-12-31 08:00:00,10.270758
2012-12-31 09:00:00,53.6766
2012-12-31 10:00:00,41.615974
2012-12-31 11:00:00,79.66244
2012-12-31 12:00:00,91.19692
2012-12-31 13:00:00,135.56833
2012-12-31 14:00:00,144.19093
2012-12-31 15:00:00,141.73143
2012-12-31 16:00:00,126.66507
2012-12-31 17:00:00,128.86005
2012-12-31 18:00:00,127.02515
2012-12-31 19:00:00,88.55448
2012-12-31 20:00:00,88.55448
2012-12-31 21:00:00,80.91271
2012-12-31 22:00:00,95.87643
2012-12-31 23:00:00,69.43112
