datetime,count
2011-01-20 00:00:00,90.57617
2011-01-20 01:00:00,94.92051
2011-01-20 02:00:00,94.92051
2011-01-20 03:00:00,92.46264
2011-01-20 04:00:00,92.46264
2011-01-20 05:00:00,79.66527
2011-01-20 06:00:00,75.310875
2011-01-20 07:00:00,79.40519
2011-01-20 08:00:00,82.20684
2011-01-20 09:00:00,69.67156
2011-01-20 10:00:00,96.9282
2011-01-20 11:00:00,99.99758
2011-01-20 12:00:00,125.64519
2011-01-20 13:00:00,105.02388
2011-01-20 14:00:00,112.12301
2011-01-20 15:00:00,119.06081
2011-01-20 16:00:00,107.93624
2011-01-20 17:00:00,112.93137
2011-01-20 18:00:00,76.32452
2011-01-20 19:00:00,90.02781
2011-01-20 20:00:00,69.669235
2011-01-20 21:00:00,63.118862
2011-01-20 22:00:00,59.711052
2011-01-20 23:00:00,63.656937
2011-01-21 00:00:00,59.343536
2011-01-21 01:00:00,59.343536
2011-01-21 02:00:00,47.528656
2011-01-21 03:00:00,47.34278
2011-01-21 04:00:00,67.774895
2011-01-21 05:00:00,76.55523
2011-01-21 06:00:00,81.13472
2011-01-21 07:00:00,76.049324
2011-01-21 08:00:00,79.15365
2011-01-21 09:00:00,73.98162
2011-01-21 10:00:00,73.48014
2011-01-21 11:00:00,79.92141
2011-01-21 12:00:00,83.89375
2011-01-21 13:00:00,87.1397
2011-01-21 14:00:00,75.170364
2011-01-21 15:00:00,65.16012
2011-01-21 16:00:00,83.36054
2011-01-21 17:00:00,75.12656
2011-01-21 18:00:00,77.79592
2011-01-21 19:00:00,68.20291
2011-01-21 20:00:00,63.345367
2011-01-21 21:00:00,51.99054
2011-01-21 22:00:00,34.13604
2011-01-21 23:00:00,43.037148
2011-01-22 00:00:00,24.300936
2011-01-22 01:00:00,4.4738913
2011-01-22 02:00:00,15.831124
2011-01-22 03:00:00,12.492608
2011-01-22 04:00:00,9.247739
2011-01-22 06:00:00,17.64973
2011-01-22 07:00:00,17.48204
2011-01-22 08:00:00,13.125486
2011-01-22 09:00:00,24.209059
2011-01-22 10:00:00,31.376766
2011-01-22 11:00:00,34.898945
2011-01-22 12:00:00,32.625645
2011-01-22 13:00:00,66.94451
2011-01-22 14:00:00,58.91674
2011-01-22 15:00:00,73.48152
2011-01-22 16:00:00,70.40684
2011-01-22 17:00:00,84.04225
2011-01-22 18:00:00,45.490944
2011-01-22 19:00:00,49.329742
2011-01-22 20:00:00,42.52066
2011-01-22 21:00:00,37.430367
2011-01-22 22:00:00,48.399803
2011-01-22 23:00:00,25.986134
2011-01-23 00:00:00,25.986134
2011-01-23 01:00:00,25.986134
2011-01-23 02:00:00,27.798193
2011-01-23 03:00:00,27.798193
2011-01-23 05:00:00,16.829563
2011-01-23 06:00:00,16.829563
2011-01-23 07:00:00,32.612377
2011-01-23 08:00:00,30.568537
2011-01-23 09:00:00,25.50141
2011-01-23 10:00:00,37.48925
2011-01-23 11:00:00,50.786915
2011-01-23 12:00:00,65.13295
2011-01-23 13:00:00,58.640366
2011-01-23 14:00:00,71.94419
2011-01-23 15:00:00,71.94419
2011-01-23 16:00:00,77.60403
2011-01-23 17:00:00,64.90346
2011-01-23 18:00:00,61.806046
2011-01-23 19:00:00,61.195366
2011-01-23 20:00:00,46.792038
2011-01-23 21:00:00,49.59089
2011-01-23 22:00:00,45.505913
2011-01-23 23:00:00,36.31659
2011-01-24 00:00:00,53.957375
2011-01-24 01:00:00,51.917946
2011-01-24 03:00:00,41.07691
2011-01-24 04:00:00,54.895153
2011-01-24 05:00:00,54.895153
2011-01-24 06:00:00,53.08049
2011-01-24 07:00:00,59.66214
2011-01-24 08:00:00,61.682877
2011-01-24 09:00:00,67.55696
2011-01-24 10:00:00,60.253685
2011-01-24 11:00:00,61.796246
2011-01-24 12:00:00,55.995018
2011-01-24 13:00:00,57.563442
2011-01-24 14:00:00,54.832
2011-01-24 15:00:00,76.217735
2011-01-24 16:00:00,69.7923
2011-01-24 17:00:00,64.056175
2011-01-24 18:00:00,59.346497
2011-01-24 19:00:00,62.3537
2011-01-24 20:00:00,59.346497
2011-01-24 21:00:00,59.38566
2011-01-24 22:00:00,47.100502
2011-01-24 23:00:00,50.86034
2011-01-25 00:00:00,49.834038
2011-01-25 01:00:00,44.98297
2011-01-25 02:00:00,61.65959
2011-01-25 04:00:00,57.0697
2011-01-25 05:00:00,58.851147
2011-01-25 06:00:00,61.17425
2011-01-25 07:00:00,60.761772
2011-01-25 08:00:00,46.26444
2011-01-25 09:00:00,67.54778
2011-01-25 10:00:00,73.52053
2011-01-25 11:00:00,72.29163
2011-01-25 12:00:00,93.06513
2011-01-25 13:00:00,87.78301
2011-01-25 14:00:00,119.5696
2011-01-25 15:00:00,132.98714
2011-01-25 16:00:00,132.98714
2011-01-25 17:00:00,116.65173
2011-01-25 18:00:00,112.47472
2011-01-25 19:00:00,70.80915
2011-01-25 20:00:00,75.36523
2011-01-25 21:00:00,75.36523
2011-01-25 22:00:00,75.28893
2011-01-25 23:00:00,59.64956
2011-01-26 00:00:00,61.595078
2011-01-26 01:00:00,69.51957
2011-01-26 02:00:00,44.005615
2011-01-26 05:00:00,43.32129
2011-01-26 06:00:00,43.32129
2011-01-26 07:00:00,47.55924
2011-01-26 08:00:00,47.55924
2011-01-26 09:00:00,47.55924
2011-01-26 10:00:00,45.944336
2011-01-26 11:00:00,48.29032
2011-01-26 12:00:00,48.29032
2011-01-26 13:00:00,48.29032
2011-01-26 14:00:00,50.83223
2011-01-26 15:00:00,38.770447
2011-01-26 16:00:00,39.498154
2011-01-26 17:00:00,49.87339
2011-01-27 16:00:00,82.54579
2011-01-27 17:00:00,85.53894
2011-01-27 18:00:00,74.114555
2011-01-27 19:00:00,74.114555
2011-01-27 20:00:00,68.71114
2011-01-27 21:00:00,68.71114
2011-01-27 22:00:00,68.71114
2011-01-27 23:00:00,63.62215
2011-01-28 00:00:00,54.065765
2011-01-28 01:00:00,54.065765
2011-01-28 02:00:00,51.71126
2011-01-28 03:00:00,63.54394
2011-01-28 05:00:00,56.3841
2011-01-28 06:00:00,48.540314
2011-01-28 07:00:00,51.683617
2011-01-28 08:00:00,51.683617
2011-01-28 09:00:00,46.227444
2011-01-28 10:00:00,44.1176
2011-01-28 11:00:00,42.89476
2011-01-28 12:00:00,42.89476
2011-01-28 13:00:00,42.89476
2011-01-28 14:00:00,74.61051
2011-01-28 15:00:00,74.25784
2011-01-28 16:00:00,81.61852
2011-01-28 17:00:00,76.104164
2011-01-28 18:00:00,71.2779
2011-01-28 19:00:00,64.50315
2011-01-28 20:00:00,55.373444
2011-01-28 21:00:00,59.222336
2011-01-28 22:00:00,81.732056
2011-01-28 23:00:00,79.66527
2011-01-29 00:00:00,57.35036
2011-01-29 01:00:00,48.77649
2011-01-29 02:00:00,50.729267
2011-01-29 03:00:00,46.996964
2011-01-29 04:00:00,35.281605
2011-01-29 06:00:00,39.97725
2011-01-29 07:00:00,43.287285
2011-01-29 08:00:00,45.22296
2011-01-29 09:00:00,54.72049
2011-01-29 10:00:00,41.926655
2011-01-29 11:00:00,33.912395
2011-01-29 12:00:00,33.06538
2011-01-29 13:00:00,43.954765
2011-01-29 14:00:00,44.841698
2011-01-29 15:00:00,49.697304
2011-01-29 16:00:00,59.08522
2011-01-29 17:00:00,69.05772
2011-01-29 18:00:00,46.926735
2011-01-29 19:00:00,37.232746
2011-01-29 20:00:00,39.937176
2011-01-29 21:00:00,39.937176
2011-01-29 22:00:00,31.386265
2011-01-29 23:00:00,31.386265
2011-01-30 00:00:00,27.881086
2011-01-30 01:00:00,33.69706
2011-01-30 02:00:00,37.519554
2011-01-30 03:00:00,23.641462
2011-01-30 04:00:00,23.641462
2011-01-30 05:00:00,28.480734
2011-01-30 07:00:00,28.480734
2011-01-30 08:00:00,45.199875
2011-01-30 09:00:00,53.54235
2011-01-30 10:00:00,58.16382
2011-01-30 11:00:00,52.218117
2011-01-30 12:00:00,104.50881
2011-01-30 13:00:00,75.41494
2011-01-30 14:00:00,79.51843
2011-01-30 15:00:00,88.75361
2011-01-30 16:00:00,88.75361
2011-01-30 17:00:00,86.07096
2011-01-30 18:00:00,60.120754
2011-01-30 19:00:00,58.254234
2011-01-30 20:00:00,65.52135
2011-01-30 21:00:00,41.652138
2011-01-30 22:00:00,35.861694
2011-01-30 23:00:00,39.834713
2011-01-31 00:00:00,58.324688
2011-01-31 01:00:00,74.370964
2011-01-31 02:00:00,76.13491
2011-01-31 03:00:00,76.13491
2011-01-31 04:00:00,72.279366
2011-01-31 05:00:00,69.31233
2011-01-31 06:00:00,64.464
2011-01-31 07:00:00,49.408676
2011-01-31 08:00:00,49.329636
2011-01-31 09:00:00,49.252014
2011-01-31 10:00:00,46.613945
2011-01-31 11:00:00,46.613945
2011-01-31 12:00:00,67.442085
2011-01-31 13:00:00,73.46684
2011-01-31 14:00:00,57.04953
2011-01-31 15:00:00,49.87954
2011-01-31 16:00:00,53.033783
2011-01-31 17:00:00,46.613945
2011-01-31 18:00:00,51.221542
2011-01-31 19:00:00,112.39121
2011-01-31 20:00:00,36.548645
2011-01-31 21:00:00,51.648773
2011-01-31 22:00:00,54.04811
2011-01-31 23:00:00,59.901596
2011-02-20 00:00:00,96.43224
2011-02-20 01:00:00,78.155014
2011-02-20 02:00:00,79.757545
2011-02-20 03:00:00,76.84537
2011-02-20 04:00:00,76.84537
2011-02-20 06:00:00,58.614002
2011-02-20 07:00:00,48.68279
2011-02-20 08:00:00,67.70421
2011-02-20 09:00:00,68.72843
2011-02-20 10:00:00,78.422325
2011-02-20 11:00:00,134.99005
2011-02-20 12:00:00,149.83517
2011-02-20 13:00:00,192.56454
2011-02-20 14:00:00,219.56926
2011-02-20 15:00:00,219.3814
2011-02-20 16:00:00,202.53395
2011-02-20 17:00:00,180.1989
2011-02-20 18:00:00,145.08784
2011-02-20 19:00:00,145.08784
2011-02-20 20:00:00,135.78572
2011-02-20 21:00:00,104.97761
2011-02-20 22:00:00,76.18479
2011-02-20 23:00:00,76.217
2011-02-21 00:00:00,102.67996
2011-02-21 01:00:00,102.67996
2011-02-21 02:00:00,102.67996
2011-02-21 03:00:00,103.09324
2011-02-21 04:00:00,120.18818
2011-02-21 05:00:00,148.05197
2011-02-21 06:00:00,251.12183
2011-02-21 07:00:00,253.15808
2011-02-21 08:00:00,68.95708
2011-02-21 09:00:00,68.28922
2011-02-21 10:00:00,69.12416
2011-02-21 11:00:00,96.609245
2011-02-21 12:00:00,72.209656
2011-02-21 13:00:00,35.222168
2011-02-21 14:00:00,48.410748
2011-02-21 15:00:00,59.434525
2011-02-21 16:00:00,40.519474
2011-02-21 17:00:00,52.67676
2011-02-21 18:00:00,43.293175
2011-02-21 19:00:00,43.293175
2011-02-21 20:00:00,37.010483
2011-02-21 21:00:00,30.136713
2011-02-21 22:00:00,25.491728
2011-02-21 23:00:00,25.491728
2011-02-22 06:00:00,48.606525
2011-02-22 07:00:00,48.606525
2011-02-22 08:00:00,46.992924
2011-02-22 09:00:00,45.936996
2011-02-22 10:00:00,60.439873
2011-02-22 11:00:00,79.26279
2011-02-22 12:00:00,78.751564
2011-02-22 13:00:00,81.28762
2011-02-22 14:00:00,82.54579
2011-02-22 15:00:00,89.7734
2011-02-22 16:00:00,85.71116
2011-02-22 17:00:00,83.65911
2011-02-22 18:00:00,90.03925
2011-02-22 19:00:00,78.96984
2011-02-22 20:00:00,81.41357
2011-02-22 21:00:00,82.46586
2011-02-22 22:00:00,72.29901
2011-02-22 23:00:00,72.29901
2011-02-23 00:00:00,64.28269
2011-02-23 01:00:00,66.97767
2011-02-23 02:00:00,63.685184
2011-02-23 03:00:00,60.960747
2011-02-23 05:00:00,62.961136
2011-02-23 06:00:00,62.961136
2011-02-23 07:00:00,62.10583
2011-02-23 08:00:00,62.3537
2011-02-23 09:00:00,78.668045
2011-02-23 10:00:00,95.179436
2011-02-23 11:00:00,105.34733
2011-02-23 12:00:00,121.13173
2011-02-23 13:00:00,147.95067
2011-02-23 14:00:00,156.5194
2011-02-23 15:00:00,167.72847
2011-02-23 16:00:00,152.27013
2011-02-23 17:00:00,167.72847
2011-02-23 18:00:00,157.52937
2011-02-23 19:00:00,128.94426
2011-02-23 20:00:00,81.965996
2011-02-23 21:00:00,100.84246
2011-02-23 22:00:00,100.84246
2011-02-23 23:00:00,90.96392
2011-02-24 00:00:00,90.96392
2011-02-24 01:00:00,87.36169
2011-02-24 02:00:00,76.28895
2011-02-24 03:00:00,71.6618
2011-02-24 05:00:00,69.55459
2011-02-24 06:00:00,66.8806
2011-02-24 07:00:00,65.84568
2011-02-24 08:00:00,74.13272
2011-02-24 09:00:00,59.456596
2011-02-24 10:00:00,63.558647
2011-02-24 11:00:00,95.99014
2011-02-24 12:00:00,119.87568
2011-02-24 13:00:00,134.0965
2011-02-24 14:00:00,150.83905
2011-02-24 15:00:00,133.7012
2011-02-24 16:00:00,112.33934
2011-02-24 17:00:00,97.55044
2011-02-24 18:00:00,71.79069
2011-02-24 19:00:00,54.231945
2011-02-24 20:00:00,73.098335
2011-02-24 21:00:00,71.79069
2011-02-24 22:00:00,57.85759
2011-02-24 23:00:00,67.16651
2011-02-25 00:00:00,96.51212
2011-02-25 01:00:00,102.57696
2011-02-25 02:00:00,102.57696
2011-02-25 03:00:00,89.13209
2011-02-25 05:00:00,89.13209
2011-02-25 06:00:00,85.64587
2011-02-25 07:00:00,77.17246
2011-02-25 08:00:00,84.07372
2011-02-25 09:00:00,59.210136
2011-02-25 10:00:00,84.7218
2011-02-25 11:00:00,180.39038
2011-02-25 12:00:00,181.44032
2011-02-25 13:00:00,181.44032
2011-02-25 14:00:00,188.98357
2011-02-25 15:00:00,151.28252
2011-02-25 16:00:00,120.53827
2011-02-25 17:00:00,105.354256
2011-02-25 18:00:00,119.05813
2011-02-25 19:00:00,111.25286
2011-02-25 20:00:00,95.971985
2011-02-25 21:00:00,109.31085
2011-02-25 22:00:00,90.42126
2011-02-25 23:00:00,96.96316
2011-02-26 00:00:00,59.825077
2011-02-26 01:00:00,65.08134
2011-02-26 02:00:00,57.917847
2011-02-26 03:00:00,60.342567
2011-02-26 04:00:00,63.525837
2011-02-26 05:00:00,53.744804
2011-02-26 06:00:00,65.02667
2011-02-26 07:00:00,67.670876
2011-02-26 08:00:00,78.70632
2011-02-26 09:00:00,58.805855
2011-02-26 10:00:00,95.26378
2011-02-26 11:00:00,102.41337
2011-02-26 12:00:00,106.179665
2011-02-26 13:00:00,114.0808
2011-02-26 14:00:00,121.98141
2011-02-26 15:00:00,130.41351
2011-02-26 16:00:00,133.74402
2011-02-26 17:00:00,145.93636
2011-02-26 18:00:00,130.46825
2011-02-26 19:00:00,104.1325
2011-02-26 20:00:00,97.07717
2011-02-26 21:00:00,62.132168
2011-02-26 22:00:00,54.154186
2011-02-26 23:00:00,56.94516
2011-02-27 00:00:00,52.518925
2011-02-27 01:00:00,43.228413
2011-02-27 02:00:00,47.459034
2011-02-27 03:00:00,46.339043
2011-02-27 04:00:00,36.713417
2011-02-27 06:00:00,45.830112
2011-02-27 07:00:00,36.713417
2011-02-27 08:00:00,49.50792
2011-02-27 09:00:00,49.92092
2011-02-27 10:00:00,64.041176
2011-02-27 11:00:00,103.08202
2011-02-27 12:00:00,131.14171
2011-02-27 13:00:00,138.89253
2011-02-27 14:00:00,174.38689
2011-02-27 15:00:00,215.20378
2011-02-27 16:00:00,232.62953
2011-02-27 17:00:00,166.0164
2011-02-27 18:00:00,156.40239
2011-02-27 19:00:00,145.16898
2011-02-27 20:00:00,131.14171
2011-02-27 21:00:00,129.34418
2011-02-27 22:00:00,119.28238
2011-02-27 23:00:00,102.31379
2011-02-28 00:00:00,117.85606
2011-02-28 01:00:00,59.92003
2011-02-28 03:00:00,70.31952
2011-02-28 05:00:00,110.47785
2011-02-28 06:00:00,93.941536
2011-02-28 07:00:00,100.98022
2011-02-28 08:00:00,68.43282
2011-02-28 09:00:00,137.3007
2011-02-28 10:00:00,169.5197
2011-02-28 11:00:00,199.68584
2011-02-28 12:00:00,199.68584
2011-02-28 13:00:00,115.89338
2011-02-28 14:00:00,83.8516
2011-02-28 15:00:00,83.8516
2011-02-28 16:00:00,106.89086
2011-02-28 17:00:00,78.53251
2011-02-28 18:00:00,118.172646
2011-02-28 19:00:00,106.29727
2011-02-28 20:00:00,106.29727
2011-02-28 21:00:00,96.75929
2011-02-28 22:00:00,64.72137
2011-02-28 23:00:00,76.299576
2011-03-20 00:00:00,121.75118
2011-03-20 01:00:00,103.55253
2011-03-20 02:00:00,93.48408
2011-03-20 03:00:00,76.02117
2011-03-20 04:00:00,66.68269
2011-03-20 05:00:00,63.153286
2011-03-20 06:00:00,60.861248
2011-03-20 07:00:00,51.489395
2011-03-20 08:00:00,80.574196
2011-03-20 09:00:00,102.63541
2011-03-20 10:00:00,109.73117
2011-03-20 11:00:00,150.25099
2011-03-20 12:00:00,158.72745
2011-03-20 13:00:00,202.42577
2011-03-20 14:00:00,244.64816
2011-03-20 15:00:00,224.71037
2011-03-20 16:00:00,246.1374
2011-03-20 17:00:00,217.36037
2011-03-20 18:00:00,170.57408
2011-03-20 19:00:00,139.8081
2011-03-20 20:00:00,133.74402
2011-03-20 21:00:00,87.17728
2011-03-20 22:00:00,84.12893
2011-03-20 23:00:00,56.432236
2011-03-21 00:00:00,73.94715
2011-03-21 01:00:00,81.79608
2011-03-21 02:00:00,77.00344
2011-03-21 03:00:00,77.00344
2011-03-21 05:00:00,75.791504
2011-03-21 06:00:00,49.083607
2011-03-21 07:00:00,54.81466
2011-03-21 08:00:00,66.14466
2011-03-21 09:00:00,61.601448
2011-03-21 10:00:00,96.863106
2011-03-21 11:00:00,117.148735
2011-03-21 12:00:00,123.46453
2011-03-21 13:00:00,155.60378
2011-03-21 14:00:00,169.5063
2011-03-21 15:00:00,186.41872
2011-03-21 16:00:00,173.45058
2011-03-21 17:00:00,170.7801
2011-03-21 18:00:00,149.18257
2011-03-21 19:00:00,220.911
2011-03-21 20:00:00,179.7241
2011-03-21 21:00:00,102.775314
2011-03-21 22:00:00,121.1848
2011-03-21 23:00:00,88.35575
2011-03-22 00:00:00,113.39849
2011-03-22 01:00:00,76.06382
2011-03-22 02:00:00,76.83283
2011-03-22 03:00:00,127.75043
2011-03-22 04:00:00,106.33498
2011-03-22 05:00:00,94.17742
2011-03-22 06:00:00,111.39304
2011-03-22 07:00:00,101.13827
2011-03-22 08:00:00,127.42466
2011-03-22 09:00:00,139.06032
2011-03-22 10:00:00,148.86525
2011-03-22 11:00:00,171.46371
2011-03-22 12:00:00,189.52284
2011-03-22 13:00:00,215.04962
2011-03-22 14:00:00,235.86052
2011-03-22 15:00:00,223.1362
2011-03-22 16:00:00,194.54053
2011-03-22 17:00:00,194.54053
2011-03-22 18:00:00,181.6171
2011-03-22 19:00:00,150.81435
2011-03-22 20:00:00,150.24348
2011-03-22 21:00:00,141.15596
2011-03-22 22:00:00,129.11937
2011-03-22 23:00:00,129.11937
2011-03-23 00:00:00,77.00562
2011-03-23 01:00:00,57.033733
2011-03-23 02:00:00,57.033733
2011-03-23 03:00:00,66.15947
2011-03-23 05:00:00,51.57432
2011-03-23 06:00:00,57.354546
2011-03-23 07:00:00,52.424934
2011-03-23 08:00:00,64.62621
2011-03-23 09:00:00,55.415146
2011-03-23 10:00:00,59.410378
2011-03-23 11:00:00,70.320274
2011-03-23 12:00:00,60.75845
2011-03-23 13:00:00,63.79284
2011-03-23 14:00:00,78.37955
2011-03-23 15:00:00,96.82609
2011-03-23 16:00:00,111.44934
2011-03-23 17:00:00,111.44934
2011-03-23 18:00:00,80.69203
2011-03-23 19:00:00,80.69203
2011-03-23 20:00:00,64.054504
2011-03-23 21:00:00,50.915306
2011-03-23 22:00:00,64.24291
2011-03-23 23:00:00,73.27276
2011-03-24 00:00:00,52.424934
2011-03-24 01:00:00,47.25598
2011-03-24 02:00:00,47.062305
2011-03-24 03:00:00,45.045162
2011-03-24 04:00:00,45.045162
2011-03-24 05:00:00,45.116394
2011-03-24 06:00:00,45.116394
2011-03-24 07:00:00,32.738033
2011-03-24 08:00:00,36.12288
2011-03-24 09:00:00,42.511135
2011-03-24 10:00:00,52.177498
2011-03-24 11:00:00,56.655334
2011-03-24 12:00:00,72.40083
2011-03-24 13:00:00,74.23838
2011-03-24 14:00:00,71.573746
2011-03-24 15:00:00,66.58704
2011-03-24 16:00:00,78.06106
2011-03-24 17:00:00,68.5738
2011-03-24 18:00:00,88.56577
2011-03-24 19:00:00,114.022934
2011-03-24 20:00:00,99.977295
2011-03-24 21:00:00,87.62725
2011-03-24 22:00:00,87.720726
2011-03-24 23:00:00,87.70565
2011-03-25 00:00:00,94.260994
2011-03-25 01:00:00,74.5787
2011-03-25 02:00:00,78.24014
2011-03-25 03:00:00,72.47128
2011-03-25 04:00:00,63.953262
2011-03-25 05:00:00,65.29346
2011-03-25 06:00:00,69.83457
2011-03-25 07:00:00,81.19018
2011-03-25 08:00:00,99.622185
2011-03-25 09:00:00,107.888664
2011-03-25 10:00:00,103.95883
2011-03-25 11:00:00,133.95204
2011-03-25 12:00:00,144.88795
2011-03-25 13:00:00,155.10268
2011-03-25 14:00:00,198.3881
2011-03-25 15:00:00,163.81815
2011-03-25 16:00:00,171.27748
2011-03-25 17:00:00,152.70387
2011-03-25 18:00:00,148.6148
2011-03-25 19:00:00,151.35616
2011-03-25 20:00:00,156.73238
2011-03-25 21:00:00,152.26384
2011-03-25 22:00:00,135.51103
2011-03-25 23:00:00,134.64705
2011-03-26 00:00:00,115.89307
2011-03-26 01:00:00,123.488144
2011-03-26 02:00:00,94.28706
2011-03-26 03:00:00,85.31472
2011-03-26 04:00:00,94.28707
2011-03-26 05:00:00,79.75896
2011-03-26 06:00:00,72.00947
2011-03-26 07:00:00,79.75895
2011-03-26 08:00:00,103.384346
2011-03-26 09:00:00,115.06405
2011-03-26 10:00:00,119.43199
2011-03-26 11:00:00,136.69566
2011-03-26 12:00:00,151.31146
2011-03-26 13:00:00,175.19719
2011-03-26 14:00:00,213.26204
2011-03-26 15:00:00,222.91339
2011-03-26 16:00:00,261.30014
2011-03-26 17:00:00,229.4994
2011-03-26 18:00:00,254.61429
2011-03-26 19:00:00,103.74699
2011-03-26 20:00:00,103.74699
2011-03-26 21:00:00,102.135544
2011-03-26 22:00:00,116.91061
2011-03-26 23:00:00,95.95467
2011-03-27 00:00:00,115.440865
2011-03-27 01:00:00,79.579704
2011-03-27 02:00:00,53.426895
2011-03-27 03:00:00,33.448807
2011-03-27 04:00:00,28.59675
2011-03-27 06:00:00,21.152363
2011-03-27 07:00:00,21.575869
2011-03-27 08:00:00,50.879097
2011-03-27 09:00:00,82.62633
2011-03-27 10:00:00,65.15289
2011-03-27 11:00:00,91.498146
2011-03-27 12:00:00,100.71276
2011-03-27 13:00:00,137.29887
2011-03-27 14:00:00,171.33664
2011-03-27 15:00:00,159.22414
2011-03-27 16:00:00,221.68663
2011-03-27 17:00:00,187.22604
2011-03-27 18:00:00,166.04546
2011-03-27 19:00:00,175.20485
2011-03-27 20:00:00,144.44449
2011-03-27 21:00:00,119.43199
2011-03-27 22:00:00,119.43199
2011-03-27 23:00:00,109.50857
2011-03-28 00:00:00,96.421196
2011-03-28 01:00:00,114.26381
2011-03-28 02:00:00,114.671585
2011-03-28 03:00:00,114.671585
2011-03-28 05:00:00,105.27176
2011-03-28 06:00:00,123.268166
2011-03-28 07:00:00,130.18596
2011-03-28 08:00:00,138.27986
2011-03-28 09:00:00,142.15234
2011-03-28 10:00:00,158.26732
2011-03-28 11:00:00,159.8566
2011-03-28 12:00:00,168.40309
2011-03-28 13:00:00,197.59117
2011-03-28 14:00:00,230.28099
2011-03-28 15:00:00,225.39694
2011-03-28 16:00:00,235.2806
2011-03-28 17:00:00,239.74648
2011-03-28 18:00:00,243.11868
2011-03-28 19:00:00,205.65457
2011-03-28 20:00:00,206.69687
2011-03-28 21:00:00,219.7434
2011-03-28 22:00:00,220.29362
2011-03-28 23:00:00,199.51128
2011-03-29 00:00:00,168.12358
2011-03-29 01:00:00,149.14894
2011-03-29 02:00:00,149.14894
2011-03-29 03:00:00,149.14894
2011-03-29 04:00:00,110.1479
2011-03-29 05:00:00,134.3161
2011-03-29 06:00:00,119.648766
2011-03-29 07:00:00,112.9087
2011-03-29 08:00:00,132.2003
2011-03-29 09:00:00,172.38588
2011-03-29 10:00:00,210.12148
2011-03-29 11:00:00,196.8538
2011-03-29 12:00:00,213.64198
2011-03-29 13:00:00,227.82222
2011-03-29 14:00:00,235.96983
2011-03-29 15:00:00,249.35158
2011-03-29 16:00:00,247.54243
2011-03-29 17:00:00,260.2255
2011-03-29 18:00:00,224.40804
2011-03-29 19:00:00,231.94022
2011-03-29 20:00:00,224.40804
2011-03-29 21:00:00,147.55931
2011-03-29 22:00:00,101.673515
2011-03-29 23:00:00,91.06892
2011-03-30 00:00:00,89.23521
2011-03-30 01:00:00,157.28511
2011-03-30 02:00:00,89.23521
2011-03-30 03:00:00,117.03881
2011-03-30 04:00:00,89.23521
2011-03-30 05:00:00,98.790764
2011-03-30 06:00:00,120.01313
2011-03-30 07:00:00,141.54558
2011-03-30 08:00:00,123.30311
2011-03-30 09:00:00,131.70732
2011-03-30 10:00:00,134.8763
2011-03-30 11:00:00,132.45793
2011-03-30 12:00:00,139.3676
2011-03-30 13:00:00,140.41313
2011-03-30 14:00:00,136.40147
2011-03-30 15:00:00,44.659397
2011-03-30 16:00:00,37.283546
2011-03-30 17:00:00,46.38781
2011-03-30 18:00:00,42.511135
2011-03-30 19:00:00,42.511135
2011-03-30 20:00:00,38.850548
2011-03-30 21:00:00,44.147858
2011-03-30 22:00:00,30.26504
2011-03-30 23:00:00,37.18789
2011-03-31 00:00:00,30.26504
2011-03-31 01:00:00,29.791033
2011-03-31 02:00:00,29.791033
2011-03-31 03:00:00,30.26504
2011-03-31 04:00:00,33.477295
2011-03-31 05:00:00,30.26504
2011-03-31 06:00:00,38.850548
2011-03-31 07:00:00,33.477295
2011-03-31 08:00:00,41.073452
2011-03-31 09:00:00,32.626305
2011-03-31 10:00:00,32.626305
2011-03-31 11:00:00,36.764442
2011-03-31 12:00:00,36.764442
2011-03-31 13:00:00,55.130196
2011-03-31 14:00:00,55.130188
2011-03-31 15:00:00,39.98532
2011-03-31 16:00:00,48.432888
2011-03-31 17:00:00,48.432888
2011-03-31 18:00:00,61.71573
2011-03-31 19:00:00,61.71573
2011-03-31 20:00:00,35.788322
2011-03-31 21:00:00,49.081306
2011-03-31 22:00:00,36.05615
2011-03-31 23:00:00,35.30648
2011-04-20 00:00:00,94.32634
2011-04-20 01:00:00,87.80842
2011-04-20 02:00:00,87.80842
2011-04-20 03:00:00,70.56519
2011-04-20 04:00:00,67.14659
2011-04-20 05:00:00,92.21864
2011-04-20 06:00:00,87.80842
2011-04-20 07:00:00,74.42359
2011-04-20 08:00:00,234.63902
2011-04-20 09:00:00,270.49396
2011-04-20 10:00:00,165.31749
2011-04-20 11:00:00,165.31749
2011-04-20 12:00:00,352.78244
2011-04-20 13:00:00,352.78244
2011-04-20 14:00:00,378.01553
2011-04-20 15:00:00,376.71466
2011-04-20 16:00:00,376.71466
2011-04-20 17:00:00,389.65994
2011-04-20 18:00:00,320.77505
2011-04-20 19:00:00,305.7658
2011-04-20 20:00:00,275.2247
2011-04-20 21:00:00,324.0143
2011-04-20 22:00:00,310.38498
2011-04-20 23:00:00,328.4066
2011-04-21 00:00:00,273.004
2011-04-21 01:00:00,226.85728
2011-04-21 02:00:00,234.94273
2011-04-21 03:00:00,168.68391
2011-04-21 04:00:00,157.4366
2011-04-21 05:00:00,149.11037
2011-04-21 06:00:00,137.62889
2011-04-21 07:00:00,158.94641
2011-04-21 08:00:00,146.85374
2011-04-21 09:00:00,159.9311
2011-04-21 10:00:00,181.23955
2011-04-21 11:00:00,201.55795
2011-04-21 12:00:00,206.50285
2011-04-21 13:00:00,268.62604
2011-04-21 14:00:00,274.6698
2011-04-21 15:00:00,309.41794
2011-04-21 16:00:00,315.70663
2011-04-21 17:00:00,256.4945
2011-04-21 18:00:00,304.7955
2011-04-21 19:00:00,281.6829
2011-04-21 20:00:00,220.0849
2011-04-21 21:00:00,162.0819
2011-04-21 22:00:00,171.4821
2011-04-21 23:00:00,158.83954
2011-04-22 00:00:00,114.47728
2011-04-22 01:00:00,131.81084
2011-04-22 02:00:00,133.79051
2011-04-22 03:00:00,133.79051
2011-04-22 04:00:00,128.41986
2011-04-22 05:00:00,127.09999
2011-04-22 06:00:00,128.41985
2011-04-22 07:00:00,114.072
2011-04-22 08:00:00,112.783615
2011-04-22 09:00:00,77.761024
2011-04-22 10:00:00,101.66085
2011-04-22 11:00:00,78.1168
2011-04-22 12:00:00,68.053185
2011-04-22 13:00:00,57.380554
2011-04-22 14:00:00,44.931683
2011-04-22 15:00:00,57.380554
2011-04-22 16:00:00,63.792847
2011-04-22 17:00:00,41.0736
2011-04-22 18:00:00,41.0736
2011-04-22 19:00:00,41.0736
2011-04-22 20:00:00,42.565727
2011-04-22 21:00:00,47.84764
2011-04-22 22:00:00,50.54293
2011-04-22 23:00:00,61.71771
2011-04-23 00:00:00,34.70591
2011-04-23 01:00:00,34.70591
2011-04-23 02:00:00,42.412735
2011-04-23 03:00:00,45.2853
2011-04-23 04:00:00,65.25559
2011-04-23 05:00:00,65.25559
2011-04-23 06:00:00,36.221855
2011-04-23 07:00:00,37.809868
2011-04-23 08:00:00,38.254684
2011-04-23 09:00:00,54.725132
2011-04-23 10:00:00,82.61326
2011-04-23 11:00:00,98.09169
2011-04-23 12:00:00,135.08032
2011-04-23 13:00:00,134.34047
2011-04-23 14:00:00,172.11394
2011-04-23 15:00:00,219.06142
2011-04-23 16:00:00,189.95692
2011-04-23 17:00:00,210.56696
2011-04-23 18:00:00,122.69896
2011-04-23 19:00:00,131.61873
2011-04-23 20:00:00,126.64111
2011-04-23 21:00:00,141.25697
2011-04-23 22:00:00,152.24895
2011-04-23 23:00:00,109.94907
2011-04-24 00:00:00,104.61111
2011-04-24 01:00:00,83.100784
2011-04-24 02:00:00,83.100784
2011-04-24 03:00:00,47.81875
2011-04-24 04:00:00,47.81875
2011-04-24 05:00:00,47.81875
2011-04-24 06:00:00,72.923164
2011-04-24 07:00:00,72.923164
2011-04-24 08:00:00,84.52883
2011-04-24 09:00:00,113.89482
2011-04-24 10:00:00,125.4517
2011-04-24 11:00:00,178.94324
2011-04-24 12:00:00,252.28432
2011-04-24 13:00:00,313.34586
2011-04-24 14:00:00,339.8334
2011-04-24 15:00:00,265.98813
2011-04-24 16:00:00,381.51767
2011-04-24 17:00:00,256.5253
2011-04-24 18:00:00,164.57272
2011-04-24 19:00:00,143.96898
2011-04-24 20:00:00,143.96898
2011-04-24 21:00:00,104.80053
2011-04-24 22:00:00,100.26965
2011-04-24 23:00:00,97.23177
2011-04-25 00:00:00,119.21595
2011-04-25 01:00:00,87.69741
2011-04-25 02:00:00,87.69741
2011-04-25 03:00:00,107.86424
2011-04-25 04:00:00,106.04504
2011-04-25 05:00:00,95.10157
2011-04-25 06:00:00,102.418465
2011-04-25 07:00:00,107.64915
2011-04-25 08:00:00,115.38775
2011-04-25 09:00:00,140.76355
2011-04-25 10:00:00,201.29262
2011-04-25 11:00:00,201.29262
2011-04-25 12:00:00,217.39238
2011-04-25 13:00:00,275.5491
2011-04-25 14:00:00,319.5013
2011-04-25 15:00:00,322.80408
2011-04-25 16:00:00,327.13068
2011-04-25 17:00:00,321.62143
2011-04-25 18:00:00,301.54785
2011-04-25 19:00:00,285.47702
2011-04-25 20:00:00,270.49396
2011-04-25 21:00:00,223.80354
2011-04-25 22:00:00,212.52553
2011-04-25 23:00:00,184.1361
2011-04-26 00:00:00,230.15472
2011-04-26 01:00:00,210.86403
2011-04-26 02:00:00,177.11852
2011-04-26 03:00:00,156.7837
2011-04-26 04:00:00,162.93138
2011-04-26 05:00:00,148.5799
2011-04-26 06:00:00,145.07611
2011-04-26 07:00:00,180.6045
2011-04-26 08:00:00,180.60448
2011-04-26 09:00:00,233.88493
2011-04-26 10:00:00,252.54399
2011-04-26 11:00:00,277.01053
2011-04-26 12:00:00,303.63846
2011-04-26 13:00:00,367.62997
2011-04-26 14:00:00,321.19913
2011-04-26 15:00:00,298.4022
2011-04-26 16:00:00,313.45337
2011-04-26 17:00:00,286.84793
2011-04-26 18:00:00,274.9548
2011-04-26 19:00:00,235.1909
2011-04-26 20:00:00,233.88493
2011-04-26 21:00:00,203.42567
2011-04-26 22:00:00,164.17813
2011-04-26 23:00:00,166.27715
2011-04-27 00:00:00,164.91496
2011-04-27 01:00:00,173.47566
2011-04-27 02:00:00,158.25734
2011-04-27 03:00:00,159.17476
2011-04-27 04:00:00,135.17456
2011-04-27 05:00:00,145.21812
2011-04-27 06:00:00,142.95644
2011-04-27 07:00:00,159.17476
2011-04-27 08:00:00,159.21004
2011-04-27 09:00:00,149.53868
2011-04-27 10:00:00,175.78836
2011-04-27 11:00:00,187.80876
2011-04-27 12:00:00,220.10944
2011-04-27 13:00:00,206.7419
2011-04-27 14:00:00,237.76938
2011-04-27 15:00:00,283.00784
2011-04-27 16:00:00,273.3378
2011-04-27 17:00:00,176.21657
2011-04-27 18:00:00,176.21657
2011-04-27 19:00:00,203.42567
2011-04-27 20:00:00,199.22203
2011-04-27 21:00:00,170.08867
2011-04-27 22:00:00,168.81804
2011-04-27 23:00:00,166.92894
2011-04-28 00:00:00,217.97026
2011-04-28 01:00:00,176.0807
2011-04-28 02:00:00,171.20982
2011-04-28 03:00:00,193.46062
2011-04-28 04:00:00,173.16844
2011-04-28 05:00:00,176.0807
2011-04-28 06:00:00,192.61678
2011-04-28 07:00:00,192.20091
2011-04-28 08:00:00,203.45653
2011-04-28 09:00:00,153.75922
2011-04-28 10:00:00,165.62227
2011-04-28 11:00:00,175.78836
2011-04-28 12:00:00,184.02705
2011-04-28 13:00:00,178.05846
2011-04-28 14:00:00,192.4517
2011-04-28 15:00:00,249.89305
2011-04-28 16:00:00,195.21497
2011-04-28 17:00:00,320.98172
2011-04-28 18:00:00,320.98172
2011-04-28 19:00:00,318.7714
2011-04-28 20:00:00,267.65546
2011-04-28 21:00:00,225.32416
2011-04-28 22:00:00,227.50024
2011-04-28 23:00:00,210.39027
2011-04-29 00:00:00,254.33052
2011-04-29 01:00:00,188.5753
2011-04-29 02:00:00,130.38072
2011-04-29 03:00:00,130.25697
2011-04-29 04:00:00,165.49466
2011-04-29 05:00:00,173.7474
2011-04-29 06:00:00,218.86404
2011-04-29 07:00:00,230.59605
2011-04-29 08:00:00,268.80862
2011-04-29 09:00:00,274.48294
2011-04-29 10:00:00,275.29163
2011-04-29 11:00:00,303.74533
2011-04-29 12:00:00,284.4894
2011-04-29 13:00:00,288.2346
2011-04-29 14:00:00,342.05334
2011-04-29 15:00:00,263.39136
2011-04-29 16:00:00,248.50113
2011-04-29 17:00:00,221.9683
2011-04-29 18:00:00,224.02725
2011-04-29 19:00:00,172.97234
2011-04-29 20:00:00,193.41429
2011-04-29 21:00:00,171.62187
2011-04-29 22:00:00,138.90413
2011-04-29 23:00:00,148.5472
2011-04-30 00:00:00,140.32631
2011-04-30 01:00:00,134.181
2011-04-30 02:00:00,140.82289
2011-04-30 03:00:00,125.16172
2011-04-30 04:00:00,128.0246
2011-04-30 05:00:00,152.11308
2011-04-30 06:00:00,127.92492
2011-04-30 07:00:00,143.2378
2011-04-30 08:00:00,137.4041
2011-04-30 09:00:00,168.55254
2011-04-30 10:00:00,221.5355
2011-04-30 11:00:00,251.43547
2011-04-30 12:00:00,264.2868
2011-04-30 13:00:00,294.49643
2011-04-30 14:00:00,296.13522
2011-04-30 15:00:00,299.70758
2011-04-30 16:00:00,340.95963
2011-04-30 17:00:00,259.95676
2011-04-30 18:00:00,244.39078
2011-04-30 19:00:00,244.39078
2011-04-30 20:00:00,94.551155
2011-04-30 21:00:00,94.551155
2011-04-30 22:00:00,79.25634
2011-04-30 23:00:00,79.25634
2011-05-20 00:00:00,79.91093
2011-05-20 01:00:00,72.868324
2011-05-20 02:00:00,70.74876
2011-05-20 03:00:00,69.06704
2011-05-20 04:00:00,76.83283
2011-05-20 05:00:00,80.27323
2011-05-20 06:00:00,92.289604
2011-05-20 07:00:00,134.98775
2011-05-20 08:00:00,122.85663
2011-05-20 09:00:00,172.84334
2011-05-20 10:00:00,179.7241
2011-05-20 11:00:00,194.19022
2011-05-20 12:00:00,250.23679
2011-05-20 13:00:00,241.21947
2011-05-20 14:00:00,279.67694
2011-05-20 15:00:00,244.90402
2011-05-20 16:00:00,242.29758
2011-05-20 17:00:00,186.90126
2011-05-20 18:00:00,259.85037
2011-05-20 19:00:00,148.14807
2011-05-20 20:00:00,153.74165
2011-05-20 21:00:00,148.56503
2011-05-20 22:00:00,119.70904
2011-05-20 23:00:00,147.5565
2011-05-21 00:00:00,83.28474
2011-05-21 01:00:00,82.73136
2011-05-21 02:00:00,90.171364
2011-05-21 03:00:00,66.37493
2011-05-21 04:00:00,59.4855
2011-05-21 05:00:00,51.911934
2011-05-21 06:00:00,79.220116
2011-05-21 07:00:00,102.525566
2011-05-21 08:00:00,173.95625
2011-05-21 09:00:00,215.34239
2011-05-21 10:00:00,174.47568
2011-05-21 11:00:00,270.16452
2011-05-21 12:00:00,236.46349
2011-05-21 13:00:00,293.75723
2011-05-21 14:00:00,333.22012
2011-05-21 15:00:00,377.24265
2011-05-21 16:00:00,415.9991
2011-05-21 17:00:00,361.92145
2011-05-21 18:00:00,331.4302
2011-05-21 19:00:00,322.39923
2011-05-21 20:00:00,156.30852
2011-05-21 21:00:00,174.47568
2011-05-21 22:00:00,144.55663
2011-05-21 23:00:00,90.68841
2011-05-22 00:00:00,87.34835
2011-05-22 01:00:00,64.010475
2011-05-22 02:00:00,56.2789
2011-05-22 03:00:00,43.05843
2011-05-22 04:00:00,49.163445
2011-05-22 05:00:00,43.05843
2011-05-22 06:00:00,56.2789
2011-05-22 07:00:00,71.19901
2011-05-22 08:00:00,115.836525
2011-05-22 09:00:00,141.66377
2011-05-22 10:00:00,167.34206
2011-05-22 11:00:00,307.07364
2011-05-22 12:00:00,336.07645
2011-05-22 13:00:00,282.9244
2011-05-22 14:00:00,195.98653
2011-05-22 15:00:00,246.80724
2011-05-22 16:00:00,219.42332
2011-05-22 17:00:00,305.433
2011-05-22 18:00:00,254.9766
2011-05-22 19:00:00,239.62112
2011-05-22 20:00:00,182.52122
2011-05-22 21:00:00,152.0594
2011-05-22 22:00:00,101.701225
2011-05-22 23:00:00,120.44779
2011-05-23 00:00:00,141.51308
2011-05-23 01:00:00,115.38775
2011-05-23 02:00:00,134.49486
2011-05-23 03:00:00,123.8263
2011-05-23 04:00:00,116.20292
2011-05-23 05:00:00,116.20292
2011-05-23 06:00:00,109.49767
2011-05-23 07:00:00,130.06886
2011-05-23 08:00:00,140.97496
2011-05-23 09:00:00,148.18886
2011-05-23 10:00:00,231.09285
2011-05-23 11:00:00,265.5861
2011-05-23 12:00:00,265.5861
2011-05-23 13:00:00,321.1508
2011-05-23 14:00:00,292.4624
2011-05-23 15:00:00,297.0716
2011-05-23 16:00:00,291.97318
2011-05-23 17:00:00,260.13113
2011-05-23 18:00:00,256.05692
2011-05-23 19:00:00,231.57115
2011-05-23 20:00:00,168.91975
2011-05-23 21:00:00,157.98576
2011-05-23 22:00:00,136.31944
2011-05-23 23:00:00,159.69586
2011-05-24 00:00:00,134.80441
2011-05-24 01:00:00,132.6222
2011-05-24 02:00:00,134.80441
2011-05-24 03:00:00,134.45857
2011-05-24 04:00:00,117.30199
2011-05-24 05:00:00,151.3246
2011-05-24 06:00:00,147.56448
2011-05-24 07:00:00,171.95393
2011-05-24 08:00:00,160.06422
2011-05-24 09:00:00,197.01999
2011-05-24 10:00:00,296.55728
2011-05-24 11:00:00,322.80408
2011-05-24 12:00:00,375.25333
2011-05-24 13:00:00,336.33218
2011-05-24 14:00:00,345.97147
2011-05-24 15:00:00,318.47995
2011-05-24 16:00:00,214.06908
2011-05-24 17:00:00,234.54759
2011-05-24 18:00:00,231.4829
2011-05-24 19:00:00,195.81941
2011-05-24 20:00:00,160.18993
2011-05-24 21:00:00,143.59795
2011-05-24 22:00:00,151.5428
2011-05-24 23:00:00,195.92928
2011-05-25 00:00:00,154.5356
2011-05-25 01:00:00,146.83894
2011-05-25 02:00:00,120.82528
2011-05-25 03:00:00,99.34551
2011-05-25 04:00:00,91.516556
2011-05-25 05:00:00,111.62348
2011-05-25 06:00:00,102.34398
2011-05-25 07:00:00,167.24284
2011-05-25 08:00:00,216.4915
2011-05-25 09:00:00,203.87047
2011-05-25 10:00:00,224.80815
2011-05-25 11:00:00,259.30765
2011-05-25 12:00:00,285.71912
2011-05-25 13:00:00,285.71912
2011-05-25 14:00:00,301.915
2011-05-25 15:00:00,338.66812
2011-05-25 16:00:00,340.4439
2011-05-25 17:00:00,322.80408
2011-05-25 18:00:00,310.91214
2011-05-25 19:00:00,254.88744
2011-05-25 20:00:00,273.8496
2011-05-25 21:00:00,190.5442
2011-05-25 22:00:00,240.70274
2011-05-25 23:00:00,172.20657
2011-05-26 00:00:00,172.20656
2011-05-26 01:00:00,172.20656
2011-05-26 02:00:00,136.69524
2011-05-26 03:00:00,113.45778
2011-05-26 04:00:00,110.63968
2011-05-26 05:00:00,136.00388
2011-05-26 06:00:00,98.39025
2011-05-26 07:00:00,150.97432
2011-05-26 08:00:00,176.18486
2011-05-26 09:00:00,241.39952
2011-05-26 10:00:00,256.05692
2011-05-26 11:00:00,301.6579
2011-05-26 12:00:00,364.93433
2011-05-26 13:00:00,361.86172
2011-05-26 14:00:00,361.86172
2011-05-26 15:00:00,372.4056
2011-05-26 16:00:00,381.17355
2011-05-26 17:00:00,350.1734
2011-05-26 18:00:00,361.8176
2011-05-26 19:00:00,359.16568
2011-05-26 20:00:00,288.6941
2011-05-26 21:00:00,236.68803
2011-05-26 22:00:00,237.058
2011-05-26 23:00:00,265.85828
2011-05-27 00:00:00,254.15727
2011-05-27 01:00:00,305.22867
2011-05-27 02:00:00,278.50748
2011-05-27 03:00:00,193.49132
2011-05-27 04:00:00,181.22069
2011-05-27 05:00:00,246.14644
2011-05-27 06:00:00,163.4869
2011-05-27 07:00:00,181.6732
2011-05-27 08:00:00,226.71599
2011-05-27 09:00:00,281.53568
2011-05-27 10:00:00,343.33768
2011-05-27 11:00:00,323.8662
2011-05-27 12:00:00,329.9849
2011-05-27 13:00:00,310.31607
2011-05-27 14:00:00,339.22232
2011-05-27 15:00:00,348.84882
2011-05-27 16:00:00,343.0934
2011-05-27 17:00:00,340.14337
2011-05-27 18:00:00,291.97318
2011-05-27 19:00:00,167.05165
2011-05-27 20:00:00,190.80812
2011-05-27 21:00:00,132.35164
2011-05-27 22:00:00,155.30002
2011-05-27 23:00:00,127.63595
2011-05-28 00:00:00,89.104836
2011-05-28 01:00:00,105.40181
2011-05-28 02:00:00,89.57635
2011-05-28 03:00:00,107.11668
2011-05-28 04:00:00,113.89482
2011-05-28 05:00:00,107.11668
2011-05-28 06:00:00,129.50041
2011-05-28 07:00:00,136.0028
2011-05-28 08:00:00,140.58498
2011-05-28 09:00:00,187.1475
2011-05-28 10:00:00,252.52571
2011-05-28 11:00:00,252.52571
2011-05-28 12:00:00,312.88495
2011-05-28 13:00:00,294.26334
2011-05-28 14:00:00,312.78262
2011-05-28 15:00:00,326.72568
2011-05-28 16:00:00,351.11588
2011-05-28 17:00:00,346.75784
2011-05-28 18:00:00,304.3879
2011-05-28 19:00:00,236.0266
2011-05-28 20:00:00,252.52571
2011-05-28 21:00:00,211.60335
2011-05-28 22:00:00,155.91502
2011-05-28 23:00:00,123.0589
2011-05-29 00:00:00,132.18654
2011-05-29 01:00:00,100.43034
2011-05-29 02:00:00,83.10319
2011-05-29 03:00:00,83.10319
2011-05-29 04:00:00,74.38221
2011-05-29 05:00:00,71.93337
2011-05-29 06:00:00,131.48328
2011-05-29 07:00:00,144.47203
2011-05-29 08:00:00,138.3208
2011-05-29 09:00:00,127.25199
2011-05-29 10:00:00,165.98859
2011-05-29 11:00:00,177.58769
2011-05-29 12:00:00,233.64227
2011-05-29 13:00:00,269.1226
2011-05-29 14:00:00,279.92963
2011-05-29 15:00:00,285.74692
2011-05-29 16:00:00,279.92963
2011-05-29 17:00:00,279.92963
2011-05-29 18:00:00,258.10733
2011-05-29 19:00:00,245.01212
2011-05-29 20:00:00,175.26845
2011-05-29 21:00:00,137.28279
2011-05-29 22:00:00,99.685905
2011-05-29 23:00:00,108.82481
2011-05-30 00:00:00,85.730835
2011-05-30 01:00:00,68.226585
2011-05-30 02:00:00,85.730835
2011-05-30 03:00:00,85.730835
2011-05-30 04:00:00,72.15005
2011-05-30 05:00:00,80.10305
2011-05-30 06:00:00,79.92574
2011-05-30 07:00:00,79.233376
2011-05-30 08:00:00,102.17669
2011-05-30 09:00:00,152.49786
2011-05-30 10:00:00,361.6927
2011-05-30 11:00:00,262.70663
2011-05-30 12:00:00,316.76602
2011-05-30 13:00:00,308.74777
2011-05-30 14:00:00,329.39908
2011-05-30 15:00:00,357.17587
2011-05-30 16:00:00,360.64868
2011-05-30 17:00:00,359.4163
2011-05-30 18:00:00,332.98505
2011-05-30 19:00:00,200.20747
2011-05-30 20:00:00,199.91971
2011-05-30 21:00:00,192.34225
2011-05-30 22:00:00,187.08192
2011-05-30 23:00:00,113.78837
2011-05-31 00:00:00,169.56438
2011-05-31 01:00:00,143.60692
2011-05-31 02:00:00,153.13368
2011-05-31 03:00:00,126.97305
2011-05-31 04:00:00,140.91794
2011-05-31 05:00:00,140.91794
2011-05-31 06:00:00,158.22906
2011-05-31 07:00:00,240.21165
2011-05-31 08:00:00,299.20358
2011-05-31 09:00:00,303.85843
2011-05-31 10:00:00,309.93332
2011-05-31 11:00:00,283.79794
2011-05-31 12:00:00,307.33612
2011-05-31 13:00:00,285.16568
2011-05-31 14:00:00,255.75053
2011-05-31 15:00:00,275.15445
2011-05-31 16:00:00,278.16415
2011-05-31 17:00:00,348.6395
2011-05-31 18:00:00,338.5599
2011-05-31 19:00:00,272.68744
2011-05-31 20:00:00,272.68744
2011-05-31 21:00:00,256.30664
2011-05-31 22:00:00,254.40753
2011-05-31 23:00:00,183.11653
2011-06-20 00:00:00,163.78224
2011-06-20 01:00:00,121.19727
2011-06-20 02:00:00,121.19727
2011-06-20 03:00:00,149.3077
2011-06-20 04:00:00,146.3027
2011-06-20 05:00:00,151.21832
2011-06-20 06:00:00,157.58348
2011-06-20 07:00:00,136.53947
2011-06-20 08:00:00,140.91164
2011-06-20 09:00:00,177.36734
2011-06-20 10:00:00,177.36734
2011-06-20 11:00:00,161.49036
2011-06-20 12:00:00,192.16945
2011-06-20 13:00:00,189.441
2011-06-20 14:00:00,220.64851
2011-06-20 15:00:00,236.84673
2011-06-20 16:00:00,281.67853
2011-06-20 17:00:00,194.63225
2011-06-20 18:00:00,292.33386
2011-06-20 19:00:00,252.50468
2011-06-20 20:00:00,226.91351
2011-06-20 21:00:00,181.67323
2011-06-20 22:00:00,202.35506
2011-06-20 23:00:00,195.21497
2011-06-21 00:00:00,121.14916
2011-06-21 01:00:00,165.35152
2011-06-21 02:00:00,137.0514
2011-06-21 03:00:00,137.0514
2011-06-21 04:00:00,103.70588
2011-06-21 05:00:00,110.91952
2011-06-21 06:00:00,110.91952
2011-06-21 07:00:00,84.01218
2011-06-21 08:00:00,107.50855
2011-06-21 09:00:00,132.25252
2011-06-21 10:00:00,134.84744
2011-06-21 11:00:00,116.249176
2011-06-21 12:00:00,157.79662
2011-06-21 13:00:00,233.05951
2011-06-21 14:00:00,291.2634
2011-06-21 15:00:00,326.8207
2011-06-21 16:00:00,325.36414
2011-06-21 17:00:00,302.63828
2011-06-21 18:00:00,267.6058
2011-06-21 19:00:00,240.79924
2011-06-21 20:00:00,241.87726
2011-06-21 21:00:00,194.85805
2011-06-21 22:00:00,123.02611
2011-06-21 23:00:00,131.85078
2011-06-22 00:00:00,130.44942
2011-06-22 01:00:00,111.90492
2011-06-22 02:00:00,98.50178
2011-06-22 03:00:00,111.90492
2011-06-22 04:00:00,85.99386
2011-06-22 05:00:00,82.277016
2011-06-22 06:00:00,95.38856
2011-06-22 07:00:00,116.588036
2011-06-22 08:00:00,153.85442
2011-06-22 09:00:00,156.72148
2011-06-22 10:00:00,253.16138
2011-06-22 11:00:00,209.01256
2011-06-22 12:00:00,308.39212
2011-06-22 13:00:00,332.10687
2011-06-22 14:00:00,344.76895
2011-06-22 15:00:00,341.9715
2011-06-22 16:00:00,357.55978
2011-06-22 17:00:00,359.45572
2011-06-22 18:00:00,317.99704
2011-06-22 19:00:00,318.8
2011-06-22 20:00:00,179.5361
2011-06-22 21:00:00,164.11137
2011-06-22 22:00:00,206.23584
2011-06-22 23:00:00,213.93205
2011-06-23 00:00:00,180.24426
2011-06-23 01:00:00,208.36064
2011-06-23 02:00:00,208.36064
2011-06-23 03:00:00,221.59514
2011-06-23 04:00:00,171.08452
2011-06-23 05:00:00,181.40141
2011-06-23 06:00:00,181.4014
2011-06-23 07:00:00,215.76244
2011-06-23 08:00:00,241.70471
2011-06-23 09:00:00,236.55135
2011-06-23 10:00:00,252.10208
2011-06-23 11:00:00,270.26855
2011-06-23 12:00:00,284.54538
2011-06-23 13:00:00,289.6227
2011-06-23 14:00:00,286.1736
2011-06-23 15:00:00,325.5683
2011-06-23 16:00:00,271.7086
2011-06-23 17:00:00,249.00731
2011-06-23 18:00:00,279.9553
2011-06-23 19:00:00,270.34265
2011-06-23 20:00:00,185.44827
2011-06-23 21:00:00,171.5203
2011-06-23 22:00:00,214.59079
2011-06-23 23:00:00,215.30745
2011-06-24 00:00:00,141.24857
2011-06-24 01:00:00,172.26454
2011-06-24 02:00:00,172.26454
2011-06-24 03:00:00,116.249176
2011-06-24 04:00:00,95.73008
2011-06-24 05:00:00,80.14348
2011-06-24 06:00:00,107.23582
2011-06-24 07:00:00,149.34557
2011-06-24 08:00:00,185.44827
2011-06-24 09:00:00,219.61179
2011-06-24 10:00:00,335.33377
2011-06-24 11:00:00,351.92892
2011-06-24 12:00:00,334.47604
2011-06-24 13:00:00,327.75708
2011-06-24 14:00:00,341.43112
2011-06-24 15:00:00,365.84003
2011-06-24 16:00:00,379.36508
2011-06-24 17:00:00,337.6328
2011-06-24 18:00:00,347.9218
2011-06-24 19:00:00,329.01968
2011-06-24 20:00:00,293.91318
2011-06-24 21:00:00,263.53177
2011-06-24 22:00:00,191.36017
2011-06-24 23:00:00,246.86485
2011-06-25 00:00:00,338.1623
2011-06-25 01:00:00,313.2667
2011-06-25 02:00:00,308.2628
2011-06-25 03:00:00,234.77853
2011-06-25 04:00:00,234.77853
2011-06-25 05:00:00,152.32048
2011-06-25 06:00:00,245.5202
2011-06-25 07:00:00,265.0946
2011-06-25 08:00:00,365.65088
2011-06-25 09:00:00,400.79047
2011-06-25 10:00:00,373.09708
2011-06-25 11:00:00,383.0129
2011-06-25 12:00:00,442.92865
2011-06-25 13:00:00,442.92865
2011-06-25 14:00:00,416.08032
2011-06-25 15:00:00,344.92944
2011-06-25 16:00:00,431.90073
2011-06-25 17:00:00,405.67825
2011-06-25 18:00:00,400.79047
2011-06-25 19:00:00,376.69492
2011-06-25 20:00:00,348.6445
2011-06-25 21:00:00,310.13635
2011-06-25 22:00:00,354.1821
2011-06-25 23:00:00,318.78772
2011-06-26 00:00:00,197.78017
2011-06-26 01:00:00,237.08644
2011-06-26 02:00:00,181.57901
2011-06-26 03:00:00,110.453476
2011-06-26 04:00:00,105.403625
2011-06-26 05:00:00,107.539024
2011-06-26 06:00:00,107.539024
2011-06-26 07:00:00,128.03687
2011-06-26 08:00:00,191.31017
2011-06-26 09:00:00,227.84863
2011-06-26 10:00:00,284.1531
2011-06-26 11:00:00,335.35757
2011-06-26 12:00:00,390.39786
2011-06-26 13:00:00,410.02136
2011-06-26 14:00:00,374.9733
2011-06-26 15:00:00,410.02136
2011-06-26 16:00:00,390.76804
2011-06-26 17:00:00,380.05844
2011-06-26 18:00:00,397.2587
2011-06-26 19:00:00,306.28946
2011-06-26 20:00:00,285.03293
2011-06-26 21:00:00,261.89597
2011-06-26 22:00:00,246.93953
2011-06-26 23:00:00,232.6567
2011-06-27 00:00:00,183.52469
2011-06-27 01:00:00,142.1129
2011-06-27 02:00:00,159.95558
2011-06-27 03:00:00,159.95558
2011-06-27 04:00:00,127.74529
2011-06-27 05:00:00,132.55754
2011-06-27 06:00:00,148.06784
2011-06-27 07:00:00,185.94205
2011-06-27 08:00:00,143.95406
2011-06-27 09:00:00,203.50264
2011-06-27 10:00:00,235.93965
2011-06-27 11:00:00,188.13673
2011-06-27 12:00:00,203.50264
2011-06-27 13:00:00,261.98083
2011-06-27 14:00:00,220.326
2011-06-27 15:00:00,207.2827
2011-06-27 16:00:00,220.95053
2011-06-27 17:00:00,243.52968
2011-06-27 18:00:00,180.43112
2011-06-27 19:00:00,259.42096
2011-06-27 20:00:00,175.38042
2011-06-27 21:00:00,130.62471
2011-06-27 22:00:00,113.42223
2011-06-27 23:00:00,113.42223
2011-06-28 00:00:00,150.41586
2011-06-28 01:00:00,106.78986
2011-06-28 02:00:00,139.35225
2011-06-28 03:00:00,139.35225
2011-06-28 04:00:00,106.78986
2011-06-28 05:00:00,98.50178
2011-06-28 06:00:00,116.249176
2011-06-28 07:00:00,135.82544
2011-06-28 08:00:00,143.05812
2011-06-28 09:00:00,136.95361
2011-06-28 10:00:00,292.13583
2011-06-28 11:00:00,264.51636
2011-06-28 12:00:00,318.2358
2011-06-28 13:00:00,265.84064
2011-06-28 14:00:00,308.71432
2011-06-28 15:00:00,282.73404
2011-06-28 16:00:00,340.64673
2011-06-28 17:00:00,320.75946
2011-06-28 18:00:00,313.75003
2011-06-28 19:00:00,309.65463
2011-06-28 20:00:00,151.58516
2011-06-28 21:00:00,282.48874
2011-06-28 22:00:00,236.58458
2011-06-28 23:00:00,230.93608
2011-06-29 00:00:00,184.15608
2011-06-29 01:00:00,180.78865
2011-06-29 02:00:00,134.44579
2011-06-29 03:00:00,127.13412
2011-06-29 04:00:00,99.519714
2011-06-29 05:00:00,116.443
2011-06-29 06:00:00,219.98926
2011-06-29 07:00:00,284.81265
2011-06-29 08:00:00,325.17972
2011-06-29 09:00:00,372.4326
2011-06-29 10:00:00,349.20178
2011-06-29 11:00:00,333.93445
2011-06-29 12:00:00,338.72928
2011-06-29 13:00:00,352.29437
2011-06-29 14:00:00,326.004
2011-06-29 15:00:00,314.8532
2011-06-29 16:00:00,373.53317
2011-06-29 17:00:00,371.42868
2011-06-29 18:00:00,345.88422
2011-06-29 19:00:00,378.43027
2011-06-29 20:00:00,349.98325
2011-06-29 21:00:00,332.82645
2011-06-29 22:00:00,318.16373
2011-06-29 23:00:00,289.44443
2011-06-30 00:00:00,260.0562
2011-06-30 01:00:00,230.8307
2011-06-30 02:00:00,211.70644
2011-06-30 03:00:00,203.69975
2011-06-30 04:00:00,166.36208
2011-06-30 05:00:00,202.39082
2011-06-30 06:00:00,213.29848
2011-06-30 07:00:00,223.98111
2011-06-30 08:00:00,300.9865
2011-06-30 09:00:00,329.10782
2011-06-30 10:00:00,319.3607
2011-06-30 11:00:00,310.48514
2011-06-30 12:00:00,322.30173
2011-06-30 13:00:00,330.43948
2011-06-30 14:00:00,329.44992
2011-06-30 15:00:00,340.0485
2011-06-30 16:00:00,315.80862
2011-06-30 17:00:00,364.34433
2011-06-30 18:00:00,343.06613
2011-06-30 19:00:00,332.50583
2011-06-30 20:00:00,332.50583
2011-06-30 21:00:00,305.7851
2011-06-30 22:00:00,304.79214
2011-06-30 23:00:00,170.80402
2011-07-20 00:00:00,118.19919
2011-07-20 01:00:00,113.55099
2011-07-20 02:00:00,113.55099
2011-07-20 03:00:00,118.19919
2011-07-20 04:00:00,104.78328
2011-07-20 05:00:00,108.6455
2011-07-20 06:00:00,129.5083
2011-07-20 07:00:00,144.941
2011-07-20 08:00:00,136.00508
2011-07-20 09:00:00,168.69289
2011-07-20 10:00:00,151.10286
2011-07-20 11:00:00,236.91545
2011-07-20 12:00:00,206.69563
2011-07-20 13:00:00,321.1651
2011-07-20 14:00:00,339.26562
2011-07-20 15:00:00,306.3942
2011-07-20 16:00:00,232.32126
2011-07-20 17:00:00,324.97617
2011-07-20 18:00:00,340.14676
2011-07-20 19:00:00,308.48697
2011-07-20 20:00:00,308.9943
2011-07-20 21:00:00,289.5563
2011-07-20 22:00:00,295.03116
2011-07-20 23:00:00,253.89284
2011-07-21 00:00:00,253.96404
2011-07-21 01:00:00,210.57884
2011-07-21 02:00:00,210.57884
2011-07-21 03:00:00,196.3803
2011-07-21 04:00:00,164.14473
2011-07-21 05:00:00,164.14473
2011-07-21 06:00:00,164.14473
2011-07-21 07:00:00,180.5075
2011-07-21 08:00:00,240.9725
2011-07-21 09:00:00,305.1342
2011-07-21 10:00:00,328.8632
2011-07-21 11:00:00,382.1968
2011-07-21 12:00:00,401.63284
2011-07-21 13:00:00,391.15927
2011-07-21 14:00:00,387.23282
2011-07-21 15:00:00,372.72293
2011-07-21 16:00:00,356.67902
2011-07-21 17:00:00,350.06415
2011-07-21 18:00:00,363.42523
2011-07-21 19:00:00,395.2976
2011-07-21 20:00:00,353.68436
2011-07-21 21:00:00,343.09628
2011-07-21 22:00:00,304.16312
2011-07-21 23:00:00,280.79648
2011-07-22 00:00:00,289.34357
2011-07-22 01:00:00,190.87749
2011-07-22 02:00:00,215.40541
2011-07-22 03:00:00,208.50868
2011-07-22 04:00:00,181.03944
2011-07-22 05:00:00,141.02777
2011-07-22 06:00:00,170.94919
2011-07-22 07:00:00,271.858
2011-07-22 08:00:00,317.7152
2011-07-22 09:00:00,279.60727
2011-07-22 10:00:00,306.10275
2011-07-22 11:00:00,297.5262
2011-07-22 12:00:00,321.1257
2011-07-22 13:00:00,337.57907
2011-07-22 14:00:00,360.26144
2011-07-22 15:00:00,377.17804
2011-07-22 16:00:00,416.119
2011-07-22 17:00:00,283.92725
2011-07-22 18:00:00,288.65915
2011-07-22 19:00:00,341.00546
2011-07-22 20:00:00,232.32126
2011-07-22 21:00:00,253.39156
2011-07-22 22:00:00,300.8358
2011-07-22 23:00:00,309.5117
2011-07-23 00:00:00,281.85626
2011-07-23 01:00:00,283.84555
2011-07-23 02:00:00,313.17688
2011-07-23 03:00:00,214.69507
2011-07-23 04:00:00,201.99727
2011-07-23 05:00:00,240.27426
2011-07-23 06:00:00,292.2814
2011-07-23 07:00:00,273.5852
2011-07-23 08:00:00,391.8788
2011-07-23 09:00:00,341.85544
2011-07-23 10:00:00,347.65814
2011-07-23 11:00:00,330.50833
2011-07-23 12:00:00,324.7524
2011-07-23 13:00:00,327.21948
2011-07-23 14:00:00,377.94684
2011-07-23 15:00:00,351.43015
2011-07-23 16:00:00,324.74454
2011-07-23 17:00:00,324.74454
2011-07-23 18:00:00,353.7941
2011-07-23 19:00:00,326.21097
2011-07-23 20:00:00,349.0815
2011-07-23 21:00:00,349.0815
2011-07-23 22:00:00,323.60428
2011-07-23 23:00:00,255.92146
2011-07-24 00:00:00,255.92146
2011-07-24 01:00:00,224.41359
2011-07-24 02:00:00,240.50761
2011-07-24 03:00:00,240.50761
2011-07-24 04:00:00,224.41359
2011-07-24 05:00:00,214.69507
2011-07-24 06:00:00,284.1001
2011-07-24 07:00:00,279.84213
2011-07-24 08:00:00,383.94473
2011-07-24 09:00:00,407.2827
2011-07-24 10:00:00,437.28946
2011-07-24 11:00:00,381.21878
2011-07-24 12:00:00,332.43045
2011-07-24 13:00:00,373.18155
2011-07-24 14:00:00,410.72626
2011-07-24 15:00:00,361.39645
2011-07-24 16:00:00,361.39645
2011-07-24 17:00:00,315.54974
2011-07-24 18:00:00,324.2777
2011-07-24 19:00:00,344.113
2011-07-24 20:00:00,341.85544
2011-07-24 21:00:00,276.9095
2011-07-24 22:00:00,188.84378
2011-07-24 23:00:00,210.65855
2011-07-25 00:00:00,194.2371
2011-07-25 01:00:00,218.30319
2011-07-25 02:00:00,178.80107
2011-07-25 03:00:00,130.24962
2011-07-25 04:00:00,131.26051
2011-07-25 05:00:00,131.26051
2011-07-25 06:00:00,158.25375
2011-07-25 07:00:00,157.34251
2011-07-25 08:00:00,185.97385
2011-07-25 09:00:00,192.84071
2011-07-25 10:00:00,206.69563
2011-07-25 11:00:00,328.03787
2011-07-25 12:00:00,328.03787
2011-07-25 13:00:00,226.02342
2011-07-25 14:00:00,206.23582
2011-07-25 15:00:00,219.48961
2011-07-25 16:00:00,156.70793
2011-07-25 17:00:00,130.45241
2011-07-25 18:00:00,156.89409
2011-07-25 19:00:00,168.69289
2011-07-25 20:00:00,167.61678
2011-07-25 21:00:00,113.55099
2011-07-25 22:00:00,113.55099
2011-07-25 23:00:00,113.53308
2011-07-26 00:00:00,123.02612
2011-07-26 01:00:00,123.02612
2011-07-26 02:00:00,102.73481
2011-07-26 03:00:00,112.06704
2011-07-26 04:00:00,122.26223
2011-07-26 05:00:00,83.5628
2011-07-26 06:00:00,145.92137
2011-07-26 07:00:00,271.32452
2011-07-26 08:00:00,279.4
2011-07-26 09:00:00,325.17667
2011-07-26 10:00:00,331.1985
2011-07-26 11:00:00,292.43674
2011-07-26 12:00:00,289.78113
2011-07-26 13:00:00,335.29218
2011-07-26 14:00:00,327.0898
2011-07-26 15:00:00,332.11786
2011-07-26 16:00:00,328.5218
2011-07-26 17:00:00,347.80704
2011-07-26 18:00:00,368.89984
2011-07-26 19:00:00,336.39493
2011-07-26 20:00:00,329.8609
2011-07-26 21:00:00,315.54648
2011-07-26 22:00:00,251.65285
2011-07-26 23:00:00,225.83694
2011-07-27 00:00:00,273.90958
2011-07-27 01:00:00,301.19257
2011-07-27 02:00:00,337.681
2011-07-27 03:00:00,246.85721
2011-07-27 04:00:00,286.85117
2011-07-27 05:00:00,304.61368
2011-07-27 06:00:00,284.81265
2011-07-27 07:00:00,320.45316
2011-07-27 08:00:00,338.1159
2011-07-27 09:00:00,338.72928
2011-07-27 10:00:00,300.58652
2011-07-27 11:00:00,296.571
2011-07-27 12:00:00,337.39578
2011-07-27 13:00:00,349.25302
2011-07-27 14:00:00,321.47687
2011-07-27 15:00:00,321.87128
2011-07-27 16:00:00,304.77124
2011-07-27 17:00:00,321.046
2011-07-27 18:00:00,300.1366
2011-07-27 19:00:00,300.91006
2011-07-27 20:00:00,322.45578
2011-07-27 21:00:00,255.78217
2011-07-27 22:00:00,197.54617
2011-07-27 23:00:00,263.70462
2011-07-28 00:00:00,251.29639
2011-07-28 01:00:00,173.29732
2011-07-28 02:00:00,218.15466
2011-07-28 03:00:00,162.05695
2011-07-28 04:00:00,188.15001
2011-07-28 05:00:00,175.38042
2011-07-28 06:00:00,139.46523
2011-07-28 07:00:00,197.22873
2011-07-28 08:00:00,233.05951
2011-07-28 09:00:00,298.27017
2011-07-28 10:00:00,351.13712
2011-07-28 11:00:00,366.2903
2011-07-28 12:00:00,347.3716
2011-07-28 13:00:00,331.8472
2011-07-28 14:00:00,352.0992
2011-07-28 15:00:00,320.0833
2011-07-28 16:00:00,295.79843
2011-07-28 17:00:00,317.33417
2011-07-28 18:00:00,336.19916
2011-07-28 19:00:00,318.69162
2011-07-28 20:00:00,309.51166
2011-07-28 21:00:00,321.99072
2011-07-28 22:00:00,275.12027
2011-07-28 23:00:00,224.1732
2011-07-29 00:00:00,164.11137
2011-07-29 01:00:00,152.73872
2011-07-29 02:00:00,130.24962
2011-07-29 03:00:00,130.24962
2011-07-29 04:00:00,145.32661
2011-07-29 05:00:00,128.81972
2011-07-29 06:00:00,152.9736
2011-07-29 07:00:00,178.80107
2011-07-29 08:00:00,193.20909
2011-07-29 09:00:00,331.8472
2011-07-29 10:00:00,333.9745
2011-07-29 11:00:00,337.47263
2011-07-29 12:00:00,311.13226
2011-07-29 13:00:00,270.25052
2011-07-29 14:00:00,298.7382
2011-07-29 15:00:00,304.0309
2011-07-29 16:00:00,330.2942
2011-07-29 17:00:00,313.8244
2011-07-29 18:00:00,337.93503
2011-07-29 19:00:00,316.39792
2011-07-29 20:00:00,342.1799
2011-07-29 21:00:00,294.64963
2011-07-29 22:00:00,322.25006
2011-07-29 23:00:00,248.34355
2011-07-30 00:00:00,307.79764
2011-07-30 01:00:00,235.784
2011-07-30 02:00:00,247.33525
2011-07-30 03:00:00,229.94984
2011-07-30 04:00:00,188.93672
2011-07-30 05:00:00,222.06178
2011-07-30 06:00:00,229.96034
2011-07-30 07:00:00,247.70686
2011-07-30 08:00:00,319.37735
2011-07-30 09:00:00,415.97745
2011-07-30 10:00:00,395.94138
2011-07-30 11:00:00,339.04977
2011-07-30 12:00:00,340.44492
2011-07-30 13:00:00,339.12106
2011-07-30 14:00:00,333.4407
2011-07-30 15:00:00,322.89224
2011-07-30 16:00:00,353.95386
2011-07-30 17:00:00,322.9132
2011-07-30 18:00:00,347.97876
2011-07-30 19:00:00,398.0529
2011-07-30 20:00:00,329.89926
2011-07-30 21:00:00,326.12662
2011-07-30 22:00:00,262.2206
2011-07-30 23:00:00,235.78401
2011-07-31 00:00:00,235.784
2011-07-31 01:00:00,193.67824
2011-07-31 02:00:00,168.73802
2011-07-31 03:00:00,159.23892
2011-07-31 04:00:00,134.98668
2011-07-31 05:00:00,139.12401
2011-07-31 06:00:00,144.22581
2011-07-31 07:00:00,250.73506
2011-07-31 08:00:00,316.2483
2011-07-31 09:00:00,329.27173
2011-07-31 10:00:00,327.57565
2011-07-31 11:00:00,346.45898
2011-07-31 12:00:00,344.49612
2011-07-31 13:00:00,332.4894
2011-07-31 14:00:00,338.78296
2011-07-31 15:00:00,378.42166
2011-07-31 16:00:00,375.1127
2011-07-31 17:00:00,341.88675
2011-07-31 18:00:00,373.85562
2011-07-31 19:00:00,383.31107
2011-07-31 20:00:00,383.31107
2011-07-31 21:00:00,340.09903
2011-07-31 22:00:00,245.24669
2011-07-31 23:00:00,237.23479
2011-08-20 00:00:00,40.753605
2011-08-20 01:00:00,57.838184
2011-08-20 02:00:00,69.898
2011-08-20 03:00:00,69.898
2011-08-20 04:00:00,65.22893
2011-08-20 05:00:00,52.894665
2011-08-20 06:00:00,84.835144
2011-08-20 07:00:00,57.838196
2011-08-20 08:00:00,103.10938
2011-08-20 09:00:00,141.30573
2011-08-20 10:00:00,196.64474
2011-08-20 11:00:00,192.03108
2011-08-20 12:00:00,250.73506
2011-08-20 13:00:00,270.384
2011-08-20 14:00:00,344.48148
2011-08-20 15:00:00,361.30978
2011-08-20 16:00:00,355.16214
2011-08-20 17:00:00,344.48148
2011-08-20 18:00:00,314.1832
2011-08-20 19:00:00,244.39066
2011-08-20 20:00:00,259.88022
2011-08-20 21:00:00,190.67522
2011-08-20 22:00:00,181.25774
2011-08-20 23:00:00,115.5062
2011-08-21 00:00:00,139.31477
2011-08-21 01:00:00,114.46166
2011-08-21 02:00:00,103.12731
2011-08-21 03:00:00,94.62647
2011-08-21 04:00:00,106.63734
2011-08-21 05:00:00,101.66213
2011-08-21 06:00:00,97.1394
2011-08-21 07:00:00,133.92723
2011-08-21 08:00:00,131.54274
2011-08-21 09:00:00,173.78355
2011-08-21 10:00:00,201.65327
2011-08-21 11:00:00,343.93253
2011-08-21 12:00:00,375.41736
2011-08-21 13:00:00,391.16788
2011-08-21 14:00:00,194.79366
2011-08-21 15:00:00,141.77936
2011-08-21 16:00:00,127.06365
2011-08-21 17:00:00,115.783806
2011-08-21 18:00:00,165.03328
2011-08-21 19:00:00,206.46413
2011-08-21 20:00:00,145.15791
2011-08-21 21:00:00,145.15791
2011-08-21 22:00:00,144.54073
2011-08-21 23:00:00,125.34239
2011-08-22 00:00:00,130.87495
2011-08-22 01:00:00,108.64899
2011-08-22 02:00:00,220.66048
2011-08-22 03:00:00,225.61595
2011-08-22 04:00:00,207.85817
2011-08-22 05:00:00,248.37225
2011-08-22 06:00:00,255.52365
2011-08-22 07:00:00,260.83276
2011-08-22 08:00:00,260.83276
2011-08-22 09:00:00,288.72867
2011-08-22 10:00:00,325.17972
2011-08-22 11:00:00,363.8116
2011-08-22 12:00:00,381.48895
2011-08-22 13:00:00,400.3865
2011-08-22 14:00:00,378.4896
2011-08-22 15:00:00,354.22614
2011-08-22 16:00:00,378.4896
2011-08-22 17:00:00,361.7285
2011-08-22 18:00:00,359.0886
2011-08-22 19:00:00,355.85358
2011-08-22 20:00:00,338.5987
2011-08-22 21:00:00,323.5278
2011-08-22 22:00:00,354.41446
2011-08-22 23:00:00,320.82407
2011-08-23 00:00:00,286.95825
2011-08-23 01:00:00,269.60263
2011-08-23 02:00:00,250.29214
2011-08-23 03:00:00,243.65906
2011-08-23 04:00:00,223.31224
2011-08-23 05:00:00,225.78575
2011-08-23 06:00:00,209.48796
2011-08-23 07:00:00,264.55264
2011-08-23 08:00:00,200.90102
2011-08-23 09:00:00,239.32207
2011-08-23 10:00:00,309.48236
2011-08-23 11:00:00,316.7559
2011-08-23 12:00:00,297.99457
2011-08-23 13:00:00,321.44382
2011-08-23 14:00:00,317.6014
2011-08-23 15:00:00,338.44144
2011-08-23 16:00:00,325.50876
2011-08-23 17:00:00,338.44144
2011-08-23 18:00:00,334.28983
2011-08-23 19:00:00,286.00278
2011-08-23 20:00:00,276.18558
2011-08-23 21:00:00,142.11308
2011-08-23 22:00:00,211.70644
2011-08-23 23:00:00,189.08958
2011-08-24 00:00:00,211.70644
2011-08-24 01:00:00,181.01305
2011-08-24 02:00:00,135.2233
2011-08-24 03:00:00,135.2233
2011-08-24 04:00:00,104.29214
2011-08-24 05:00:00,104.29214
2011-08-24 06:00:00,92.77895
2011-08-24 07:00:00,148.98326
2011-08-24 08:00:00,134.20723
2011-08-24 09:00:00,189.46225
2011-08-24 10:00:00,285.03
2011-08-24 11:00:00,316.75336
2011-08-24 12:00:00,328.0128
2011-08-24 13:00:00,384.72018
2011-08-24 14:00:00,384.72018
2011-08-24 15:00:00,389.95074
2011-08-24 16:00:00,369.96133
2011-08-24 17:00:00,355.79398
2011-08-24 18:00:00,320.9161
2011-08-24 19:00:00,320.9161
2011-08-24 20:00:00,298.19266
2011-08-24 21:00:00,283.99997
2011-08-24 22:00:00,268.0942
2011-08-24 23:00:00,230.40279
2011-08-25 00:00:00,199.8434
2011-08-25 01:00:00,248.91841
2011-08-25 02:00:00,248.91841
2011-08-25 03:00:00,202.95718
2011-08-25 04:00:00,205.09135
2011-08-25 05:00:00,197.88615
2011-08-25 06:00:00,172.26454
2011-08-25 07:00:00,191.72394
2011-08-25 08:00:00,218.96042
2011-08-25 09:00:00,241.08022
2011-08-25 10:00:00,266.35693
2011-08-25 11:00:00,177.86055
2011-08-25 12:00:00,177.86055
2011-08-25 13:00:00,123.02612
2011-08-25 14:00:00,168.00298
2011-08-25 15:00:00,182.71062
2011-08-25 16:00:00,128.81972
2011-08-25 17:00:00,128.81972
2011-08-25 18:00:00,174.25093
2011-08-25 19:00:00,178.34511
2011-08-25 20:00:00,190.9635
2011-08-25 21:00:00,160.38835
2011-08-25 22:00:00,88.48196
2011-08-25 23:00:00,89.271706
2011-08-26 00:00:00,100.6406
2011-08-26 01:00:00,88.48196
2011-08-26 02:00:00,89.1562
2011-08-26 03:00:00,79.0767
2011-08-26 04:00:00,79.215805
2011-08-26 05:00:00,102.235435
2011-08-26 06:00:00,79.215805
2011-08-26 07:00:00,85.99386
2011-08-26 08:00:00,99.519714
2011-08-26 09:00:00,119.65864
2011-08-26 10:00:00,184.08347
2011-08-26 11:00:00,203.64287
2011-08-26 12:00:00,242.17441
2011-08-26 13:00:00,254.96385
2011-08-26 14:00:00,194.75078
2011-08-26 15:00:00,298.61948
2011-08-26 16:00:00,227.75514
2011-08-26 17:00:00,236.44328
2011-08-26 18:00:00,226.02342
2011-08-26 19:00:00,133.88286
2011-08-26 20:00:00,128.64691
2011-08-26 21:00:00,156.72148
2011-08-26 22:00:00,133.88283
2011-08-26 23:00:00,113.533066
2011-08-27 00:00:00,80.60005
2011-08-27 01:00:00,96.59786
2011-08-27 02:00:00,106.9544
2011-08-27 03:00:00,140.00114
2011-08-27 04:00:00,140.00114
2011-08-27 05:00:00,165.69173
2011-08-27 06:00:00,165.69173
2011-08-27 07:00:00,185.70984
2011-08-27 08:00:00,150.73346
2011-08-27 09:00:00,196.61896
2011-08-27 10:00:00,209.94948
2011-08-27 11:00:00,117.56484
2011-08-27 12:00:00,145.81665
2011-08-27 13:00:00,133.86012
2011-08-27 14:00:00,116.55065
2011-08-27 15:00:00,116.55065
2011-08-27 16:00:00,114.574524
2011-08-27 17:00:00,144.54965
2011-08-28 07:00:00,117.65087
2011-08-28 08:00:00,119.47368
2011-08-28 09:00:00,207.92842
2011-08-28 10:00:00,292.25504
2011-08-28 11:00:00,317.71973
2011-08-28 12:00:00,374.12595
2011-08-28 13:00:00,432.23416
2011-08-28 14:00:00,445.4503
2011-08-28 15:00:00,450.5871
2011-08-28 16:00:00,429.14093
2011-08-28 17:00:00,429.3445
2011-08-28 18:00:00,405.67825
2011-08-28 19:00:00,284.1531
2011-08-28 20:00:00,317.54376
2011-08-28 21:00:00,169.42947
2011-08-28 22:00:00,89.75849
2011-08-28 23:00:00,71.8715
2011-08-29 00:00:00,108.852516
2011-08-29 01:00:00,119.36409
2011-08-29 02:00:00,151.03423
2011-08-29 03:00:00,119.36409
2011-08-29 04:00:00,134.26811
2011-08-29 05:00:00,112.15551
2011-08-29 06:00:00,112.15551
2011-08-29 07:00:00,223.44926
2011-08-29 08:00:00,250.98294
2011-08-29 09:00:00,269.7789
2011-08-29 10:00:00,296.47275
2011-08-29 11:00:00,272.21048
2011-08-29 12:00:00,269.5527
2011-08-29 13:00:00,291.7698
2011-08-29 14:00:00,260.46848
2011-08-29 15:00:00,304.79214
2011-08-29 16:00:00,306.72443
2011-08-29 17:00:00,286.6719
2011-08-29 18:00:00,307.34628
2011-08-29 19:00:00,307.34628
2011-08-29 20:00:00,245.46638
2011-08-29 21:00:00,258.19736
2011-08-29 22:00:00,211.70644
2011-08-29 23:00:00,172.41365
2011-08-30 00:00:00,112.15551
2011-08-30 01:00:00,122.923325
2011-08-30 02:00:00,103.365166
2011-08-30 03:00:00,128.95091
2011-08-30 04:00:00,111.0541
2011-08-30 05:00:00,91.05807
2011-08-30 06:00:00,103.365166
2011-08-30 07:00:00,134.26811
2011-08-30 08:00:00,211.70644
2011-08-30 09:00:00,286.00278
2011-08-30 10:00:00,337.31284
2011-08-30 11:00:00,329.33438
2011-08-30 12:00:00,310.5033
2011-08-30 13:00:00,307.68173
2011-08-30 14:00:00,327.31186
2011-08-30 15:00:00,335.0452
2011-08-30 16:00:00,318.82166
2011-08-30 17:00:00,319.3607
2011-08-30 18:00:00,289.08133
2011-08-30 19:00:00,219.24622
2011-08-30 20:00:00,170.80402
2011-08-30 21:00:00,145.63835
2011-08-30 22:00:00,124.51976
2011-08-30 23:00:00,124.51976
2011-08-31 00:00:00,105.290115
2011-08-31 01:00:00,105.290115
2011-08-31 02:00:00,92.77893
2011-08-31 03:00:00,86.14521
2011-08-31 04:00:00,92.77893
2011-08-31 05:00:00,81.04116
2011-08-31 06:00:00,86.03084
2011-08-31 07:00:00,94.10496
2011-08-31 08:00:00,108.00234
2011-08-31 09:00:00,114.63618
2011-08-31 10:00:00,263.0995
2011-08-31 11:00:00,296.4334
2011-08-31 12:00:00,291.63748
2011-08-31 13:00:00,302.42252
2011-08-31 14:00:00,303.8483
2011-08-31 15:00:00,303.8483
2011-08-31 16:00:00,297.9609
2011-08-31 17:00:00,280.309
2011-08-31 18:00:00,294.5128
2011-08-31 19:00:00,331.4088
2011-08-31 20:00:00,217.49974
2011-08-31 21:00:00,171.17389
2011-08-31 22:00:00,105.83278
2011-08-31 23:00:00,100.685776
2011-09-20 00:00:00,156.08977
2011-09-20 01:00:00,110.00315
2011-09-20 02:00:00,110.00315
2011-09-20 03:00:00,122.16953
2011-09-20 04:00:00,98.85081
2011-09-20 05:00:00,111.15533
2011-09-20 06:00:00,111.15533
2011-09-20 07:00:00,110.00315
2011-09-20 08:00:00,101.34665
2011-09-20 09:00:00,99.814125
2011-09-20 10:00:00,107.16603
2011-09-20 11:00:00,107.16603
2011-09-20 12:00:00,106.6472
2011-09-20 13:00:00,101.24374
2011-09-20 14:00:00,121.24384
2011-09-20 15:00:00,134.40596
2011-09-20 16:00:00,127.74529
2011-09-20 17:00:00,89.638084
2011-09-20 18:00:00,89.638084
2011-09-20 19:00:00,77.35865
2011-09-20 20:00:00,67.14605
2011-09-20 21:00:00,67.146065
2011-09-20 22:00:00,67.146065
2011-09-20 23:00:00,67.146065
2011-09-21 00:00:00,58.464436
2011-09-21 01:00:00,63.15098
2011-09-21 02:00:00,63.15098
2011-09-21 03:00:00,87.36213
2011-09-21 04:00:00,88.76464
2011-09-21 05:00:00,92.99253
2011-09-21 06:00:00,97.61475
2011-09-21 07:00:00,97.61475
2011-09-21 08:00:00,82.94067
2011-09-21 09:00:00,83.82985
2011-09-21 10:00:00,98.07873
2011-09-21 11:00:00,132.55754
2011-09-21 12:00:00,128.67604
2011-09-21 13:00:00,183.7701
2011-09-21 14:00:00,189.27663
2011-09-21 15:00:00,169.23856
2011-09-21 16:00:00,169.23856
2011-09-21 17:00:00,195.90013
2011-09-21 18:00:00,139.82231
2011-09-21 19:00:00,109.81384
2011-09-21 20:00:00,109.81384
2011-09-21 21:00:00,74.95925
2011-09-21 22:00:00,90.03637
2011-09-21 23:00:00,67.65435
2011-09-22 00:00:00,67.65435
2011-09-22 01:00:00,86.848236
2011-09-22 02:00:00,90.393295
2011-09-22 03:00:00,86.84822
2011-09-22 04:00:00,86.84822
2011-09-22 05:00:00,90.393295
2011-09-22 06:00:00,85.32761
2011-09-22 07:00:00,78.70633
2011-09-22 08:00:00,91.53942
2011-09-22 09:00:00,112.97775
2011-09-22 10:00:00,134.15698
2011-09-22 11:00:00,130.93285
2011-09-22 12:00:00,140.95609
2011-09-22 13:00:00,145.36514
2011-09-22 14:00:00,149.34557
2011-09-22 15:00:00,166.3071
2011-09-22 16:00:00,185.07243
2011-09-22 17:00:00,135.0558
2011-09-22 18:00:00,117.37082
2011-09-22 19:00:00,106.361885
2011-09-22 20:00:00,101.02292
2011-09-22 21:00:00,106.361885
2011-09-22 22:00:00,76.47942
2011-09-22 23:00:00,90.03637
2011-09-23 00:00:00,122.15014
2011-09-23 01:00:00,103.791084
2011-09-23 02:00:00,113.96674
2011-09-23 03:00:00,103.791084
2011-09-23 04:00:00,122.60166
2011-09-23 05:00:00,112.53872
2011-09-23 06:00:00,122.15014
2011-09-23 07:00:00,162.23955
2011-09-23 08:00:00,162.23955
2011-09-23 09:00:00,141.66316
2011-09-23 10:00:00,135.95547
2011-09-23 11:00:00,135.95547
2011-09-23 12:00:00,156.47223
2011-09-23 13:00:00,132.06845
2011-09-23 14:00:00,132.06845
2011-09-23 15:00:00,156.47223
2011-09-23 16:00:00,134.5074
2011-09-23 17:00:00,103.791084
2011-09-23 18:00:00,82.59132
2011-09-23 19:00:00,111.77082
2011-09-23 20:00:00,96.48013
2011-09-23 21:00:00,110.2035
2011-09-23 22:00:00,125.5639
2011-09-23 23:00:00,110.84198
2011-09-24 00:00:00,38.01621
2011-09-24 01:00:00,76.804955
2011-09-24 02:00:00,76.804955
2011-09-24 03:00:00,61.444912
2011-09-24 04:00:00,61.53448
2011-09-24 05:00:00,82.31098
2011-09-24 06:00:00,82.31098
2011-09-24 07:00:00,106.417946
2011-09-24 08:00:00,93.1558
2011-09-24 09:00:00,112.21642
2011-09-24 10:00:00,112.21642
2011-09-24 11:00:00,133.82503
2011-09-24 12:00:00,133.82503
2011-09-24 13:00:00,130.95593
2011-09-24 14:00:00,216.27122
2011-09-24 15:00:00,216.27122
2011-09-24 16:00:00,170.41756
2011-09-24 17:00:00,156.5153
2011-09-24 18:00:00,136.72871
2011-09-24 19:00:00,84.29661
2011-09-24 20:00:00,99.59231
2011-09-24 21:00:00,104.73456
2011-09-24 22:00:00,107.746025
2011-09-24 23:00:00,112.21642
2011-09-25 00:00:00,108.30864
2011-09-25 01:00:00,116.76586
2011-09-25 02:00:00,111.292336
2011-09-25 03:00:00,111.292336
2011-09-25 04:00:00,121.41006
2011-09-25 05:00:00,82.22767
2011-09-25 06:00:00,116.76586
2011-09-25 07:00:00,97.56279
2011-09-25 08:00:00,107.746025
2011-09-25 09:00:00,139.32481
2011-09-25 10:00:00,139.32481
2011-09-25 11:00:00,188.21104
2011-09-25 12:00:00,169.73332
2011-09-25 13:00:00,210.52353
2011-09-25 14:00:00,169.73332
2011-09-25 15:00:00,169.73332
2011-09-25 16:00:00,204.02979
2011-09-25 17:00:00,158.61572
2011-09-25 18:00:00,158.61572
2011-09-25 19:00:00,124.40203
2011-09-25 20:00:00,109.603745
2011-09-25 21:00:00,59.94105
2011-09-25 22:00:00,82.17668
2011-09-25 23:00:00,85.989555
2011-09-26 00:00:00,112.53872
2011-09-26 01:00:00,159.07437
2011-09-26 02:00:00,159.07437
2011-09-26 03:00:00,112.538734
2011-09-26 04:00:00,122.15016
2011-09-26 05:00:00,131.09636
2011-09-26 06:00:00,122.15014
2011-09-26 07:00:00,112.53872
2011-09-26 08:00:00,112.53872
2011-09-26 09:00:00,182.4075
2011-09-26 10:00:00,182.4075
2011-09-26 11:00:00,208.27116
2011-09-26 12:00:00,241.74208
2011-09-26 13:00:00,259.68643
2011-09-26 14:00:00,264.15463
2011-09-26 15:00:00,294.00925
2011-09-26 16:00:00,295.01697
2011-09-26 17:00:00,251.00066
2011-09-26 18:00:00,142.79988
2011-09-26 19:00:00,142.38106
2011-09-26 20:00:00,129.53772
2011-09-26 21:00:00,129.53772
2011-09-26 22:00:00,111.77082
2011-09-26 23:00:00,111.77082
2011-09-27 00:00:00,111.77082
2011-09-27 01:00:00,120.90147
2011-09-27 02:00:00,102.84296
2011-09-27 03:00:00,112.53872
2011-09-27 04:00:00,153.24324
2011-09-27 05:00:00,153.24324
2011-09-27 06:00:00,127.86473
2011-09-27 07:00:00,127.86473
2011-09-27 08:00:00,152.55858
2011-09-27 09:00:00,198.58015
2011-09-27 10:00:00,169.95396
2011-09-27 11:00:00,152.87105
2011-09-27 12:00:00,164.1233
2011-09-27 13:00:00,265.811
2011-09-27 14:00:00,221.77112
2011-09-27 15:00:00,181.92511
2011-09-27 16:00:00,226.52321
2011-09-27 17:00:00,185.23535
2011-09-27 18:00:00,181.97202
2011-09-27 19:00:00,163.57584
2011-09-27 20:00:00,145.13991
2011-09-27 21:00:00,123.22178
2011-09-27 22:00:00,120.088745
2011-09-27 23:00:00,120.088745
2011-09-28 00:00:00,108.44456
2011-09-28 01:00:00,108.44456
2011-09-28 02:00:00,164.4782
2011-09-28 03:00:00,125.03684
2011-09-28 04:00:00,108.44456
2011-09-28 05:00:00,114.68055
2011-09-28 06:00:00,151.73848
2011-09-28 07:00:00,151.73848
2011-09-28 08:00:00,155.70494
2011-09-28 09:00:00,155.70494
2011-09-28 10:00:00,112.53872
2011-09-28 11:00:00,193.24428
2011-09-28 12:00:00,185.43306
2011-09-28 13:00:00,255.73836
2011-09-28 14:00:00,330.0322
2011-09-28 15:00:00,251.00066
2011-09-28 16:00:00,273.9242
2011-09-28 17:00:00,278.75467
2011-09-28 18:00:00,225.87502
2011-09-28 19:00:00,225.87502
2011-09-28 20:00:00,198.13756
2011-09-28 21:00:00,179.93767
2011-09-28 22:00:00,120.088745
2011-09-28 23:00:00,116.52088
2011-09-29 00:00:00,133.35895
2011-09-29 01:00:00,136.45427
2011-09-29 02:00:00,136.45427
2011-09-29 03:00:00,152.88383
2011-09-29 04:00:00,177.28712
2011-09-29 05:00:00,158.76192
2011-09-29 06:00:00,152.90117
2011-09-29 07:00:00,137.35455
2011-09-29 08:00:00,123.22178
2011-09-29 09:00:00,218.2048
2011-09-29 10:00:00,288.3925
2011-09-29 11:00:00,297.17245
2011-09-29 12:00:00,308.96365
2011-09-29 13:00:00,304.3823
2011-09-29 14:00:00,370.6106
2011-09-29 15:00:00,401.76053
2011-09-29 16:00:00,413.22437
2011-09-29 17:00:00,381.29544
2011-09-29 18:00:00,383.12802
2011-09-29 19:00:00,296.7371
2011-09-29 20:00:00,289.40335
2011-09-29 21:00:00,290.08392
2011-09-29 22:00:00,229.64372
2011-09-29 23:00:00,189.60634
2011-09-30 00:00:00,152.8837
2011-09-30 01:00:00,182.5443
2011-09-30 02:00:00,152.8837
2011-09-30 03:00:00,152.88368
2011-09-30 04:00:00,167.69057
2011-09-30 05:00:00,167.6906
2011-09-30 06:00:00,174.83452
2011-09-30 07:00:00,174.83452
2011-09-30 08:00:00,201.49063
2011-09-30 09:00:00,238.05936
2011-09-30 10:00:00,235.65988
2011-09-30 11:00:00,292.49368
2011-09-30 12:00:00,320.83966
2011-09-30 13:00:00,367.00003
2011-09-30 14:00:00,357.75504
2011-09-30 15:00:00,356.76926
2011-09-30 16:00:00,332.68393
2011-09-30 17:00:00,328.4298
2011-09-30 18:00:00,316.72986
2011-09-30 19:00:00,294.15518
2011-09-30 20:00:00,294.15518
2011-09-30 21:00:00,291.14935
2011-09-30 22:00:00,268.8129
2011-09-30 23:00:00,268.8129
2011-10-20 00:00:00,159.75687
2011-10-20 01:00:00,192.29805
2011-10-20 02:00:00,189.41582
2011-10-20 03:00:00,183.64272
2011-10-20 04:00:00,183.64272
2011-10-20 05:00:00,176.0894
2011-10-20 06:00:00,164.9805
2011-10-20 07:00:00,170.58676
2011-10-20 08:00:00,199.8787
2011-10-20 09:00:00,196.14357
2011-10-20 10:00:00,229.75847
2011-10-20 11:00:00,252.2152
2011-10-20 12:00:00,281.72574
2011-10-20 13:00:00,302.04648
2011-10-20 14:00:00,267.50742
2011-10-20 15:00:00,255.79405
2011-10-20 16:00:00,255.79405
2011-10-20 17:00:00,269.29086
2011-10-20 18:00:00,262.00143
2011-10-20 19:00:00,254.51974
2011-10-20 20:00:00,251.96132
2011-10-20 21:00:00,253.55516
2011-10-20 22:00:00,248.32478
2011-10-20 23:00:00,233.28325
2011-10-21 00:00:00,208.5287
2011-10-21 01:00:00,211.4661
2011-10-21 02:00:00,194.87393
2011-10-21 03:00:00,160.41109
2011-10-21 04:00:00,164.53111
2011-10-21 05:00:00,153.81575
2011-10-21 06:00:00,164.53111
2011-10-21 07:00:00,164.53111
2011-10-21 08:00:00,218.51042
2011-10-21 09:00:00,267.85977
2011-10-21 10:00:00,293.5383
2011-10-21 11:00:00,316.1557
2011-10-21 12:00:00,299.24728
2011-10-21 13:00:00,276.84637
2011-10-21 14:00:00,326.21573
2011-10-21 15:00:00,302.42905
2011-10-21 16:00:00,309.88107
2011-10-21 17:00:00,277.11957
2011-10-21 18:00:00,261.38235
2011-10-21 19:00:00,229.54445
2011-10-21 20:00:00,269.86502
2011-10-21 21:00:00,257.6578
2011-10-21 22:00:00,273.2201
2011-10-21 23:00:00,211.4661
2011-10-22 00:00:00,197.18626
2011-10-22 01:00:00,197.18626
2011-10-22 02:00:00,186.06715
2011-10-22 03:00:00,214.57324
2011-10-22 04:00:00,175.2983
2011-10-22 05:00:00,203.62044
2011-10-22 06:00:00,127.55389
2011-10-22 07:00:00,127.77082
2011-10-22 08:00:00,166.9367
2011-10-22 09:00:00,201.08595
2011-10-22 10:00:00,251.07024
2011-10-22 11:00:00,251.07024
2011-10-22 12:00:00,286.41232
2011-10-22 13:00:00,417.9197
2011-10-22 14:00:00,312.1591
2011-10-22 15:00:00,297.81412
2011-10-22 16:00:00,360.1669
2011-10-22 17:00:00,284.06442
2011-10-22 18:00:00,284.6889
2011-10-22 19:00:00,217.27821
2011-10-22 20:00:00,213.27953
2011-10-22 21:00:00,120.80462
2011-10-22 22:00:00,120.80462
2011-10-22 23:00:00,97.97602
2011-10-23 00:00:00,88.255226
2011-10-23 01:00:00,88.255226
2011-10-23 02:00:00,108.83338
2011-10-23 03:00:00,90.98997
2011-10-23 04:00:00,90.98997
2011-10-23 05:00:00,90.966225
2011-10-23 06:00:00,111.89398
2011-10-23 07:00:00,108.83338
2011-10-23 08:00:00,119.63505
2011-10-23 09:00:00,120.80462
2011-10-23 10:00:00,163.4083
2011-10-23 11:00:00,168.22963
2011-10-23 12:00:00,249.42943
2011-10-23 13:00:00,303.84497
2011-10-23 14:00:00,296.54483
2011-10-23 15:00:00,327.0942
2011-10-23 16:00:00,303.84497
2011-10-23 17:00:00,261.05902
2011-10-23 18:00:00,260.50195
2011-10-23 19:00:00,146.54137
2011-10-23 20:00:00,172.10655
2011-10-23 21:00:00,172.10655
2011-10-23 22:00:00,129.46739
2011-10-23 23:00:00,141.1722
2011-10-24 00:00:00,136.7425
2011-10-24 01:00:00,147.71776
2011-10-24 02:00:00,134.94644
2011-10-24 03:00:00,138.19753
2011-10-24 04:00:00,117.795555
2011-10-24 05:00:00,111.4735
2011-10-24 06:00:00,134.94644
2011-10-24 07:00:00,138.59853
2011-10-24 08:00:00,154.8618
2011-10-24 09:00:00,166.8367
2011-10-24 10:00:00,172.10674
2011-10-24 11:00:00,234.78877
2011-10-24 12:00:00,258.86142
2011-10-24 13:00:00,269.7015
2011-10-24 14:00:00,274.06705
2011-10-24 15:00:00,290.0145
2011-10-24 16:00:00,267.35443
2011-10-24 17:00:00,249.45784
2011-10-24 18:00:00,285.12766
2011-10-24 19:00:00,180.70412
2011-10-24 20:00:00,150.23402
2011-10-24 21:00:00,131.99257
2011-10-24 22:00:00,193.03294
2011-10-24 23:00:00,173.99196
2011-10-25 00:00:00,160.52386
2011-10-25 01:00:00,160.52386
2011-10-25 02:00:00,149.52554
2011-10-25 03:00:00,112.88279
2011-10-25 04:00:00,139.45528
2011-10-25 05:00:00,139.45528
2011-10-25 06:00:00,139.88843
2011-10-25 07:00:00,167.45015
2011-10-25 08:00:00,177.9817
2011-10-25 09:00:00,275.03104
2011-10-25 10:00:00,287.93118
2011-10-25 11:00:00,299.8568
2011-10-25 12:00:00,357.54282
2011-10-25 13:00:00,377.84882
2011-10-25 14:00:00,363.78268
2011-10-25 15:00:00,346.61758
2011-10-25 16:00:00,368.17435
2011-10-25 17:00:00,346.61758
2011-10-25 18:00:00,321.21304
2011-10-25 19:00:00,232.55482
2011-10-25 20:00:00,238.76851
2011-10-25 21:00:00,200.37178
2011-10-25 22:00:00,223.09566
2011-10-25 23:00:00,200.37178
2011-10-26 00:00:00,187.30873
2011-10-26 01:00:00,203.00789
2011-10-26 02:00:00,220.6493
2011-10-26 03:00:00,206.54034
2011-10-26 04:00:00,186.67369
2011-10-26 05:00:00,185.48936
2011-10-26 06:00:00,185.48936
2011-10-26 07:00:00,189.28499
2011-10-26 08:00:00,222.44794
2011-10-26 09:00:00,254.83534
2011-10-26 10:00:00,264.6296
2011-10-26 11:00:00,252.34021
2011-10-26 12:00:00,308.2441
2011-10-26 13:00:00,291.90643
2011-10-26 14:00:00,193.61467
2011-10-26 15:00:00,193.61467
2011-10-26 16:00:00,220.06038
2011-10-26 17:00:00,221.39983
2011-10-26 18:00:00,199.86987
2011-10-26 19:00:00,130.60805
2011-10-26 20:00:00,108.51203
2011-10-26 21:00:00,193.61467
2011-10-26 22:00:00,142.86754
2011-10-26 23:00:00,142.86754
2011-10-27 00:00:00,94.80155
2011-10-27 01:00:00,94.80155
2011-10-27 02:00:00,132.69662
2011-10-27 03:00:00,132.69661
2011-10-27 04:00:00,145.57106
2011-10-27 05:00:00,148.7252
2011-10-27 06:00:00,187.03477
2011-10-27 07:00:00,124.774376
2011-10-27 08:00:00,159.75516
2011-10-27 09:00:00,183.95319
2011-10-27 10:00:00,161.00258
2011-10-27 11:00:00,153.06744
2011-10-27 12:00:00,153.06744
2011-10-27 13:00:00,161.498
2011-10-27 14:00:00,152.71288
2011-10-27 15:00:00,186.78485
2011-10-27 16:00:00,250.31787
2011-10-27 17:00:00,192.22647
2011-10-27 18:00:00,202.5842
2011-10-27 19:00:00,192.35832
2011-10-27 20:00:00,194.9097
2011-10-27 21:00:00,200.40672
2011-10-27 22:00:00,168.17928
2011-10-27 23:00:00,180.81041
2011-10-28 00:00:00,170.47725
2011-10-28 01:00:00,165.85448
2011-10-28 02:00:00,165.48396
2011-10-28 03:00:00,152.84038
2011-10-28 04:00:00,162.70308
2011-10-28 05:00:00,171.38779
2011-10-28 06:00:00,158.94406
2011-10-28 07:00:00,158.94406
2011-10-28 08:00:00,173.3021
2011-10-28 09:00:00,197.0471
2011-10-28 10:00:00,203.88268
2011-10-28 11:00:00,246.92532
2011-10-28 12:00:00,294.394
2011-10-28 13:00:00,281.99448
2011-10-28 14:00:00,273.5235
2011-10-28 15:00:00,249.06233
2011-10-28 16:00:00,277.9979
2011-10-28 17:00:00,277.95688
2011-10-28 18:00:00,256.85196
2011-10-28 19:00:00,277.95688
2011-10-28 20:00:00,187.07826
2011-10-28 21:00:00,160.72539
2011-10-28 22:00:00,126.602066
2011-10-28 23:00:00,113.86816
2011-10-29 00:00:00,93.52519
2011-10-29 01:00:00,97.41289
2011-10-29 02:00:00,97.41289
2011-10-29 03:00:00,89.191154
2011-10-29 04:00:00,89.191154
2011-10-29 05:00:00,83.78358
2011-10-29 06:00:00,85.6576
2011-10-29 07:00:00,85.6576
2011-10-29 08:00:00,89.71744
2011-10-29 09:00:00,89.71744
2011-10-29 10:00:00,85.189804
2011-10-29 11:00:00,82.2712
2011-10-29 12:00:00,63.242455
2011-10-29 13:00:00,61.623734
2011-10-29 14:00:00,67.363686
2011-10-29 15:00:00,86.48376
2011-10-29 16:00:00,79.54879
2011-10-29 17:00:00,79.54879
2011-10-29 18:00:00,79.54879
2011-10-29 19:00:00,94.834526
2011-10-29 20:00:00,94.834526
2011-10-29 21:00:00,94.83452
2011-10-29 22:00:00,92.72662
2011-10-29 23:00:00,99.812935
2011-10-30 00:00:00,92.72662
2011-10-30 01:00:00,93.73937
2011-10-30 02:00:00,94.305855
2011-10-30 03:00:00,90.15132
2011-10-30 04:00:00,83.08488
2011-10-30 05:00:00,90.21679
2011-10-30 06:00:00,93.609665
2011-10-30 07:00:00,69.1715
2011-10-30 08:00:00,102.094505
2011-10-30 09:00:00,129.00986
2011-10-30 10:00:00,121.68058
2011-10-30 11:00:00,204.29239
2011-10-30 12:00:00,249.26062
2011-10-30 13:00:00,294.46573
2011-10-30 14:00:00,343.05484
2011-10-30 15:00:00,377.17014
2011-10-30 16:00:00,402.35007
2011-10-30 17:00:00,342.79266
2011-10-30 18:00:00,262.7582
2011-10-30 19:00:00,347.31943
2011-10-30 20:00:00,248.66214
2011-10-30 21:00:00,124.021736
2011-10-30 22:00:00,103.113106
2011-10-30 23:00:00,89.345955
2011-10-31 00:00:00,109.662796
2011-10-31 01:00:00,116.29838
2011-10-31 02:00:00,109.8731
2011-10-31 03:00:00,124.9286
2011-10-31 04:00:00,109.8731
2011-10-31 05:00:00,103.01789
2011-10-31 06:00:00,109.8731
2011-10-31 07:00:00,103.01738
2011-10-31 08:00:00,125.260086
2011-10-31 09:00:00,150.99486
2011-10-31 10:00:00,237.16304
2011-10-31 11:00:00,286.74124
2011-10-31 12:00:00,288.5315
2011-10-31 13:00:00,294.31967
2011-10-31 14:00:00,286.5019
2011-10-31 15:00:00,299.95285
2011-10-31 16:00:00,273.2201
2011-10-31 17:00:00,279.74246
2011-10-31 18:00:00,226.5582
2011-10-31 19:00:00,226.5582
2011-10-31 20:00:00,226.5582
2011-10-31 21:00:00,158.44331
2011-10-31 22:00:00,158.44331
2011-10-31 23:00:00,158.44331
2011-11-20 00:00:00,156.6992
2011-11-20 01:00:00,186.06715
2011-11-20 02:00:00,183.45819
2011-11-20 03:00:00,174.6717
2011-11-20 04:00:00,161.11177
2011-11-20 05:00:00,179.01488
2011-11-20 06:00:00,183.89102
2011-11-20 07:00:00,169.7148
2011-11-20 08:00:00,166.78769
2011-11-20 09:00:00,156.35445
2011-11-20 10:00:00,193.67094
2011-11-20 11:00:00,263.6227
2011-11-20 12:00:00,263.43564
2011-11-20 13:00:00,285.3522
2011-11-20 14:00:00,238.15526
2011-11-20 15:00:00,236.09569
2011-11-20 16:00:00,270.39655
2011-11-20 17:00:00,264.20413
2011-11-20 18:00:00,266.96652
2011-11-20 19:00:00,225.01576
2011-11-20 20:00:00,246.51764
2011-11-20 21:00:00,170.32997
2011-11-20 22:00:00,128.0619
2011-11-20 23:00:00,128.0619
2011-11-21 00:00:00,112.71444
2011-11-21 01:00:00,143.19675
2011-11-21 02:00:00,127.51913
2011-11-21 03:00:00,124.702354
2011-11-21 04:00:00,124.702354
2011-11-21 05:00:00,99.50953
2011-11-21 06:00:00,101.52735
2011-11-21 07:00:00,145.06874
2011-11-21 08:00:00,112.71444
2011-11-21 09:00:00,126.774475
2011-11-21 10:00:00,152.71288
2011-11-21 11:00:00,186.78485
2011-11-21 12:00:00,215.75912
2011-11-21 13:00:00,215.75912
2011-11-21 14:00:00,175.83139
2011-11-21 15:00:00,142.70943
2011-11-21 16:00:00,142.70943
2011-11-21 17:00:00,132.87334
2011-11-21 18:00:00,150.25932
2011-11-21 19:00:00,138.57817
2011-11-21 20:00:00,146.6172
2011-11-21 21:00:00,148.00246
2011-11-21 22:00:00,147.8521
2011-11-21 23:00:00,148.00246
2011-11-22 00:00:00,136.38539
2011-11-22 01:00:00,137.74132
2011-11-22 02:00:00,124.20779
2011-11-22 03:00:00,124.20779
2011-11-22 04:00:00,136.3191
2011-11-22 05:00:00,136.3191
2011-11-22 06:00:00,138.59853
2011-11-22 07:00:00,132.0529
2011-11-22 08:00:00,132.0529
2011-11-22 09:00:00,133.1238
2011-11-22 10:00:00,133.1238
2011-11-22 11:00:00,137.74132
2011-11-22 12:00:00,123.87383
2011-11-22 13:00:00,122.5059
2011-11-22 14:00:00,122.5059
2011-11-22 15:00:00,135.60664
2011-11-22 16:00:00,135.60664
2011-11-22 17:00:00,120.668144
2011-11-22 18:00:00,118.87098
2011-11-22 19:00:00,133.98518
2011-11-22 20:00:00,138.1117
2011-11-22 21:00:00,142.18727
2011-11-22 22:00:00,149.75758
2011-11-22 23:00:00,159.41788
2011-11-23 00:00:00,159.41788
2011-11-23 01:00:00,158.48581
2011-11-23 02:00:00,141.57306
2011-11-23 03:00:00,141.57306
2011-11-23 04:00:00,162.14365
2011-11-23 05:00:00,151.38004
2011-11-23 06:00:00,99.50953
2011-11-23 07:00:00,107.99168
2011-11-23 08:00:00,126.774475
2011-11-23 09:00:00,148.04192
2011-11-23 10:00:00,148.04192
2011-11-23 11:00:00,193.73257
2011-11-23 12:00:00,246.91182
2011-11-23 13:00:00,233.74062
2011-11-23 14:00:00,236.43756
2011-11-23 15:00:00,228.0966
2011-11-23 16:00:00,196.63197
2011-11-23 17:00:00,156.55168
2011-11-23 18:00:00,203.36644
2011-11-23 19:00:00,210.1172
2011-11-23 20:00:00,187.67479
2011-11-23 21:00:00,201.81462
2011-11-23 22:00:00,178.17203
2011-11-23 23:00:00,182.83559
2011-11-24 00:00:00,120.967186
2011-11-24 01:00:00,155.25188
2011-11-24 02:00:00,101.2238
2011-11-24 03:00:00,60.97036
2011-11-24 04:00:00,98.78652
2011-11-24 05:00:00,100.525246
2011-11-24 06:00:00,98.78652
2011-11-24 07:00:00,46.262512
2011-11-24 08:00:00,62.75895
2011-11-24 09:00:00,189.20497
2011-11-24 10:00:00,254.41742
2011-11-24 11:00:00,301.19485
2011-11-24 12:00:00,407.9551
2011-11-24 13:00:00,441.05667
2011-11-24 14:00:00,420.81827
2011-11-24 15:00:00,449.20285
2011-11-24 16:00:00,418.57388
2011-11-24 17:00:00,453.65924
2011-11-24 18:00:00,299.33463
2011-11-24 19:00:00,272.43015
2011-11-24 20:00:00,114.2156
2011-11-24 21:00:00,112.43136
2011-11-24 22:00:00,112.43136
2011-11-24 23:00:00,82.22274
2011-11-25 00:00:00,152.5107
2011-11-25 01:00:00,123.74421
2011-11-25 02:00:00,134.96277
2011-11-25 03:00:00,143.15724
2011-11-25 04:00:00,145.63615
2011-11-25 05:00:00,123.62241
2011-11-25 06:00:00,133.24413
2011-11-25 07:00:00,116.29838
2011-11-25 08:00:00,134.28377
2011-11-25 09:00:00,123.20211
2011-11-25 10:00:00,164.53111
2011-11-25 11:00:00,222.07245
2011-11-25 12:00:00,301.559
2011-11-25 13:00:00,316.1557
2011-11-25 14:00:00,351.7672
2011-11-25 15:00:00,357.79886
2011-11-25 16:00:00,340.17178
2011-11-25 17:00:00,341.6224
2011-11-25 18:00:00,316.1451
2011-11-25 19:00:00,213.09013
2011-11-25 20:00:00,262.89432
2011-11-25 21:00:00,149.82002
2011-11-25 22:00:00,150.95184
2011-11-25 23:00:00,145.90103
2011-11-26 00:00:00,126.45481
2011-11-26 01:00:00,112.106834
2011-11-26 02:00:00,117.484924
2011-11-26 03:00:00,96.427025
2011-11-26 04:00:00,96.427025
2011-11-26 05:00:00,111.945854
2011-11-26 06:00:00,138.14964
2011-11-26 07:00:00,108.116264
2011-11-26 08:00:00,112.106834
2011-11-26 09:00:00,120.04627
2011-11-26 10:00:00,98.40586
2011-11-26 11:00:00,226.42934
2011-11-26 12:00:00,345.72916
2011-11-26 13:00:00,418.58884
2011-11-26 14:00:00,324.30246
2011-11-26 15:00:00,362.75717
2011-11-26 16:00:00,320.46292
2011-11-26 17:00:00,320.46292
2011-11-26 18:00:00,224.35202
2011-11-26 19:00:00,166.41695
2011-11-26 20:00:00,299.3583
2011-11-26 21:00:00,114.218834
2011-11-26 22:00:00,129.82155
2011-11-26 23:00:00,98.40586
2011-11-27 00:00:00,98.40586
2011-11-27 01:00:00,98.40586
2011-11-27 02:00:00,97.22349
2011-11-27 03:00:00,90.98997
2011-11-27 04:00:00,112.91796
2011-11-27 05:00:00,128.24333
2011-11-27 06:00:00,131.49156
2011-11-27 07:00:00,133.50264
2011-11-27 08:00:00,141.0899
2011-11-27 09:00:00,171.65398
2011-11-27 10:00:00,171.65398
2011-11-27 11:00:00,212.12617
2011-11-27 12:00:00,290.29184
2011-11-27 13:00:00,283.13788
2011-11-27 14:00:00,394.8451
2011-11-27 15:00:00,451.25314
2011-11-27 16:00:00,335.29852
2011-11-27 17:00:00,309.35556
2011-11-27 18:00:00,258.55817
2011-11-27 19:00:00,200.69972
2011-11-27 20:00:00,227.59113
2011-11-27 21:00:00,192.48439
2011-11-27 22:00:00,169.9394
2011-11-27 23:00:00,169.9394
2011-11-28 00:00:00,182.70856
2011-11-28 01:00:00,183.02591
2011-11-28 03:00:00,159.28629
2011-11-28 04:00:00,141.324
2011-11-28 05:00:00,112.88279
2011-11-28 06:00:00,139.76839
2011-11-28 07:00:00,112.52524
2011-11-28 08:00:00,116.690025
2011-11-28 09:00:00,159.89873
2011-11-28 10:00:00,206.28783
2011-11-28 11:00:00,258.86142
2011-11-28 12:00:00,288.7787
2011-11-28 13:00:00,288.63794
2011-11-28 14:00:00,266.12064
2011-11-28 15:00:00,293.75717
2011-11-28 16:00:00,286.40616
2011-11-28 17:00:00,306.34
2011-11-28 18:00:00,269.1275
2011-11-28 19:00:00,224.916
2011-11-28 20:00:00,227.47397
2011-11-28 21:00:00,216.0551
2011-11-28 22:00:00,186.78485
2011-11-28 23:00:00,190.63689
2011-11-29 00:00:00,124.885376
2011-11-29 01:00:00,148.00908
2011-11-29 02:00:00,125.960594
2011-11-29 03:00:00,125.960594
2011-11-29 04:00:00,181.89334
2011-11-29 05:00:00,174.86365
2011-11-29 06:00:00,185.50475
2011-11-29 07:00:00,188.4728
2011-11-29 08:00:00,198.89737
2011-11-29 09:00:00,204.87807
2011-11-29 10:00:00,204.87807
2011-11-29 11:00:00,163.67052
2011-11-29 12:00:00,138.91481
2011-11-29 13:00:00,163.68204
2011-11-29 14:00:00,138.57819
2011-11-29 15:00:00,134.53929
2011-11-29 16:00:00,146.6172
2011-11-29 17:00:00,145.62663
2011-11-29 18:00:00,152.97026
2011-11-29 19:00:00,149.89961
2011-11-29 20:00:00,144.98366
2011-11-29 21:00:00,144.98366
2011-11-29 22:00:00,152.7263
2011-11-29 23:00:00,151.57462
2011-11-30 00:00:00,187.29997
2011-11-30 01:00:00,167.05125
2011-11-30 02:00:00,159.27243
2011-11-30 03:00:00,159.27243
2011-11-30 04:00:00,144.47545
2011-11-30 05:00:00,135.63298
2011-11-30 06:00:00,127.16772
2011-11-30 07:00:00,133.24413
2011-11-30 08:00:00,135.63298
2011-11-30 09:00:00,143.7777
2011-11-30 10:00:00,172.67705
2011-11-30 11:00:00,222.40828
2011-11-30 12:00:00,213.07649
2011-11-30 13:00:00,253.52333
2011-11-30 14:00:00,253.52333
2011-11-30 15:00:00,237.18736
2011-11-30 16:00:00,237.65912
2011-11-30 17:00:00,217.13727
2011-11-30 18:00:00,223.24844
2011-11-30 19:00:00,188.61116
2011-11-30 20:00:00,188.61116
2011-11-30 21:00:00,207.05037
2011-11-30 22:00:00,189.01158
2011-11-30 23:00:00,181.82674
2011-12-20 00:00:00,249.51396
2011-12-20 01:00:00,278.07727
2011-12-20 02:00:00,240.36897
2011-12-20 03:00:00,240.36897
2011-12-20 04:00:00,273.4387
2011-12-20 05:00:00,265.85834
2011-12-20 06:00:00,265.85834
2011-12-20 07:00:00,241.3216
2011-12-20 08:00:00,286.70593
2011-12-20 09:00:00,219.8037
2011-12-20 10:00:00,257.13934
2011-12-20 11:00:00,235.71376
2011-12-20 12:00:00,285.11777
2011-12-20 13:00:00,285.11777
2011-12-20 14:00:00,277.6901
2011-12-20 15:00:00,298.79996
2011-12-20 16:00:00,298.49063
2011-12-20 17:00:00,225.614
2011-12-20 18:00:00,190.69598
2011-12-20 19:00:00,209.72653
2011-12-20 20:00:00,198.72005
2011-12-20 21:00:00,195.04518
2011-12-20 22:00:00,219.8037
2011-12-20 23:00:00,247.60179
2011-12-21 00:00:00,98.71139
2011-12-21 01:00:00,117.85606
2011-12-21 02:00:00,116.84783
2011-12-21 03:00:00,116.84783
2011-12-21 04:00:00,116.84783
2011-12-21 05:00:00,116.85731
2011-12-21 06:00:00,116.94221
2011-12-21 07:00:00,103.437126
2011-12-21 08:00:00,107.424126
2011-12-21 09:00:00,111.41047
2011-12-21 10:00:00,132.21642
2011-12-21 11:00:00,132.21642
2011-12-21 12:00:00,100.81533
2011-12-21 13:00:00,95.13863
2011-12-21 14:00:00,124.06999
2011-12-21 15:00:00,122.0516
2011-12-21 16:00:00,86.601845
2011-12-21 17:00:00,86.601845
2011-12-21 18:00:00,104.96767
2011-12-21 19:00:00,132.69865
2011-12-21 20:00:00,127.33613
2011-12-21 21:00:00,167.74437
2011-12-21 22:00:00,167.58539
2011-12-21 23:00:00,159.82191
2011-12-22 00:00:00,155.17911
2011-12-22 01:00:00,115.6002
2011-12-22 02:00:00,144.50645
2011-12-22 03:00:00,161.06221
2011-12-22 04:00:00,125.964714
2011-12-22 05:00:00,110.70432
2011-12-22 06:00:00,102.43925
2011-12-22 07:00:00,93.28252
2011-12-22 08:00:00,116.94221
2011-12-22 09:00:00,114.92955
2011-12-22 10:00:00,123.666145
2011-12-22 11:00:00,133.56404
2011-12-22 12:00:00,158.61545
2011-12-22 13:00:00,144.27498
2011-12-22 14:00:00,144.27498
2011-12-22 15:00:00,151.5466
2011-12-22 16:00:00,144.27498
2011-12-22 17:00:00,149.00903
2011-12-22 18:00:00,149.22299
2011-12-22 19:00:00,139.83519
2011-12-22 20:00:00,127.54062
2011-12-22 21:00:00,127.54062
2011-12-22 22:00:00,90.09301
2011-12-22 23:00:00,119.547325
2011-12-23 00:00:00,103.81855
2011-12-23 01:00:00,103.81855
2011-12-23 02:00:00,97.53634
2011-12-23 03:00:00,97.53634
2011-12-23 04:00:00,76.9437
2011-12-23 05:00:00,105.51899
2011-12-23 06:00:00,123.03326
2011-12-23 07:00:00,126.36244
2011-12-23 08:00:00,139.17378
2011-12-23 09:00:00,141.26128
2011-12-23 10:00:00,148.30162
2011-12-23 11:00:00,162.48352
2011-12-23 12:00:00,163.14638
2011-12-23 13:00:00,167.6651
2011-12-23 14:00:00,166.32854
2011-12-23 15:00:00,153.93004
2011-12-23 16:00:00,154.91328
2011-12-23 17:00:00,133.31964
2011-12-23 18:00:00,131.43623
2011-12-23 19:00:00,126.45729
2011-12-23 20:00:00,110.71263
2011-12-23 21:00:00,105.07729
2011-12-23 22:00:00,108.07584
2011-12-23 23:00:00,114.47529
2011-12-24 00:00:00,73.555
2011-12-24 01:00:00,97.34374
2011-12-24 02:00:00,88.70039
2011-12-24 03:00:00,85.14147
2011-12-24 04:00:00,78.551735
2011-12-24 05:00:00,78.551735
2011-12-24 06:00:00,61.948723
2011-12-24 07:00:00,70.977516
2011-12-24 08:00:00,59.648277
2011-12-24 09:00:00,108.88592
2011-12-24 10:00:00,104.360756
2011-12-24 11:00:00,123.57038
2011-12-24 12:00:00,138.25755
2011-12-24 13:00:00,132.81297
2011-12-24 14:00:00,132.81297
2011-12-24 15:00:00,129.12294
2011-12-24 16:00:00,129.32803
2011-12-24 17:00:00,104.523506
2011-12-24 18:00:00,116.09858
2011-12-24 19:00:00,100.648865
2011-12-24 20:00:00,82.147736
2011-12-24 21:00:00,71.46381
2011-12-24 22:00:00,78.16149
2011-12-24 23:00:00,60.833923
2011-12-25 00:00:00,49.90341
2011-12-25 01:00:00,46.926735
2011-12-25 02:00:00,52.763885
2011-12-25 03:00:00,54.670036
2011-12-25 05:00:00,44.027637
2011-12-25 06:00:00,44.027637
2011-12-25 07:00:00,44.327133
2011-12-25 08:00:00,37.586636
2011-12-25 09:00:00,39.130665
2011-12-25 10:00:00,49.850594
2011-12-25 11:00:00,75.559074
2011-12-25 12:00:00,60.524857
2011-12-25 13:00:00,69.41456
2011-12-25 14:00:00,92.295204
2011-12-25 15:00:00,106.26687
2011-12-25 16:00:00,111.58727
2011-12-25 17:00:00,98.84264
2011-12-25 18:00:00,81.9136
2011-12-25 19:00:00,107.73607
2011-12-25 20:00:00,111.46588
2011-12-25 21:00:00,96.23487
2011-12-25 22:00:00,72.95226
2011-12-25 23:00:00,69.69088
2011-12-26 00:00:00,35.457245
2011-12-26 01:00:00,73.489845
2011-12-26 02:00:00,118.14013
2011-12-26 04:00:00,112.584206
2011-12-26 05:00:00,117.93497
2011-12-26 06:00:00,109.79714
2011-12-26 07:00:00,117.74819
2011-12-26 08:00:00,122.20831
2011-12-26 09:00:00,112.584206
2011-12-26 10:00:00,112.6229
2011-12-26 11:00:00,106.332726
2011-12-26 12:00:00,123.08311
2011-12-26 13:00:00,168.2294
2011-12-26 14:00:00,161.65953
2011-12-26 15:00:00,173.44618
2011-12-26 16:00:00,130.80411
2011-12-26 17:00:00,118.14013
2011-12-26 18:00:00,99.7645
2011-12-26 19:00:00,69.25096
2011-12-26 20:00:00,84.71659
2011-12-26 21:00:00,49.00766
2011-12-26 22:00:00,49.00766
2011-12-26 23:00:00,51.638245
2011-12-27 00:00:00,81.5973
2011-12-27 01:00:00,86.73928
2011-12-27 02:00:00,86.73928
2011-12-27 03:00:00,82.210495
2011-12-27 04:00:00,77.38955
2011-12-27 05:00:00,74.898
2011-12-27 06:00:00,79.320366
2011-12-27 07:00:00,78.66977
2011-12-27 08:00:00,90.68758
2011-12-27 09:00:00,94.68865
2011-12-27 10:00:00,103.96794
2011-12-27 11:00:00,94.68865
2011-12-27 12:00:00,80.61044
2011-12-27 13:00:00,72.452484
2011-12-27 14:00:00,94.41857
2011-12-27 15:00:00,94.41857
2011-12-27 16:00:00,98.33915
2011-12-27 17:00:00,107.27254
2011-12-27 18:00:00,113.72673
2011-12-27 19:00:00,103.272606
2011-12-27 20:00:00,90.46293
2011-12-27 21:00:00,96.81123
2011-12-27 22:00:00,96.81123
2011-12-27 23:00:00,86.05843
2011-12-28 00:00:00,97.81638
2011-12-28 01:00:00,101.186325
2011-12-28 02:00:00,106.183784
2011-12-28 03:00:00,106.183784
2011-12-28 05:00:00,113.410515
2011-12-28 06:00:00,109.68251
2011-12-28 07:00:00,109.68252
2011-12-28 08:00:00,113.41051
2011-12-28 09:00:00,114.87915
2011-12-28 10:00:00,116.717064
2011-12-28 11:00:00,145.79124
2011-12-28 12:00:00,123.06912
2011-12-28 13:00:00,131.39256
2011-12-28 14:00:00,130.28725
2011-12-28 15:00:00,132.91272
2011-12-28 16:00:00,125.43319
2011-12-28 17:00:00,122.370155
2011-12-28 18:00:00,108.09798
2011-12-28 19:00:00,102.299164
2011-12-28 20:00:00,99.7766
2011-12-28 21:00:00,92.13198
2011-12-28 22:00:00,96.35372
2011-12-28 23:00:00,91.57267
2011-12-29 00:00:00,74.13577
2011-12-29 01:00:00,86.501854
2011-12-29 02:00:00,84.01406
2011-12-29 03:00:00,73.651344
2011-12-29 04:00:00,76.70001
2011-12-29 05:00:00,80.81367
2011-12-29 06:00:00,89.23034
2011-12-29 07:00:00,72.48949
2011-12-29 08:00:00,81.77659
2011-12-29 09:00:00,58.186512
2011-12-29 10:00:00,59.64956
2011-12-29 11:00:00,78.32278
2011-12-29 12:00:00,87.43752
2011-12-29 13:00:00,97.85139
2011-12-29 14:00:00,109.822
2011-12-29 15:00:00,110.423164
2011-12-29 16:00:00,113.66571
2011-12-29 17:00:00,105.52149
2011-12-29 18:00:00,111.012
2011-12-29 19:00:00,117.29409
2011-12-29 20:00:00,96.04925
2011-12-29 21:00:00,88.667725
2011-12-29 22:00:00,94.863235
2011-12-29 23:00:00,101.52604
2011-12-30 00:00:00,92.51881
2011-12-30 01:00:00,95.48234
2011-12-30 02:00:00,82.363945
2011-12-30 03:00:00,82.363945
2011-12-30 04:00:00,82.94727
2011-12-30 05:00:00,80.43368
2011-12-30 06:00:00,82.94727
2011-12-30 07:00:00,81.15261
2011-12-30 08:00:00,71.618195
2011-12-30 09:00:00,93.788445
2011-12-30 10:00:00,96.01496
2011-12-30 11:00:00,108.07584
2011-12-30 12:00:00,122.83692
2011-12-30 13:00:00,122.77967
2011-12-30 14:00:00,152.44632
2011-12-30 15:00:00,151.35976
2011-12-30 16:00:00,175.79735
2011-12-30 17:00:00,148.75612
2011-12-30 18:00:00,127.89623
2011-12-30 19:00:00,115.691376
2011-12-30 20:00:00,110.456604
2011-12-30 21:00:00,117.85606
2011-12-30 22:00:00,97.61898
2011-12-30 23:00:00,95.57009
2011-12-31 00:00:00,106.73948
2011-12-31 01:00:00,117.2683
2011-12-31 02:00:00,117.2683
2011-12-31 03:00:00,117.2683
2011-12-31 04:00:00,120.82484
2011-12-31 05:00:00,73.24553
2011-12-31 06:00:00,114.98928
2011-12-31 07:00:00,101.59892
2011-12-31 08:00:00,68.685646
2011-12-31 09:00:00,82.19733
2011-12-31 10:00:00,108.624504
2011-12-31 11:00:00,124.61815
2011-12-31 12:00:00,293.77567
2011-12-31 13:00:00,228.3817
2011-12-31 14:00:00,192.49574
2011-12-31 15:00:00,192.412
2011-12-31 16:00:00,177.40392
2011-12-31 17:00:00,166.0164
2011-12-31 18:00:00,152.61679
2011-12-31 19:00:00,168.01042
2011-12-31 20:00:00,168.01042
2011-12-31 21:00:00,149.98515
2011-12-31 22:00:00,122.874626
2011-12-31 23:00:00,90.29502
2012-01-20 00:00:00,81.275024
2012-01-20 01:00:00,104.945946
2012-01-20 02:00:00,104.945946
2012-01-20 03:00:00,95.35004
2012-01-20 04:00:00,82.31778
2012-01-20 05:00:00,82.31778
2012-01-20 06:00:00,78.2113
2012-01-20 07:00:00,71.04597
2012-01-20 08:00:00,74.370964
2012-01-20 09:00:00,83.323296
2012-01-20 10:00:00,80.33018
2012-01-20 11:00:00,82.58025
2012-01-20 12:00:00,82.39744
2012-01-20 13:00:00,105.27986
2012-01-20 14:00:00,91.15118
2012-01-20 15:00:00,93.29369
2012-01-20 16:00:00,83.28901
2012-01-20 17:00:00,114.85523
2012-01-20 18:00:00,100.234566
2012-01-20 19:00:00,94.48908
2012-01-20 20:00:00,100.234566
2012-01-20 21:00:00,93.641945
2012-01-20 22:00:00,83.11802
2012-01-20 23:00:00,38.856995
2012-01-21 00:00:00,22.201014
2012-01-21 01:00:00,13.847343
2012-01-21 02:00:00,43.136757
2012-01-21 03:00:00,23.838137
2012-01-21 04:00:00,27.167063
2012-01-21 05:00:00,23.17446
2012-01-21 06:00:00,21.507746
2012-01-21 07:00:00,21.507746
2012-01-21 08:00:00,33.30268
2012-01-21 09:00:00,33.30268
2012-01-21 10:00:00,23.427725
2012-01-21 11:00:00,36.87165
2012-01-21 12:00:00,34.791313
2012-01-21 13:00:00,35.88903
2012-01-21 14:00:00,24.917782
2012-01-21 15:00:00,24.91778
2012-01-21 16:00:00,38.432518
2012-01-21 17:00:00,42.45042
2012-01-21 18:00:00,40.526535
2012-01-21 19:00:00,32.87458
2012-01-21 20:00:00,37.446915
2012-01-21 21:00:00,47.945843
2012-01-21 22:00:00,37.615593
2012-01-21 23:00:00,32.62291
2012-01-22 00:00:00,44.08857
2012-01-22 01:00:00,37.615593
2012-01-22 02:00:00,36.164642
2012-01-22 03:00:00,36.668365
2012-01-22 04:00:00,25.111189
2012-01-22 05:00:00,20.351074
2012-01-22 06:00:00,30.026262
2012-01-22 07:00:00,30.026262
2012-01-22 08:00:00,30.026262
2012-01-22 09:00:00,30.026262
2012-01-22 10:00:00,33.035866
2012-01-22 11:00:00,23.51068
2012-01-22 12:00:00,30.298576
2012-01-22 13:00:00,30.698439
2012-01-22 14:00:00,27.365408
2012-01-22 15:00:00,26.701002
2012-01-22 16:00:00,26.701002
2012-01-22 17:00:00,31.049528
2012-01-22 18:00:00,23.17446
2012-01-22 19:00:00,23.17446
2012-01-22 20:00:00,21.002417
2012-01-22 21:00:00,23.17446
2012-01-22 22:00:00,33.79534
2012-01-22 23:00:00,30.16591
2012-01-23 00:00:00,69.235306
2012-01-23 01:00:00,54.492195
2012-01-23 02:00:00,54.492195
2012-01-23 03:00:00,69.2353
2012-01-23 04:00:00,76.26627
2012-01-23 05:00:00,74.25784
2012-01-23 06:00:00,74.25784
2012-01-23 07:00:00,67.99232
2012-01-23 08:00:00,40.936127
2012-01-23 09:00:00,60.113518
2012-01-23 10:00:00,72.06071
2012-01-23 11:00:00,58.266846
2012-01-23 12:00:00,77.919136
2012-01-23 13:00:00,59.57238
2012-01-23 14:00:00,41.61227
2012-01-23 15:00:00,51.871117
2012-01-23 16:00:00,55.312378
2012-01-23 17:00:00,64.9195
2012-01-23 18:00:00,58.91552
2012-01-23 19:00:00,59.741997
2012-01-23 20:00:00,58.125168
2012-01-23 21:00:00,59.541676
2012-01-23 22:00:00,59.541676
2012-01-23 23:00:00,65.89109
2012-01-24 00:00:00,65.389854
2012-01-24 01:00:00,66.142006
2012-01-24 02:00:00,67.16651
2012-01-24 03:00:00,86.86466
2012-01-24 04:00:00,82.56965
2012-01-24 05:00:00,82.56965
2012-01-24 06:00:00,76.07405
2012-01-24 07:00:00,86.86466
2012-01-24 08:00:00,86.86466
2012-01-24 09:00:00,92.52929
2012-01-24 10:00:00,90.46293
2012-01-24 11:00:00,100.66067
2012-01-24 12:00:00,103.272606
2012-01-24 13:00:00,103.272606
2012-01-24 14:00:00,107.75265
2012-01-24 15:00:00,130.74965
2012-01-24 16:00:00,144.60321
2012-01-24 17:00:00,146.68668
2012-01-24 18:00:00,144.34581
2012-01-24 19:00:00,167.01372
2012-01-24 20:00:00,104.565315
2012-01-24 21:00:00,115.360405
2012-01-24 22:00:00,100.065475
2012-01-24 23:00:00,104.565315
2012-01-25 00:00:00,78.33015
2012-01-25 01:00:00,89.91209
2012-01-25 02:00:00,84.7474
2012-01-25 03:00:00,78.49679
2012-01-25 04:00:00,79.75353
2012-01-25 05:00:00,79.75353
2012-01-25 06:00:00,72.975075
2012-01-25 07:00:00,72.31079
2012-01-25 08:00:00,75.10001
2012-01-25 09:00:00,75.10001
2012-01-25 10:00:00,64.48193
2012-01-25 11:00:00,79.320366
2012-01-25 12:00:00,125.15662
2012-01-25 13:00:00,129.4887
2012-01-25 14:00:00,132.07317
2012-01-25 15:00:00,131.49727
2012-01-25 16:00:00,127.11474
2012-01-25 17:00:00,134.13594
2012-01-25 18:00:00,114.47529
2012-01-25 19:00:00,119.14043
2012-01-25 20:00:00,113.13079
2012-01-25 21:00:00,106.68302
2012-01-25 22:00:00,108.787636
2012-01-25 23:00:00,101.36358
2012-01-26 00:00:00,80.83071
2012-01-26 01:00:00,99.33775
2012-01-26 02:00:00,71.0868
2012-01-26 03:00:00,86.10046
2012-01-26 04:00:00,97.66114
2012-01-26 05:00:00,90.44196
2012-01-26 06:00:00,97.551216
2012-01-26 07:00:00,83.22127
2012-01-26 08:00:00,83.22127
2012-01-26 09:00:00,103.08725
2012-01-26 10:00:00,81.55744
2012-01-26 11:00:00,85.39549
2012-01-26 12:00:00,92.40728
2012-01-26 13:00:00,121.6625
2012-01-26 14:00:00,132.9922
2012-01-26 15:00:00,139.43132
2012-01-26 16:00:00,132.81474
2012-01-26 17:00:00,131.3699
2012-01-26 18:00:00,131.3699
2012-01-26 19:00:00,129.21472
2012-01-26 20:00:00,121.92118
2012-01-26 21:00:00,129.21472
2012-01-26 22:00:00,121.93661
2012-01-26 23:00:00,124.200005
2012-01-27 00:00:00,111.39816
2012-01-27 01:00:00,111.41047
2012-01-27 02:00:00,121.699585
2012-01-27 03:00:00,103.339195
2012-01-27 04:00:00,92.31125
2012-01-27 05:00:00,98.835175
2012-01-27 06:00:00,94.838264
2012-01-27 07:00:00,97.68194
2012-01-27 08:00:00,129.91667
2012-01-27 09:00:00,129.91667
2012-01-27 10:00:00,123.40582
2012-01-27 11:00:00,140.76619
2012-01-27 12:00:00,153.17628
2012-01-27 13:00:00,201.00029
2012-01-27 14:00:00,201.08217
2012-01-27 15:00:00,202.38725
2012-01-27 16:00:00,180.42625
2012-01-27 17:00:00,172.6345
2012-01-27 18:00:00,166.65141
2012-01-27 19:00:00,142.00056
2012-01-27 20:00:00,124.97809
2012-01-27 21:00:00,119.193855
2012-01-27 22:00:00,130.89209
2012-01-27 23:00:00,122.26347
2012-01-28 00:00:00,93.48408
2012-01-28 01:00:00,102.875984
2012-01-28 02:00:00,73.0501
2012-01-28 03:00:00,76.286514
2012-01-28 04:00:00,66.136406
2012-01-28 05:00:00,49.543346
2012-01-28 06:00:00,60.331947
2012-01-28 07:00:00,52.2181
2012-01-28 08:00:00,38.246243
2012-01-28 09:00:00,48.041424
2012-01-28 10:00:00,64.4749
2012-01-28 11:00:00,96.23487
2012-01-28 12:00:00,77.96434
2012-01-28 13:00:00,98.70758
2012-01-28 14:00:00,153.33983
2012-01-28 15:00:00,166.99461
2012-01-28 16:00:00,183.29836
2012-01-28 17:00:00,181.75755
2012-01-28 18:00:00,210.70328
2012-01-28 19:00:00,163.72731
2012-01-28 20:00:00,197.03688
2012-01-28 21:00:00,175.1935
2012-01-28 22:00:00,170.5927
2012-01-28 23:00:00,169.80946
2012-01-29 00:00:00,135.3416
2012-01-29 01:00:00,135.87042
2012-01-29 02:00:00,135.08098
2012-01-29 03:00:00,131.73341
2012-01-29 04:00:00,107.33936
2012-01-29 05:00:00,57.464706
2012-01-29 06:00:00,81.81028
2012-01-29 07:00:00,76.566925
2012-01-29 08:00:00,64.08119
2012-01-29 09:00:00,59.933235
2012-01-29 10:00:00,97.62883
2012-01-29 11:00:00,142.65932
2012-01-29 12:00:00,184.22536
2012-01-29 13:00:00,184.22536
2012-01-29 14:00:00,179.46542
2012-01-29 15:00:00,210.57062
2012-01-29 16:00:00,185.46965
2012-01-29 17:00:00,185.46967
2012-01-29 18:00:00,182.61192
2012-01-29 19:00:00,163.81865
2012-01-29 20:00:00,119.95269
2012-01-29 21:00:00,130.67036
2012-01-29 22:00:00,152.47948
2012-01-29 23:00:00,124.50133
2012-01-30 00:00:00,124.49569
2012-01-30 01:00:00,87.23662
2012-01-30 02:00:00,90.374016
2012-01-30 03:00:00,89.7734
2012-01-30 04:00:00,79.708984
2012-01-30 05:00:00,79.708984
2012-01-30 06:00:00,91.57267
2012-01-30 07:00:00,91.889854
2012-01-30 08:00:00,81.41357
2012-01-30 09:00:00,81.41357
2012-01-30 10:00:00,95.62559
2012-01-30 11:00:00,99.75983
2012-01-30 12:00:00,110.38485
2012-01-30 13:00:00,142.76389
2012-01-30 14:00:00,175.10548
2012-01-30 15:00:00,183.99556
2012-01-30 16:00:00,189.95523
2012-01-30 17:00:00,215.04576
2012-01-30 18:00:00,189.91853
2012-01-30 19:00:00,123.4808
2012-01-30 20:00:00,127.31492
2012-01-30 21:00:00,123.270195
2012-01-30 22:00:00,106.06652
2012-01-30 23:00:00,87.22536
2012-01-31 00:00:00,103.09925
2012-01-31 01:00:00,123.20321
2012-01-31 02:00:00,120.686874
2012-01-31 03:00:00,116.8304
2012-01-31 04:00:00,111.3977
2012-01-31 05:00:00,111.3977
2012-01-31 06:00:00,103.26165
2012-01-31 07:00:00,87.225365
2012-01-31 08:00:00,92.85362
2012-01-31 09:00:00,107.91944
2012-01-31 10:00:00,103.62256
2012-01-31 11:00:00,195.65189
2012-01-31 12:00:00,177.79485
2012-01-31 13:00:00,232.3077
2012-01-31 14:00:00,295.5752
2012-01-31 15:00:00,286.33566
2012-01-31 16:00:00,286.33566
2012-01-31 17:00:00,298.1899
2012-01-31 18:00:00,298.09622
2012-01-31 19:00:00,289.54608
2012-01-31 20:00:00,148.57077
2012-01-31 21:00:00,253.44885
2012-01-31 22:00:00,230.8036
2012-01-31 23:00:00,215.91916
2012-02-20 00:00:00,45.863625
2012-02-20 01:00:00,45.863625
2012-02-20 02:00:00,45.863625
2012-02-20 03:00:00,32.75015
2012-02-20 05:00:00,45.26252
2012-02-20 06:00:00,69.48411
2012-02-20 07:00:00,43.352654
2012-02-20 08:00:00,54.455784
2012-02-20 09:00:00,54.455784
2012-02-20 10:00:00,64.87651
2012-02-20 11:00:00,82.479744
2012-02-20 12:00:00,91.21062
2012-02-20 13:00:00,107.47762
2012-02-20 14:00:00,140.9359
2012-02-20 15:00:00,152.39963
2012-02-20 16:00:00,210.10635
2012-02-20 17:00:00,237.21284
2012-02-20 18:00:00,152.39963
2012-02-20 19:00:00,152.39963
2012-02-20 20:00:00,161.78474
2012-02-20 21:00:00,121.4616
2012-02-20 22:00:00,100.4697
2012-02-20 23:00:00,92.65759
2012-02-21 00:00:00,100.05679
2012-02-21 01:00:00,102.0545
2012-02-21 02:00:00,97.431
2012-02-21 04:00:00,93.3431
2012-02-21 05:00:00,85.7343
2012-02-21 06:00:00,81.35765
2012-02-21 07:00:00,93.3431
2012-02-21 08:00:00,74.114555
2012-02-21 09:00:00,72.36086
2012-02-21 10:00:00,72.94994
2012-02-21 11:00:00,63.558647
2012-02-21 12:00:00,91.0509
2012-02-21 13:00:00,129.74326
2012-02-21 14:00:00,102.387474
2012-02-21 15:00:00,129.74326
2012-02-21 16:00:00,143.60242
2012-02-21 17:00:00,169.64362
2012-02-21 18:00:00,169.64362
2012-02-21 19:00:00,141.77693
2012-02-21 20:00:00,120.871605
2012-02-21 21:00:00,120.70657
2012-02-21 22:00:00,95.553276
2012-02-21 23:00:00,99.08679
2012-02-22 00:00:00,99.08679
2012-02-22 01:00:00,110.76797
2012-02-22 02:00:00,108.324
2012-02-22 03:00:00,85.3442
2012-02-22 04:00:00,110.95174
2012-02-22 05:00:00,111.5371
2012-02-22 06:00:00,101.186325
2012-02-22 07:00:00,107.360115
2012-02-22 08:00:00,103.27828
2012-02-22 09:00:00,111.58702
2012-02-22 10:00:00,117.37373
2012-02-22 11:00:00,123.9072
2012-02-22 12:00:00,146.51189
2012-02-22 13:00:00,165.10387
2012-02-22 14:00:00,175.44856
2012-02-22 15:00:00,277.9283
2012-02-22 16:00:00,284.62802
2012-02-22 17:00:00,291.34714
2012-02-22 18:00:00,217.74408
2012-02-22 19:00:00,199.02586
2012-02-22 20:00:00,174.00964
2012-02-22 21:00:00,252.49826
2012-02-22 22:00:00,180.4597
2012-02-22 23:00:00,208.9084
2012-02-23 00:00:00,180.4597
2012-02-23 01:00:00,152.21468
2012-02-23 02:00:00,150.1978
2012-02-23 03:00:00,137.68318
2012-02-23 04:00:00,140.05612
2012-02-23 05:00:00,140.05612
2012-02-23 06:00:00,108.50548
2012-02-23 07:00:00,107.75265
2012-02-23 08:00:00,102.4775
2012-02-23 09:00:00,98.85682
2012-02-23 10:00:00,155.1176
2012-02-23 11:00:00,211.03676
2012-02-23 12:00:00,238.80995
2012-02-23 13:00:00,252.70934
2012-02-23 14:00:00,280.92654
2012-02-23 15:00:00,256.9553
2012-02-23 16:00:00,244.58392
2012-02-23 17:00:00,266.84366
2012-02-23 18:00:00,249.77046
2012-02-23 19:00:00,216.00722
2012-02-23 20:00:00,202.48946
2012-02-23 21:00:00,178.8499
2012-02-23 22:00:00,174.90468
2012-02-23 23:00:00,146.21178
2012-02-24 00:00:00,152.63327
2012-02-24 01:00:00,164.8651
2012-02-24 02:00:00,108.555275
2012-02-24 03:00:00,137.2595
2012-02-24 04:00:00,125.173
2012-02-24 05:00:00,113.46768
2012-02-24 06:00:00,115.81756
2012-02-24 07:00:00,123.297424
2012-02-24 08:00:00,104.88981
2012-02-24 09:00:00,66.42018
2012-02-24 10:00:00,88.08456
2012-02-24 11:00:00,106.03614
2012-02-24 12:00:00,127.73449
2012-02-24 13:00:00,139.43132
2012-02-24 14:00:00,153.3712
2012-02-24 15:00:00,103.81855
2012-02-24 16:00:00,103.81855
2012-02-24 17:00:00,112.286194
2012-02-24 18:00:00,127.46207
2012-02-24 19:00:00,131.98924
2012-02-24 20:00:00,169.86107
2012-02-24 21:00:00,123.92792
2012-02-24 22:00:00,176.54619
2012-02-24 23:00:00,139.4158
2012-02-25 00:00:00,138.80898
2012-02-25 01:00:00,127.79726
2012-02-25 02:00:00,114.416985
2012-02-25 03:00:00,105.20682
2012-02-25 04:00:00,113.86548
2012-02-25 05:00:00,89.499756
2012-02-25 06:00:00,89.499756
2012-02-25 07:00:00,95.25634
2012-02-25 08:00:00,78.23302
2012-02-25 09:00:00,33.97208
2012-02-25 10:00:00,67.54659
2012-02-25 11:00:00,99.45199
2012-02-25 12:00:00,96.41389
2012-02-25 13:00:00,131.35097
2012-02-25 14:00:00,103.81768
2012-02-25 15:00:00,139.7544
2012-02-25 16:00:00,92.947655
2012-02-25 17:00:00,123.899315
2012-02-25 18:00:00,87.96432
2012-02-25 19:00:00,99.67153
2012-02-25 20:00:00,80.75127
2012-02-25 21:00:00,95.875755
2012-02-25 22:00:00,82.09783
2012-02-25 23:00:00,81.886696
2012-02-26 00:00:00,87.832756
2012-02-26 01:00:00,80.10163
2012-02-26 02:00:00,80.10163
2012-02-26 03:00:00,77.688965
2012-02-26 04:00:00,77.688965
2012-02-26 05:00:00,67.942604
2012-02-26 06:00:00,72.91207
2012-02-26 07:00:00,55.633068
2012-02-26 08:00:00,55.268497
2012-02-26 09:00:00,62.46015
2012-02-26 10:00:00,95.268654
2012-02-26 11:00:00,104.4509
2012-02-26 12:00:00,122.447845
2012-02-26 13:00:00,130.9441
2012-02-26 14:00:00,186.44365
2012-02-26 15:00:00,209.50081
2012-02-26 16:00:00,182.2856
2012-02-26 17:00:00,192.52815
2012-02-26 18:00:00,144.46239
2012-02-26 19:00:00,169.00896
2012-02-26 20:00:00,128.87286
2012-02-26 21:00:00,112.3657
2012-02-26 22:00:00,111.340256
2012-02-26 23:00:00,71.46381
2012-02-27 00:00:00,85.82846
2012-02-27 01:00:00,84.55151
2012-02-27 02:00:00,77.261696
2012-02-27 03:00:00,74.43638
2012-02-27 04:00:00,70.765495
2012-02-27 05:00:00,70.765495
2012-02-27 06:00:00,75.10001
2012-02-27 07:00:00,79.66527
2012-02-27 08:00:00,85.42913
2012-02-27 09:00:00,87.225365
2012-02-27 10:00:00,124.086365
2012-02-27 11:00:00,143.44646
2012-02-27 12:00:00,194.47508
2012-02-27 13:00:00,178.82341
2012-02-27 14:00:00,240.28693
2012-02-27 15:00:00,286.5977
2012-02-27 16:00:00,286.33566
2012-02-27 17:00:00,269.58252
2012-02-27 18:00:00,295.21988
2012-02-27 19:00:00,288.09464
2012-02-27 20:00:00,261.91373
2012-02-27 21:00:00,240.28693
2012-02-27 22:00:00,197.6302
2012-02-27 23:00:00,168.5975
2012-02-28 00:00:00,159.74484
2012-02-28 01:00:00,144.59404
2012-02-28 02:00:00,150.6639
2012-02-28 03:00:00,209.44565
2012-02-28 04:00:00,129.02081
2012-02-28 05:00:00,129.02081
2012-02-28 06:00:00,120.25808
2012-02-28 07:00:00,112.04291
2012-02-28 08:00:00,100.408905
2012-02-28 09:00:00,112.769745
2012-02-28 10:00:00,123.20321
2012-02-28 11:00:00,149.77513
2012-02-28 12:00:00,162.5702
2012-02-28 13:00:00,168.02745
2012-02-28 14:00:00,194.38635
2012-02-28 15:00:00,204.32407
2012-02-28 16:00:00,198.87141
2012-02-28 17:00:00,204.32407
2012-02-28 18:00:00,219.93808
2012-02-28 19:00:00,187.44609
2012-02-28 20:00:00,197.82732
2012-02-28 21:00:00,135.85338
2012-02-28 22:00:00,135.85338
2012-02-28 23:00:00,113.37325
2012-02-29 00:00:00,125.774254
2012-02-29 01:00:00,127.318565
2012-02-29 02:00:00,104.01086
2012-02-29 03:00:00,99.51621
2012-02-29 05:00:00,91.82688
2012-02-29 06:00:00,86.10046
2012-02-29 07:00:00,72.47374
2012-02-29 08:00:00,80.83071
2012-02-29 09:00:00,68.43591
2012-02-29 10:00:00,68.43591
2012-02-29 11:00:00,55.701847
2012-02-29 12:00:00,57.757324
2012-02-29 13:00:00,78.04035
2012-02-29 14:00:00,78.04035
2012-02-29 15:00:00,107.98561
2012-02-29 16:00:00,103.98816
2012-02-29 17:00:00,115.81756
2012-02-29 18:00:00,119.54732
2012-02-29 19:00:00,120.36071
2012-02-29 20:00:00,111.0248
2012-02-29 21:00:00,111.0248
2012-02-29 22:00:00,94.1354
2012-02-29 23:00:00,94.1354
2012-03-20 00:00:00,170.3207
2012-03-20 01:00:00,138.49123
2012-03-20 02:00:00,144.93706
2012-03-20 03:00:00,151.81068
2012-03-20 04:00:00,159.67714
2012-03-20 05:00:00,144.08025
2012-03-20 06:00:00,155.2255
2012-03-20 07:00:00,139.39
2012-03-20 08:00:00,156.45334
2012-03-20 09:00:00,166.95607
2012-03-20 10:00:00,171.04622
2012-03-20 11:00:00,174.49107
2012-03-20 12:00:00,213.2329
2012-03-20 13:00:00,205.72751
2012-03-20 14:00:00,199.91565
2012-03-20 15:00:00,209.29372
2012-03-20 16:00:00,243.59752
2012-03-20 17:00:00,214.22322
2012-03-20 18:00:00,229.61542
2012-03-20 19:00:00,189.08511
2012-03-20 20:00:00,184.08922
2012-03-20 21:00:00,160.97527
2012-03-20 22:00:00,152.68312
2012-03-20 23:00:00,140.26561
2012-03-21 00:00:00,97.51954
2012-03-21 01:00:00,110.14181
2012-03-21 02:00:00,109.337456
2012-03-21 03:00:00,127.84493
2012-03-21 04:00:00,124.27511
2012-03-21 05:00:00,124.27511
2012-03-21 06:00:00,116.847984
2012-03-21 07:00:00,107.510155
2012-03-21 08:00:00,102.03275
2012-03-21 09:00:00,126.17009
2012-03-21 10:00:00,136.78035
2012-03-21 11:00:00,136.78035
2012-03-21 12:00:00,135.20747
2012-03-21 13:00:00,129.73277
2012-03-21 14:00:00,138.50813
2012-03-21 15:00:00,138.50813
2012-03-21 16:00:00,127.17986
2012-03-21 17:00:00,160.31453
2012-03-21 18:00:00,147.17804
2012-03-21 19:00:00,159.28331
2012-03-21 20:00:00,126.79656
2012-03-21 21:00:00,118.489555
2012-03-21 22:00:00,129.72801
2012-03-21 23:00:00,116.41787
2012-03-22 00:00:00,110.14181
2012-03-22 01:00:00,110.14181
2012-03-22 02:00:00,110.14181
2012-03-22 03:00:00,110.14181
2012-03-22 04:00:00,100.89389
2012-03-22 05:00:00,100.89389
2012-03-22 06:00:00,100.89389
2012-03-22 07:00:00,100.89389
2012-03-22 08:00:00,112.46507
2012-03-22 09:00:00,112.46507
2012-03-22 10:00:00,104.21275
2012-03-22 11:00:00,111.79862
2012-03-22 12:00:00,140.52328
2012-03-22 13:00:00,131.07382
2012-03-22 14:00:00,160.09174
2012-03-22 15:00:00,204.46057
2012-03-22 16:00:00,227.8746
2012-03-22 17:00:00,227.21632
2012-03-22 18:00:00,227.21632
2012-03-22 19:00:00,170.55684
2012-03-22 20:00:00,210.86403
2012-03-22 21:00:00,152.28012
2012-03-22 22:00:00,147.02283
2012-03-22 23:00:00,119.19583
2012-03-23 00:00:00,114.596535
2012-03-23 01:00:00,102.30434
2012-03-23 02:00:00,107.377846
2012-03-23 03:00:00,106.59398
2012-03-23 04:00:00,116.383606
2012-03-23 05:00:00,107.74608
2012-03-23 06:00:00,114.25994
2012-03-23 07:00:00,120.3574
2012-03-23 08:00:00,119.45786
2012-03-23 09:00:00,123.34258
2012-03-23 10:00:00,137.6898
2012-03-23 11:00:00,172.3746
2012-03-23 12:00:00,245.7792
2012-03-23 13:00:00,237.60538
2012-03-23 14:00:00,270.17557
2012-03-23 15:00:00,278.0894
2012-03-23 16:00:00,286.96246
2012-03-23 17:00:00,286.96246
2012-03-23 18:00:00,295.91898
2012-03-23 19:00:00,288.81454
2012-03-23 20:00:00,273.70026
2012-03-23 21:00:00,244.8014
2012-03-23 22:00:00,237.68968
2012-03-23 23:00:00,212.679
2012-03-24 00:00:00,103.281364
2012-03-24 01:00:00,92.73894
2012-03-24 02:00:00,87.75998
2012-03-24 03:00:00,87.75998
2012-03-24 04:00:00,70.15641
2012-03-24 05:00:00,112.788734
2012-03-24 06:00:00,112.788734
2012-03-24 07:00:00,92.69775
2012-03-24 08:00:00,94.84647
2012-03-24 09:00:00,105.33347
2012-03-24 10:00:00,110.11092
2012-03-24 11:00:00,94.84647
2012-03-24 12:00:00,101.92474
2012-03-24 13:00:00,101.12644
2012-03-24 14:00:00,96.02281
2012-03-24 15:00:00,73.39243
2012-03-24 16:00:00,87.691414
2012-03-24 17:00:00,101.415
2012-03-24 18:00:00,80.15789
2012-03-24 19:00:00,80.52081
2012-03-24 20:00:00,73.13326
2012-03-24 21:00:00,73.13326
2012-03-24 22:00:00,62.672222
2012-03-24 23:00:00,76.92749
2012-03-25 00:00:00,76.92749
2012-03-25 01:00:00,67.75945
2012-03-25 02:00:00,50.220634
2012-03-25 03:00:00,54.1986
2012-03-25 04:00:00,64.03402
2012-03-25 05:00:00,61.65829
2012-03-25 06:00:00,61.65829
2012-03-25 07:00:00,58.1764
2012-03-25 08:00:00,58.1764
2012-03-25 09:00:00,65.64384
2012-03-25 10:00:00,65.38123
2012-03-25 11:00:00,65.64384
2012-03-25 12:00:00,69.97721
2012-03-25 13:00:00,76.845345
2012-03-25 14:00:00,82.447105
2012-03-25 15:00:00,88.2358
2012-03-25 16:00:00,68.83613
2012-03-25 17:00:00,81.09573
2012-03-25 18:00:00,81.09573
2012-03-25 19:00:00,129.10016
2012-03-25 20:00:00,103.95121
2012-03-25 21:00:00,90.488594
2012-03-25 22:00:00,69.44393
2012-03-25 23:00:00,74.284996
2012-03-26 00:00:00,125.02654
2012-03-26 01:00:00,144.91762
2012-03-26 02:00:00,121.1848
2012-03-26 03:00:00,123.969055
2012-03-26 04:00:00,111.136635
2012-03-26 05:00:00,119.70684
2012-03-26 06:00:00,114.75082
2012-03-26 07:00:00,135.49458
2012-03-26 08:00:00,150.39287
2012-03-26 09:00:00,193.39757
2012-03-26 10:00:00,242.05917
2012-03-26 11:00:00,240.53618
2012-03-26 12:00:00,251.99077
2012-03-26 13:00:00,202.64119
2012-03-26 14:00:00,261.8403
2012-03-26 15:00:00,231.87865
2012-03-26 16:00:00,206.89885
2012-03-26 17:00:00,283.4166
2012-03-26 18:00:00,272.81024
2012-03-26 19:00:00,287.4379
2012-03-26 20:00:00,226.69875
2012-03-26 21:00:00,226.53822
2012-03-26 22:00:00,238.17647
2012-03-26 23:00:00,166.33522
2012-03-27 00:00:00,161.83873
2012-03-27 01:00:00,170.48155
2012-03-27 02:00:00,163.11546
2012-03-27 03:00:00,160.00473
2012-03-27 04:00:00,141.23853
2012-03-27 05:00:00,131.09267
2012-03-27 06:00:00,135.09517
2012-03-27 07:00:00,135.09517
2012-03-27 08:00:00,129.23853
2012-03-27 09:00:00,136.08284
2012-03-27 10:00:00,149.39508
2012-03-27 11:00:00,172.86641
2012-03-27 12:00:00,177.83897
2012-03-27 13:00:00,174.35913
2012-03-27 14:00:00,236.41432
2012-03-27 15:00:00,242.07921
2012-03-27 16:00:00,242.07921
2012-03-27 17:00:00,267.51184
2012-03-27 18:00:00,269.12238
2012-03-27 19:00:00,256.14447
2012-03-27 20:00:00,269.12238
2012-03-27 21:00:00,169.18304
2012-03-27 22:00:00,173.47562
2012-03-27 23:00:00,172.35835
2012-03-28 00:00:00,164.84123
2012-03-28 01:00:00,147.18355
2012-03-28 02:00:00,135.61119
2012-03-28 03:00:00,151.64229
2012-03-28 04:00:00,155.86597
2012-03-28 05:00:00,155.86597
2012-03-28 06:00:00,149.95436
2012-03-28 07:00:00,149.70403
2012-03-28 08:00:00,161.69041
2012-03-28 09:00:00,171.3601
2012-03-28 10:00:00,205.23862
2012-03-28 11:00:00,234.94273
2012-03-28 12:00:00,262.8839
2012-03-28 13:00:00,269.1987
2012-03-28 14:00:00,348.3264
2012-03-28 15:00:00,305.8206
2012-03-28 16:00:00,219.0377
2012-03-28 17:00:00,246.74014
2012-03-28 18:00:00,246.74014
2012-03-28 19:00:00,262.75943
2012-03-28 20:00:00,268.16058
2012-03-28 21:00:00,218.88393
2012-03-28 22:00:00,158.97542
2012-03-28 23:00:00,149.05324
2012-03-29 00:00:00,167.19957
2012-03-29 01:00:00,177.4934
2012-03-29 02:00:00,332.85733
2012-03-29 03:00:00,308.332
2012-03-29 04:00:00,260.70056
2012-03-29 05:00:00,215.04962
2012-03-29 06:00:00,162.27504
2012-03-29 07:00:00,182.11287
2012-03-29 08:00:00,189.4811
2012-03-29 09:00:00,196.98297
2012-03-29 10:00:00,188.08693
2012-03-29 11:00:00,216.42747
2012-03-29 12:00:00,222.66093
2012-03-29 13:00:00,201.7817
2012-03-29 14:00:00,236.17076
2012-03-29 15:00:00,264.0842
2012-03-29 16:00:00,277.04477
2012-03-29 17:00:00,268.51202
2012-03-29 18:00:00,245.46446
2012-03-29 19:00:00,231.31548
2012-03-29 20:00:00,227.94136
2012-03-29 21:00:00,192.41487
2012-03-29 22:00:00,182.36404
2012-03-29 23:00:00,172.36208
2012-03-30 00:00:00,162.25803
2012-03-30 01:00:00,147.50333
2012-03-30 02:00:00,133.79051
2012-03-30 03:00:00,103.50431
2012-03-30 04:00:00,109.46826
2012-03-30 05:00:00,93.38494
2012-03-30 06:00:00,109.64246
2012-03-30 07:00:00,113.34306
2012-03-30 08:00:00,97.227
2012-03-30 09:00:00,116.6613
2012-03-30 10:00:00,100.510445
2012-03-30 11:00:00,109.12934
2012-03-30 12:00:00,113.65578
2012-03-30 13:00:00,149.77452
2012-03-30 14:00:00,136.10793
2012-03-30 15:00:00,142.86879
2012-03-30 16:00:00,110.46368
2012-03-30 17:00:00,125.37652
2012-03-30 18:00:00,149.86067
2012-03-30 19:00:00,137.9692
2012-03-30 20:00:00,131.16608
2012-03-30 21:00:00,117.11813
2012-03-30 22:00:00,97.81268
2012-03-30 23:00:00,80.63772
2012-03-31 00:00:00,63.289013
2012-03-31 01:00:00,89.47871
2012-03-31 02:00:00,92.310005
2012-03-31 03:00:00,77.63863
2012-03-31 04:00:00,105.79504
2012-03-31 05:00:00,75.170006
2012-03-31 06:00:00,54.95292
2012-03-31 07:00:00,54.95292
2012-03-31 08:00:00,52.854187
2012-03-31 09:00:00,89.47871
2012-03-31 10:00:00,84.02967
2012-03-31 11:00:00,85.41279
2012-03-31 12:00:00,78.64648
2012-03-31 13:00:00,129.64871
2012-03-31 14:00:00,143.73181
2012-03-31 15:00:00,172.49962
2012-03-31 16:00:00,147.74544
2012-03-31 17:00:00,150.9218
2012-03-31 18:00:00,106.291504
2012-03-31 19:00:00,123.37504
2012-03-31 20:00:00,88.00057
2012-03-31 21:00:00,88.00057
2012-03-31 22:00:00,84.922386
2012-03-31 23:00:00,46.767113
2012-04-20 00:00:00,129.53317
2012-04-20 01:00:00,123.969055
2012-04-20 02:00:00,108.481606
2012-04-20 03:00:00,87.55208
2012-04-20 04:00:00,77.1594
2012-04-20 05:00:00,70.56519
2012-04-20 06:00:00,75.93993
2012-04-20 07:00:00,70.56519
2012-04-20 08:00:00,74.42359
2012-04-20 09:00:00,88.35575
2012-04-20 10:00:00,142.0165
2012-04-20 11:00:00,158.06197
2012-04-20 12:00:00,233.44731
2012-04-20 13:00:00,292.2266
2012-04-20 14:00:00,303.08102
2012-04-20 15:00:00,289.85632
2012-04-20 16:00:00,297.53772
2012-04-20 17:00:00,312.0813
2012-04-20 18:00:00,295.50565
2012-04-20 19:00:00,270.48483
2012-04-20 20:00:00,218.73056
2012-04-20 21:00:00,153.04393
2012-04-20 22:00:00,178.40984
2012-04-20 23:00:00,139.51797
2012-04-21 00:00:00,115.04687
2012-04-21 01:00:00,115.04687
2012-04-21 02:00:00,92.06574
2012-04-21 03:00:00,100.703804
2012-04-21 04:00:00,107.71162
2012-04-21 05:00:00,107.71162
2012-04-21 06:00:00,100.70381
2012-04-21 07:00:00,115.185844
2012-04-21 08:00:00,115.03238
2012-04-21 09:00:00,105.120674
2012-04-21 10:00:00,238.51488
2012-04-21 11:00:00,268.0424
2012-04-21 12:00:00,276.67728
2012-04-21 13:00:00,295.24927
2012-04-21 14:00:00,371.69016
2012-04-21 15:00:00,395.45755
2012-04-21 16:00:00,395.16385
2012-04-21 17:00:00,425.8674
2012-04-21 18:00:00,336.3394
2012-04-21 19:00:00,137.94342
2012-04-21 20:00:00,100.84722
2012-04-21 21:00:00,94.46352
2012-04-21 22:00:00,109.34936
2012-04-21 23:00:00,99.98061
2012-04-22 00:00:00,101.327705
2012-04-22 01:00:00,95.8376
2012-04-22 02:00:00,123.291374
2012-04-22 03:00:00,92.29516
2012-04-22 04:00:00,97.567955
2012-04-22 05:00:00,101.85829
2012-04-22 06:00:00,102.61548
2012-04-22 07:00:00,69.66713
2012-04-22 08:00:00,66.41103
2012-04-22 09:00:00,66.41103
2012-04-22 10:00:00,51.357506
2012-04-22 11:00:00,47.88138
2012-04-22 12:00:00,47.790237
2012-04-22 13:00:00,52.05592
2012-04-22 14:00:00,47.790237
2012-04-22 15:00:00,49.93389
2012-04-22 16:00:00,54.38848
2012-04-22 17:00:00,39.77678
2012-04-22 18:00:00,39.77678
2012-04-22 19:00:00,46.706932
2012-04-22 20:00:00,38.6791
2012-04-22 21:00:00,36.572906
2012-04-22 22:00:00,44.637527
2012-04-22 23:00:00,45.10431
2012-04-23 00:00:00,63.05917
2012-04-23 01:00:00,47.971695
2012-04-23 02:00:00,58.1165
2012-04-23 03:00:00,55.706387
2012-04-23 04:00:00,42.684425
2012-04-23 05:00:00,42.684425
2012-04-23 06:00:00,56.655334
2012-04-23 07:00:00,41.63076
2012-04-23 08:00:00,65.63328
2012-04-23 09:00:00,72.473915
2012-04-23 10:00:00,75.75448
2012-04-23 11:00:00,78.071556
2012-04-23 12:00:00,64.37039
2012-04-23 13:00:00,73.94715
2012-04-23 14:00:00,91.439
2012-04-23 15:00:00,104.94283
2012-04-23 16:00:00,51.874084
2012-04-23 17:00:00,47.40805
2012-04-23 18:00:00,65.8137
2012-04-23 19:00:00,68.92234
2012-04-23 20:00:00,73.09353
2012-04-23 21:00:00,58.719032
2012-04-23 22:00:00,84.1489
2012-04-23 23:00:00,81.85083
2012-04-24 00:00:00,76.55739
2012-04-24 01:00:00,73.70994
2012-04-24 02:00:00,80.8462
2012-04-24 03:00:00,73.30254
2012-04-24 04:00:00,85.076454
2012-04-24 05:00:00,85.076454
2012-04-24 06:00:00,84.24047
2012-04-24 07:00:00,97.968254
2012-04-24 08:00:00,110.25308
2012-04-24 09:00:00,166.92955
2012-04-24 10:00:00,172.36208
2012-04-24 11:00:00,268.8566
2012-04-24 12:00:00,291.87155
2012-04-24 13:00:00,301.88638
2012-04-24 14:00:00,313.64777
2012-04-24 15:00:00,305.10672
2012-04-24 16:00:00,291.85815
2012-04-24 17:00:00,316.07498
2012-04-24 18:00:00,277.5732
2012-04-24 19:00:00,313.4853
2012-04-24 20:00:00,316.20676
2012-04-24 21:00:00,235.88283
2012-04-24 22:00:00,187.68942
2012-04-24 23:00:00,171.4821
2012-04-25 00:00:00,153.78166
2012-04-25 01:00:00,139.57121
2012-04-25 02:00:00,91.05903
2012-04-25 03:00:00,76.96427
2012-04-25 04:00:00,88.56223
2012-04-25 05:00:00,82.06029
2012-04-25 06:00:00,82.06029
2012-04-25 07:00:00,76.14828
2012-04-25 08:00:00,77.194405
2012-04-25 09:00:00,109.00408
2012-04-25 10:00:00,197.78928
2012-04-25 11:00:00,237.25668
2012-04-25 12:00:00,307.55176
2012-04-25 13:00:00,303.6459
2012-04-25 14:00:00,338.47928
2012-04-25 15:00:00,300.84064
2012-04-25 16:00:00,333.69882
2012-04-25 17:00:00,330.42197
2012-04-25 18:00:00,328.16788
2012-04-25 19:00:00,313.30234
2012-04-25 20:00:00,284.95645
2012-04-25 21:00:00,193.52022
2012-04-25 22:00:00,134.7915
2012-04-25 23:00:00,172.16957
2012-04-26 00:00:00,128.09729
2012-04-26 01:00:00,170.3519
2012-04-26 02:00:00,159.78412
2012-04-26 03:00:00,158.60814
2012-04-26 04:00:00,146.32658
2012-04-26 05:00:00,141.57558
2012-04-26 06:00:00,150.06111
2012-04-26 07:00:00,100.3612
2012-04-26 08:00:00,112.36874
2012-04-26 09:00:00,105.108864
2012-04-26 10:00:00,107.96466
2012-04-26 11:00:00,109.88767
2012-04-26 12:00:00,134.5267
2012-04-26 13:00:00,131.34029
2012-04-26 14:00:00,150.75168
2012-04-26 15:00:00,138.22314
2012-04-26 16:00:00,140.25665
2012-04-26 17:00:00,144.72195
2012-04-26 18:00:00,150.75168
2012-04-26 19:00:00,152.32906
2012-04-26 20:00:00,152.28705
2012-04-26 21:00:00,144.1447
2012-04-26 22:00:00,129.72801
2012-04-26 23:00:00,116.53851
2012-04-27 00:00:00,199.29863
2012-04-27 01:00:00,191.93578
2012-04-27 02:00:00,180.43422
2012-04-27 03:00:00,177.83022
2012-04-27 04:00:00,179.78716
2012-04-27 05:00:00,181.23955
2012-04-27 06:00:00,175.8413
2012-04-27 07:00:00,147.50333
2012-04-27 08:00:00,113.021355
2012-04-27 09:00:00,176.24118
2012-04-27 10:00:00,209.01247
2012-04-27 11:00:00,217.18404
2012-04-27 12:00:00,241.41954
2012-04-27 13:00:00,256.79944
2012-04-27 14:00:00,257.42184
2012-04-27 15:00:00,295.1085
2012-04-27 16:00:00,290.5189
2012-04-27 17:00:00,327.13235
2012-04-27 18:00:00,322.81784
2012-04-27 19:00:00,309.66
2012-04-27 20:00:00,264.2934
2012-04-27 21:00:00,245.12813
2012-04-27 22:00:00,201.90254
2012-04-27 23:00:00,186.16212
2012-04-28 00:00:00,156.85983
2012-04-28 01:00:00,129.57593
2012-04-28 02:00:00,150.79384
2012-04-28 03:00:00,123.08219
2012-04-28 04:00:00,110.98852
2012-04-28 05:00:00,116.695
2012-04-28 06:00:00,122.668976
2012-04-28 07:00:00,110.98852
2012-04-28 08:00:00,173.08867
2012-04-28 09:00:00,204.5887
2012-04-28 10:00:00,167.46748
2012-04-28 11:00:00,164.86667
2012-04-28 12:00:00,160.31458
2012-04-28 13:00:00,209.57802
2012-04-28 14:00:00,192.74074
2012-04-28 15:00:00,197.45518
2012-04-28 16:00:00,204.7383
2012-04-28 17:00:00,177.73341
2012-04-28 18:00:00,155.60643
2012-04-28 19:00:00,61.16678
2012-04-28 20:00:00,80.75431
2012-04-28 21:00:00,55.023598
2012-04-28 22:00:00,66.071205
2012-04-28 23:00:00,73.237434
2012-04-29 00:00:00,54.540035
2012-04-29 01:00:00,57.891815
2012-04-29 02:00:00,51.9342
2012-04-29 03:00:00,52.854176
2012-04-29 04:00:00,50.843292
2012-04-29 05:00:00,31.799435
2012-04-29 06:00:00,25.000456
2012-04-29 07:00:00,47.722904
2012-04-29 08:00:00,59.565643
2012-04-29 09:00:00,72.74766
2012-04-29 10:00:00,70.20762
2012-04-29 11:00:00,101.310555
2012-04-29 12:00:00,185.34001
2012-04-29 13:00:00,192.55345
2012-04-29 14:00:00,316.21802
2012-04-29 15:00:00,299.70758
2012-04-29 16:00:00,365.24307
2012-04-29 17:00:00,377.0814
2012-04-29 18:00:00,378.9974
2012-04-29 19:00:00,312.29578
2012-04-29 20:00:00,311.45828
2012-04-29 21:00:00,198.60184
2012-04-29 22:00:00,172.66624
2012-04-29 23:00:00,88.84635
2012-04-30 00:00:00,113.09936
2012-04-30 01:00:00,96.81126
2012-04-30 02:00:00,117.47313
2012-04-30 03:00:00,112.69868
2012-04-30 04:00:00,132.38078
2012-04-30 05:00:00,132.38078
2012-04-30 06:00:00,155.34758
2012-04-30 07:00:00,149.83817
2012-04-30 08:00:00,167.79308
2012-04-30 09:00:00,158.29195
2012-04-30 10:00:00,166.96986
2012-04-30 11:00:00,166.83165
2012-04-30 12:00:00,161.0348
2012-04-30 13:00:00,164.97375
2012-04-30 14:00:00,167.33653
2012-04-30 15:00:00,172.44403
2012-04-30 16:00:00,198.59581
2012-04-30 17:00:00,190.71706
2012-04-30 18:00:00,186.41872
2012-04-30 19:00:00,170.7801
2012-04-30 20:00:00,168.45863
2012-04-30 21:00:00,168.45863
2012-04-30 22:00:00,174.99388
2012-04-30 23:00:00,178.23271
2012-05-20 00:00:00,184.57732
2012-05-20 01:00:00,156.127
2012-05-20 02:00:00,156.127
2012-05-20 03:00:00,126.403946
2012-05-20 04:00:00,90.43403
2012-05-20 05:00:00,85.82146
2012-05-20 06:00:00,106.73333
2012-05-20 07:00:00,124.77275
2012-05-20 08:00:00,180.2005
2012-05-20 09:00:00,391.9945
2012-05-20 10:00:00,406.91702
2012-05-20 11:00:00,412.61237
2012-05-20 12:00:00,414.8398
2012-05-20 13:00:00,406.8354
2012-05-20 14:00:00,415.7335
2012-05-20 15:00:00,391.44998
2012-05-20 16:00:00,408.88922
2012-05-20 17:00:00,387.12848
2012-05-20 18:00:00,351.741
2012-05-20 19:00:00,291.326
2012-05-20 20:00:00,291.32602
2012-05-20 21:00:00,245.73747
2012-05-20 22:00:00,210.53896
2012-05-20 23:00:00,152.97438
2012-05-21 00:00:00,147.20302
2012-05-21 01:00:00,139.24405
2012-05-21 02:00:00,135.02008
2012-05-21 03:00:00,152.63795
2012-05-21 04:00:00,139.62971
2012-05-21 05:00:00,139.62971
2012-05-21 06:00:00,139.62971
2012-05-21 07:00:00,139.62971
2012-05-21 08:00:00,140.64764
2012-05-21 09:00:00,138.7987
2012-05-21 10:00:00,147.04758
2012-05-21 11:00:00,160.6752
2012-05-21 12:00:00,167.5182
2012-05-21 13:00:00,156.18842
2012-05-21 14:00:00,152.55016
2012-05-21 15:00:00,197.01999
2012-05-21 16:00:00,204.6841
2012-05-21 17:00:00,224.924
2012-05-21 18:00:00,162.05107
2012-05-21 19:00:00,172.46153
2012-05-21 20:00:00,181.22069
2012-05-21 21:00:00,165.31749
2012-05-21 22:00:00,182.28993
2012-05-21 23:00:00,210.86403
2012-05-22 00:00:00,168.43878
2012-05-22 01:00:00,151.42929
2012-05-22 02:00:00,146.93639
2012-05-22 03:00:00,146.93639
2012-05-22 04:00:00,144.91548
2012-05-22 05:00:00,136.53947
2012-05-22 06:00:00,128.16905
2012-05-22 07:00:00,128.16905
2012-05-22 08:00:00,141.51308
2012-05-22 09:00:00,152.07347
2012-05-22 10:00:00,159.13954
2012-05-22 11:00:00,153.44786
2012-05-22 12:00:00,166.49403
2012-05-22 13:00:00,165.56956
2012-05-22 14:00:00,180.54904
2012-05-22 15:00:00,224.80815
2012-05-22 16:00:00,227.24696
2012-05-22 17:00:00,200.64742
2012-05-22 18:00:00,246.73878
2012-05-22 19:00:00,226.91351
2012-05-22 20:00:00,212.56686
2012-05-22 21:00:00,159.74089
2012-05-22 22:00:00,152.60594
2012-05-22 23:00:00,157.60579
2012-05-23 00:00:00,159.74089
2012-05-23 01:00:00,149.17912
2012-05-23 02:00:00,160.6752
2012-05-23 03:00:00,146.51903
2012-05-23 04:00:00,146.83894
2012-05-23 05:00:00,140.64764
2012-05-23 06:00:00,115.38775
2012-05-23 07:00:00,119.34649
2012-05-23 08:00:00,119.34649
2012-05-23 09:00:00,157.55122
2012-05-23 10:00:00,146.15796
2012-05-23 11:00:00,145.30962
2012-05-23 12:00:00,202.80106
2012-05-23 13:00:00,197.08032
2012-05-23 14:00:00,226.01761
2012-05-23 15:00:00,217.13585
2012-05-23 16:00:00,223.31682
2012-05-23 17:00:00,191.46791
2012-05-23 18:00:00,191.46791
2012-05-23 19:00:00,165.82756
2012-05-23 20:00:00,154.65414
2012-05-23 21:00:00,146.45213
2012-05-23 22:00:00,165.82756
2012-05-23 23:00:00,140.76355
2012-05-24 00:00:00,128.14568
2012-05-24 01:00:00,113.45778
2012-05-24 02:00:00,110.63968
2012-05-24 03:00:00,140.29431
2012-05-24 04:00:00,150.17415
2012-05-24 05:00:00,150.17415
2012-05-24 06:00:00,150.17415
2012-05-24 07:00:00,132.35164
2012-05-24 08:00:00,167.24284
2012-05-24 09:00:00,176.66418
2012-05-24 10:00:00,202.14626
2012-05-24 11:00:00,214.06816
2012-05-24 12:00:00,244.46617
2012-05-24 13:00:00,297.7158
2012-05-24 14:00:00,325.67868
2012-05-24 15:00:00,333.71988
2012-05-24 16:00:00,349.32126
2012-05-24 17:00:00,339.35007
2012-05-24 18:00:00,337.38803
2012-05-24 19:00:00,294.89148
2012-05-24 20:00:00,228.08162
2012-05-24 21:00:00,168.2622
2012-05-24 22:00:00,164.91777
2012-05-24 23:00:00,169.53593
2012-05-25 00:00:00,145.18094
2012-05-25 01:00:00,132.48927
2012-05-25 02:00:00,146.45213
2012-05-25 03:00:00,145.08833
2012-05-25 04:00:00,136.0791
2012-05-25 05:00:00,140.77037
2012-05-25 06:00:00,145.08833
2012-05-25 07:00:00,156.17982
2012-05-25 08:00:00,148.02223
2012-05-25 09:00:00,156.74986
2012-05-25 10:00:00,182.31648
2012-05-25 11:00:00,172.7448
2012-05-25 12:00:00,233.47285
2012-05-25 13:00:00,267.3537
2012-05-25 14:00:00,279.59146
2012-05-25 15:00:00,315.74036
2012-05-25 16:00:00,333.96426
2012-05-25 17:00:00,333.86923
2012-05-25 18:00:00,315.74036
2012-05-25 19:00:00,312.58597
2012-05-25 20:00:00,251.60963
2012-05-25 21:00:00,237.058
2012-05-25 22:00:00,165.18974
2012-05-25 23:00:00,190.06926
2012-05-26 00:00:00,113.92788
2012-05-26 01:00:00,104.54632
2012-05-26 02:00:00,95.12133
2012-05-26 03:00:00,83.1032
2012-05-26 04:00:00,91.99375
2012-05-26 05:00:00,142.73846
2012-05-26 06:00:00,108.60666
2012-05-26 07:00:00,123.573456
2012-05-26 08:00:00,118.69599
2012-05-26 09:00:00,123.0589
2012-05-26 10:00:00,168.79207
2012-05-26 11:00:00,196.66666
2012-05-26 12:00:00,279.78308
2012-05-26 13:00:00,287.28195
2012-05-26 14:00:00,300.83176
2012-05-26 15:00:00,321.50293
2012-05-26 16:00:00,362.35928
2012-05-26 17:00:00,389.4186
2012-05-26 18:00:00,354.9318
2012-05-26 19:00:00,295.62598
2012-05-26 20:00:00,330.50125
2012-05-26 21:00:00,292.8173
2012-05-26 22:00:00,223.21477
2012-05-26 23:00:00,223.21477
2012-05-27 00:00:00,218.569
2012-05-27 01:00:00,179.74655
2012-05-27 02:00:00,173.87312
2012-05-27 03:00:00,150.09273
2012-05-27 04:00:00,124.790474
2012-05-27 05:00:00,124.790474
2012-05-27 06:00:00,115.87402
2012-05-27 07:00:00,100.43034
2012-05-27 08:00:00,123.0589
2012-05-27 09:00:00,144.98239
2012-05-27 10:00:00,203.30101
2012-05-27 11:00:00,268.67484
2012-05-27 12:00:00,293.35318
2012-05-27 13:00:00,321.87302
2012-05-27 14:00:00,338.36093
2012-05-27 15:00:00,380.23282
2012-05-27 16:00:00,380.23282
2012-05-27 17:00:00,403.0143
2012-05-27 18:00:00,350.48868
2012-05-27 19:00:00,321.87302
2012-05-27 20:00:00,310.44766
2012-05-27 21:00:00,213.44868
2012-05-27 22:00:00,137.0246
2012-05-27 23:00:00,133.81734
2012-05-28 00:00:00,121.22563
2012-05-28 01:00:00,181.07811
2012-05-28 02:00:00,115.99201
2012-05-28 03:00:00,125.20751
2012-05-28 04:00:00,102.83752
2012-05-28 05:00:00,102.83752
2012-05-28 06:00:00,125.20751
2012-05-28 07:00:00,97.67374
2012-05-28 08:00:00,114.34664
2012-05-28 09:00:00,161.2374
2012-05-28 10:00:00,161.2374
2012-05-28 11:00:00,207.69061
2012-05-28 12:00:00,262.74323
2012-05-28 13:00:00,350.31174
2012-05-28 14:00:00,350.31174
2012-05-28 15:00:00,384.56757
2012-05-28 16:00:00,388.99182
2012-05-28 17:00:00,384.56757
2012-05-28 18:00:00,361.37677
2012-05-28 19:00:00,372.83206
2012-05-28 20:00:00,332.9294
2012-05-28 21:00:00,307.13022
2012-05-28 22:00:00,206.76784
2012-05-28 23:00:00,187.08192
2012-05-29 00:00:00,204.77138
2012-05-29 01:00:00,204.77138
2012-05-29 02:00:00,166.62634
2012-05-29 03:00:00,220.3824
2012-05-29 04:00:00,190.06926
2012-05-29 05:00:00,190.06926
2012-05-29 06:00:00,190.06926
2012-05-29 07:00:00,190.06926
2012-05-29 08:00:00,220.39394
2012-05-29 09:00:00,279.99692
2012-05-29 10:00:00,295.97073
2012-05-29 11:00:00,335.1017
2012-05-29 12:00:00,373.2409
2012-05-29 13:00:00,394.1451
2012-05-29 14:00:00,403.67126
2012-05-29 15:00:00,393.1155
2012-05-29 16:00:00,425.9491
2012-05-29 17:00:00,387.64844
2012-05-29 18:00:00,417.20587
2012-05-29 19:00:00,369.7637
2012-05-29 20:00:00,263.7324
2012-05-29 21:00:00,131.84608
2012-05-29 22:00:00,140.77037
2012-05-29 23:00:00,135.96944
2012-05-30 00:00:00,142.68547
2012-05-30 01:00:00,154.32881
2012-05-30 02:00:00,125.868385
2012-05-30 03:00:00,142.15977
2012-05-30 04:00:00,152.21208
2012-05-30 05:00:00,170.84972
2012-05-30 06:00:00,161.49036
2012-05-30 07:00:00,163.43187
2012-05-30 08:00:00,181.62996
2012-05-30 09:00:00,207.51582
2012-05-30 10:00:00,213.21413
2012-05-30 11:00:00,229.96819
2012-05-30 12:00:00,194.63225
2012-05-30 13:00:00,202.29713
2012-05-30 14:00:00,291.68338
2012-05-30 15:00:00,287.14462
2012-05-30 16:00:00,301.89432
2012-05-30 17:00:00,265.97055
2012-05-30 18:00:00,302.79166
2012-05-30 19:00:00,297.7158
2012-05-30 20:00:00,171.66666
2012-05-30 21:00:00,240.37001
2012-05-30 22:00:00,178.98561
2012-05-30 23:00:00,200.7894
2012-05-31 00:00:00,181.22069
2012-05-31 01:00:00,163.4869
2012-05-31 02:00:00,182.27454
2012-05-31 03:00:00,165.31749
2012-05-31 04:00:00,150.77557
2012-05-31 05:00:00,223.80354
2012-05-31 06:00:00,197.0649
2012-05-31 07:00:00,237.68968
2012-05-31 08:00:00,269.44037
2012-05-31 09:00:00,310.8855
2012-05-31 10:00:00,361.93884
2012-05-31 11:00:00,319.1978
2012-05-31 12:00:00,295.3693
2012-05-31 13:00:00,274.1095
2012-05-31 14:00:00,283.21918
2012-05-31 15:00:00,308.4382
2012-05-31 16:00:00,304.55478
2012-05-31 17:00:00,277.87836
2012-05-31 18:00:00,284.7769
2012-05-31 19:00:00,285.82327
2012-05-31 20:00:00,295.47992
2012-05-31 21:00:00,295.47992
2012-05-31 22:00:00,279.19998
2012-05-31 23:00:00,288.93192
2012-06-20 00:00:00,204.77138
2012-06-20 01:00:00,191.34209
2012-06-20 02:00:00,163.78224
2012-06-20 03:00:00,154.78075
2012-06-20 04:00:00,140.91794
2012-06-20 05:00:00,140.91794
2012-06-20 06:00:00,143.6584
2012-06-20 07:00:00,143.35213
2012-06-20 08:00:00,194.29875
2012-06-20 09:00:00,203.59041
2012-06-20 10:00:00,305.80594
2012-06-20 11:00:00,337.58255
2012-06-20 12:00:00,317.4283
2012-06-20 13:00:00,286.01782
2012-06-20 14:00:00,289.79105
2012-06-20 15:00:00,254.2733
2012-06-20 16:00:00,258.46365
2012-06-20 17:00:00,255.75053
2012-06-20 18:00:00,255.75055
2012-06-20 19:00:00,292.57962
2012-06-20 20:00:00,296.15817
2012-06-20 21:00:00,277.7761
2012-06-20 22:00:00,294.01074
2012-06-20 23:00:00,278.80737
2012-06-21 00:00:00,168.69289
2012-06-21 01:00:00,145.39833
2012-06-21 02:00:00,133.88286
2012-06-21 03:00:00,130.45241
2012-06-21 04:00:00,113.53308
2012-06-21 05:00:00,118.19919
2012-06-21 06:00:00,140.8946
2012-06-21 07:00:00,140.8946
2012-06-21 08:00:00,136.95361
2012-06-21 09:00:00,308.96295
2012-06-21 10:00:00,278.79263
2012-06-21 11:00:00,276.71292
2012-06-21 12:00:00,304.3859
2012-06-21 13:00:00,280.26398
2012-06-21 14:00:00,285.68015
2012-06-21 15:00:00,292.95935
2012-06-21 16:00:00,283.293
2012-06-21 17:00:00,279.28714
2012-06-21 18:00:00,297.7219
2012-06-21 19:00:00,310.89514
2012-06-21 20:00:00,296.8514
2012-06-21 21:00:00,311.52585
2012-06-21 22:00:00,291.94763
2012-06-21 23:00:00,241.8987
2012-06-22 00:00:00,233.764
2012-06-22 01:00:00,210.45174
2012-06-22 02:00:00,130.24963
2012-06-22 03:00:00,130.24963
2012-06-22 04:00:00,201.66862
2012-06-22 05:00:00,223.82402
2012-06-22 06:00:00,190.8592
2012-06-22 07:00:00,254.05508
2012-06-22 08:00:00,251.65285
2012-06-22 09:00:00,301.27487
2012-06-22 10:00:00,374.13205
2012-06-22 11:00:00,292.13583
2012-06-22 12:00:00,290.0671
2012-06-22 13:00:00,310.89514
2012-06-22 14:00:00,310.89514
2012-06-22 15:00:00,339.95807
2012-06-22 16:00:00,307.07462
2012-06-22 17:00:00,346.11526
2012-06-22 18:00:00,299.22366
2012-06-22 19:00:00,341.54147
2012-06-22 20:00:00,341.54147
2012-06-22 21:00:00,219.18793
2012-06-22 22:00:00,154.31207
2012-06-22 23:00:00,139.35225
2012-06-23 00:00:00,57.123417
2012-06-23 01:00:00,76.34582
2012-06-23 02:00:00,102.35089
2012-06-23 03:00:00,76.12763
2012-06-23 04:00:00,94.86555
2012-06-23 05:00:00,102.35089
2012-06-23 06:00:00,49.328915
2012-06-23 07:00:00,69.27935
2012-06-23 08:00:00,157.82777
2012-06-23 09:00:00,241.2365
2012-06-23 10:00:00,298.99826
2012-06-23 11:00:00,368.76837
2012-06-23 12:00:00,361.30978
2012-06-23 13:00:00,349.35733
2012-06-23 14:00:00,388.85938
2012-06-23 15:00:00,399.12497
2012-06-23 16:00:00,393.23224
2012-06-23 17:00:00,386.46255
2012-06-23 18:00:00,398.5043
2012-06-23 19:00:00,372.8267
2012-06-23 20:00:00,371.9409
2012-06-23 21:00:00,355.67657
2012-06-23 22:00:00,366.7891
2012-06-23 23:00:00,356.82065
2012-06-24 00:00:00,246.93953
2012-06-24 01:00:00,250.29742
2012-06-24 02:00:00,275.19077
2012-06-24 03:00:00,178.22319
2012-06-24 04:00:00,175.619
2012-06-24 05:00:00,99.426186
2012-06-24 06:00:00,135.43379
2012-06-24 07:00:00,89.75849
2012-06-24 08:00:00,178.69264
2012-06-24 09:00:00,256.73813
2012-06-24 10:00:00,400.1881
2012-06-24 11:00:00,358.81345
2012-06-24 12:00:00,370.9455
2012-06-24 13:00:00,391.6766
2012-06-24 14:00:00,390.84225
2012-06-24 15:00:00,363.79715
2012-06-24 16:00:00,378.2359
2012-06-24 17:00:00,374.32745
2012-06-24 18:00:00,373.32675
2012-06-24 19:00:00,405.39648
2012-06-24 20:00:00,395.5001
2012-06-24 21:00:00,316.2483
2012-06-24 22:00:00,245.05144
2012-06-24 23:00:00,231.5227
2012-06-25 00:00:00,279.26578
2012-06-25 01:00:00,234.90385
2012-06-25 02:00:00,201.09535
2012-06-25 03:00:00,210.46114
2012-06-25 04:00:00,152.30592
2012-06-25 05:00:00,133.30647
2012-06-25 06:00:00,117.39704
2012-06-25 07:00:00,155.29439
2012-06-25 08:00:00,170.41747
2012-06-25 09:00:00,220.11345
2012-06-25 10:00:00,271.38165
2012-06-25 11:00:00,352.65677
2012-06-25 12:00:00,339.34622
2012-06-25 13:00:00,327.3931
2012-06-25 14:00:00,330.998
2012-06-25 15:00:00,403.38245
2012-06-25 16:00:00,369.2111
2012-06-25 17:00:00,379.19357
2012-06-25 18:00:00,392.47067
2012-06-25 19:00:00,397.3765
2012-06-25 20:00:00,402.96262
2012-06-25 21:00:00,367.96597
2012-06-25 22:00:00,390.39066
2012-06-25 23:00:00,371.46887
2012-06-26 00:00:00,370.19495
2012-06-26 01:00:00,381.46756
2012-06-26 02:00:00,285.38773
2012-06-26 03:00:00,264.06693
2012-06-26 04:00:00,266.66348
2012-06-26 05:00:00,247.72792
2012-06-26 06:00:00,228.92412
2012-06-26 07:00:00,232.17972
2012-06-26 08:00:00,260.16507
2012-06-26 09:00:00,294.44357
2012-06-26 10:00:00,349.67722
2012-06-26 11:00:00,389.51135
2012-06-26 12:00:00,391.69788
2012-06-26 13:00:00,401.9705
2012-06-26 14:00:00,401.9705
2012-06-26 15:00:00,401.17264
2012-06-26 16:00:00,386.48218
2012-06-26 17:00:00,391.4022
2012-06-26 18:00:00,373.89368
2012-06-26 19:00:00,345.3299
2012-06-26 20:00:00,355.85358
2012-06-26 21:00:00,337.6887
2012-06-26 22:00:00,348.89355
2012-06-26 23:00:00,278.26538
2012-06-27 00:00:00,303.10236
2012-06-27 01:00:00,274.77936
2012-06-27 02:00:00,253.97417
2012-06-27 03:00:00,237.72447
2012-06-27 04:00:00,318.74896
2012-06-27 05:00:00,312.10345
2012-06-27 06:00:00,279.165
2012-06-27 07:00:00,330.02045
2012-06-27 08:00:00,330.6582
2012-06-27 09:00:00,362.4813
2012-06-27 10:00:00,342.92953
2012-06-27 11:00:00,361.67984
2012-06-27 12:00:00,352.26877
2012-06-27 13:00:00,352.42166
2012-06-27 14:00:00,358.57486
2012-06-27 15:00:00,391.0032
2012-06-27 16:00:00,376.26596
2012-06-27 17:00:00,362.15298
2012-06-27 18:00:00,352.42166
2012-06-27 19:00:00,355.94135
2012-06-27 20:00:00,331.91556
2012-06-27 21:00:00,316.28952
2012-06-27 22:00:00,296.96814
2012-06-27 23:00:00,262.783
2012-06-28 00:00:00,228.78535
2012-06-28 01:00:00,154.88564
2012-06-28 02:00:00,219.24622
2012-06-28 03:00:00,219.24622
2012-06-28 04:00:00,177.46321
2012-06-28 05:00:00,182.07693
2012-06-28 06:00:00,182.07693
2012-06-28 07:00:00,177.46321
2012-06-28 08:00:00,246.34276
2012-06-28 09:00:00,256.2003
2012-06-28 10:00:00,301.68454
2012-06-28 11:00:00,326.004
2012-06-28 12:00:00,332.01923
2012-06-28 13:00:00,316.99292
2012-06-28 14:00:00,337.30496
2012-06-28 15:00:00,337.30496
2012-06-28 16:00:00,306.3254
2012-06-28 17:00:00,306.93204
2012-06-28 18:00:00,316.18164
2012-06-28 19:00:00,335.46292
2012-06-28 20:00:00,320.7664
2012-06-28 21:00:00,287.1292
2012-06-28 22:00:00,278.89572
2012-06-28 23:00:00,272.32974
2012-06-29 00:00:00,272.32974
2012-06-29 01:00:00,277.42365
2012-06-29 02:00:00,263.74496
2012-06-29 03:00:00,263.74496
2012-06-29 04:00:00,204.56789
2012-06-29 05:00:00,188.15001
2012-06-29 06:00:00,239.46931
2012-06-29 07:00:00,188.15001
2012-06-29 08:00:00,234.30759
2012-06-29 09:00:00,271.38165
2012-06-29 10:00:00,333.1245
2012-06-29 11:00:00,389.81448
2012-06-29 12:00:00,396.74167
2012-06-29 13:00:00,305.21884
2012-06-29 14:00:00,313.64584
2012-06-29 15:00:00,283.92728
2012-06-29 16:00:00,283.92728
2012-06-29 17:00:00,301.6384
2012-06-29 18:00:00,271.42593
2012-06-29 19:00:00,317.1252
2012-06-29 20:00:00,333.53885
2012-06-29 21:00:00,341.03525
2012-06-29 22:00:00,297.55045
2012-06-29 23:00:00,297.55045
2012-06-30 00:00:00,106.63207
2012-06-30 01:00:00,110.08982
2012-06-30 02:00:00,72.339424
2012-06-30 03:00:00,72.339424
2012-06-30 04:00:00,58.4637
2012-06-30 05:00:00,60.91182
2012-06-30 06:00:00,60.91182
2012-06-30 07:00:00,60.91182
2012-06-30 08:00:00,60.91182
2012-06-30 09:00:00,60.91182
2012-06-30 10:00:00,363.9945
2012-06-30 11:00:00,363.9945
2012-06-30 12:00:00,363.9945
2012-06-30 13:00:00,363.9945
2012-06-30 14:00:00,363.9945
2012-06-30 15:00:00,363.9945
2012-06-30 16:00:00,331.05817
2012-06-30 17:00:00,322.79416
2012-06-30 18:00:00,355.49008
2012-06-30 19:00:00,377.2305
2012-06-30 20:00:00,320.1804
2012-06-30 21:00:00,320.1804
2012-06-30 22:00:00,277.46075
2012-06-30 23:00:00,226.96541
2012-07-20 00:00:00,119.85713
2012-07-20 01:00:00,94.93534
2012-07-20 02:00:00,110.05601
2012-07-20 03:00:00,113.70781
2012-07-20 04:00:00,127.79144
2012-07-20 05:00:00,120.8785
2012-07-20 06:00:00,127.79144
2012-07-20 07:00:00,134.68156
2012-07-20 08:00:00,152.42966
2012-07-20 09:00:00,171.08452
2012-07-20 10:00:00,180.77376
2012-07-20 11:00:00,226.68706
2012-07-20 12:00:00,166.60597
2012-07-20 13:00:00,155.71307
2012-07-20 14:00:00,176.32675
2012-07-20 15:00:00,186.7221
2012-07-20 16:00:00,180.09193
2012-07-20 17:00:00,159.71783
2012-07-20 18:00:00,178.34511
2012-07-20 19:00:00,145.23718
2012-07-20 20:00:00,141.98758
2012-07-20 21:00:00,142.05553
2012-07-20 22:00:00,135.10063
2012-07-20 23:00:00,145.34679
2012-07-21 00:00:00,118.287346
2012-07-21 01:00:00,116.5029
2012-07-21 02:00:00,103.462105
2012-07-21 03:00:00,101.1903
2012-07-21 04:00:00,101.85319
2012-07-21 05:00:00,100.74966
2012-07-21 06:00:00,100.74966
2012-07-21 07:00:00,100.02452
2012-07-21 08:00:00,108.26699
2012-07-21 09:00:00,94.81518
2012-07-21 10:00:00,100.74966
2012-07-21 11:00:00,111.75088
2012-07-21 12:00:00,108.32644
2012-07-21 13:00:00,104.56106
2012-07-21 14:00:00,100.17122
2012-07-21 15:00:00,101.1903
2012-07-21 16:00:00,97.50076
2012-07-21 17:00:00,96.141304
2012-07-21 18:00:00,87.15442
2012-07-21 19:00:00,80.4589
2012-07-21 20:00:00,96.141304
2012-07-21 21:00:00,80.458916
2012-07-21 22:00:00,66.13357
2012-07-21 23:00:00,65.22893
2012-07-22 00:00:00,66.13357
2012-07-22 01:00:00,80.458916
2012-07-22 02:00:00,66.13357
2012-07-22 03:00:00,66.13357
2012-07-22 04:00:00,40.753605
2012-07-22 05:00:00,40.753605
2012-07-22 06:00:00,77.770744
2012-07-22 07:00:00,79.5861
2012-07-22 08:00:00,91.16819
2012-07-22 09:00:00,141.58046
2012-07-22 10:00:00,110.89492
2012-07-22 11:00:00,110.89492
2012-07-22 12:00:00,169.42137
2012-07-22 13:00:00,199.49348
2012-07-22 14:00:00,161.29465
2012-07-22 15:00:00,161.29465
2012-07-22 16:00:00,175.62985
2012-07-22 17:00:00,237.23479
2012-07-22 18:00:00,204.0648
2012-07-22 19:00:00,157.32526
2012-07-22 20:00:00,125.34239
2012-07-22 21:00:00,90.51365
2012-07-22 22:00:00,139.31477
2012-07-22 23:00:00,93.31179
2012-07-23 00:00:00,83.5628
2012-07-23 01:00:00,112.14008
2012-07-23 02:00:00,103.91176
2012-07-23 03:00:00,103.91176
2012-07-23 04:00:00,114.86721
2012-07-23 05:00:00,114.86721
2012-07-23 06:00:00,125.85649
2012-07-23 07:00:00,127.531395
2012-07-23 08:00:00,133.88286
2012-07-23 09:00:00,226.02342
2012-07-23 10:00:00,214.72829
2012-07-23 11:00:00,288.45993
2012-07-23 12:00:00,288.45993
2012-07-23 13:00:00,269.45413
2012-07-23 14:00:00,274.57068
2012-07-23 15:00:00,308.96295
2012-07-23 16:00:00,282.15665
2012-07-23 17:00:00,282.15665
2012-07-23 18:00:00,274.63657
2012-07-23 19:00:00,333.83902
2012-07-23 20:00:00,256.36786
2012-07-23 21:00:00,275.75818
2012-07-23 22:00:00,260.02786
2012-07-23 23:00:00,221.7123
2012-07-24 00:00:00,144.96037
2012-07-24 01:00:00,130.87495
2012-07-24 02:00:00,116.249176
2012-07-24 03:00:00,116.249176
2012-07-24 04:00:00,95.73008
2012-07-24 05:00:00,99.519714
2012-07-24 06:00:00,107.23582
2012-07-24 07:00:00,157.79662
2012-07-24 08:00:00,224.22113
2012-07-24 09:00:00,244.98016
2012-07-24 10:00:00,364.1105
2012-07-24 11:00:00,373.57925
2012-07-24 12:00:00,322.28452
2012-07-24 13:00:00,362.19858
2012-07-24 14:00:00,336.27954
2012-07-24 15:00:00,358.0068
2012-07-24 16:00:00,356.37924
2012-07-24 17:00:00,361.76678
2012-07-24 18:00:00,320.11807
2012-07-24 19:00:00,256.36786
2012-07-24 20:00:00,233.05951
2012-07-24 21:00:00,263.2949
2012-07-24 22:00:00,273.72656
2012-07-24 23:00:00,314.62473
2012-07-25 00:00:00,298.19266
2012-07-25 01:00:00,258.60196
2012-07-25 02:00:00,246.25716
2012-07-25 03:00:00,211.81435
2012-07-25 04:00:00,202.07019
2012-07-25 05:00:00,177.21892
2012-07-25 06:00:00,188.31725
2012-07-25 07:00:00,310.96524
2012-07-25 08:00:00,340.80637
2012-07-25 09:00:00,353.5939
2012-07-25 10:00:00,308.39633
2012-07-25 11:00:00,305.7458
2012-07-25 12:00:00,305.7458
2012-07-25 13:00:00,324.394
2012-07-25 14:00:00,313.16104
2012-07-25 15:00:00,304.02246
2012-07-25 16:00:00,321.47406
2012-07-25 17:00:00,296.571
2012-07-25 18:00:00,315.1412
2012-07-25 19:00:00,317.63464
2012-07-25 20:00:00,312.27457
2012-07-25 21:00:00,280.309
2012-07-25 22:00:00,219.22844
2012-07-25 23:00:00,282.41666
2012-07-26 00:00:00,196.89337
2012-07-26 01:00:00,211.81435
2012-07-26 02:00:00,198.83192
2012-07-26 03:00:00,183.91866
2012-07-26 04:00:00,143.95406
2012-07-26 05:00:00,143.95406
2012-07-26 06:00:00,152.30592
2012-07-26 07:00:00,199.39162
2012-07-26 08:00:00,216.269
2012-07-26 09:00:00,228.57422
2012-07-26 10:00:00,239.498
2012-07-26 11:00:00,324.62735
2012-07-26 12:00:00,351.35007
2012-07-26 13:00:00,373.54245
2012-07-26 14:00:00,337.96365
2012-07-26 15:00:00,343.1661
2012-07-26 16:00:00,349.79898
2012-07-26 17:00:00,387.2977
2012-07-26 18:00:00,350.93747
2012-07-26 19:00:00,354.67236
2012-07-26 20:00:00,347.3588
2012-07-26 21:00:00,413.75623
2012-07-26 22:00:00,413.75623
2012-07-26 23:00:00,183.16743
2012-07-27 00:00:00,130.22829
2012-07-27 01:00:00,169.19252
2012-07-27 02:00:00,132.73982
2012-07-27 03:00:00,157.79662
2012-07-27 04:00:00,116.588036
2012-07-27 05:00:00,113.55099
2012-07-27 06:00:00,116.588036
2012-07-27 07:00:00,211.08128
2012-07-27 08:00:00,198.51013
2012-07-27 09:00:00,352.70572
2012-07-27 10:00:00,263.01596
2012-07-27 11:00:00,356.11612
2012-07-27 12:00:00,377.8882
2012-07-27 13:00:00,340.3298
2012-07-27 14:00:00,345.6813
2012-07-27 15:00:00,310.25183
2012-07-27 16:00:00,318.2358
2012-07-27 17:00:00,326.4805
2012-07-27 18:00:00,294.64963
2012-07-27 19:00:00,311.52585
2012-07-27 20:00:00,238.38857
2012-07-27 21:00:00,238.38857
2012-07-27 22:00:00,260.41708
2012-07-27 23:00:00,161.3668
2012-07-28 00:00:00,215.50343
2012-07-28 01:00:00,125.93743
2012-07-28 02:00:00,134.98668
2012-07-28 03:00:00,134.98668
2012-07-28 04:00:00,120.080635
2012-07-28 05:00:00,93.31179
2012-07-28 06:00:00,111.94906
2012-07-28 07:00:00,142.36708
2012-07-28 08:00:00,204.0648
2012-07-28 09:00:00,249.00174
2012-07-28 10:00:00,358.56696
2012-07-28 11:00:00,352.37424
2012-07-28 12:00:00,353.2957
2012-07-28 13:00:00,373.85562
2012-07-28 14:00:00,352.49197
2012-07-28 15:00:00,371.63165
2012-07-28 16:00:00,340.4613
2012-07-28 17:00:00,358.64337
2012-07-28 18:00:00,393.85834
2012-07-28 19:00:00,78.1162
2012-07-28 20:00:00,94.62647
2012-07-28 21:00:00,63.877586
2012-07-28 22:00:00,63.877586
2012-07-28 23:00:00,58.72213
2012-07-29 00:00:00,57.572884
2012-07-29 01:00:00,62.951664
2012-07-29 02:00:00,91.49651
2012-07-29 03:00:00,144.7783
2012-07-29 04:00:00,120.78653
2012-07-29 05:00:00,90.04957
2012-07-29 06:00:00,96.03301
2012-07-29 07:00:00,159.32603
2012-07-29 08:00:00,204.78093
2012-07-29 09:00:00,269.71423
2012-07-29 10:00:00,172.09999
2012-07-29 11:00:00,316.2483
2012-07-29 12:00:00,345.897
2012-07-29 13:00:00,363.46103
2012-07-29 14:00:00,355.16214
2012-07-29 15:00:00,332.49564
2012-07-29 16:00:00,332.49564
2012-07-29 17:00:00,334.43533
2012-07-29 18:00:00,412.63968
2012-07-29 19:00:00,292.96292
2012-07-29 20:00:00,175.62985
2012-07-29 21:00:00,142.36708
2012-07-29 22:00:00,111.94906
2012-07-29 23:00:00,118.09916
2012-07-30 00:00:00,125.38917
2012-07-30 01:00:00,119.65864
2012-07-30 02:00:00,109.97592
2012-07-30 03:00:00,95.38856
2012-07-30 04:00:00,95.38856
2012-07-30 05:00:00,99.519714
2012-07-30 06:00:00,116.249176
2012-07-30 07:00:00,117.85725
2012-07-30 08:00:00,205.30884
2012-07-30 09:00:00,182.71059
2012-07-30 10:00:00,256.6902
2012-07-30 11:00:00,264.75525
2012-07-30 12:00:00,243.62563
2012-07-30 13:00:00,292.13583
2012-07-30 14:00:00,322.25006
2012-07-30 15:00:00,334.73013
2012-07-30 16:00:00,345.2132
2012-07-30 17:00:00,337.5793
2012-07-30 18:00:00,350.17773
2012-07-30 19:00:00,296.59058
2012-07-30 20:00:00,226.3918
2012-07-30 21:00:00,211.08128
2012-07-30 22:00:00,214.59079
2012-07-30 23:00:00,171.5203
2012-07-31 00:00:00,121.60122
2012-07-31 01:00:00,107.23582
2012-07-31 02:00:00,107.23581
2012-07-31 03:00:00,95.730095
2012-07-31 04:00:00,95.73008
2012-07-31 05:00:00,116.249176
2012-07-31 06:00:00,99.60088
2012-07-31 07:00:00,145.92137
2012-07-31 08:00:00,132.73982
2012-07-31 09:00:00,169.19252
2012-07-31 10:00:00,141.77466
2012-07-31 11:00:00,171.31877
2012-07-31 12:00:00,252.93661
2012-07-31 13:00:00,351.13712
2012-07-31 14:00:00,351.13712
2012-07-31 15:00:00,234.60704
2012-07-31 16:00:00,301.27487
2012-07-31 17:00:00,313.5177
2012-07-31 18:00:00,325.8868
2012-07-31 19:00:00,266.40234
2012-07-31 20:00:00,219.29915
2012-07-31 21:00:00,141.24857
2012-07-31 22:00:00,178.7006
2012-07-31 23:00:00,140.95609
2012-08-20 00:00:00,115.72104
2012-08-20 01:00:00,105.79656
2012-08-20 02:00:00,105.79656
2012-08-20 03:00:00,79.0767
2012-08-20 04:00:00,112.0659
2012-08-20 05:00:00,108.356514
2012-08-20 06:00:00,135.29433
2012-08-20 07:00:00,142.1129
2012-08-20 08:00:00,161.28413
2012-08-20 09:00:00,150.1929
2012-08-20 10:00:00,179.81258
2012-08-20 11:00:00,158.98781
2012-08-20 12:00:00,214.94154
2012-08-20 13:00:00,219.22844
2012-08-20 14:00:00,260.6216
2012-08-20 15:00:00,303.75403
2012-08-20 16:00:00,303.75403
2012-08-20 17:00:00,285.03
2012-08-20 18:00:00,156.34612
2012-08-20 19:00:00,152.56679
2012-08-20 20:00:00,145.34679
2012-08-20 21:00:00,84.89393
2012-08-20 22:00:00,108.356514
2012-08-20 23:00:00,108.356514
2012-08-21 00:00:00,112.0659
2012-08-21 01:00:00,122.71878
2012-08-21 02:00:00,131.56006
2012-08-21 03:00:00,72.68829
2012-08-21 04:00:00,72.68829
2012-08-21 05:00:00,82.258316
2012-08-21 06:00:00,86.31951
2012-08-21 07:00:00,100.685776
2012-08-21 08:00:00,108.79206
2012-08-21 09:00:00,105.83278
2012-08-21 10:00:00,180.78935
2012-08-21 11:00:00,158.12871
2012-08-21 12:00:00,225.5497
2012-08-21 13:00:00,294.7579
2012-08-21 14:00:00,293.60812
2012-08-21 15:00:00,304.51102
2012-08-21 16:00:00,304.51102
2012-08-21 17:00:00,329.32828
2012-08-21 18:00:00,290.42194
2012-08-21 19:00:00,176.81105
2012-08-21 20:00:00,103.99265
2012-08-21 21:00:00,103.99265
2012-08-21 22:00:00,95.05056
2012-08-21 23:00:00,88.48196
2012-08-22 00:00:00,93.06135
2012-08-22 01:00:00,97.53866
2012-08-22 02:00:00,97.53866
2012-08-22 03:00:00,97.53866
2012-08-22 04:00:00,87.45655
2012-08-22 05:00:00,94.10496
2012-08-22 06:00:00,100.56837
2012-08-22 07:00:00,97.53866
2012-08-22 08:00:00,107.886406
2012-08-22 09:00:00,122.71123
2012-08-22 10:00:00,179.42305
2012-08-22 11:00:00,193.40569
2012-08-22 12:00:00,180.43112
2012-08-22 13:00:00,259.1136
2012-08-22 14:00:00,271.28128
2012-08-22 15:00:00,273.72598
2012-08-22 16:00:00,259.533
2012-08-22 17:00:00,259.533
2012-08-22 18:00:00,226.10771
2012-08-22 19:00:00,139.35225
2012-08-22 20:00:00,140.78502
2012-08-22 21:00:00,103.99265
2012-08-22 22:00:00,103.99265
2012-08-22 23:00:00,85.99386
2012-08-23 00:00:00,95.05056
2012-08-23 01:00:00,88.48196
2012-08-23 02:00:00,88.48196
2012-08-23 03:00:00,89.271706
2012-08-23 04:00:00,88.48196
2012-08-23 05:00:00,88.48196
2012-08-23 06:00:00,100.050735
2012-08-23 07:00:00,115.909325
2012-08-23 08:00:00,163.55632
2012-08-23 09:00:00,161.29929
2012-08-23 10:00:00,200.17807
2012-08-23 11:00:00,250.94879
2012-08-23 12:00:00,295.61884
2012-08-23 13:00:00,267.23727
2012-08-23 14:00:00,320.45834
2012-08-23 15:00:00,277.9424
2012-08-23 16:00:00,289.34232
2012-08-23 17:00:00,322.45578
2012-08-23 18:00:00,314.8589
2012-08-23 19:00:00,223.8301
2012-08-23 20:00:00,188.15001
2012-08-23 21:00:00,207.50978
2012-08-23 22:00:00,217.63441
2012-08-23 23:00:00,153.1519
2012-08-24 00:00:00,153.1519
2012-08-24 01:00:00,136.7165
2012-08-24 02:00:00,109.14647
2012-08-24 03:00:00,103.99265
2012-08-24 04:00:00,136.7165
2012-08-24 05:00:00,95.05056
2012-08-24 06:00:00,112.24666
2012-08-24 07:00:00,119.149414
2012-08-24 08:00:00,139.35225
2012-08-24 09:00:00,193.973
2012-08-24 10:00:00,246.00359
2012-08-24 11:00:00,254.08247
2012-08-24 12:00:00,263.37988
2012-08-24 13:00:00,309.54608
2012-08-24 14:00:00,276.04465
2012-08-24 15:00:00,262.37872
2012-08-24 16:00:00,262.37872
2012-08-24 17:00:00,278.40866
2012-08-24 18:00:00,254.59718
2012-08-24 19:00:00,244.09673
2012-08-24 20:00:00,234.84422
2012-08-24 21:00:00,239.46931
2012-08-24 22:00:00,182.94156
2012-08-24 23:00:00,196.65645
2012-08-25 00:00:00,221.3331
2012-08-25 01:00:00,155.19226
2012-08-25 02:00:00,110.74374
2012-08-25 03:00:00,94.4647
2012-08-25 04:00:00,154.47365
2012-08-25 05:00:00,134.4153
2012-08-25 06:00:00,108.111824
2012-08-25 07:00:00,117.0084
2012-08-25 08:00:00,162.76898
2012-08-25 09:00:00,218.6769
2012-08-25 10:00:00,246.86937
2012-08-25 11:00:00,278.40298
2012-08-25 12:00:00,305.3054
2012-08-25 13:00:00,344.54938
2012-08-25 14:00:00,220.21446
2012-08-25 15:00:00,177.17763
2012-08-25 16:00:00,177.71063
2012-08-25 17:00:00,185.54645
2012-08-25 18:00:00,207.43396
2012-08-25 19:00:00,140.96887
2012-08-25 20:00:00,115.911736
2012-08-25 21:00:00,131.41074
2012-08-25 22:00:00,131.41074
2012-08-25 23:00:00,116.5029
2012-08-26 00:00:00,83.49077
2012-08-26 01:00:00,68.161705
2012-08-26 02:00:00,100.97317
2012-08-26 03:00:00,107.10052
2012-08-26 04:00:00,94.69042
2012-08-26 05:00:00,68.161705
2012-08-26 06:00:00,93.511635
2012-08-26 07:00:00,68.161705
2012-08-26 08:00:00,141.24083
2012-08-26 09:00:00,127.54482
2012-08-26 10:00:00,306.01346
2012-08-26 11:00:00,295.90027
2012-08-26 12:00:00,236.93358
2012-08-26 13:00:00,153.35782
2012-08-26 14:00:00,46.015854
2012-08-26 15:00:00,114.178276
2012-08-26 16:00:00,114.178276
2012-08-26 17:00:00,75.91716
2012-08-26 18:00:00,69.303055
2012-08-26 19:00:00,87.60114
2012-08-26 20:00:00,60.91182
2012-08-26 21:00:00,61.2331
2012-08-26 22:00:00,39.974144
2012-08-26 23:00:00,51.094715
2012-08-27 00:00:00,88.48196
2012-08-27 01:00:00,77.78366
2012-08-27 02:00:00,89.15619
2012-08-27 03:00:00,77.78365
2012-08-27 04:00:00,88.48196
2012-08-27 05:00:00,79.215805
2012-08-27 06:00:00,79.215805
2012-08-27 07:00:00,95.38856
2012-08-27 08:00:00,95.73008
2012-08-27 09:00:00,99.519714
2012-08-27 10:00:00,167.61678
2012-08-27 11:00:00,249.48457
2012-08-27 12:00:00,163.2643
2012-08-27 13:00:00,272.40717
2012-08-27 14:00:00,258.46854
2012-08-27 15:00:00,356.37924
2012-08-27 16:00:00,337.7353
2012-08-27 17:00:00,319.88382
2012-08-27 18:00:00,326.49225
2012-08-27 19:00:00,239.498
2012-08-27 20:00:00,224.22113
2012-08-27 21:00:00,194.85805
2012-08-27 22:00:00,146.20833
2012-08-27 23:00:00,136.5626
2012-08-28 00:00:00,167.50505
2012-08-28 01:00:00,130.25981
2012-08-28 02:00:00,156.92853
2012-08-28 03:00:00,94.93534
2012-08-28 04:00:00,107.23582
2012-08-28 05:00:00,123.48231
2012-08-28 06:00:00,113.70781
2012-08-28 07:00:00,127.13412
2012-08-28 08:00:00,130.68976
2012-08-28 09:00:00,180.77376
2012-08-28 10:00:00,282.2549
2012-08-28 11:00:00,328.28552
2012-08-28 12:00:00,345.2132
2012-08-28 13:00:00,336.39493
2012-08-28 14:00:00,345.71054
2012-08-28 15:00:00,341.53354
2012-08-28 16:00:00,347.65192
2012-08-28 17:00:00,370.7148
2012-08-28 18:00:00,328.2128
2012-08-28 19:00:00,295.70425
2012-08-28 20:00:00,250.41025
2012-08-28 21:00:00,241.28311
2012-08-28 22:00:00,158.12871
2012-08-28 23:00:00,146.69032
2012-08-29 00:00:00,109.14647
2012-08-29 01:00:00,133.51405
2012-08-29 02:00:00,116.804924
2012-08-29 03:00:00,108.852516
2012-08-29 04:00:00,150.8723
2012-08-29 05:00:00,139.68822
2012-08-29 06:00:00,139.68822
2012-08-29 07:00:00,145.63835
2012-08-29 08:00:00,210.46275
2012-08-29 09:00:00,281.1822
2012-08-29 10:00:00,283.18982
2012-08-29 11:00:00,225.5497
2012-08-29 12:00:00,292.85843
2012-08-29 13:00:00,274.13934
2012-08-29 14:00:00,283.21426
2012-08-29 15:00:00,317.87656
2012-08-29 16:00:00,306.35867
2012-08-29 17:00:00,331.87244
2012-08-29 18:00:00,307.9763
2012-08-29 19:00:00,271.44412
2012-08-29 20:00:00,146.69032
2012-08-29 21:00:00,209.79588
2012-08-29 22:00:00,154.88564
2012-08-29 23:00:00,144.25795
2012-08-30 00:00:00,105.83278
2012-08-30 01:00:00,108.30255
2012-08-30 02:00:00,100.56837
2012-08-30 03:00:00,100.56837
2012-08-30 04:00:00,100.56837
2012-08-30 05:00:00,100.56837
2012-08-30 06:00:00,105.79656
2012-08-30 07:00:00,103.99265
2012-08-30 08:00:00,115.14302
2012-08-30 09:00:00,148.41856
2012-08-30 10:00:00,162.05695
2012-08-30 11:00:00,283.21426
2012-08-30 12:00:00,281.9562
2012-08-30 13:00:00,259.1136
2012-08-30 14:00:00,273.72598
2012-08-30 15:00:00,291.48322
2012-08-30 16:00:00,290.77066
2012-08-30 17:00:00,326.91592
2012-08-30 18:00:00,289.17285
2012-08-30 19:00:00,273.72598
2012-08-30 20:00:00,254.05508
2012-08-30 21:00:00,205.11253
2012-08-30 22:00:00,117.60285
2012-08-30 23:00:00,131.85078
2012-08-31 00:00:00,126.866295
2012-08-31 01:00:00,126.866295
2012-08-31 02:00:00,94.935326
2012-08-31 03:00:00,87.35364
2012-08-31 04:00:00,91.51603
2012-08-31 05:00:00,99.60088
2012-08-31 06:00:00,124.12471
2012-08-31 07:00:00,106.361885
2012-08-31 08:00:00,155.6347
2012-08-31 09:00:00,136.95361
2012-08-31 10:00:00,201.47734
2012-08-31 11:00:00,330.53946
2012-08-31 12:00:00,321.87128
2012-08-31 13:00:00,332.4374
2012-08-31 14:00:00,306.75958
2012-08-31 15:00:00,321.59
2012-08-31 16:00:00,312.88614
2012-08-31 17:00:00,296.66644
2012-08-31 18:00:00,320.9168
2012-08-31 19:00:00,278.49924
2012-08-31 20:00:00,278.49924
2012-08-31 21:00:00,286.1605
2012-08-31 22:00:00,286.1605
2012-08-31 23:00:00,197.75728
2012-09-20 00:00:00,122.718925
2012-09-20 01:00:00,109.16811
2012-09-20 02:00:00,104.769066
2012-09-20 03:00:00,78.96525
2012-09-20 04:00:00,94.51223
2012-09-20 05:00:00,94.51223
2012-09-20 06:00:00,78.96525
2012-09-20 07:00:00,81.52892
2012-09-20 08:00:00,120.65542
2012-09-20 09:00:00,180.0598
2012-09-20 10:00:00,223.74864
2012-09-20 11:00:00,221.73344
2012-09-20 12:00:00,266.77768
2012-09-20 13:00:00,266.8402
2012-09-20 14:00:00,280.22583
2012-09-20 15:00:00,285.49084
2012-09-20 16:00:00,267.82074
2012-09-20 17:00:00,280.2294
2012-09-20 18:00:00,251.22537
2012-09-20 19:00:00,216.86444
2012-09-20 20:00:00,167.79095
2012-09-20 21:00:00,188.5937
2012-09-20 22:00:00,103.365166
2012-09-20 23:00:00,123.712524
2012-09-21 00:00:00,98.4794
2012-09-21 01:00:00,91.42366
2012-09-21 02:00:00,91.42366
2012-09-21 03:00:00,89.92101
2012-09-21 04:00:00,82.60624
2012-09-21 05:00:00,74.53333
2012-09-21 06:00:00,89.92101
2012-09-21 07:00:00,84.3499
2012-09-21 08:00:00,111.25593
2012-09-21 09:00:00,135.2233
2012-09-21 10:00:00,223.98111
2012-09-21 11:00:00,258.12546
2012-09-21 12:00:00,241.09505
2012-09-21 13:00:00,256.2003
2012-09-21 14:00:00,307.44797
2012-09-21 15:00:00,284.81265
2012-09-21 16:00:00,271.4441
2012-09-21 17:00:00,279.89148
2012-09-21 18:00:00,246.95139
2012-09-21 19:00:00,216.29839
2012-09-21 20:00:00,160.26958
2012-09-21 21:00:00,162.47269
2012-09-21 22:00:00,139.68822
2012-09-21 23:00:00,188.84193
2012-09-22 00:00:00,138.1439
2012-09-22 01:00:00,103.39243
2012-09-22 02:00:00,74.11646
2012-09-22 03:00:00,95.41978
2012-09-22 04:00:00,95.41978
2012-09-22 05:00:00,109.05535
2012-09-22 06:00:00,101.04896
2012-09-22 07:00:00,99.3744
2012-09-22 08:00:00,145.8217
2012-09-22 09:00:00,148.8211
2012-09-22 10:00:00,230.91429
2012-09-22 11:00:00,287.09732
2012-09-22 12:00:00,326.75323
2012-09-22 13:00:00,371.712
2012-09-22 14:00:00,390.8282
2012-09-22 15:00:00,398.58542
2012-09-22 16:00:00,368.6135
2012-09-22 17:00:00,368.6135
2012-09-22 18:00:00,322.0821
2012-09-22 19:00:00,254.09554
2012-09-22 20:00:00,307.37778
2012-09-22 21:00:00,254.50987
2012-09-22 22:00:00,226.9499
2012-09-22 23:00:00,295.0175
2012-09-23 00:00:00,498.25592
2012-09-23 01:00:00,288.59293
2012-09-23 02:00:00,334.23932
2012-09-23 03:00:00,246.31557
2012-09-23 04:00:00,259.0043
2012-09-23 05:00:00,227.4593
2012-09-23 06:00:00,201.64537
2012-09-23 07:00:00,234.49025
2012-09-23 08:00:00,237.03973
2012-09-23 09:00:00,272.153
2012-09-23 10:00:00,375.22366
2012-09-23 11:00:00,385.32828
2012-09-23 12:00:00,420.3193
2012-09-23 13:00:00,466.32022
2012-09-23 14:00:00,475.41177
2012-09-23 15:00:00,492.03067
2012-09-23 16:00:00,460.4077
2012-09-23 17:00:00,432.48392
2012-09-23 18:00:00,452.7456
2012-09-23 19:00:00,404.01852
2012-09-23 20:00:00,404.01852
2012-09-23 21:00:00,341.6566
2012-09-23 22:00:00,410.77777
2012-09-23 23:00:00,282.83743
2012-09-24 00:00:00,243.7099
2012-09-24 01:00:00,237.05714
2012-09-24 02:00:00,260.78647
2012-09-24 03:00:00,249.49611
2012-09-24 04:00:00,233.81715
2012-09-24 05:00:00,256.69376
2012-09-24 06:00:00,281.13437
2012-09-24 07:00:00,237.05714
2012-09-24 08:00:00,285.48123
2012-09-24 09:00:00,301.0527
2012-09-24 10:00:00,316.7596
2012-09-24 11:00:00,368.17435
2012-09-24 12:00:00,378.90207
2012-09-24 13:00:00,401.36044
2012-09-24 14:00:00,361.5751
2012-09-24 15:00:00,358.6033
2012-09-24 16:00:00,383.9514
2012-09-24 17:00:00,363.19437
2012-09-24 18:00:00,356.21
2012-09-24 19:00:00,337.16983
2012-09-24 20:00:00,308.98306
2012-09-24 21:00:00,308.1971
2012-09-24 22:00:00,292.04266
2012-09-24 23:00:00,255.4094
2012-09-25 00:00:00,230.09595
2012-09-25 01:00:00,200.37178
2012-09-25 02:00:00,157.54207
2012-09-25 03:00:00,202.1799
2012-09-25 04:00:00,196.65436
2012-09-25 05:00:00,148.66658
2012-09-25 06:00:00,175.10669
2012-09-25 07:00:00,169.9695
2012-09-25 08:00:00,232.55484
2012-09-25 09:00:00,284.01596
2012-09-25 10:00:00,300.2294
2012-09-25 11:00:00,356.5128
2012-09-25 12:00:00,378.3465
2012-09-25 13:00:00,370.47855
2012-09-25 14:00:00,405.33212
2012-09-25 15:00:00,408.52783
2012-09-25 16:00:00,400.89963
2012-09-25 17:00:00,400.51254
2012-09-25 18:00:00,383.12808
2012-09-25 19:00:00,348.11804
2012-09-25 20:00:00,300.25537
2012-09-25 21:00:00,300.25537
2012-09-25 22:00:00,302.5991
2012-09-25 23:00:00,295.449
2012-09-26 00:00:00,264.7062
2012-09-26 01:00:00,260.1121
2012-09-26 02:00:00,269.3077
2012-09-26 03:00:00,269.3077
2012-09-26 04:00:00,227.63155
2012-09-26 05:00:00,235.12544
2012-09-26 06:00:00,231.28712
2012-09-26 07:00:00,201.49063
2012-09-26 08:00:00,217.04228
2012-09-26 09:00:00,280.81436
2012-09-26 10:00:00,240.37575
2012-09-26 11:00:00,301.48856
2012-09-26 12:00:00,319.12732
2012-09-26 13:00:00,338.11716
2012-09-26 14:00:00,401.9645
2012-09-26 15:00:00,405.89597
2012-09-26 16:00:00,410.40585
2012-09-26 17:00:00,405.89597
2012-09-26 18:00:00,383.51224
2012-09-26 19:00:00,331.65536
2012-09-26 20:00:00,272.8914
2012-09-26 21:00:00,293.0335
2012-09-26 22:00:00,273.54684
2012-09-26 23:00:00,234.79388
2012-09-27 00:00:00,166.21837
2012-09-27 01:00:00,166.21837
2012-09-27 02:00:00,166.21829
2012-09-27 03:00:00,146.04893
2012-09-27 04:00:00,109.59109
2012-09-27 05:00:00,124.03784
2012-09-27 06:00:00,117.293915
2012-09-27 07:00:00,146.04901
2012-09-27 08:00:00,219.42372
2012-09-27 09:00:00,227.78514
2012-09-27 10:00:00,366.37875
2012-09-27 11:00:00,337.05826
2012-09-27 12:00:00,342.70914
2012-09-27 13:00:00,316.0731
2012-09-27 14:00:00,343.71674
2012-09-27 15:00:00,338.3843
2012-09-27 16:00:00,337.44553
2012-09-27 17:00:00,274.82364
2012-09-27 18:00:00,282.84775
2012-09-27 19:00:00,284.16562
2012-09-27 20:00:00,279.475
2012-09-27 21:00:00,205.76823
2012-09-27 22:00:00,205.76823
2012-09-27 23:00:00,219.48253
2012-09-28 00:00:00,195.18997
2012-09-28 01:00:00,164.01537
2012-09-28 02:00:00,182.06981
2012-09-28 03:00:00,203.06804
2012-09-28 04:00:00,175.8253
2012-09-28 05:00:00,107.65098
2012-09-28 06:00:00,117.340965
2012-09-28 07:00:00,107.46316
2012-09-28 08:00:00,142.36012
2012-09-28 09:00:00,192.18697
2012-09-28 10:00:00,238.99632
2012-09-28 11:00:00,252.46886
2012-09-28 12:00:00,350.59933
2012-09-28 13:00:00,363.61322
2012-09-28 14:00:00,350.59933
2012-09-28 15:00:00,342.9454
2012-09-28 16:00:00,348.64658
2012-09-28 17:00:00,331.61642
2012-09-28 18:00:00,340.87186
2012-09-28 19:00:00,325.50327
2012-09-28 20:00:00,304.40726
2012-09-28 21:00:00,307.94485
2012-09-28 22:00:00,313.44083
2012-09-28 23:00:00,300.58316
2012-09-29 00:00:00,277.0938
2012-09-29 01:00:00,277.0938
2012-09-29 02:00:00,300.51025
2012-09-29 03:00:00,282.2876
2012-09-29 04:00:00,263.9028
2012-09-29 05:00:00,246.73392
2012-09-29 06:00:00,227.59113
2012-09-29 07:00:00,192.48439
2012-09-29 08:00:00,194.07732
2012-09-29 09:00:00,246.73392
2012-09-29 10:00:00,296.04666
2012-09-29 11:00:00,329.8596
2012-09-29 12:00:00,455.00235
2012-09-29 13:00:00,455.00235
2012-09-29 14:00:00,468.6804
2012-09-29 15:00:00,444.23907
2012-09-29 16:00:00,479.00348
2012-09-29 17:00:00,432.4851
2012-09-29 18:00:00,400.12808
2012-09-29 19:00:00,306.90402
2012-09-29 20:00:00,303.84497
2012-09-29 21:00:00,310.55075
2012-09-29 22:00:00,260.50195
2012-09-29 23:00:00,279.31302
2012-09-30 00:00:00,298.46918
2012-09-30 01:00:00,298.46918
2012-09-30 02:00:00,257.20444
2012-09-30 03:00:00,224.39366
2012-09-30 04:00:00,224.39366
2012-09-30 05:00:00,186.737
2012-09-30 06:00:00,172.10655
2012-09-30 07:00:00,134.53627
2012-09-30 08:00:00,230.92375
2012-09-30 09:00:00,266.1587
2012-09-30 10:00:00,415.39658
2012-09-30 11:00:00,450.08304
2012-09-30 12:00:00,455.00235
2012-09-30 13:00:00,479.00348
2012-09-30 14:00:00,479.00348
2012-09-30 15:00:00,517.1958
2012-09-30 16:00:00,514.24854
2012-09-30 17:00:00,498.54462
2012-09-30 18:00:00,238.97052
2012-09-30 19:00:00,224.44493
2012-09-30 20:00:00,224.44493
2012-09-30 21:00:00,218.48994
2012-09-30 22:00:00,189.76068
2012-09-30 23:00:00,188.43849
2012-10-20 00:00:00,118.182274
2012-10-20 01:00:00,176.21123
2012-10-20 02:00:00,126.63948
2012-10-20 03:00:00,136.48454
2012-10-20 04:00:00,186.737
2012-10-20 05:00:00,96.246796
2012-10-20 06:00:00,183.96683
2012-10-20 07:00:00,96.246796
2012-10-20 08:00:00,215.66075
2012-10-20 09:00:00,279.397
2012-10-20 10:00:00,329.8304
2012-10-20 11:00:00,328.70273
2012-10-20 12:00:00,398.679
2012-10-20 13:00:00,424.82443
2012-10-20 14:00:00,459.4357
2012-10-20 15:00:00,440.0583
2012-10-20 16:00:00,383.72095
2012-10-20 17:00:00,446.01724
2012-10-20 18:00:00,414.77502
2012-10-20 19:00:00,365.25778
2012-10-20 20:00:00,397.15762
2012-10-20 21:00:00,308.8392
2012-10-20 22:00:00,300.01132
2012-10-20 23:00:00,285.8978
2012-10-21 00:00:00,274.91605
2012-10-21 01:00:00,219.18697
2012-10-21 02:00:00,204.05614
2012-10-21 03:00:00,175.2983
2012-10-21 04:00:00,143.81209
2012-10-21 05:00:00,175.2983
2012-10-21 06:00:00,247.3244
2012-10-21 07:00:00,247.3244
2012-10-21 08:00:00,213.27953
2012-10-21 09:00:00,278.84073
2012-10-21 10:00:00,314.0139
2012-10-21 11:00:00,336.65604
2012-10-21 12:00:00,381.89127
2012-10-21 13:00:00,447.8752
2012-10-21 14:00:00,484.4718
2012-10-21 15:00:00,415.6934
2012-10-21 16:00:00,446.01724
2012-10-21 17:00:00,400.4646
2012-10-21 18:00:00,424.8459
2012-10-21 19:00:00,389.0784
2012-10-21 20:00:00,350.16226
2012-10-21 21:00:00,262.43484
2012-10-21 22:00:00,319.04352
2012-10-21 23:00:00,325.39993
2012-10-22 00:00:00,245.43538
2012-10-22 01:00:00,173.74623
2012-10-22 02:00:00,162.07666
2012-10-22 03:00:00,245.43538
2012-10-22 04:00:00,209.72653
2012-10-22 05:00:00,146.65852
2012-10-22 06:00:00,144.11932
2012-10-22 07:00:00,215.31148
2012-10-22 08:00:00,218.01949
2012-10-22 09:00:00,255.96187
2012-10-22 10:00:00,298.72586
2012-10-22 11:00:00,361.2236
2012-10-22 12:00:00,344.55264
2012-10-22 13:00:00,386.19373
2012-10-22 14:00:00,389.96982
2012-10-22 15:00:00,385.6829
2012-10-22 16:00:00,382.09872
2012-10-22 17:00:00,365.2977
2012-10-22 18:00:00,269.80557
2012-10-22 19:00:00,308.98306
2012-10-22 20:00:00,282.61572
2012-10-22 21:00:00,242.2006
2012-10-22 22:00:00,153.34496
2012-10-22 23:00:00,146.61577
2012-10-23 00:00:00,147.00572
2012-10-23 01:00:00,169.35167
2012-10-23 02:00:00,140.1273
2012-10-23 03:00:00,160.52386
2012-10-23 04:00:00,151.62422
2012-10-23 05:00:00,161.6873
2012-10-23 06:00:00,138.19753
2012-10-23 07:00:00,189.4828
2012-10-23 08:00:00,224.99008
2012-10-23 09:00:00,237.11023
2012-10-23 10:00:00,289.16742
2012-10-23 11:00:00,271.3154
2012-10-23 12:00:00,299.54614
2012-10-23 13:00:00,308.0802
2012-10-23 14:00:00,376.5073
2012-10-23 15:00:00,392.95145
2012-10-23 16:00:00,336.51303
2012-10-23 17:00:00,343.3527
2012-10-23 18:00:00,293.2316
2012-10-23 19:00:00,289.02524
2012-10-23 20:00:00,278.28256
2012-10-23 21:00:00,229.64372
2012-10-23 22:00:00,255.75648
2012-10-23 23:00:00,222.75612
2012-10-24 00:00:00,215.63669
2012-10-24 01:00:00,227.40312
2012-10-24 02:00:00,227.40308
2012-10-24 03:00:00,183.66722
2012-10-24 04:00:00,183.66722
2012-10-24 05:00:00,130.60805
2012-10-24 06:00:00,150.23402
2012-10-24 07:00:00,119.611565
2012-10-24 08:00:00,186.78485
2012-10-24 09:00:00,220.06038
2012-10-24 10:00:00,231.01003
2012-10-24 11:00:00,266.11215
2012-10-24 12:00:00,288.35806
2012-10-24 13:00:00,280.69058
2012-10-24 14:00:00,395.50015
2012-10-24 15:00:00,368.14835
2012-10-24 16:00:00,368.12204
2012-10-24 17:00:00,302.2687
2012-10-24 18:00:00,317.33047
2012-10-24 19:00:00,296.3818
2012-10-24 20:00:00,291.421
2012-10-24 21:00:00,296.08853
2012-10-24 22:00:00,285.63284
2012-10-24 23:00:00,268.76407
2012-10-25 00:00:00,283.11838
2012-10-25 01:00:00,230.73955
2012-10-25 02:00:00,159.25194
2012-10-25 03:00:00,152.2184
2012-10-25 04:00:00,145.30302
2012-10-25 05:00:00,160.29607
2012-10-25 06:00:00,168.69276
2012-10-25 07:00:00,168.69276
2012-10-25 08:00:00,188.40845
2012-10-25 09:00:00,183.8185
2012-10-25 10:00:00,198.05672
2012-10-25 11:00:00,187.4334
2012-10-25 12:00:00,224.46179
2012-10-25 13:00:00,191.1409
2012-10-25 14:00:00,221.75763
2012-10-25 15:00:00,277.59586
2012-10-25 16:00:00,262.51642
2012-10-25 17:00:00,262.51642
2012-10-25 18:00:00,151.53258
2012-10-25 19:00:00,166.22603
2012-10-25 20:00:00,152.2184
2012-10-25 21:00:00,152.2184
2012-10-25 22:00:00,180.77126
2012-10-25 23:00:00,198.05669
2012-10-26 00:00:00,197.43065
2012-10-26 01:00:00,142.02458
2012-10-26 02:00:00,145.30302
2012-10-26 03:00:00,160.29607
2012-10-26 04:00:00,160.29607
2012-10-26 05:00:00,145.30302
2012-10-26 06:00:00,142.02458
2012-10-26 07:00:00,145.30302
2012-10-26 08:00:00,157.46585
2012-10-26 09:00:00,157.46585
2012-10-26 10:00:00,151.98988
2012-10-26 11:00:00,230.48994
2012-10-26 12:00:00,254.45204
2012-10-26 13:00:00,273.98352
2012-10-26 14:00:00,285.63284
2012-10-26 15:00:00,296.08853
2012-10-26 16:00:00,256.43753
2012-10-26 17:00:00,235.50536
2012-10-26 18:00:00,229.61575
2012-10-26 19:00:00,197.54958
2012-10-26 20:00:00,197.5496
2012-10-26 21:00:00,228.5869
2012-10-26 22:00:00,190.63689
2012-10-26 23:00:00,162.07893
2012-10-27 00:00:00,95.21148
2012-10-27 01:00:00,114.11689
2012-10-27 02:00:00,131.1563
2012-10-27 03:00:00,103.82215
2012-10-27 04:00:00,122.63847
2012-10-27 05:00:00,150.7704
2012-10-27 06:00:00,150.7704
2012-10-27 07:00:00,129.98042
2012-10-27 08:00:00,164.47304
2012-10-27 09:00:00,164.47304
2012-10-27 10:00:00,182.9776
2012-10-27 11:00:00,248.52278
2012-10-27 12:00:00,362.29428
2012-10-27 13:00:00,444.23907
2012-10-27 14:00:00,422.93948
2012-10-27 15:00:00,281.31268
2012-10-27 16:00:00,260.41727
2012-10-27 17:00:00,260.41727
2012-10-27 18:00:00,260.41727
2012-10-27 19:00:00,210.09477
2012-10-27 20:00:00,210.09477
2012-10-27 21:00:00,210.09477
2012-10-27 22:00:00,204.33281
2012-10-27 23:00:00,200.13075
2012-10-28 00:00:00,205.74272
2012-10-28 01:00:00,190.9701
2012-10-28 02:00:00,201.91533
2012-10-28 03:00:00,214.09496
2012-10-28 04:00:00,211.4515
2012-10-28 05:00:00,218.87022
2012-10-28 06:00:00,229.66228
2012-10-28 07:00:00,239.84166
2012-10-28 08:00:00,223.64801
2012-10-28 09:00:00,240.7251
2012-10-28 10:00:00,251.02242
2012-10-28 11:00:00,261.31253
2012-10-28 12:00:00,217.97612
2012-10-28 13:00:00,216.52034
2012-10-28 14:00:00,224.14398
2012-10-28 15:00:00,208.32281
2012-10-28 16:00:00,181.60551
2012-10-28 17:00:00,139.34154
2012-10-28 18:00:00,100.877075
2012-10-28 19:00:00,107.96347
2012-10-28 20:00:00,100.46783
2012-10-28 21:00:00,122.73718
2012-10-28 22:00:00,128.44461
2012-10-28 23:00:00,107.96347
2012-10-29 00:00:00,140.19792
2012-10-30 13:00:00,112.2729
2012-10-30 14:00:00,112.2729
2012-10-30 15:00:00,116.58618
2012-10-30 16:00:00,116.58618
2012-10-30 17:00:00,120.610985
2012-10-30 18:00:00,131.86308
2012-10-30 19:00:00,248.51341
2012-10-30 20:00:00,138.49806
2012-10-30 21:00:00,135.46384
2012-10-30 22:00:00,138.83003
2012-10-30 23:00:00,138.83003
2012-10-31 00:00:00,143.86874
2012-10-31 01:00:00,143.26619
2012-10-31 02:00:00,142.76685
2012-10-31 03:00:00,143.86874
2012-10-31 04:00:00,132.1548
2012-10-31 05:00:00,142.76685
2012-10-31 06:00:00,139.89458
2012-10-31 07:00:00,135.88362
2012-10-31 08:00:00,142.51123
2012-10-31 09:00:00,150.64323
2012-10-31 10:00:00,163.66153
2012-10-31 11:00:00,182.41368
2012-10-31 12:00:00,239.63818
2012-10-31 13:00:00,273.16147
2012-10-31 14:00:00,274.65314
2012-10-31 15:00:00,273.2201
2012-10-31 16:00:00,262.44205
2012-10-31 17:00:00,255.98003
2012-10-31 18:00:00,255.98003
2012-10-31 19:00:00,274.52405
2012-10-31 20:00:00,274.52405
2012-10-31 21:00:00,274.52405
2012-10-31 22:00:00,235.76762
2012-10-31 23:00:00,254.92223
2012-11-20 00:00:00,158.99586
2012-11-20 01:00:00,174.97734
2012-11-20 02:00:00,152.81998
2012-11-20 03:00:00,166.96568
2012-11-20 04:00:00,178.35292
2012-11-20 05:00:00,179.45729
2012-11-20 06:00:00,163.91928
2012-11-20 07:00:00,142.12907
2012-11-20 08:00:00,158.5619
2012-11-20 09:00:00,183.6009
2012-11-20 10:00:00,231.62317
2012-11-20 11:00:00,234.4107
2012-11-20 12:00:00,234.0034
2012-11-20 13:00:00,283.13364
2012-11-20 14:00:00,277.6901
2012-11-20 15:00:00,290.91946
2012-11-20 16:00:00,257.0907
2012-11-20 17:00:00,185.59932
2012-11-20 18:00:00,231.62317
2012-11-20 19:00:00,209.37712
2012-11-20 20:00:00,145.55305
2012-11-20 21:00:00,149.82002
2012-11-20 22:00:00,149.82002
2012-11-20 23:00:00,138.16289
2012-11-21 00:00:00,116.65789
2012-11-21 01:00:00,138.16289
2012-11-21 02:00:00,128.97194
2012-11-21 03:00:00,128.97194
2012-11-21 04:00:00,128.97194
2012-11-21 05:00:00,128.97194
2012-11-21 06:00:00,126.82642
2012-11-21 07:00:00,126.00154
2012-11-21 08:00:00,140.53769
2012-11-21 09:00:00,142.12907
2012-11-21 10:00:00,232.68959
2012-11-21 11:00:00,273.31357
2012-11-21 12:00:00,312.32553
2012-11-21 13:00:00,328.05045
2012-11-21 14:00:00,343.34213
2012-11-21 15:00:00,316.48654
2012-11-21 16:00:00,333.88177
2012-11-21 17:00:00,307.84796
2012-11-21 18:00:00,308.91116
2012-11-21 19:00:00,287.2346
2012-11-21 20:00:00,210.60155
2012-11-21 21:00:00,284.4384
2012-11-21 22:00:00,271.54117
2012-11-21 23:00:00,217.01186
2012-11-22 00:00:00,77.40084
2012-11-22 01:00:00,48.94603
2012-11-22 02:00:00,33.0291
2012-11-22 03:00:00,41.15628
2012-11-22 04:00:00,46.4031
2012-11-22 05:00:00,41.15628
2012-11-22 06:00:00,40.47633
2012-11-22 07:00:00,40.649803
2012-11-22 08:00:00,47.912655
2012-11-22 09:00:00,93.4643
2012-11-22 10:00:00,232.6147
2012-11-22 11:00:00,329.53964
2012-11-22 12:00:00,383.83145
2012-11-22 13:00:00,413.0861
2012-11-22 14:00:00,442.91953
2012-11-22 15:00:00,442.91953
2012-11-22 16:00:00,407.73746
2012-11-22 17:00:00,383.83145
2012-11-22 18:00:00,335.78384
2012-11-22 19:00:00,119.14738
2012-11-22 20:00:00,110.93862
2012-11-22 21:00:00,168.63269
2012-11-22 22:00:00,168.33217
2012-11-22 23:00:00,74.9168
2012-11-23 00:00:00,124.45402
2012-11-23 01:00:00,133.61028
2012-11-23 02:00:00,140.42793
2012-11-23 03:00:00,114.86115
2012-11-23 04:00:00,138.78119
2012-11-23 05:00:00,116.599754
2012-11-23 06:00:00,116.599754
2012-11-23 07:00:00,116.599754
2012-11-23 08:00:00,124.359055
2012-11-23 09:00:00,143.15724
2012-11-23 10:00:00,191.82683
2012-11-23 11:00:00,273.31357
2012-11-23 12:00:00,308.73138
2012-11-23 13:00:00,315.07193
2012-11-23 14:00:00,349.31094
2012-11-23 15:00:00,315.66278
2012-11-23 16:00:00,316.18716
2012-11-23 17:00:00,314.2444
2012-11-23 18:00:00,297.87595
2012-11-23 19:00:00,304.6361
2012-11-23 20:00:00,317.63254
2012-11-23 21:00:00,287.01144
2012-11-23 22:00:00,340.90063
2012-11-23 23:00:00,304.784
2012-11-24 00:00:00,292.1773
2012-11-24 01:00:00,232.48787
2012-11-24 02:00:00,212.03236
2012-11-24 03:00:00,186.5066
2012-11-24 04:00:00,156.59804
2012-11-24 05:00:00,149.0355
2012-11-24 06:00:00,112.35146
2012-11-24 07:00:00,138.62648
2012-11-24 08:00:00,130.26808
2012-11-24 09:00:00,140.5284
2012-11-24 10:00:00,126.67528
2012-11-24 11:00:00,153.82268
2012-11-24 12:00:00,200.35027
2012-11-24 13:00:00,237.13123
2012-11-24 14:00:00,262.23044
2012-11-24 15:00:00,240.47113
2012-11-24 16:00:00,205.85284
2012-11-24 17:00:00,163.59431
2012-11-24 18:00:00,172.65971
2012-11-24 19:00:00,134.9325
2012-11-24 20:00:00,112.35145
2012-11-24 21:00:00,105.10549
2012-11-24 22:00:00,115.910545
2012-11-24 23:00:00,105.10549
2012-11-25 00:00:00,90.9416
2012-11-25 01:00:00,100.97663
2012-11-25 02:00:00,101.61705
2012-11-25 03:00:00,177.7335
2012-11-25 04:00:00,177.7335
2012-11-25 05:00:00,106.972206
2012-11-25 06:00:00,120.1045
2012-11-25 07:00:00,108.60655
2012-11-25 08:00:00,100.4141
2012-11-25 09:00:00,111.136505
2012-11-25 10:00:00,103.21
2012-11-25 11:00:00,141.96614
2012-11-25 12:00:00,141.96614
2012-11-25 13:00:00,162.29097
2012-11-25 14:00:00,169.01463
2012-11-25 15:00:00,171.75775
2012-11-25 16:00:00,175.42538
2012-11-25 17:00:00,176.05739
2012-11-25 18:00:00,138.57901
2012-11-25 19:00:00,237.91878
2012-11-25 20:00:00,59.695026
2012-11-25 21:00:00,211.97536
2012-11-25 22:00:00,59.695026
2012-11-25 23:00:00,71.13554
2012-11-26 00:00:00,90.997055
2012-11-26 01:00:00,81.67273
2012-11-26 02:00:00,81.67273
2012-11-26 03:00:00,81.67273
2012-11-26 04:00:00,90.997055
2012-11-26 05:00:00,136.64796
2012-11-26 06:00:00,90.997055
2012-11-26 07:00:00,96.65708
2012-11-26 08:00:00,96.65708
2012-11-26 09:00:00,180.95189
2012-11-26 10:00:00,256.54303
2012-11-26 11:00:00,292.58762
2012-11-26 12:00:00,304.54898
2012-11-26 13:00:00,304.54898
2012-11-26 14:00:00,278.84897
2012-11-26 15:00:00,297.62015
2012-11-26 16:00:00,277.37354
2012-11-26 17:00:00,269.60046
2012-11-26 18:00:00,265.98376
2012-11-26 19:00:00,262.09937
2012-11-26 20:00:00,271.54117
2012-11-26 21:00:00,271.54117
2012-11-26 22:00:00,217.01186
2012-11-26 23:00:00,175.87045
2012-11-27 00:00:00,176.00783
2012-11-27 01:00:00,163.45763
2012-11-27 02:00:00,160.96202
2012-11-27 03:00:00,162.96696
2012-11-27 04:00:00,131.29555
2012-11-27 05:00:00,134.43529
2012-11-27 06:00:00,142.17084
2012-11-27 07:00:00,138.22307
2012-11-27 08:00:00,140.4827
2012-11-27 09:00:00,146.54881
2012-11-27 10:00:00,136.33847
2012-11-27 11:00:00,109.16501
2012-11-27 12:00:00,99.24357
2012-11-27 13:00:00,113.01339
2012-11-27 14:00:00,102.88981
2012-11-27 15:00:00,132.83315
2012-11-27 16:00:00,132.83315
2012-11-27 17:00:00,128.99419
2012-11-27 18:00:00,126.06225
2012-11-27 19:00:00,140.16101
2012-11-27 20:00:00,135.18756
2012-11-27 21:00:00,126.93043
2012-11-27 22:00:00,131.76256
2012-11-27 23:00:00,123.25365
2012-11-28 00:00:00,129.91339
2012-11-28 01:00:00,133.95088
2012-11-28 02:00:00,133.95088
2012-11-28 03:00:00,139.56035
2012-11-28 04:00:00,143.66159
2012-11-28 05:00:00,149.77551
2012-11-28 06:00:00,147.73079
2012-11-28 07:00:00,167.81735
2012-11-28 08:00:00,131.81406
2012-11-28 09:00:00,185.23256
2012-11-28 10:00:00,237.32619
2012-11-28 11:00:00,250.3189
2012-11-28 12:00:00,248.15497
2012-11-28 13:00:00,263.18372
2012-11-28 14:00:00,259.17703
2012-11-28 15:00:00,289.74655
2012-11-28 16:00:00,287.9081
2012-11-28 17:00:00,255.55865
2012-11-28 18:00:00,246.05733
2012-11-28 19:00:00,251.01665
2012-11-28 20:00:00,257.29346
2012-11-28 21:00:00,239.41325
2012-11-28 22:00:00,213.35005
2012-11-28 23:00:00,192.56355
2012-11-29 00:00:00,135.15959
2012-11-29 01:00:00,123.67499
2012-11-29 02:00:00,83.88179
2012-11-29 04:00:00,123.58028
2012-11-29 05:00:00,81.67273
2012-11-29 06:00:00,90.997055
2012-11-29 07:00:00,73.46494
2012-11-29 08:00:00,122.347435
2012-11-29 09:00:00,102.65291
2012-11-29 10:00:00,148.06207
2012-11-29 11:00:00,278.21902
2012-11-29 12:00:00,280.21518
2012-11-29 13:00:00,292.60574
2012-11-29 14:00:00,269.5715
2012-11-29 15:00:00,247.7405
2012-11-29 16:00:00,274.1215
2012-11-29 17:00:00,265.36945
2012-11-29 18:00:00,242.13454
2012-11-29 19:00:00,201.04872
2012-11-29 20:00:00,212.74461
2012-11-29 21:00:00,147.32716
2012-11-29 22:00:00,142.54561
2012-11-29 23:00:00,159.89766
2012-11-30 00:00:00,148.52669
2012-11-30 01:00:00,128.84415
2012-11-30 02:00:00,111.44607
2012-11-30 03:00:00,111.44607
2012-11-30 04:00:00,102.36376
2012-11-30 05:00:00,104.47318
2012-11-30 06:00:00,111.29667
2012-11-30 07:00:00,112.81863
2012-11-30 08:00:00,134.89204
2012-11-30 09:00:00,134.4033
2012-11-30 10:00:00,187.78484
2012-11-30 11:00:00,265.10617
2012-11-30 12:00:00,292.1523
2012-11-30 13:00:00,305.26492
2012-11-30 14:00:00,294.92715
2012-11-30 15:00:00,301.5374
2012-11-30 16:00:00,306.81345
2012-11-30 17:00:00,256.61734
2012-11-30 18:00:00,240.36897
2012-11-30 19:00:00,165.45328
2012-11-30 20:00:00,165.45328
2012-11-30 21:00:00,143.0176
2012-11-30 22:00:00,124.05519
2012-11-30 23:00:00,151.25096
2012-12-20 00:00:00,188.3769
2012-12-20 01:00:00,165.45328
2012-12-20 02:00:00,165.45328
2012-12-20 03:00:00,158.33107
2012-12-20 04:00:00,158.33107
2012-12-20 05:00:00,158.14156
2012-12-20 06:00:00,187.78484
2012-12-20 07:00:00,151.95064
2012-12-20 08:00:00,151.95064
2012-12-20 09:00:00,151.95064
2012-12-20 10:00:00,191.69044
2012-12-20 11:00:00,201.67711
2012-12-20 12:00:00,256.85196
2012-12-20 13:00:00,228.566
2012-12-20 14:00:00,247.87091
2012-12-20 15:00:00,217.33888
2012-12-20 16:00:00,205.84935
2012-12-20 17:00:00,178.35292
2012-12-20 18:00:00,163.35558
2012-12-20 19:00:00,150.13408
2012-12-20 20:00:00,150.21524
2012-12-20 21:00:00,150.21524
2012-12-20 22:00:00,133.06837
2012-12-20 23:00:00,145.7776
2012-12-21 00:00:00,93.93802
2012-12-21 01:00:00,94.43258
2012-12-21 02:00:00,94.44967
2012-12-21 03:00:00,94.44967
2012-12-21 04:00:00,95.51894
2012-12-21 05:00:00,84.14685
2012-12-21 06:00:00,97.05737
2012-12-21 07:00:00,103.62255
2012-12-21 08:00:00,93.89499
2012-12-21 09:00:00,103.064705
2012-12-21 10:00:00,125.98013
2012-12-21 11:00:00,115.60024
2012-12-21 12:00:00,119.67397
2012-12-21 13:00:00,118.74682
2012-12-21 14:00:00,118.41277
2012-12-21 15:00:00,108.95647
2012-12-21 16:00:00,112.82342
2012-12-21 17:00:00,70.98961
2012-12-21 18:00:00,70.246284
2012-12-21 19:00:00,112.04291
2012-12-21 20:00:00,117.6981
2012-12-21 21:00:00,101.886086
2012-12-21 22:00:00,101.65495
2012-12-21 23:00:00,106.016785
2012-12-22 00:00:00,82.92948
2012-12-22 01:00:00,84.51429
2012-12-22 02:00:00,80.039825
2012-12-22 03:00:00,81.0908
2012-12-22 04:00:00,81.095726
2012-12-22 05:00:00,86.75453
2012-12-22 06:00:00,90.27752
2012-12-22 07:00:00,90.27752
2012-12-22 08:00:00,86.14291
2012-12-22 09:00:00,85.90446
2012-12-22 10:00:00,80.3379
2012-12-22 11:00:00,106.42085
2012-12-22 12:00:00,93.61214
2012-12-22 13:00:00,125.21467
2012-12-22 14:00:00,124.843025
2012-12-22 15:00:00,102.95932
2012-12-22 16:00:00,113.919426
2012-12-22 17:00:00,106.0812
2012-12-22 18:00:00,83.19053
2012-12-22 19:00:00,75.136314
2012-12-22 20:00:00,74.51679
2012-12-22 21:00:00,63.958534
2012-12-22 22:00:00,63.958534
2012-12-22 23:00:00,59.720913
2012-12-23 00:00:00,68.72843
2012-12-23 01:00:00,65.80193
2012-12-23 02:00:00,54.63469
2012-12-23 03:00:00,57.464706
2012-12-23 04:00:00,62.33371
2012-12-23 05:00:00,69.91391
2012-12-23 06:00:00,44.89981
2012-12-23 07:00:00,44.89981
2012-12-23 08:00:00,32.489388
2012-12-23 09:00:00,59.658653
2012-12-23 10:00:00,48.77649
2012-12-23 11:00:00,59.825077
2012-12-23 12:00:00,111.33892
2012-12-23 13:00:00,129.12294
2012-12-23 14:00:00,154.80486
2012-12-23 15:00:00,166.64458
2012-12-23 16:00:00,170.5927
2012-12-23 17:00:00,114.10934
2012-12-23 18:00:00,114.07761
2012-12-23 19:00:00,104.87989
2012-12-23 20:00:00,68.69001
2012-12-23 21:00:00,60.331947
2012-12-23 22:00:00,67.91697
2012-12-23 23:00:00,69.057724
2012-12-24 00:00:00,90.58007
2012-12-24 01:00:00,90.58007
2012-12-24 02:00:00,81.35765
2012-12-24 03:00:00,81.35765
2012-12-24 05:00:00,62.049686
2012-12-24 06:00:00,81.35765
2012-12-24 07:00:00,85.7343
2012-12-24 08:00:00,90.58007
2012-12-24 09:00:00,75.247154
2012-12-24 10:00:00,97.06329
2012-12-24 11:00:00,74.803856
2012-12-24 12:00:00,99.89163
2012-12-24 13:00:00,62.37384
2012-12-24 14:00:00,60.278183
2012-12-24 15:00:00,41.315086
2012-12-24 16:00:00,41.315086
2012-12-24 17:00:00,44.917534
2012-12-24 18:00:00,58.476322
2012-12-24 19:00:00,58.91552
2012-12-24 20:00:00,48.45977
2012-12-24 21:00:00,59.54198
2012-12-24 22:00:00,83.71362
2012-12-24 23:00:00,75.58352
2012-12-25 00:00:00,37.25142
2012-12-25 01:00:00,41.156113
2012-12-25 02:00:00,41.156113
2012-12-25 04:00:00,45.863625
2012-12-25 05:00:00,34.343666
2012-12-25 06:00:00,34.343666
2012-12-25 07:00:00,34.46017
2012-12-25 08:00:00,50.63501
2012-12-25 09:00:00,39.134464
2012-12-25 10:00:00,43.83026
2012-12-25 11:00:00,56.193512
2012-12-25 12:00:00,58.360783
2012-12-25 13:00:00,151.12944
2012-12-25 14:00:00,149.97887
2012-12-25 15:00:00,119.09136
2012-12-25 16:00:00,102.145454
2012-12-25 17:00:00,69.12416
2012-12-25 18:00:00,57.178635
2012-12-25 19:00:00,60.917145
2012-12-25 20:00:00,55.642723
2012-12-25 21:00:00,58.18416
2012-12-25 22:00:00,63.814163
2012-12-25 23:00:00,47.0001
2012-12-26 00:00:00,71.91188
2012-12-26 01:00:00,63.584076
2012-12-26 02:00:00,63.584076
2012-12-26 03:00:00,64.20026
2012-12-26 04:00:00,78.0657
2012-12-26 05:00:00,60.05687
2012-12-26 06:00:00,55.181065
2012-12-26 07:00:00,47.256508
2012-12-26 08:00:00,47.256508
2012-12-26 09:00:00,47.256508
2012-12-26 10:00:00,44.696953
2012-12-26 11:00:00,32.20238
2012-12-26 12:00:00,48.376163
2012-12-26 13:00:00,48.376163
2012-12-26 14:00:00,43.014423
2012-12-26 15:00:00,52.61728
2012-12-26 16:00:00,52.61728
2012-12-26 17:00:00,52.698524
2012-12-26 18:00:00,50.10508
2012-12-26 19:00:00,55.701847
2012-12-26 20:00:00,54.101173
2012-12-26 21:00:00,65.87037
2012-12-26 22:00:00,46.897835
2012-12-26 23:00:00,46.853844
2012-12-27 00:00:00,46.853844
2012-12-27 01:00:00,46.897835
2012-12-27 02:00:00,59.935738
2012-12-27 03:00:00,54.099373
2012-12-27 04:00:00,60.92967
2012-12-27 05:00:00,74.43638
2012-12-27 06:00:00,73.38427
2012-12-27 07:00:00,74.13272
2012-12-27 08:00:00,85.10104
2012-12-27 09:00:00,79.63177
2012-12-27 10:00:00,89.168465
2012-12-27 11:00:00,81.61813
2012-12-27 12:00:00,112.704506
2012-12-27 13:00:00,112.704506
2012-12-27 14:00:00,72.42351
2012-12-27 15:00:00,70.26946
2012-12-27 16:00:00,79.47686
2012-12-27 17:00:00,79.47686
2012-12-27 18:00:00,63.118862
2012-12-27 19:00:00,78.2113
2012-12-27 20:00:00,81.965996
2012-12-27 21:00:00,63.118862
2012-12-27 22:00:00,62.066902
2012-12-27 23:00:00,63.118862
2012-12-28 00:00:00,68.09553
2012-12-28 01:00:00,78.296135
2012-12-28 02:00:00,81.0626
2012-12-28 03:00:00,68.09553
2012-12-28 04:00:00,77.67607
2012-12-28 05:00:00,78.32278
2012-12-28 06:00:00,76.40529
2012-12-28 07:00:00,75.28893
2012-12-28 08:00:00,72.29163
2012-12-28 09:00:00,62.066902
2012-12-28 10:00:00,71.76679
2012-12-28 11:00:00,85.638985
2012-12-28 12:00:00,107.93624
2012-12-28 13:00:00,107.93624
2012-12-28 14:00:00,107.93624
2012-12-28 15:00:00,106.95954
2012-12-28 16:00:00,116.78477
2012-12-28 17:00:00,82.24797
2012-12-28 18:00:00,82.24797
2012-12-28 19:00:00,57.309036
2012-12-28 20:00:00,75.247154
2012-12-28 21:00:00,66.6974
2012-12-28 22:00:00,73.44719
2012-12-28 23:00:00,75.59489
2012-12-29 00:00:00,62.885952
2012-12-29 01:00:00,51.726425
2012-12-29 02:00:00,62.885952
2012-12-29 03:00:00,59.95115
2012-12-29 04:00:00,51.726425
2012-12-29 05:00:00,51.726425
2012-12-29 06:00:00,52.93618
2012-12-29 07:00:00,46.561806
2012-12-29 08:00:00,53.935738
2012-12-29 09:00:00,53.935738
2012-12-29 10:00:00,34.62569
2012-12-29 11:00:00,35.94134
2012-12-29 12:00:00,48.27916
2012-12-29 13:00:00,48.27916
2012-12-29 14:00:00,47.41386
2012-12-29 15:00:00,49.87365
2012-12-29 16:00:00,38.904793
2012-12-29 17:00:00,39.47834
2012-12-29 18:00:00,46.65648
2012-12-29 19:00:00,42.23294
2012-12-29 20:00:00,72.89957
2012-12-29 21:00:00,64.856895
2012-12-29 22:00:00,58.04516
2012-12-29 23:00:00,64.73553
2012-12-30 00:00:00,53.65266
2012-12-30 01:00:00,54.774055
2012-12-30 02:00:00,51.070545
2012-12-30 03:00:00,54.774055
2012-12-30 04:00:00,52.488346
2012-12-30 05:00:00,56.53508
2012-12-30 06:00:00,50.29078
2012-12-30 07:00:00,64.87541
2012-12-30 08:00:00,69.446594
2012-12-30 09:00:00,69.70589
2012-12-30 10:00:00,85.702034
2012-12-30 11:00:00,92.02239
2012-12-30 12:00:00,91.985016
2012-12-30 13:00:00,93.61214
2012-12-30 14:00:00,116.84655
2012-12-30 15:00:00,109.461586
2012-12-30 16:00:00,104.21703
2012-12-30 17:00:00,93.920746
2012-12-30 18:00:00,56.224075
2012-12-30 19:00:00,92.12994
2012-12-30 20:00:00,66.35049
2012-12-30 21:00:00,54.63469
2012-12-30 22:00:00,45.645
2012-12-30 23:00:00,51.426163
2012-12-31 00:00:00,69.81916
2012-12-31 01:00:00,69.81916
2012-12-31 02:00:00,63.529263
2012-12-31 03:00:00,66.70515
2012-12-31 04:00:00,58.945507
2012-12-31 05:00:00,60.180588
2012-12-31 06:00:00,61.50547
2012-12-31 07:00:00,64.55597
2012-12-31 08:00:00,56.112637
2012-12-31 09:00:00,62.971123
2012-12-31 10:00:00,56.263535
2012-12-31 11:00:00,60.03969
2012-12-31 12:00:00,63.122944
2012-12-31 13:00:00,94.44548
2012-12-31 14:00:00,96.46706
2012-12-31 15:00:00,105.92951
2012-12-31 16:00:00,85.70731
2012-12-31 17:00:00,101.4278
2012-12-31 18:00:00,96.65164
2012-12-31 19:00:00,74.803856
2012-12-31 20:00:00,74.803856
2012-12-31 21:00:00,87.71815
2012-12-31 22:00:00,97.38601
2012-12-31 23:00:00,88.783226
