datetime,count
2011-01-20 00:00:00,105.00297
2011-01-20 01:00:00,99.09251
2011-01-20 02:00:00,99.09251
2011-01-20 03:00:00,100.68615
2011-01-20 04:00:00,100.68615
2011-01-20 05:00:00,81.67881
2011-01-20 06:00:00,76.726
2011-01-20 07:00:00,80.7821
2011-01-20 08:00:00,85.28559
2011-01-20 09:00:00,82.42698
2011-01-20 10:00:00,108.643425
2011-01-20 11:00:00,107.56678
2011-01-20 12:00:00,145.77943
2011-01-20 13:00:00,116.24601
2011-01-20 14:00:00,123.81165
2011-01-20 15:00:00,127.30726
2011-01-20 16:00:00,115.02341
2011-01-20 17:00:00,119.58225
2011-01-20 18:00:00,92.7257
2011-01-20 19:00:00,102.16325
2011-01-20 20:00:00,80.6274
2011-01-20 21:00:00,76.23034
2011-01-20 22:00:00,66.13156
2011-01-20 23:00:00,68.43597
2011-01-21 00:00:00,70.674614
2011-01-21 01:00:00,70.674614
2011-01-21 02:00:00,80.37424
2011-01-21 03:00:00,55.720028
2011-01-21 04:00:00,84.84051
2011-01-21 05:00:00,88.69334
2011-01-21 06:00:00,81.99258
2011-01-21 07:00:00,80.27755
2011-01-21 08:00:00,88.718956
2011-01-21 09:00:00,85.42878
2011-01-21 10:00:00,76.97668
2011-01-21 11:00:00,88.30885
2011-01-21 12:00:00,110.3545
2011-01-21 13:00:00,96.53501
2011-01-21 14:00:00,97.57689
2011-01-21 15:00:00,78.859535
2011-01-21 16:00:00,76.481865
2011-01-21 17:00:00,69.49384
2011-01-21 18:00:00,70.7873
2011-01-21 19:00:00,61.661358
2011-01-21 20:00:00,61.84116
2011-01-21 21:00:00,47.716557
2011-01-21 22:00:00,25.766714
2011-01-21 23:00:00,33.24227
2011-01-22 00:00:00,21.369663
2011-01-22 01:00:00,12.225869
2011-01-22 02:00:00,11.200337
2011-01-22 03:00:00,10.570038
2011-01-22 04:00:00,9.921266
2011-01-22 06:00:00,13.259076
2011-01-22 07:00:00,9.963985
2011-01-22 08:00:00,10.5677595
2011-01-22 09:00:00,16.032623
2011-01-22 10:00:00,25.097935
2011-01-22 11:00:00,31.424606
2011-01-22 12:00:00,38.669247
2011-01-22 13:00:00,52.238853
2011-01-22 14:00:00,56.682777
2011-01-22 15:00:00,61.089172
2011-01-22 16:00:00,67.35389
2011-01-22 17:00:00,77.60493
2011-01-22 18:00:00,41.098724
2011-01-22 19:00:00,44.428696
2011-01-22 20:00:00,31.063435
2011-01-22 21:00:00,41.159092
2011-01-22 22:00:00,42.907528
2011-01-22 23:00:00,37.599964
2011-01-23 00:00:00,37.599964
2011-01-23 01:00:00,37.599964
2011-01-23 02:00:00,28.367962
2011-01-23 03:00:00,28.367962
2011-01-23 05:00:00,34.33521
2011-01-23 06:00:00,34.33521
2011-01-23 07:00:00,39.088825
2011-01-23 08:00:00,30.486135
2011-01-23 09:00:00,24.331732
2011-01-23 10:00:00,34.75095
2011-01-23 11:00:00,55.697926
2011-01-23 12:00:00,81.336006
2011-01-23 13:00:00,68.34528
2011-01-23 14:00:00,71.54668
2011-01-23 15:00:00,71.54668
2011-01-23 16:00:00,72.78255
2011-01-23 17:00:00,75.75667
2011-01-23 18:00:00,58.908688
2011-01-23 19:00:00,57.209225
2011-01-23 20:00:00,46.98667
2011-01-23 21:00:00,46.366932
2011-01-23 22:00:00,38.42021
2011-01-23 23:00:00,31.048315
2011-01-24 00:00:00,49.534405
2011-01-24 01:00:00,43.276466
2011-01-24 03:00:00,38.091267
2011-01-24 04:00:00,49.05831
2011-01-24 05:00:00,49.05831
2011-01-24 06:00:00,56.48895
2011-01-24 07:00:00,60.144512
2011-01-24 08:00:00,64.92543
2011-01-24 09:00:00,73.65833
2011-01-24 10:00:00,77.23081
2011-01-24 11:00:00,65.739204
2011-01-24 12:00:00,57.240593
2011-01-24 13:00:00,56.302414
2011-01-24 14:00:00,55.365364
2011-01-24 15:00:00,78.416725
2011-01-24 16:00:00,68.96441
2011-01-24 17:00:00,58.531033
2011-01-24 18:00:00,61.536015
2011-01-24 19:00:00,68.3872
2011-01-24 20:00:00,61.536015
2011-01-24 21:00:00,64.5165
2011-01-24 22:00:00,53.50418
2011-01-24 23:00:00,53.480694
2011-01-25 00:00:00,47.261406
2011-01-25 01:00:00,65.68739
2011-01-25 02:00:00,59.097282
2011-01-25 04:00:00,69.86586
2011-01-25 05:00:00,56.096783
2011-01-25 06:00:00,72.441734
2011-01-25 07:00:00,57.926434
2011-01-25 08:00:00,68.90204
2011-01-25 09:00:00,90.96337
2011-01-25 10:00:00,97.250595
2011-01-25 11:00:00,94.67945
2011-01-25 12:00:00,109.71301
2011-01-25 13:00:00,102.72109
2011-01-25 14:00:00,138.49435
2011-01-25 15:00:00,151.61214
2011-01-25 16:00:00,151.61214
2011-01-25 17:00:00,114.56181
2011-01-25 18:00:00,119.966484
2011-01-25 19:00:00,91.85981
2011-01-25 20:00:00,82.365776
2011-01-25 21:00:00,82.365776
2011-01-25 22:00:00,83.78615
2011-01-25 23:00:00,82.55962
2011-01-26 00:00:00,84.135826
2011-01-26 01:00:00,91.61881
2011-01-26 02:00:00,73.63627
2011-01-26 05:00:00,51.379612
2011-01-26 06:00:00,51.379612
2011-01-26 07:00:00,54.631172
2011-01-26 08:00:00,54.631172
2011-01-26 09:00:00,54.631172
2011-01-26 10:00:00,55.511055
2011-01-26 11:00:00,49.03642
2011-01-26 12:00:00,49.03642
2011-01-26 13:00:00,49.03642
2011-01-26 14:00:00,45.975643
2011-01-26 15:00:00,46.47549
2011-01-26 16:00:00,46.693317
2011-01-26 17:00:00,43.664738
2011-01-27 16:00:00,86.22852
2011-01-27 17:00:00,100.44259
2011-01-27 18:00:00,85.43353
2011-01-27 19:00:00,85.43353
2011-01-27 20:00:00,79.04485
2011-01-27 21:00:00,79.04485
2011-01-27 22:00:00,79.04485
2011-01-27 23:00:00,65.426025
2011-01-28 00:00:00,75.63505
2011-01-28 01:00:00,75.63505
2011-01-28 02:00:00,72.86188
2011-01-28 03:00:00,81.83042
2011-01-28 05:00:00,75.620224
2011-01-28 06:00:00,70.13455
2011-01-28 07:00:00,73.49698
2011-01-28 08:00:00,73.49698
2011-01-28 09:00:00,75.5017
2011-01-28 10:00:00,73.87818
2011-01-28 11:00:00,72.17605
2011-01-28 12:00:00,72.17605
2011-01-28 13:00:00,72.17605
2011-01-28 14:00:00,99.67364
2011-01-28 15:00:00,83.95916
2011-01-28 16:00:00,84.800255
2011-01-28 17:00:00,83.83526
2011-01-28 18:00:00,74.1637
2011-01-28 19:00:00,85.28855
2011-01-28 20:00:00,78.61904
2011-01-28 21:00:00,80.24534
2011-01-28 22:00:00,84.40228
2011-01-28 23:00:00,81.67881
2011-01-29 00:00:00,63.87138
2011-01-29 01:00:00,52.001858
2011-01-29 02:00:00,52.770466
2011-01-29 03:00:00,52.373592
2011-01-29 04:00:00,46.20472
2011-01-29 06:00:00,47.14336
2011-01-29 07:00:00,55.512714
2011-01-29 08:00:00,56.801918
2011-01-29 09:00:00,63.0063
2011-01-29 10:00:00,59.498928
2011-01-29 11:00:00,55.229958
2011-01-29 12:00:00,50.986736
2011-01-29 13:00:00,65.938805
2011-01-29 14:00:00,64.18596
2011-01-29 15:00:00,47.579273
2011-01-29 16:00:00,61.829006
2011-01-29 17:00:00,76.28915
2011-01-29 18:00:00,50.26357
2011-01-29 19:00:00,53.551495
2011-01-29 20:00:00,50.359653
2011-01-29 21:00:00,50.359653
2011-01-29 22:00:00,42.920635
2011-01-29 23:00:00,42.920635
2011-01-30 00:00:00,39.285076
2011-01-30 01:00:00,45.923153
2011-01-30 02:00:00,47.055847
2011-01-30 03:00:00,37.74528
2011-01-30 04:00:00,37.74528
2011-01-30 05:00:00,42.1025
2011-01-30 07:00:00,42.1025
2011-01-30 08:00:00,63.787495
2011-01-30 09:00:00,63.498688
2011-01-30 10:00:00,65.24324
2011-01-30 11:00:00,55.581505
2011-01-30 12:00:00,101.58477
2011-01-30 13:00:00,83.117546
2011-01-30 14:00:00,87.910095
2011-01-30 15:00:00,88.08831
2011-01-30 16:00:00,88.08831
2011-01-30 17:00:00,93.29035
2011-01-30 18:00:00,58.122986
2011-01-30 19:00:00,57.899174
2011-01-30 20:00:00,79.352516
2011-01-30 21:00:00,61.898727
2011-01-30 22:00:00,57.31476
2011-01-30 23:00:00,55.32422
2011-01-31 00:00:00,76.32459
2011-01-31 01:00:00,73.681015
2011-01-31 02:00:00,81.3583
2011-01-31 03:00:00,81.3583
2011-01-31 04:00:00,72.481575
2011-01-31 05:00:00,63.97794
2011-01-31 06:00:00,57.00208
2011-01-31 07:00:00,47.956387
2011-01-31 08:00:00,49.40113
2011-01-31 09:00:00,48.366093
2011-01-31 10:00:00,61.52166
2011-01-31 11:00:00,61.52166
2011-01-31 12:00:00,87.77682
2011-01-31 13:00:00,91.987785
2011-01-31 14:00:00,80.75111
2011-01-31 15:00:00,74.41788
2011-01-31 16:00:00,67.52025
2011-01-31 17:00:00,61.52166
2011-01-31 18:00:00,58.821068
2011-01-31 19:00:00,119.06397
2011-01-31 20:00:00,63.917706
2011-01-31 21:00:00,78.6074
2011-01-31 22:00:00,78.37044
2011-01-31 23:00:00,80.16212
2011-02-20 00:00:00,102.77128
2011-02-20 01:00:00,92.55791
2011-02-20 02:00:00,105.5463
2011-02-20 03:00:00,99.25466
2011-02-20 04:00:00,99.25466
2011-02-20 06:00:00,76.08688
2011-02-20 07:00:00,61.139587
2011-02-20 08:00:00,72.5396
2011-02-20 09:00:00,87.28188
2011-02-20 10:00:00,85.10473
2011-02-20 11:00:00,135.70825
2011-02-20 12:00:00,154.87181
2011-02-20 13:00:00,213.61546
2011-02-20 14:00:00,224.72481
2011-02-20 15:00:00,243.46532
2011-02-20 16:00:00,221.54716
2011-02-20 17:00:00,180.69917
2011-02-20 18:00:00,152.4204
2011-02-20 19:00:00,152.4204
2011-02-20 20:00:00,163.80591
2011-02-20 21:00:00,104.20493
2011-02-20 22:00:00,93.213615
2011-02-20 23:00:00,91.308655
2011-02-21 00:00:00,110.748375
2011-02-21 01:00:00,110.748375
2011-02-21 02:00:00,110.748375
2011-02-21 03:00:00,112.94173
2011-02-21 04:00:00,120.008965
2011-02-21 05:00:00,134.51247
2011-02-21 06:00:00,228.43988
2011-02-21 07:00:00,233.46565
2011-02-21 08:00:00,97.42422
2011-02-21 09:00:00,95.71783
2011-02-21 10:00:00,92.253075
2011-02-21 11:00:00,95.04795
2011-02-21 12:00:00,83.68626
2011-02-21 13:00:00,49.464092
2011-02-21 14:00:00,61.17593
2011-02-21 15:00:00,67.50392
2011-02-21 16:00:00,50.21219
2011-02-21 17:00:00,50.195553
2011-02-21 18:00:00,30.21014
2011-02-21 19:00:00,30.21014
2011-02-21 20:00:00,40.052097
2011-02-21 21:00:00,22.498089
2011-02-21 22:00:00,25.13256
2011-02-21 23:00:00,25.13256
2011-02-22 06:00:00,45.377766
2011-02-22 07:00:00,45.377766
2011-02-22 08:00:00,49.10124
2011-02-22 09:00:00,46.99069
2011-02-22 10:00:00,72.95141
2011-02-22 11:00:00,82.59408
2011-02-22 12:00:00,90.901955
2011-02-22 13:00:00,89.3182
2011-02-22 14:00:00,86.22852
2011-02-22 15:00:00,97.83241
2011-02-22 16:00:00,92.70875
2011-02-22 17:00:00,85.829216
2011-02-22 18:00:00,97.39241
2011-02-22 19:00:00,85.38366
2011-02-22 20:00:00,83.81196
2011-02-22 21:00:00,85.78535
2011-02-22 22:00:00,70.96117
2011-02-22 23:00:00,70.96117
2011-02-23 00:00:00,63.387894
2011-02-23 01:00:00,71.360634
2011-02-23 02:00:00,71.580086
2011-02-23 03:00:00,65.215324
2011-02-23 05:00:00,75.470345
2011-02-23 06:00:00,75.470345
2011-02-23 07:00:00,70.31654
2011-02-23 08:00:00,68.3872
2011-02-23 09:00:00,94.67161
2011-02-23 10:00:00,101.26676
2011-02-23 11:00:00,110.975204
2011-02-23 12:00:00,137.22025
2011-02-23 13:00:00,170.20753
2011-02-23 14:00:00,178.60725
2011-02-23 15:00:00,192.0548
2011-02-23 16:00:00,154.17973
2011-02-23 17:00:00,192.0548
2011-02-23 18:00:00,182.40796
2011-02-23 19:00:00,151.32191
2011-02-23 20:00:00,91.35895
2011-02-23 21:00:00,102.78833
2011-02-23 22:00:00,102.78833
2011-02-23 23:00:00,104.06666
2011-02-24 00:00:00,104.06666
2011-02-24 01:00:00,99.34139
2011-02-24 02:00:00,88.565926
2011-02-24 03:00:00,81.5462
2011-02-24 05:00:00,77.90095
2011-02-24 06:00:00,71.24758
2011-02-24 07:00:00,69.64502
2011-02-24 08:00:00,76.932
2011-02-24 09:00:00,62.28569
2011-02-24 10:00:00,71.28477
2011-02-24 11:00:00,115.421265
2011-02-24 12:00:00,132.61455
2011-02-24 13:00:00,143.30835
2011-02-24 14:00:00,157.76588
2011-02-24 15:00:00,138.48936
2011-02-24 16:00:00,124.2818
2011-02-24 17:00:00,112.78808
2011-02-24 18:00:00,83.29127
2011-02-24 19:00:00,76.673134
2011-02-24 20:00:00,77.21177
2011-02-24 21:00:00,83.29127
2011-02-24 22:00:00,83.30268
2011-02-24 23:00:00,82.79273
2011-02-25 00:00:00,110.876785
2011-02-25 01:00:00,97.50958
2011-02-25 02:00:00,97.50958
2011-02-25 03:00:00,101.64628
2011-02-25 05:00:00,101.64628
2011-02-25 06:00:00,111.99575
2011-02-25 07:00:00,98.47771
2011-02-25 08:00:00,109.2474
2011-02-25 09:00:00,71.48743
2011-02-25 10:00:00,105.93952
2011-02-25 11:00:00,203.032
2011-02-25 12:00:00,192.90309
2011-02-25 13:00:00,192.90309
2011-02-25 14:00:00,195.5035
2011-02-25 15:00:00,193.35774
2011-02-25 16:00:00,134.06183
2011-02-25 17:00:00,140.76114
2011-02-25 18:00:00,132.77705
2011-02-25 19:00:00,125.29427
2011-02-25 20:00:00,116.69401
2011-02-25 21:00:00,122.550026
2011-02-25 22:00:00,101.13792
2011-02-25 23:00:00,110.755486
2011-02-26 00:00:00,76.018074
2011-02-26 01:00:00,84.42548
2011-02-26 02:00:00,71.832634
2011-02-26 03:00:00,67.651115
2011-02-26 04:00:00,77.379845
2011-02-26 05:00:00,67.99797
2011-02-26 06:00:00,72.38673
2011-02-26 07:00:00,73.66674
2011-02-26 08:00:00,84.92828
2011-02-26 09:00:00,78.05687
2011-02-26 10:00:00,97.46122
2011-02-26 11:00:00,96.02783
2011-02-26 12:00:00,107.6911
2011-02-26 13:00:00,122.14313
2011-02-26 14:00:00,127.29969
2011-02-26 15:00:00,140.77028
2011-02-26 16:00:00,147.22157
2011-02-26 17:00:00,151.14728
2011-02-26 18:00:00,132.81888
2011-02-26 19:00:00,127.11299
2011-02-26 20:00:00,95.21749
2011-02-26 21:00:00,71.10518
2011-02-26 22:00:00,48.80116
2011-02-26 23:00:00,51.351032
2011-02-27 00:00:00,31.97875
2011-02-27 01:00:00,35.93881
2011-02-27 02:00:00,46.574596
2011-02-27 03:00:00,50.73699
2011-02-27 04:00:00,41.50564
2011-02-27 06:00:00,46.899086
2011-02-27 07:00:00,41.50564
2011-02-27 08:00:00,48.556225
2011-02-27 09:00:00,52.13873
2011-02-27 10:00:00,54.415882
2011-02-27 11:00:00,104.7733
2011-02-27 12:00:00,121.85546
2011-02-27 13:00:00,137.97824
2011-02-27 14:00:00,171.68001
2011-02-27 15:00:00,218.76682
2011-02-27 16:00:00,243.71877
2011-02-27 17:00:00,157.52171
2011-02-27 18:00:00,151.25064
2011-02-27 19:00:00,135.56198
2011-02-27 20:00:00,121.85546
2011-02-27 21:00:00,121.29838
2011-02-27 22:00:00,116.36112
2011-02-27 23:00:00,106.80778
2011-02-28 00:00:00,128.40213
2011-02-28 01:00:00,73.50943
2011-02-28 03:00:00,94.74972
2011-02-28 05:00:00,106.51565
2011-02-28 06:00:00,103.576775
2011-02-28 07:00:00,110.17633
2011-02-28 08:00:00,73.97797
2011-02-28 09:00:00,131.0146
2011-02-28 10:00:00,195.4518
2011-02-28 11:00:00,205.4717
2011-02-28 12:00:00,205.4717
2011-02-28 13:00:00,136.85335
2011-02-28 14:00:00,106.42878
2011-02-28 15:00:00,106.42878
2011-02-28 16:00:00,127.59177
2011-02-28 17:00:00,101.22553
2011-02-28 18:00:00,141.19188
2011-02-28 19:00:00,140.98647
2011-02-28 20:00:00,140.98647
2011-02-28 21:00:00,111.246826
2011-02-28 22:00:00,72.1025
2011-02-28 23:00:00,84.18239
2011-03-20 00:00:00,138.43475
2011-03-20 01:00:00,125.02807
2011-03-20 02:00:00,116.917694
2011-03-20 03:00:00,96.273026
2011-03-20 04:00:00,83.667564
2011-03-20 05:00:00,67.812996
2011-03-20 06:00:00,72.937675
2011-03-20 07:00:00,61.650883
2011-03-20 08:00:00,82.45955
2011-03-20 09:00:00,101.14713
2011-03-20 10:00:00,141.9051
2011-03-20 11:00:00,153.87929
2011-03-20 12:00:00,160.82832
2011-03-20 13:00:00,225.52708
2011-03-20 14:00:00,293.03406
2011-03-20 15:00:00,243.34978
2011-03-20 16:00:00,293.9878
2011-03-20 17:00:00,221.02011
2011-03-20 18:00:00,191.4474
2011-03-20 19:00:00,150.48433
2011-03-20 20:00:00,147.22157
2011-03-20 21:00:00,113.80282
2011-03-20 22:00:00,113.65933
2011-03-20 23:00:00,91.60435
2011-03-21 00:00:00,86.76461
2011-03-21 01:00:00,100.651566
2011-03-21 02:00:00,94.44471
2011-03-21 03:00:00,94.44471
2011-03-21 05:00:00,86.01265
2011-03-21 06:00:00,82.68731
2011-03-21 07:00:00,63.096107
2011-03-21 08:00:00,74.743645
2011-03-21 09:00:00,83.28294
2011-03-21 10:00:00,126.352425
2011-03-21 11:00:00,135.37889
2011-03-21 12:00:00,135.23607
2011-03-21 13:00:00,173.52995
2011-03-21 14:00:00,190.3415
2011-03-21 15:00:00,208.40303
2011-03-21 16:00:00,189.33394
2011-03-21 17:00:00,190.78896
2011-03-21 18:00:00,161.39386
2011-03-21 19:00:00,235.45341
2011-03-21 20:00:00,198.47577
2011-03-21 21:00:00,107.84997
2011-03-21 22:00:00,119.68437
2011-03-21 23:00:00,121.55347
2011-03-22 00:00:00,120.162254
2011-03-22 01:00:00,88.32804
2011-03-22 02:00:00,102.32827
2011-03-22 03:00:00,127.61077
2011-03-22 04:00:00,129.53746
2011-03-22 05:00:00,121.11837
2011-03-22 06:00:00,102.29656
2011-03-22 07:00:00,125.33694
2011-03-22 08:00:00,136.4564
2011-03-22 09:00:00,154.01453
2011-03-22 10:00:00,161.16577
2011-03-22 11:00:00,181.26749
2011-03-22 12:00:00,201.44368
2011-03-22 13:00:00,224.73111
2011-03-22 14:00:00,237.20201
2011-03-22 15:00:00,234.5478
2011-03-22 16:00:00,219.38817
2011-03-22 17:00:00,219.38817
2011-03-22 18:00:00,202.55754
2011-03-22 19:00:00,165.80809
2011-03-22 20:00:00,158.61017
2011-03-22 21:00:00,151.73177
2011-03-22 22:00:00,136.7713
2011-03-22 23:00:00,136.7713
2011-03-23 00:00:00,98.95316
2011-03-23 01:00:00,91.14118
2011-03-23 02:00:00,91.14118
2011-03-23 03:00:00,91.3237
2011-03-23 05:00:00,88.06261
2011-03-23 06:00:00,84.11073
2011-03-23 07:00:00,80.7273
2011-03-23 08:00:00,87.23803
2011-03-23 09:00:00,82.6366
2011-03-23 10:00:00,85.24331
2011-03-23 11:00:00,91.89463
2011-03-23 12:00:00,86.53857
2011-03-23 13:00:00,102.14267
2011-03-23 14:00:00,108.12975
2011-03-23 15:00:00,113.01517
2011-03-23 16:00:00,123.40335
2011-03-23 17:00:00,123.40335
2011-03-23 18:00:00,106.45623
2011-03-23 19:00:00,106.45623
2011-03-23 20:00:00,81.61603
2011-03-23 21:00:00,63.494358
2011-03-23 22:00:00,89.11883
2011-03-23 23:00:00,101.878204
2011-03-24 00:00:00,80.7273
2011-03-24 01:00:00,69.81958
2011-03-24 02:00:00,67.57463
2011-03-24 03:00:00,71.481735
2011-03-24 04:00:00,71.481735
2011-03-24 05:00:00,75.29558
2011-03-24 06:00:00,75.29558
2011-03-24 07:00:00,69.86918
2011-03-24 08:00:00,60.980732
2011-03-24 09:00:00,72.48666
2011-03-24 10:00:00,62.89748
2011-03-24 11:00:00,72.171135
2011-03-24 12:00:00,83.54714
2011-03-24 13:00:00,93.60282
2011-03-24 14:00:00,102.574776
2011-03-24 15:00:00,84.43487
2011-03-24 16:00:00,89.01481
2011-03-24 17:00:00,87.99453
2011-03-24 18:00:00,87.59835
2011-03-24 19:00:00,117.37888
2011-03-24 20:00:00,97.64582
2011-03-24 21:00:00,83.6684
2011-03-24 22:00:00,89.07726
2011-03-24 23:00:00,80.53144
2011-03-25 00:00:00,86.52486
2011-03-25 01:00:00,75.58373
2011-03-25 02:00:00,69.86826
2011-03-25 03:00:00,83.62728
2011-03-25 04:00:00,79.4734
2011-03-25 05:00:00,72.48478
2011-03-25 06:00:00,66.273544
2011-03-25 07:00:00,79.04263
2011-03-25 08:00:00,96.74689
2011-03-25 09:00:00,105.623146
2011-03-25 10:00:00,127.17598
2011-03-25 11:00:00,128.64502
2011-03-25 12:00:00,144.94147
2011-03-25 13:00:00,166.05772
2011-03-25 14:00:00,189.76799
2011-03-25 15:00:00,164.18813
2011-03-25 16:00:00,162.33672
2011-03-25 17:00:00,133.17363
2011-03-25 18:00:00,149.02962
2011-03-25 19:00:00,148.24126
2011-03-25 20:00:00,167.20393
2011-03-25 21:00:00,161.1172
2011-03-25 22:00:00,124.62815
2011-03-25 23:00:00,128.65085
2011-03-26 00:00:00,107.55671
2011-03-26 01:00:00,118.80139
2011-03-26 02:00:00,92.21841
2011-03-26 03:00:00,79.270706
2011-03-26 04:00:00,92.21841
2011-03-26 05:00:00,78.347206
2011-03-26 06:00:00,69.23551
2011-03-26 07:00:00,78.347206
2011-03-26 08:00:00,89.83173
2011-03-26 09:00:00,110.74743
2011-03-26 10:00:00,113.46203
2011-03-26 11:00:00,131.40974
2011-03-26 12:00:00,144.40125
2011-03-26 13:00:00,165.28941
2011-03-26 14:00:00,204.04109
2011-03-26 15:00:00,207.80316
2011-03-26 16:00:00,236.36667
2011-03-26 17:00:00,214.15181
2011-03-26 18:00:00,213.61546
2011-03-26 19:00:00,95.15992
2011-03-26 20:00:00,95.15992
2011-03-26 21:00:00,95.74609
2011-03-26 22:00:00,108.21404
2011-03-26 23:00:00,89.92064
2011-03-27 00:00:00,111.925064
2011-03-27 01:00:00,66.95778
2011-03-27 02:00:00,57.26188
2011-03-27 03:00:00,46.54548
2011-03-27 04:00:00,52.4007
2011-03-27 06:00:00,54.956394
2011-03-27 07:00:00,51.691425
2011-03-27 08:00:00,47.35768
2011-03-27 09:00:00,79.4918
2011-03-27 10:00:00,63.10838
2011-03-27 11:00:00,76.791756
2011-03-27 12:00:00,91.991295
2011-03-27 13:00:00,133.59422
2011-03-27 14:00:00,158.82014
2011-03-27 15:00:00,152.6732
2011-03-27 16:00:00,206.4442
2011-03-27 17:00:00,179.16986
2011-03-27 18:00:00,157.39171
2011-03-27 19:00:00,168.2668
2011-03-27 20:00:00,139.58116
2011-03-27 21:00:00,113.46203
2011-03-27 22:00:00,113.46203
2011-03-27 23:00:00,104.951836
2011-03-28 00:00:00,91.01994
2011-03-28 01:00:00,112.33795
2011-03-28 02:00:00,117.041626
2011-03-28 03:00:00,117.041626
2011-03-28 05:00:00,98.531395
2011-03-28 06:00:00,119.5328
2011-03-28 07:00:00,120.3529
2011-03-28 08:00:00,137.62477
2011-03-28 09:00:00,138.62065
2011-03-28 10:00:00,164.14818
2011-03-28 11:00:00,145.62062
2011-03-28 12:00:00,164.65942
2011-03-28 13:00:00,174.17555
2011-03-28 14:00:00,218.52765
2011-03-28 15:00:00,212.8723
2011-03-28 16:00:00,225.61378
2011-03-28 17:00:00,216.44913
2011-03-28 18:00:00,218.70091
2011-03-28 19:00:00,199.13188
2011-03-28 20:00:00,205.38269
2011-03-28 21:00:00,213.53853
2011-03-28 22:00:00,207.92143
2011-03-28 23:00:00,180.58687
2011-03-29 00:00:00,149.5559
2011-03-29 01:00:00,141.29541
2011-03-29 02:00:00,141.29541
2011-03-29 03:00:00,141.29541
2011-03-29 04:00:00,107.14515
2011-03-29 05:00:00,127.93312
2011-03-29 06:00:00,115.42043
2011-03-29 07:00:00,110.88455
2011-03-29 08:00:00,123.96041
2011-03-29 09:00:00,153.80049
2011-03-29 10:00:00,191.65755
2011-03-29 11:00:00,159.52623
2011-03-29 12:00:00,213.37743
2011-03-29 13:00:00,211.8936
2011-03-29 14:00:00,229.96437
2011-03-29 15:00:00,254.15904
2011-03-29 16:00:00,246.26067
2011-03-29 17:00:00,250.5223
2011-03-29 18:00:00,218.39803
2011-03-29 19:00:00,226.5273
2011-03-29 20:00:00,218.39803
2011-03-29 21:00:00,171.5092
2011-03-29 22:00:00,137.23763
2011-03-29 23:00:00,116.62315
2011-03-30 00:00:00,124.034515
2011-03-30 01:00:00,175.87308
2011-03-30 02:00:00,124.034515
2011-03-30 03:00:00,166.42775
2011-03-30 04:00:00,124.034515
2011-03-30 05:00:00,99.08272
2011-03-30 06:00:00,136.75645
2011-03-30 07:00:00,161.53737
2011-03-30 08:00:00,138.03357
2011-03-30 09:00:00,138.13864
2011-03-30 10:00:00,140.797
2011-03-30 11:00:00,135.49586
2011-03-30 12:00:00,153.26093
2011-03-30 13:00:00,148.34521
2011-03-30 14:00:00,133.13913
2011-03-30 15:00:00,62.260006
2011-03-30 16:00:00,68.49886
2011-03-30 17:00:00,82.077286
2011-03-30 18:00:00,72.48666
2011-03-30 19:00:00,72.48666
2011-03-30 20:00:00,56.395588
2011-03-30 21:00:00,65.17293
2011-03-30 22:00:00,65.24644
2011-03-30 23:00:00,58.01307
2011-03-31 00:00:00,65.24644
2011-03-31 01:00:00,68.30132
2011-03-31 02:00:00,68.30132
2011-03-31 03:00:00,65.24644
2011-03-31 04:00:00,62.095654
2011-03-31 05:00:00,65.24644
2011-03-31 06:00:00,56.395588
2011-03-31 07:00:00,62.095654
2011-03-31 08:00:00,59.324097
2011-03-31 09:00:00,64.400345
2011-03-31 10:00:00,64.400345
2011-03-31 11:00:00,73.60203
2011-03-31 12:00:00,73.60203
2011-03-31 13:00:00,90.02745
2011-03-31 14:00:00,90.02745
2011-03-31 15:00:00,64.676125
2011-03-31 16:00:00,75.66849
2011-03-31 17:00:00,75.66849
2011-03-31 18:00:00,89.04339
2011-03-31 19:00:00,89.04339
2011-03-31 20:00:00,63.446415
2011-03-31 21:00:00,81.15357
2011-03-31 22:00:00,68.06685
2011-03-31 23:00:00,75.76713
2011-04-20 00:00:00,117.355736
2011-04-20 01:00:00,97.144936
2011-04-20 02:00:00,97.144936
2011-04-20 03:00:00,94.23393
2011-04-20 04:00:00,83.64233
2011-04-20 05:00:00,92.83879
2011-04-20 06:00:00,97.144936
2011-04-20 07:00:00,98.05326
2011-04-20 08:00:00,245.3221
2011-04-20 09:00:00,271.57523
2011-04-20 10:00:00,179.98218
2011-04-20 11:00:00,179.98218
2011-04-20 12:00:00,353.9672
2011-04-20 13:00:00,353.9672
2011-04-20 14:00:00,401.44824
2011-04-20 15:00:00,405.98822
2011-04-20 16:00:00,405.98822
2011-04-20 17:00:00,399.60547
2011-04-20 18:00:00,400.9567
2011-04-20 19:00:00,386.62042
2011-04-20 20:00:00,332.41425
2011-04-20 21:00:00,365.5793
2011-04-20 22:00:00,337.89355
2011-04-20 23:00:00,340.97147
2011-04-21 00:00:00,274.77133
2011-04-21 01:00:00,235.83833
2011-04-21 02:00:00,241.28024
2011-04-21 03:00:00,181.53236
2011-04-21 04:00:00,168.72443
2011-04-21 05:00:00,159.6011
2011-04-21 06:00:00,150.36977
2011-04-21 07:00:00,165.32962
2011-04-21 08:00:00,154.68636
2011-04-21 09:00:00,167.2841
2011-04-21 10:00:00,188.712
2011-04-21 11:00:00,206.0724
2011-04-21 12:00:00,227.10371
2011-04-21 13:00:00,269.08008
2011-04-21 14:00:00,278.938
2011-04-21 15:00:00,309.95575
2011-04-21 16:00:00,332.5498
2011-04-21 17:00:00,273.77783
2011-04-21 18:00:00,312.2957
2011-04-21 19:00:00,293.16156
2011-04-21 20:00:00,240.97047
2011-04-21 21:00:00,179.4021
2011-04-21 22:00:00,203.44048
2011-04-21 23:00:00,186.17899
2011-04-22 00:00:00,126.5056
2011-04-22 01:00:00,130.29283
2011-04-22 02:00:00,135.76256
2011-04-22 03:00:00,135.76256
2011-04-22 04:00:00,129.3506
2011-04-22 05:00:00,124.46929
2011-04-22 06:00:00,129.3506
2011-04-22 07:00:00,111.166115
2011-04-22 08:00:00,112.235275
2011-04-22 09:00:00,86.74208
2011-04-22 10:00:00,114.25683
2011-04-22 11:00:00,97.82671
2011-04-22 12:00:00,105.58763
2011-04-22 13:00:00,93.14095
2011-04-22 14:00:00,82.15269
2011-04-22 15:00:00,93.14095
2011-04-22 16:00:00,102.14268
2011-04-22 17:00:00,78.93513
2011-04-22 18:00:00,78.93513
2011-04-22 19:00:00,78.93513
2011-04-22 20:00:00,81.52188
2011-04-22 21:00:00,82.315994
2011-04-22 22:00:00,85.930305
2011-04-22 23:00:00,98.18675
2011-04-23 00:00:00,45.47779
2011-04-23 01:00:00,45.47779
2011-04-23 02:00:00,74.24499
2011-04-23 03:00:00,81.69704
2011-04-23 04:00:00,84.15194
2011-04-23 05:00:00,84.15194
2011-04-23 06:00:00,54.52064
2011-04-23 07:00:00,69.42741
2011-04-23 08:00:00,42.438362
2011-04-23 09:00:00,67.82789
2011-04-23 10:00:00,86.34542
2011-04-23 11:00:00,100.212425
2011-04-23 12:00:00,155.70357
2011-04-23 13:00:00,152.8203
2011-04-23 14:00:00,179.06306
2011-04-23 15:00:00,209.81897
2011-04-23 16:00:00,192.2888
2011-04-23 17:00:00,202.61812
2011-04-23 18:00:00,134.58934
2011-04-23 19:00:00,144.96391
2011-04-23 20:00:00,130.24896
2011-04-23 21:00:00,152.8257
2011-04-23 22:00:00,162.1874
2011-04-23 23:00:00,123.30411
2011-04-24 00:00:00,114.72841
2011-04-24 01:00:00,95.4858
2011-04-24 02:00:00,95.4858
2011-04-24 03:00:00,76.48458
2011-04-24 04:00:00,76.48458
2011-04-24 05:00:00,76.48458
2011-04-24 06:00:00,83.169334
2011-04-24 07:00:00,83.169334
2011-04-24 08:00:00,91.48855
2011-04-24 09:00:00,121.73536
2011-04-24 10:00:00,137.85696
2011-04-24 11:00:00,217.22563
2011-04-24 12:00:00,268.8104
2011-04-24 13:00:00,331.25262
2011-04-24 14:00:00,350.8305
2011-04-24 15:00:00,281.08948
2011-04-24 16:00:00,400.7636
2011-04-24 17:00:00,253.88914
2011-04-24 18:00:00,183.17513
2011-04-24 19:00:00,151.8704
2011-04-24 20:00:00,151.8704
2011-04-24 21:00:00,129.45906
2011-04-24 22:00:00,127.88993
2011-04-24 23:00:00,121.97181
2011-04-25 00:00:00,126.81009
2011-04-25 01:00:00,115.42365
2011-04-25 02:00:00,115.42365
2011-04-25 03:00:00,133.11195
2011-04-25 04:00:00,121.50221
2011-04-25 05:00:00,114.747856
2011-04-25 06:00:00,119.03762
2011-04-25 07:00:00,137.0583
2011-04-25 08:00:00,139.71434
2011-04-25 09:00:00,157.33446
2011-04-25 10:00:00,213.37013
2011-04-25 11:00:00,213.37013
2011-04-25 12:00:00,222.32951
2011-04-25 13:00:00,271.27942
2011-04-25 14:00:00,332.4475
2011-04-25 15:00:00,349.57516
2011-04-25 16:00:00,328.13855
2011-04-25 17:00:00,326.63043
2011-04-25 18:00:00,305.266
2011-04-25 19:00:00,289.57513
2011-04-25 20:00:00,271.57523
2011-04-25 21:00:00,226.2793
2011-04-25 22:00:00,208.98485
2011-04-25 23:00:00,191.47462
2011-04-26 00:00:00,229.20213
2011-04-26 01:00:00,209.70963
2011-04-26 02:00:00,186.70204
2011-04-26 03:00:00,163.60542
2011-04-26 04:00:00,171.12271
2011-04-26 05:00:00,156.44609
2011-04-26 06:00:00,155.79723
2011-04-26 07:00:00,188.54176
2011-04-26 08:00:00,188.54176
2011-04-26 09:00:00,232.11832
2011-04-26 10:00:00,255.10428
2011-04-26 11:00:00,283.14142
2011-04-26 12:00:00,309.96475
2011-04-26 13:00:00,364.22998
2011-04-26 14:00:00,323.25235
2011-04-26 15:00:00,302.0008
2011-04-26 16:00:00,318.4807
2011-04-26 17:00:00,291.66882
2011-04-26 18:00:00,284.55682
2011-04-26 19:00:00,237.79326
2011-04-26 20:00:00,232.11832
2011-04-26 21:00:00,203.81264
2011-04-26 22:00:00,171.28001
2011-04-26 23:00:00,174.08217
2011-04-27 00:00:00,175.82768
2011-04-27 01:00:00,180.19664
2011-04-27 02:00:00,166.54875
2011-04-27 03:00:00,171.94225
2011-04-27 04:00:00,140.08476
2011-04-27 05:00:00,160.28209
2011-04-27 06:00:00,143.64629
2011-04-27 07:00:00,171.94225
2011-04-27 08:00:00,177.16788
2011-04-27 09:00:00,188.81679
2011-04-27 10:00:00,185.58437
2011-04-27 11:00:00,196.66093
2011-04-27 12:00:00,220.68642
2011-04-27 13:00:00,208.92458
2011-04-27 14:00:00,236.63081
2011-04-27 15:00:00,298.56406
2011-04-27 16:00:00,276.63016
2011-04-27 17:00:00,187.29349
2011-04-27 18:00:00,187.29349
2011-04-27 19:00:00,203.81264
2011-04-27 20:00:00,203.38875
2011-04-27 21:00:00,179.08675
2011-04-27 22:00:00,184.35701
2011-04-27 23:00:00,187.95421
2011-04-28 00:00:00,220.65404
2011-04-28 01:00:00,196.40843
2011-04-28 02:00:00,203.54723
2011-04-28 03:00:00,206.34563
2011-04-28 04:00:00,199.94548
2011-04-28 05:00:00,196.40843
2011-04-28 06:00:00,215.85466
2011-04-28 07:00:00,214.01253
2011-04-28 08:00:00,220.2583
2011-04-28 09:00:00,167.17278
2011-04-28 10:00:00,178.49464
2011-04-28 11:00:00,185.58437
2011-04-28 12:00:00,191.65337
2011-04-28 13:00:00,187.19159
2011-04-28 14:00:00,197.2325
2011-04-28 15:00:00,250.13396
2011-04-28 16:00:00,199.77077
2011-04-28 17:00:00,324.17545
2011-04-28 18:00:00,324.17545
2011-04-28 19:00:00,330.73657
2011-04-28 20:00:00,284.2467
2011-04-28 21:00:00,242.63878
2011-04-28 22:00:00,241.98576
2011-04-28 23:00:00,239.14171
2011-04-29 00:00:00,263.29553
2011-04-29 01:00:00,207.60744
2011-04-29 02:00:00,141.89207
2011-04-29 03:00:00,150.66565
2011-04-29 04:00:00,190.39531
2011-04-29 05:00:00,196.5898
2011-04-29 06:00:00,229.24324
2011-04-29 07:00:00,248.37733
2011-04-29 08:00:00,276.96252
2011-04-29 09:00:00,277.9887
2011-04-29 10:00:00,284.046
2011-04-29 11:00:00,332.96332
2011-04-29 12:00:00,298.4107
2011-04-29 13:00:00,300.11188
2011-04-29 14:00:00,360.5592
2011-04-29 15:00:00,268.19916
2011-04-29 16:00:00,242.47346
2011-04-29 17:00:00,220.1966
2011-04-29 18:00:00,232.67427
2011-04-29 19:00:00,180.33577
2011-04-29 20:00:00,207.0485
2011-04-29 21:00:00,189.25673
2011-04-29 22:00:00,150.18565
2011-04-29 23:00:00,176.0996
2011-04-30 00:00:00,150.36128
2011-04-30 01:00:00,149.31058
2011-04-30 02:00:00,151.79707
2011-04-30 03:00:00,138.56575
2011-04-30 04:00:00,138.30037
2011-04-30 05:00:00,170.90977
2011-04-30 06:00:00,149.90276
2011-04-30 07:00:00,163.75893
2011-04-30 08:00:00,155.56155
2011-04-30 09:00:00,181.05994
2011-04-30 10:00:00,232.41414
2011-04-30 11:00:00,254.23418
2011-04-30 12:00:00,271.0632
2011-04-30 13:00:00,301.71783
2011-04-30 14:00:00,321.49707
2011-04-30 15:00:00,363.69757
2011-04-30 16:00:00,390.9889
2011-04-30 17:00:00,295.05432
2011-04-30 18:00:00,279.52994
2011-04-30 19:00:00,279.52994
2011-04-30 20:00:00,120.13354
2011-04-30 21:00:00,120.13354
2011-04-30 22:00:00,107.259514
2011-04-30 23:00:00,107.259514
2011-05-20 00:00:00,107.66905
2011-05-20 01:00:00,90.9039
2011-05-20 02:00:00,90.19871
2011-05-20 03:00:00,87.52883
2011-05-20 04:00:00,102.32827
2011-05-20 05:00:00,102.31007
2011-05-20 06:00:00,122.03896
2011-05-20 07:00:00,150.59155
2011-05-20 08:00:00,125.75009
2011-05-20 09:00:00,180.17659
2011-05-20 10:00:00,198.47577
2011-05-20 11:00:00,216.56276
2011-05-20 12:00:00,258.0019
2011-05-20 13:00:00,250.21794
2011-05-20 14:00:00,285.7335
2011-05-20 15:00:00,258.42902
2011-05-20 16:00:00,260.35162
2011-05-20 17:00:00,207.7747
2011-05-20 18:00:00,257.7168
2011-05-20 19:00:00,177.61702
2011-05-20 20:00:00,185.49603
2011-05-20 21:00:00,176.36948
2011-05-20 22:00:00,121.645134
2011-05-20 23:00:00,160.24728
2011-05-21 00:00:00,106.74734
2011-05-21 01:00:00,98.00952
2011-05-21 02:00:00,112.88634
2011-05-21 03:00:00,95.00364
2011-05-21 04:00:00,81.85731
2011-05-21 05:00:00,79.276794
2011-05-21 06:00:00,102.083
2011-05-21 07:00:00,121.70139
2011-05-21 08:00:00,181.78047
2011-05-21 09:00:00,224.95049
2011-05-21 10:00:00,213.85805
2011-05-21 11:00:00,307.56625
2011-05-21 12:00:00,351.3931
2011-05-21 13:00:00,427.2193
2011-05-21 14:00:00,467.294
2011-05-21 15:00:00,428.39575
2011-05-21 16:00:00,493.52402
2011-05-21 17:00:00,441.246
2011-05-21 18:00:00,393.2376
2011-05-21 19:00:00,380.8723
2011-05-21 20:00:00,207.56758
2011-05-21 21:00:00,213.85805
2011-05-21 22:00:00,156.35558
2011-05-21 23:00:00,111.43763
2011-05-22 00:00:00,104.13003
2011-05-22 01:00:00,85.26084
2011-05-22 02:00:00,82.42948
2011-05-22 03:00:00,66.93818
2011-05-22 04:00:00,57.081646
2011-05-22 05:00:00,66.93818
2011-05-22 06:00:00,82.42948
2011-05-22 07:00:00,96.687935
2011-05-22 08:00:00,128.26283
2011-05-22 09:00:00,149.67888
2011-05-22 10:00:00,201.6311
2011-05-22 11:00:00,345.49646
2011-05-22 12:00:00,363.10205
2011-05-22 13:00:00,304.2773
2011-05-22 14:00:00,203.88142
2011-05-22 15:00:00,251.22105
2011-05-22 16:00:00,268.40237
2011-05-22 17:00:00,330.6849
2011-05-22 18:00:00,279.9798
2011-05-22 19:00:00,273.1187
2011-05-22 20:00:00,214.4532
2011-05-22 21:00:00,165.59412
2011-05-22 22:00:00,116.59494
2011-05-22 23:00:00,135.70886
2011-05-23 00:00:00,152.17421
2011-05-23 01:00:00,139.71434
2011-05-23 02:00:00,153.6593
2011-05-23 03:00:00,148.26085
2011-05-23 04:00:00,125.151024
2011-05-23 05:00:00,125.151024
2011-05-23 06:00:00,123.95529
2011-05-23 07:00:00,147.55699
2011-05-23 08:00:00,158.39159
2011-05-23 09:00:00,161.59924
2011-05-23 10:00:00,226.37485
2011-05-23 11:00:00,269.47726
2011-05-23 12:00:00,269.47726
2011-05-23 13:00:00,321.0148
2011-05-23 14:00:00,305.07
2011-05-23 15:00:00,301.69553
2011-05-23 16:00:00,292.47583
2011-05-23 17:00:00,265.9062
2011-05-23 18:00:00,254.20277
2011-05-23 19:00:00,245.11789
2011-05-23 20:00:00,182.16075
2011-05-23 21:00:00,169.89078
2011-05-23 22:00:00,151.29356
2011-05-23 23:00:00,168.58096
2011-05-24 00:00:00,153.07289
2011-05-24 01:00:00,150.80992
2011-05-24 02:00:00,153.07289
2011-05-24 03:00:00,150.64331
2011-05-24 04:00:00,141.63896
2011-05-24 05:00:00,166.30634
2011-05-24 06:00:00,159.1896
2011-05-24 07:00:00,192.71495
2011-05-24 08:00:00,170.88702
2011-05-24 09:00:00,214.42998
2011-05-24 10:00:00,297.50806
2011-05-24 11:00:00,349.57516
2011-05-24 12:00:00,382.68832
2011-05-24 13:00:00,364.8448
2011-05-24 14:00:00,375.14764
2011-05-24 15:00:00,310.67752
2011-05-24 16:00:00,232.38853
2011-05-24 17:00:00,251.06543
2011-05-24 18:00:00,248.17209
2011-05-24 19:00:00,212.71123
2011-05-24 20:00:00,166.01443
2011-05-24 21:00:00,150.85672
2011-05-24 22:00:00,166.02487
2011-05-24 23:00:00,227.1653
2011-05-25 00:00:00,165.01921
2011-05-25 01:00:00,159.6521
2011-05-25 02:00:00,127.59955
2011-05-25 03:00:00,118.573654
2011-05-25 04:00:00,116.952225
2011-05-25 05:00:00,137.20952
2011-05-25 06:00:00,129.57307
2011-05-25 07:00:00,178.8012
2011-05-25 08:00:00,228.48474
2011-05-25 09:00:00,221.54597
2011-05-25 10:00:00,243.20125
2011-05-25 11:00:00,288.38812
2011-05-25 12:00:00,305.43555
2011-05-25 13:00:00,305.43555
2011-05-25 14:00:00,317.62396
2011-05-25 15:00:00,375.40372
2011-05-25 16:00:00,366.07547
2011-05-25 17:00:00,349.57516
2011-05-25 18:00:00,311.75323
2011-05-25 19:00:00,264.36072
2011-05-25 20:00:00,271.53394
2011-05-25 21:00:00,215.61263
2011-05-25 22:00:00,242.36922
2011-05-25 23:00:00,184.84135
2011-05-26 00:00:00,184.84135
2011-05-26 01:00:00,184.84135
2011-05-26 02:00:00,150.60732
2011-05-26 03:00:00,139.1324
2011-05-26 04:00:00,123.719124
2011-05-26 05:00:00,147.8086
2011-05-26 06:00:00,139.12447
2011-05-26 07:00:00,168.42632
2011-05-26 08:00:00,182.4987
2011-05-26 09:00:00,257.10202
2011-05-26 10:00:00,254.20277
2011-05-26 11:00:00,292.7662
2011-05-26 12:00:00,380.7135
2011-05-26 13:00:00,408.94507
2011-05-26 14:00:00,408.94507
2011-05-26 15:00:00,391.13257
2011-05-26 16:00:00,393.45123
2011-05-26 17:00:00,375.4952
2011-05-26 18:00:00,388.0924
2011-05-26 19:00:00,388.76923
2011-05-26 20:00:00,294.95035
2011-05-26 21:00:00,255.23654
2011-05-26 22:00:00,250.85342
2011-05-26 23:00:00,265.591
2011-05-27 00:00:00,252.85196
2011-05-27 01:00:00,308.01096
2011-05-27 02:00:00,274.4481
2011-05-27 03:00:00,212.48923
2011-05-27 04:00:00,206.70424
2011-05-27 05:00:00,248.84154
2011-05-27 06:00:00,182.93336
2011-05-27 07:00:00,198.61357
2011-05-27 08:00:00,224.88086
2011-05-27 09:00:00,279.9182
2011-05-27 10:00:00,343.00256
2011-05-27 11:00:00,325.90454
2011-05-27 12:00:00,337.92377
2011-05-27 13:00:00,316.55664
2011-05-27 14:00:00,362.71564
2011-05-27 15:00:00,392.38245
2011-05-27 16:00:00,344.48602
2011-05-27 17:00:00,338.78058
2011-05-27 18:00:00,292.47583
2011-05-27 19:00:00,181.08446
2011-05-27 20:00:00,205.12386
2011-05-27 21:00:00,148.28781
2011-05-27 22:00:00,164.82422
2011-05-27 23:00:00,147.57446
2011-05-28 00:00:00,107.885765
2011-05-28 01:00:00,116.1098
2011-05-28 02:00:00,101.023964
2011-05-28 03:00:00,114.57307
2011-05-28 04:00:00,121.73536
2011-05-28 05:00:00,114.57307
2011-05-28 06:00:00,140.22295
2011-05-28 07:00:00,144.72194
2011-05-28 08:00:00,150.78487
2011-05-28 09:00:00,189.93626
2011-05-28 10:00:00,280.3261
2011-05-28 11:00:00,280.3261
2011-05-28 12:00:00,342.73163
2011-05-28 13:00:00,322.68707
2011-05-28 14:00:00,349.69852
2011-05-28 15:00:00,364.89386
2011-05-28 16:00:00,383.35254
2011-05-28 17:00:00,374.7743
2011-05-28 18:00:00,327.44037
2011-05-28 19:00:00,270.8747
2011-05-28 20:00:00,280.3261
2011-05-28 21:00:00,209.45522
2011-05-28 22:00:00,164.9157
2011-05-28 23:00:00,135.68298
2011-05-29 00:00:00,140.50104
2011-05-29 01:00:00,115.802155
2011-05-29 02:00:00,104.94712
2011-05-29 03:00:00,104.94712
2011-05-29 04:00:00,99.62575
2011-05-29 05:00:00,96.413574
2011-05-29 06:00:00,138.0815
2011-05-29 07:00:00,147.1848
2011-05-29 08:00:00,140.63966
2011-05-29 09:00:00,132.46634
2011-05-29 10:00:00,165.45532
2011-05-29 11:00:00,180.43846
2011-05-29 12:00:00,234.97672
2011-05-29 13:00:00,274.9787
2011-05-29 14:00:00,292.41284
2011-05-29 15:00:00,292.32196
2011-05-29 16:00:00,292.41284
2011-05-29 17:00:00,292.41284
2011-05-29 18:00:00,254.96104
2011-05-29 19:00:00,249.22054
2011-05-29 20:00:00,177.39757
2011-05-29 21:00:00,143.86024
2011-05-29 22:00:00,114.813866
2011-05-29 23:00:00,120.532234
2011-05-30 00:00:00,103.067955
2011-05-30 01:00:00,92.66331
2011-05-30 02:00:00,103.067955
2011-05-30 03:00:00,103.067955
2011-05-30 04:00:00,95.87318
2011-05-30 05:00:00,104.852005
2011-05-30 06:00:00,105.69015
2011-05-30 07:00:00,94.57436
2011-05-30 08:00:00,118.87921
2011-05-30 09:00:00,170.69403
2011-05-30 10:00:00,409.49487
2011-05-30 11:00:00,419.34387
2011-05-30 12:00:00,487.6843
2011-05-30 13:00:00,476.3664
2011-05-30 14:00:00,447.49286
2011-05-30 15:00:00,482.88068
2011-05-30 16:00:00,477.37256
2011-05-30 17:00:00,492.1169
2011-05-30 18:00:00,478.91855
2011-05-30 19:00:00,213.86629
2011-05-30 20:00:00,310.55997
2011-05-30 21:00:00,246.12692
2011-05-30 22:00:00,215.48933
2011-05-30 23:00:00,120.0796
2011-05-31 00:00:00,167.15652
2011-05-31 01:00:00,155.66357
2011-05-31 02:00:00,162.94145
2011-05-31 03:00:00,131.38313
2011-05-31 04:00:00,152.09035
2011-05-31 05:00:00,152.09035
2011-05-31 06:00:00,158.8043
2011-05-31 07:00:00,253.15956
2011-05-31 08:00:00,321.66702
2011-05-31 09:00:00,341.15265
2011-05-31 10:00:00,352.8055
2011-05-31 11:00:00,350.9663
2011-05-31 12:00:00,370.4665
2011-05-31 13:00:00,395.91537
2011-05-31 14:00:00,355.98425
2011-05-31 15:00:00,389.45428
2011-05-31 16:00:00,389.64148
2011-05-31 17:00:00,394.72015
2011-05-31 18:00:00,383.7162
2011-05-31 19:00:00,297.12085
2011-05-31 20:00:00,297.12085
2011-05-31 21:00:00,270.22406
2011-05-31 22:00:00,266.8865
2011-05-31 23:00:00,177.74593
2011-06-20 00:00:00,178.25551
2011-06-20 01:00:00,143.26982
2011-06-20 02:00:00,143.26982
2011-06-20 03:00:00,140.5912
2011-06-20 04:00:00,163.38582
2011-06-20 05:00:00,171.0537
2011-06-20 06:00:00,183.08116
2011-06-20 07:00:00,155.14214
2011-06-20 08:00:00,155.48584
2011-06-20 09:00:00,185.19902
2011-06-20 10:00:00,185.19902
2011-06-20 11:00:00,162.45811
2011-06-20 12:00:00,216.97615
2011-06-20 13:00:00,211.70198
2011-06-20 14:00:00,234.9603
2011-06-20 15:00:00,247.06929
2011-06-20 16:00:00,283.70157
2011-06-20 17:00:00,223.9733
2011-06-20 18:00:00,292.14294
2011-06-20 19:00:00,253.42274
2011-06-20 20:00:00,239.16394
2011-06-20 21:00:00,198.61357
2011-06-20 22:00:00,215.26582
2011-06-20 23:00:00,199.77077
2011-06-21 00:00:00,169.16234
2011-06-21 01:00:00,196.0101
2011-06-21 02:00:00,174.66524
2011-06-21 03:00:00,174.66524
2011-06-21 04:00:00,139.7969
2011-06-21 05:00:00,144.02867
2011-06-21 06:00:00,144.02867
2011-06-21 07:00:00,114.11495
2011-06-21 08:00:00,142.20265
2011-06-21 09:00:00,165.16281
2011-06-21 10:00:00,171.57512
2011-06-21 11:00:00,166.76634
2011-06-21 12:00:00,226.8001
2011-06-21 13:00:00,272.3357
2011-06-21 14:00:00,320.08655
2011-06-21 15:00:00,365.9942
2011-06-21 16:00:00,375.58072
2011-06-21 17:00:00,327.38846
2011-06-21 18:00:00,287.98422
2011-06-21 19:00:00,265.6829
2011-06-21 20:00:00,262.34662
2011-06-21 21:00:00,248.81541
2011-06-21 22:00:00,170.64922
2011-06-21 23:00:00,198.75517
2011-06-22 00:00:00,188.46307
2011-06-22 01:00:00,164.83736
2011-06-22 02:00:00,130.57481
2011-06-22 03:00:00,164.83736
2011-06-22 04:00:00,121.03653
2011-06-22 05:00:00,116.815475
2011-06-22 06:00:00,126.21541
2011-06-22 07:00:00,141.68913
2011-06-22 08:00:00,213.26329
2011-06-22 09:00:00,217.64511
2011-06-22 10:00:00,278.2282
2011-06-22 11:00:00,259.8357
2011-06-22 12:00:00,341.44977
2011-06-22 13:00:00,366.60504
2011-06-22 14:00:00,380.35522
2011-06-22 15:00:00,375.68954
2011-06-22 16:00:00,381.22806
2011-06-22 17:00:00,369.9546
2011-06-22 18:00:00,350.50385
2011-06-22 19:00:00,356.5259
2011-06-22 20:00:00,236.21948
2011-06-22 21:00:00,226.58331
2011-06-22 22:00:00,243.20653
2011-06-22 23:00:00,243.98291
2011-06-23 00:00:00,236.4065
2011-06-23 01:00:00,255.1009
2011-06-23 02:00:00,255.1009
2011-06-23 03:00:00,251.54362
2011-06-23 04:00:00,219.8438
2011-06-23 05:00:00,240.51562
2011-06-23 06:00:00,240.51564
2011-06-23 07:00:00,247.63948
2011-06-23 08:00:00,264.28683
2011-06-23 09:00:00,254.9161
2011-06-23 10:00:00,275.02203
2011-06-23 11:00:00,288.7243
2011-06-23 12:00:00,298.59
2011-06-23 13:00:00,306.05237
2011-06-23 14:00:00,298.08533
2011-06-23 15:00:00,341.96896
2011-06-23 16:00:00,287.03906
2011-06-23 17:00:00,266.71454
2011-06-23 18:00:00,286.12933
2011-06-23 19:00:00,277.02563
2011-06-23 20:00:00,239.10225
2011-06-23 21:00:00,234.2766
2011-06-23 22:00:00,243.85199
2011-06-23 23:00:00,246.11737
2011-06-24 00:00:00,197.7386
2011-06-24 01:00:00,203.31166
2011-06-24 02:00:00,203.31166
2011-06-24 03:00:00,166.76634
2011-06-24 04:00:00,141.45381
2011-06-24 05:00:00,132.17694
2011-06-24 06:00:00,153.67076
2011-06-24 07:00:00,184.43822
2011-06-24 08:00:00,239.10225
2011-06-24 09:00:00,273.10806
2011-06-24 10:00:00,395.2586
2011-06-24 11:00:00,411.63855
2011-06-24 12:00:00,395.99817
2011-06-24 13:00:00,391.46295
2011-06-24 14:00:00,388.1579
2011-06-24 15:00:00,410.242
2011-06-24 16:00:00,408.1476
2011-06-24 17:00:00,384.49225
2011-06-24 18:00:00,393.93683
2011-06-24 19:00:00,365.65936
2011-06-24 20:00:00,323.38025
2011-06-24 21:00:00,300.445
2011-06-24 22:00:00,254.81532
2011-06-24 23:00:00,283.15515
2011-06-25 00:00:00,384.14154
2011-06-25 01:00:00,339.6308
2011-06-25 02:00:00,316.9068
2011-06-25 03:00:00,294.03937
2011-06-25 04:00:00,294.03937
2011-06-25 05:00:00,228.8347
2011-06-25 06:00:00,299.3028
2011-06-25 07:00:00,286.10217
2011-06-25 08:00:00,395.92072
2011-06-25 09:00:00,434.75717
2011-06-25 10:00:00,441.28265
2011-06-25 11:00:00,487.76913
2011-06-25 12:00:00,501.41656
2011-06-25 13:00:00,501.41656
2011-06-25 14:00:00,449.39178
2011-06-25 15:00:00,457.03955
2011-06-25 16:00:00,494.7489
2011-06-25 17:00:00,491.48724
2011-06-25 18:00:00,434.75717
2011-06-25 19:00:00,411.6953
2011-06-25 20:00:00,389.03235
2011-06-25 21:00:00,342.70544
2011-06-25 22:00:00,385.36633
2011-06-25 23:00:00,302.4785
2011-06-26 00:00:00,318.98163
2011-06-26 01:00:00,296.41534
2011-06-26 02:00:00,260.67566
2011-06-26 03:00:00,186.69319
2011-06-26 04:00:00,179.428
2011-06-26 05:00:00,208.97182
2011-06-26 06:00:00,208.97182
2011-06-26 07:00:00,233.95985
2011-06-26 08:00:00,266.0197
2011-06-26 09:00:00,283.31955
2011-06-26 10:00:00,397.48184
2011-06-26 11:00:00,427.09222
2011-06-26 12:00:00,479.865
2011-06-26 13:00:00,502.79834
2011-06-26 14:00:00,469.428
2011-06-26 15:00:00,502.79834
2011-06-26 16:00:00,483.76553
2011-06-26 17:00:00,416.40573
2011-06-26 18:00:00,417.77692
2011-06-26 19:00:00,362.44647
2011-06-26 20:00:00,332.1109
2011-06-26 21:00:00,290.5373
2011-06-26 22:00:00,375.71698
2011-06-26 23:00:00,308.3338
2011-06-27 00:00:00,211.36217
2011-06-27 01:00:00,185.02458
2011-06-27 02:00:00,201.23424
2011-06-27 03:00:00,201.23424
2011-06-27 04:00:00,157.04556
2011-06-27 05:00:00,162.79066
2011-06-27 06:00:00,188.01833
2011-06-27 07:00:00,212.02028
2011-06-27 08:00:00,211.50151
2011-06-27 09:00:00,233.22316
2011-06-27 10:00:00,272.68518
2011-06-27 11:00:00,229.23885
2011-06-27 12:00:00,233.22316
2011-06-27 13:00:00,288.0451
2011-06-27 14:00:00,248.9316
2011-06-27 15:00:00,238.42096
2011-06-27 16:00:00,281.34796
2011-06-27 17:00:00,295.40082
2011-06-27 18:00:00,248.24132
2011-06-27 19:00:00,283.3244
2011-06-27 20:00:00,231.14992
2011-06-27 21:00:00,200.50528
2011-06-27 22:00:00,173.16833
2011-06-27 23:00:00,173.16833
2011-06-28 00:00:00,198.58908
2011-06-28 01:00:00,140.24033
2011-06-28 02:00:00,188.0114
2011-06-28 03:00:00,188.0114
2011-06-28 04:00:00,140.24033
2011-06-28 05:00:00,130.57481
2011-06-28 06:00:00,166.76634
2011-06-28 07:00:00,185.32289
2011-06-28 08:00:00,202.27869
2011-06-28 09:00:00,205.72066
2011-06-28 10:00:00,350.4921
2011-06-28 11:00:00,325.91376
2011-06-28 12:00:00,382.94226
2011-06-28 13:00:00,332.5044
2011-06-28 14:00:00,397.05975
2011-06-28 15:00:00,351.60376
2011-06-28 16:00:00,401.61035
2011-06-28 17:00:00,357.53812
2011-06-28 18:00:00,343.84253
2011-06-28 19:00:00,309.98132
2011-06-28 20:00:00,212.69937
2011-06-28 21:00:00,301.30286
2011-06-28 22:00:00,255.06682
2011-06-28 23:00:00,253.64966
2011-06-29 00:00:00,213.29988
2011-06-29 01:00:00,214.34195
2011-06-29 02:00:00,182.23979
2011-06-29 03:00:00,162.38878
2011-06-29 04:00:00,143.94682
2011-06-29 05:00:00,167.42134
2011-06-29 06:00:00,237.24586
2011-06-29 07:00:00,312.1463
2011-06-29 08:00:00,340.6438
2011-06-29 09:00:00,371.06516
2011-06-29 10:00:00,381.44092
2011-06-29 11:00:00,388.1671
2011-06-29 12:00:00,393.50244
2011-06-29 13:00:00,397.7549
2011-06-29 14:00:00,377.10425
2011-06-29 15:00:00,365.1985
2011-06-29 16:00:00,403.81738
2011-06-29 17:00:00,385.68036
2011-06-29 18:00:00,391.65173
2011-06-29 19:00:00,407.9577
2011-06-29 20:00:00,393.74902
2011-06-29 21:00:00,366.4226
2011-06-29 22:00:00,345.79163
2011-06-29 23:00:00,317.16272
2011-06-30 00:00:00,291.3233
2011-06-30 01:00:00,268.9181
2011-06-30 02:00:00,249.71692
2011-06-30 03:00:00,239.70801
2011-06-30 04:00:00,204.93657
2011-06-30 05:00:00,203.55598
2011-06-30 06:00:00,230.30989
2011-06-30 07:00:00,244.41971
2011-06-30 08:00:00,327.32965
2011-06-30 09:00:00,355.9289
2011-06-30 10:00:00,349.0664
2011-06-30 11:00:00,346.60245
2011-06-30 12:00:00,374.68317
2011-06-30 13:00:00,383.86627
2011-06-30 14:00:00,379.5227
2011-06-30 15:00:00,382.91003
2011-06-30 16:00:00,356.26178
2011-06-30 17:00:00,399.66556
2011-06-30 18:00:00,391.9424
2011-06-30 19:00:00,383.6615
2011-06-30 20:00:00,383.6615
2011-06-30 21:00:00,332.20502
2011-06-30 22:00:00,331.3214
2011-06-30 23:00:00,236.02057
2011-07-20 00:00:00,155.44714
2011-07-20 01:00:00,135.9665
2011-07-20 02:00:00,135.9665
2011-07-20 03:00:00,155.44714
2011-07-20 04:00:00,131.37813
2011-07-20 05:00:00,149.71257
2011-07-20 06:00:00,155.14812
2011-07-20 07:00:00,180.0924
2011-07-20 08:00:00,186.39265
2011-07-20 09:00:00,227.01775
2011-07-20 10:00:00,214.04843
2011-07-20 11:00:00,296.14868
2011-07-20 12:00:00,292.22223
2011-07-20 13:00:00,390.45416
2011-07-20 14:00:00,394.66953
2011-07-20 15:00:00,371.45465
2011-07-20 16:00:00,320.56482
2011-07-20 17:00:00,389.91888
2011-07-20 18:00:00,403.19186
2011-07-20 19:00:00,356.37854
2011-07-20 20:00:00,322.049
2011-07-20 21:00:00,337.56818
2011-07-20 22:00:00,313.57977
2011-07-20 23:00:00,281.59583
2011-07-21 00:00:00,271.21564
2011-07-21 01:00:00,243.36028
2011-07-21 02:00:00,243.36028
2011-07-21 03:00:00,241.56755
2011-07-21 04:00:00,200.95308
2011-07-21 05:00:00,200.95308
2011-07-21 06:00:00,200.95308
2011-07-21 07:00:00,225.31992
2011-07-21 08:00:00,263.68567
2011-07-21 09:00:00,312.92535
2011-07-21 10:00:00,342.30945
2011-07-21 11:00:00,410.7426
2011-07-21 12:00:00,445.32953
2011-07-21 13:00:00,437.05518
2011-07-21 14:00:00,426.30588
2011-07-21 15:00:00,411.48724
2011-07-21 16:00:00,419.13608
2011-07-21 17:00:00,426.03595
2011-07-21 18:00:00,409.24786
2011-07-21 19:00:00,441.71158
2011-07-21 20:00:00,386.10663
2011-07-21 21:00:00,357.6916
2011-07-21 22:00:00,344.67468
2011-07-21 23:00:00,316.46002
2011-07-22 00:00:00,342.97742
2011-07-22 01:00:00,262.63736
2011-07-22 02:00:00,255.53493
2011-07-22 03:00:00,253.40161
2011-07-22 04:00:00,232.3062
2011-07-22 05:00:00,194.82472
2011-07-22 06:00:00,224.41937
2011-07-22 07:00:00,291.37088
2011-07-22 08:00:00,345.3294
2011-07-22 09:00:00,339.8655
2011-07-22 10:00:00,373.67514
2011-07-22 11:00:00,378.68817
2011-07-22 12:00:00,410.97546
2011-07-22 13:00:00,414.05322
2011-07-22 14:00:00,434.4288
2011-07-22 15:00:00,426.61597
2011-07-22 16:00:00,447.04883
2011-07-22 17:00:00,369.0848
2011-07-22 18:00:00,374.80255
2011-07-22 19:00:00,367.5876
2011-07-22 20:00:00,320.56482
2011-07-22 21:00:00,316.23938
2011-07-22 22:00:00,327.82245
2011-07-22 23:00:00,355.96368
2011-07-23 00:00:00,449.002
2011-07-23 01:00:00,438.5927
2011-07-23 02:00:00,474.62018
2011-07-23 03:00:00,305.84103
2011-07-23 04:00:00,289.33447
2011-07-23 05:00:00,325.44556
2011-07-23 06:00:00,431.84253
2011-07-23 07:00:00,419.52686
2011-07-23 08:00:00,515.6739
2011-07-23 09:00:00,496.3236
2011-07-23 10:00:00,486.1764
2011-07-23 11:00:00,436.67847
2011-07-23 12:00:00,405.16904
2011-07-23 13:00:00,426.13434
2011-07-23 14:00:00,498.9582
2011-07-23 15:00:00,471.6649
2011-07-23 16:00:00,419.29675
2011-07-23 17:00:00,419.29675
2011-07-23 18:00:00,459.8664
2011-07-23 19:00:00,398.12524
2011-07-23 20:00:00,417.32895
2011-07-23 21:00:00,417.32895
2011-07-23 22:00:00,397.2141
2011-07-23 23:00:00,376.1184
2011-07-24 00:00:00,376.1184
2011-07-24 01:00:00,312.6328
2011-07-24 02:00:00,344.35248
2011-07-24 03:00:00,344.35248
2011-07-24 04:00:00,312.6328
2011-07-24 05:00:00,305.84103
2011-07-24 06:00:00,337.378
2011-07-24 07:00:00,385.10995
2011-07-24 08:00:00,436.01157
2011-07-24 09:00:00,438.59885
2011-07-24 10:00:00,530.7572
2011-07-24 11:00:00,481.35263
2011-07-24 12:00:00,488.38495
2011-07-24 13:00:00,521.2961
2011-07-24 14:00:00,528.8413
2011-07-24 15:00:00,488.88724
2011-07-24 16:00:00,488.88724
2011-07-24 17:00:00,425.88953
2011-07-24 18:00:00,473.9873
2011-07-24 19:00:00,503.05157
2011-07-24 20:00:00,496.3236
2011-07-24 21:00:00,366.4519
2011-07-24 22:00:00,329.45764
2011-07-24 23:00:00,247.68723
2011-07-25 00:00:00,237.71492
2011-07-25 01:00:00,247.63939
2011-07-25 02:00:00,221.71887
2011-07-25 03:00:00,157.4612
2011-07-25 04:00:00,162.8515
2011-07-25 05:00:00,162.8515
2011-07-25 06:00:00,193.40303
2011-07-25 07:00:00,203.83519
2011-07-25 08:00:00,233.90083
2011-07-25 09:00:00,257.9253
2011-07-25 10:00:00,292.22223
2011-07-25 11:00:00,360.52313
2011-07-25 12:00:00,360.52313
2011-07-25 13:00:00,253.54744
2011-07-25 14:00:00,243.20653
2011-07-25 15:00:00,233.83565
2011-07-25 16:00:00,203.21497
2011-07-25 17:00:00,174.67773
2011-07-25 18:00:00,214.00783
2011-07-25 19:00:00,227.01775
2011-07-25 20:00:00,228.11287
2011-07-25 21:00:00,135.9665
2011-07-25 22:00:00,135.9665
2011-07-25 23:00:00,152.62563
2011-07-26 00:00:00,170.64922
2011-07-26 01:00:00,170.64922
2011-07-26 02:00:00,147.08226
2011-07-26 03:00:00,153.0346
2011-07-26 04:00:00,165.65033
2011-07-26 05:00:00,135.13095
2011-07-26 06:00:00,193.49342
2011-07-26 07:00:00,284.46808
2011-07-26 08:00:00,324.86044
2011-07-26 09:00:00,372.13464
2011-07-26 10:00:00,383.8833
2011-07-26 11:00:00,344.08203
2011-07-26 12:00:00,341.96906
2011-07-26 13:00:00,388.81183
2011-07-26 14:00:00,377.4842
2011-07-26 15:00:00,380.3237
2011-07-26 16:00:00,397.8847
2011-07-26 17:00:00,412.70538
2011-07-26 18:00:00,420.89355
2011-07-26 19:00:00,401.65363
2011-07-26 20:00:00,380.74835
2011-07-26 21:00:00,364.74402
2011-07-26 22:00:00,304.0232
2011-07-26 23:00:00,286.36105
2011-07-27 00:00:00,314.32867
2011-07-27 01:00:00,352.26324
2011-07-27 02:00:00,376.7313
2011-07-27 03:00:00,287.60986
2011-07-27 04:00:00,322.745
2011-07-27 05:00:00,314.3424
2011-07-27 06:00:00,312.1463
2011-07-27 07:00:00,350.65717
2011-07-27 08:00:00,373.55988
2011-07-27 09:00:00,393.50244
2011-07-27 10:00:00,345.34576
2011-07-27 11:00:00,346.06757
2011-07-27 12:00:00,385.55618
2011-07-27 13:00:00,396.14447
2011-07-27 14:00:00,367.66602
2011-07-27 15:00:00,363.42896
2011-07-27 16:00:00,344.3006
2011-07-27 17:00:00,362.09006
2011-07-27 18:00:00,346.6015
2011-07-27 19:00:00,346.08618
2011-07-27 20:00:00,359.04092
2011-07-27 21:00:00,296.47217
2011-07-27 22:00:00,262.27216
2011-07-27 23:00:00,297.1018
2011-07-28 00:00:00,289.7851
2011-07-28 01:00:00,247.46135
2011-07-28 02:00:00,276.19037
2011-07-28 03:00:00,235.94052
2011-07-28 04:00:00,244.63536
2011-07-28 05:00:00,231.14992
2011-07-28 06:00:00,205.97844
2011-07-28 07:00:00,250.45723
2011-07-28 08:00:00,272.3357
2011-07-28 09:00:00,345.4971
2011-07-28 10:00:00,399.53906
2011-07-28 11:00:00,421.8018
2011-07-28 12:00:00,403.9901
2011-07-28 13:00:00,395.73083
2011-07-28 14:00:00,391.882
2011-07-28 15:00:00,379.0865
2011-07-28 16:00:00,378.63422
2011-07-28 17:00:00,383.67566
2011-07-28 18:00:00,401.8355
2011-07-28 19:00:00,375.1117
2011-07-28 20:00:00,355.96365
2011-07-28 21:00:00,346.1858
2011-07-28 22:00:00,297.7344
2011-07-28 23:00:00,269.76917
2011-07-29 00:00:00,226.58331
2011-07-29 01:00:00,210.66965
2011-07-29 02:00:00,157.4612
2011-07-29 03:00:00,157.4612
2011-07-29 04:00:00,181.3583
2011-07-29 05:00:00,145.4091
2011-07-29 06:00:00,172.35643
2011-07-29 07:00:00,221.71887
2011-07-29 08:00:00,237.49344
2011-07-29 09:00:00,395.73083
2011-07-29 10:00:00,418.188
2011-07-29 11:00:00,417.02094
2011-07-29 12:00:00,375.46793
2011-07-29 13:00:00,335.34937
2011-07-29 14:00:00,361.01624
2011-07-29 15:00:00,366.8271
2011-07-29 16:00:00,387.39426
2011-07-29 17:00:00,375.56287
2011-07-29 18:00:00,412.48032
2011-07-29 19:00:00,408.13397
2011-07-29 20:00:00,420.72107
2011-07-29 21:00:00,366.62567
2011-07-29 22:00:00,372.19397
2011-07-29 23:00:00,306.26935
2011-07-30 00:00:00,374.56873
2011-07-30 01:00:00,351.25067
2011-07-30 02:00:00,356.40503
2011-07-30 03:00:00,312.90833
2011-07-30 04:00:00,276.68536
2011-07-30 05:00:00,267.99756
2011-07-30 06:00:00,268.69522
2011-07-30 07:00:00,322.53668
2011-07-30 08:00:00,381.26025
2011-07-30 09:00:00,527.1906
2011-07-30 10:00:00,513.74506
2011-07-30 11:00:00,445.40002
2011-07-30 12:00:00,406.59387
2011-07-30 13:00:00,430.46948
2011-07-30 14:00:00,425.7094
2011-07-30 15:00:00,375.11273
2011-07-30 16:00:00,384.24487
2011-07-30 17:00:00,355.96466
2011-07-30 18:00:00,379.01154
2011-07-30 19:00:00,465.5192
2011-07-30 20:00:00,484.19513
2011-07-30 21:00:00,467.58215
2011-07-30 22:00:00,398.85913
2011-07-30 23:00:00,351.2507
2011-07-31 00:00:00,351.25067
2011-07-31 01:00:00,280.01447
2011-07-31 02:00:00,257.28232
2011-07-31 03:00:00,279.17395
2011-07-31 04:00:00,229.13142
2011-07-31 05:00:00,236.78873
2011-07-31 06:00:00,243.42522
2011-07-31 07:00:00,331.51056
2011-07-31 08:00:00,376.6022
2011-07-31 09:00:00,477.1947
2011-07-31 10:00:00,438.50412
2011-07-31 11:00:00,371.72
2011-07-31 12:00:00,369.9082
2011-07-31 13:00:00,349.36328
2011-07-31 14:00:00,358.07214
2011-07-31 15:00:00,330.16364
2011-07-31 16:00:00,315.92258
2011-07-31 17:00:00,330.5071
2011-07-31 18:00:00,499.91336
2011-07-31 19:00:00,430.11533
2011-07-31 20:00:00,430.11533
2011-07-31 21:00:00,390.52692
2011-07-31 22:00:00,285.0928
2011-07-31 23:00:00,308.1089
2011-08-20 00:00:00,81.288155
2011-08-20 01:00:00,99.58908
2011-08-20 02:00:00,121.80863
2011-08-20 03:00:00,121.80863
2011-08-20 04:00:00,108.800385
2011-08-20 05:00:00,93.46737
2011-08-20 06:00:00,127.09538
2011-08-20 07:00:00,99.58907
2011-08-20 08:00:00,188.25566
2011-08-20 09:00:00,246.42818
2011-08-20 10:00:00,281.6548
2011-08-20 11:00:00,325.1446
2011-08-20 12:00:00,331.51056
2011-08-20 13:00:00,364.95483
2011-08-20 14:00:00,473.86444
2011-08-20 15:00:00,503.7518
2011-08-20 16:00:00,494.88248
2011-08-20 17:00:00,473.86444
2011-08-20 18:00:00,371.0575
2011-08-20 19:00:00,321.13638
2011-08-20 20:00:00,326.0287
2011-08-20 21:00:00,260.76526
2011-08-20 22:00:00,226.10204
2011-08-20 23:00:00,176.4788
2011-08-21 00:00:00,203.83195
2011-08-21 01:00:00,161.47112
2011-08-21 02:00:00,152.18007
2011-08-21 03:00:00,138.51784
2011-08-21 04:00:00,149.45872
2011-08-21 05:00:00,145.51242
2011-08-21 06:00:00,140.89297
2011-08-21 07:00:00,176.06346
2011-08-21 08:00:00,178.24815
2011-08-21 09:00:00,237.41435
2011-08-21 10:00:00,262.92453
2011-08-21 11:00:00,393.66928
2011-08-21 12:00:00,425.1701
2011-08-21 13:00:00,399.45953
2011-08-21 14:00:00,214.6338
2011-08-21 15:00:00,179.4242
2011-08-21 16:00:00,170.90471
2011-08-21 17:00:00,154.85152
2011-08-21 18:00:00,207.92024
2011-08-21 19:00:00,270.24884
2011-08-21 20:00:00,188.49269
2011-08-21 21:00:00,188.49269
2011-08-21 22:00:00,199.04146
2011-08-21 23:00:00,193.07425
2011-08-22 00:00:00,186.43687
2011-08-22 01:00:00,152.09209
2011-08-22 02:00:00,242.03923
2011-08-22 03:00:00,247.533
2011-08-22 04:00:00,250.67534
2011-08-22 05:00:00,255.84639
2011-08-22 06:00:00,261.54004
2011-08-22 07:00:00,263.93845
2011-08-22 08:00:00,263.93845
2011-08-22 09:00:00,303.03058
2011-08-22 10:00:00,340.6438
2011-08-22 11:00:00,400.6201
2011-08-22 12:00:00,410.10266
2011-08-22 13:00:00,414.25195
2011-08-22 14:00:00,392.9699
2011-08-22 15:00:00,393.46173
2011-08-22 16:00:00,392.9699
2011-08-22 17:00:00,394.14215
2011-08-22 18:00:00,394.03302
2011-08-22 19:00:00,389.70248
2011-08-22 20:00:00,356.07294
2011-08-22 21:00:00,344.0759
2011-08-22 22:00:00,370.36914
2011-08-22 23:00:00,348.66187
2011-08-23 00:00:00,323.4124
2011-08-23 01:00:00,267.62878
2011-08-23 02:00:00,248.01094
2011-08-23 03:00:00,243.03085
2011-08-23 04:00:00,232.34322
2011-08-23 05:00:00,226.22491
2011-08-23 06:00:00,211.1515
2011-08-23 07:00:00,295.70953
2011-08-23 08:00:00,232.60811
2011-08-23 09:00:00,247.37112
2011-08-23 10:00:00,309.79205
2011-08-23 11:00:00,339.43796
2011-08-23 12:00:00,308.8894
2011-08-23 13:00:00,354.32507
2011-08-23 14:00:00,349.01678
2011-08-23 15:00:00,385.73672
2011-08-23 16:00:00,364.758
2011-08-23 17:00:00,385.73672
2011-08-23 18:00:00,377.52716
2011-08-23 19:00:00,305.94852
2011-08-23 20:00:00,285.1917
2011-08-23 21:00:00,211.67557
2011-08-23 22:00:00,249.71692
2011-08-23 23:00:00,232.4564
2011-08-24 00:00:00,249.71692
2011-08-24 01:00:00,230.42607
2011-08-24 02:00:00,184.9446
2011-08-24 03:00:00,184.9446
2011-08-24 04:00:00,140.50172
2011-08-24 05:00:00,140.50172
2011-08-24 06:00:00,121.07516
2011-08-24 07:00:00,208.79005
2011-08-24 08:00:00,205.95955
2011-08-24 09:00:00,223.96413
2011-08-24 10:00:00,295.68088
2011-08-24 11:00:00,329.96686
2011-08-24 12:00:00,336.15726
2011-08-24 13:00:00,384.31934
2011-08-24 14:00:00,384.31934
2011-08-24 15:00:00,391.97424
2011-08-24 16:00:00,367.50815
2011-08-24 17:00:00,358.02026
2011-08-24 18:00:00,346.15723
2011-08-24 19:00:00,346.15723
2011-08-24 20:00:00,311.37875
2011-08-24 21:00:00,290.0122
2011-08-24 22:00:00,277.9405
2011-08-24 23:00:00,247.87718
2011-08-25 00:00:00,231.22525
2011-08-25 01:00:00,258.21252
2011-08-25 02:00:00,258.21252
2011-08-25 03:00:00,224.37329
2011-08-25 04:00:00,221.1689
2011-08-25 05:00:00,218.48239
2011-08-25 06:00:00,203.31166
2011-08-25 07:00:00,213.5608
2011-08-25 08:00:00,243.10214
2011-08-25 09:00:00,262.6624
2011-08-25 10:00:00,281.27274
2011-08-25 11:00:00,225.30966
2011-08-25 12:00:00,225.30966
2011-08-25 13:00:00,170.64922
2011-08-25 14:00:00,218.5131
2011-08-25 15:00:00,229.74142
2011-08-25 16:00:00,145.4091
2011-08-25 17:00:00,145.4091
2011-08-25 18:00:00,216.34682
2011-08-25 19:00:00,202.0299
2011-08-25 20:00:00,211.48785
2011-08-25 21:00:00,196.42284
2011-08-25 22:00:00,120.26519
2011-08-25 23:00:00,136.27454
2011-08-26 00:00:00,147.75447
2011-08-26 01:00:00,120.26519
2011-08-26 02:00:00,138.05208
2011-08-26 03:00:00,130.05751
2011-08-26 04:00:00,114.860634
2011-08-26 05:00:00,124.88766
2011-08-26 06:00:00,114.860634
2011-08-26 07:00:00,121.03653
2011-08-26 08:00:00,143.94682
2011-08-26 09:00:00,158.88023
2011-08-26 10:00:00,240.06328
2011-08-26 11:00:00,246.06183
2011-08-26 12:00:00,266.11768
2011-08-26 13:00:00,286.2941
2011-08-26 14:00:00,273.6108
2011-08-26 15:00:00,331.90955
2011-08-26 16:00:00,288.29755
2011-08-26 17:00:00,270.2613
2011-08-26 18:00:00,253.54744
2011-08-26 19:00:00,185.71928
2011-08-26 20:00:00,177.59618
2011-08-26 21:00:00,217.64511
2011-08-26 22:00:00,185.71927
2011-08-26 23:00:00,152.62563
2011-08-27 00:00:00,122.39654
2011-08-27 01:00:00,138.41405
2011-08-27 02:00:00,149.35738
2011-08-27 03:00:00,176.79774
2011-08-27 04:00:00,176.79774
2011-08-27 05:00:00,193.35359
2011-08-27 06:00:00,193.35359
2011-08-27 07:00:00,205.6061
2011-08-27 08:00:00,181.69688
2011-08-27 09:00:00,213.02281
2011-08-27 10:00:00,229.79503
2011-08-27 11:00:00,171.38991
2011-08-27 12:00:00,186.26654
2011-08-27 13:00:00,174.18318
2011-08-27 14:00:00,176.10817
2011-08-27 15:00:00,176.10817
2011-08-27 16:00:00,173.62689
2011-08-27 17:00:00,190.29404
2011-08-28 07:00:00,157.5418
2011-08-28 08:00:00,166.45164
2011-08-28 09:00:00,218.68532
2011-08-28 10:00:00,310.28162
2011-08-28 11:00:00,316.7681
2011-08-28 12:00:00,384.29437
2011-08-28 13:00:00,451.7161
2011-08-28 14:00:00,476.42328
2011-08-28 15:00:00,494.09467
2011-08-28 16:00:00,486.83548
2011-08-28 17:00:00,515.49774
2011-08-28 18:00:00,491.48724
2011-08-28 19:00:00,397.48187
2011-08-28 20:00:00,415.53168
2011-08-28 21:00:00,250.40062
2011-08-28 22:00:00,153.88219
2011-08-28 23:00:00,124.39
2011-08-29 00:00:00,163.90941
2011-08-29 01:00:00,182.20468
2011-08-29 02:00:00,209.14473
2011-08-29 03:00:00,182.20468
2011-08-29 04:00:00,179.1238
2011-08-29 05:00:00,152.7748
2011-08-29 06:00:00,152.7748
2011-08-29 07:00:00,244.16515
2011-08-29 08:00:00,263.4095
2011-08-29 09:00:00,280.36896
2011-08-29 10:00:00,320.70016
2011-08-29 11:00:00,303.59225
2011-08-29 12:00:00,295.14294
2011-08-29 13:00:00,293.7765
2011-08-29 14:00:00,282.7149
2011-08-29 15:00:00,331.3214
2011-08-29 16:00:00,334.46704
2011-08-29 17:00:00,311.34668
2011-08-29 18:00:00,321.6964
2011-08-29 19:00:00,321.6964
2011-08-29 20:00:00,275.21213
2011-08-29 21:00:00,281.4986
2011-08-29 22:00:00,249.71692
2011-08-29 23:00:00,224.5847
2011-08-30 00:00:00,152.7748
2011-08-30 01:00:00,169.78441
2011-08-30 02:00:00,136.83125
2011-08-30 03:00:00,160.83617
2011-08-30 04:00:00,142.73805
2011-08-30 05:00:00,126.57066
2011-08-30 06:00:00,136.83125
2011-08-30 07:00:00,179.1238
2011-08-30 08:00:00,249.71692
2011-08-30 09:00:00,305.94852
2011-08-30 10:00:00,363.15732
2011-08-30 11:00:00,361.94843
2011-08-30 12:00:00,316.98804
2011-08-30 13:00:00,345.5913
2011-08-30 14:00:00,374.7397
2011-08-30 15:00:00,383.96478
2011-08-30 16:00:00,356.73807
2011-08-30 17:00:00,349.0664
2011-08-30 18:00:00,317.6509
2011-08-30 19:00:00,266.25607
2011-08-30 20:00:00,236.02057
2011-08-30 21:00:00,205.10133
2011-08-30 22:00:00,197.4447
2011-08-30 23:00:00,197.4447
2011-08-31 00:00:00,145.13469
2011-08-31 01:00:00,145.13469
2011-08-31 02:00:00,121.07516
2011-08-31 03:00:00,115.69961
2011-08-31 04:00:00,121.07516
2011-08-31 05:00:00,127.39255
2011-08-31 06:00:00,114.075485
2011-08-31 07:00:00,123.84232
2011-08-31 08:00:00,152.16008
2011-08-31 09:00:00,186.00288
2011-08-31 10:00:00,295.0899
2011-08-31 11:00:00,321.07626
2011-08-31 12:00:00,323.17023
2011-08-31 13:00:00,336.30328
2011-08-31 14:00:00,331.57538
2011-08-31 15:00:00,331.57538
2011-08-31 16:00:00,326.8117
2011-08-31 17:00:00,313.83206
2011-08-31 18:00:00,324.90503
2011-08-31 19:00:00,390.1979
2011-08-31 20:00:00,251.6044
2011-08-31 21:00:00,223.73
2011-08-31 22:00:00,156.63255
2011-08-31 23:00:00,142.17453
2011-09-20 00:00:00,173.95152
2011-09-20 01:00:00,140.02946
2011-09-20 02:00:00,140.02946
2011-09-20 03:00:00,148.98785
2011-09-20 04:00:00,136.19066
2011-09-20 05:00:00,143.70961
2011-09-20 06:00:00,143.70961
2011-09-20 07:00:00,140.02946
2011-09-20 08:00:00,137.65428
2011-09-20 09:00:00,139.13484
2011-09-20 10:00:00,143.18678
2011-09-20 11:00:00,143.18678
2011-09-20 12:00:00,141.19221
2011-09-20 13:00:00,139.19768
2011-09-20 14:00:00,152.1562
2011-09-20 15:00:00,176.97054
2011-09-20 16:00:00,157.04556
2011-09-20 17:00:00,137.13042
2011-09-20 18:00:00,137.13042
2011-09-20 19:00:00,113.04689
2011-09-20 20:00:00,106.592354
2011-09-20 21:00:00,106.592354
2011-09-20 22:00:00,106.592354
2011-09-20 23:00:00,106.592354
2011-09-21 00:00:00,97.02853
2011-09-21 01:00:00,103.88925
2011-09-21 02:00:00,103.88925
2011-09-21 03:00:00,130.76828
2011-09-21 04:00:00,134.04799
2011-09-21 05:00:00,136.25002
2011-09-21 06:00:00,137.08614
2011-09-21 07:00:00,137.08614
2011-09-21 08:00:00,130.50645
2011-09-21 09:00:00,132.06451
2011-09-21 10:00:00,121.811516
2011-09-21 11:00:00,162.79066
2011-09-21 12:00:00,174.71706
2011-09-21 13:00:00,220.44563
2011-09-21 14:00:00,221.16306
2011-09-21 15:00:00,210.07532
2011-09-21 16:00:00,210.07532
2011-09-21 17:00:00,225.86954
2011-09-21 18:00:00,181.82643
2011-09-21 19:00:00,127.54004
2011-09-21 20:00:00,127.54004
2011-09-21 21:00:00,127.25489
2011-09-21 22:00:00,118.45517
2011-09-21 23:00:00,116.48706
2011-09-22 00:00:00,116.48706
2011-09-22 01:00:00,131.60774
2011-09-22 02:00:00,134.19095
2011-09-22 03:00:00,131.60776
2011-09-22 04:00:00,131.60776
2011-09-22 05:00:00,134.19095
2011-09-22 06:00:00,131.75337
2011-09-22 07:00:00,128.56612
2011-09-22 08:00:00,133.46458
2011-09-22 09:00:00,150.28128
2011-09-22 10:00:00,164.84135
2011-09-22 11:00:00,161.17543
2011-09-22 12:00:00,181.12639
2011-09-22 13:00:00,184.16035
2011-09-22 14:00:00,184.43822
2011-09-22 15:00:00,212.87898
2011-09-22 16:00:00,224.05443
2011-09-22 17:00:00,182.22961
2011-09-22 18:00:00,153.08498
2011-09-22 19:00:00,142.09471
2011-09-22 20:00:00,143.3502
2011-09-22 21:00:00,142.09471
2011-09-22 22:00:00,130.38878
2011-09-22 23:00:00,118.45517
2011-09-23 00:00:00,142.68031
2011-09-23 01:00:00,111.455284
2011-09-23 02:00:00,128.51639
2011-09-23 03:00:00,111.455284
2011-09-23 04:00:00,126.07824
2011-09-23 05:00:00,130.0661
2011-09-23 06:00:00,142.68031
2011-09-23 07:00:00,167.06853
2011-09-23 08:00:00,167.06853
2011-09-23 09:00:00,136.10567
2011-09-23 10:00:00,138.39467
2011-09-23 11:00:00,138.39468
2011-09-23 12:00:00,172.50479
2011-09-23 13:00:00,131.54619
2011-09-23 14:00:00,131.54619
2011-09-23 15:00:00,172.5048
2011-09-23 16:00:00,167.22101
2011-09-23 17:00:00,111.455284
2011-09-23 18:00:00,93.53246
2011-09-23 19:00:00,123.594444
2011-09-23 20:00:00,108.9071
2011-09-23 21:00:00,115.97743
2011-09-23 22:00:00,124.230484
2011-09-23 23:00:00,136.56517
2011-09-24 00:00:00,79.94928
2011-09-24 01:00:00,112.80427
2011-09-24 02:00:00,112.80427
2011-09-24 03:00:00,88.012535
2011-09-24 04:00:00,92.79586
2011-09-24 05:00:00,112.96521
2011-09-24 06:00:00,112.96521
2011-09-24 07:00:00,130.581
2011-09-24 08:00:00,125.5711
2011-09-24 09:00:00,129.98277
2011-09-24 10:00:00,129.98277
2011-09-24 11:00:00,159.13008
2011-09-24 12:00:00,159.13008
2011-09-24 13:00:00,204.72327
2011-09-24 14:00:00,232.04189
2011-09-24 15:00:00,232.04189
2011-09-24 16:00:00,195.8336
2011-09-24 17:00:00,194.06694
2011-09-24 18:00:00,156.59691
2011-09-24 19:00:00,128.70413
2011-09-24 20:00:00,159.72862
2011-09-24 21:00:00,126.01418
2011-09-24 22:00:00,172.11014
2011-09-24 23:00:00,129.98277
2011-09-25 00:00:00,168.22102
2011-09-25 01:00:00,131.40839
2011-09-25 02:00:00,166.31587
2011-09-25 03:00:00,166.31587
2011-09-25 04:00:00,124.92902
2011-09-25 05:00:00,103.92159
2011-09-25 06:00:00,131.40839
2011-09-25 07:00:00,109.839935
2011-09-25 08:00:00,172.11014
2011-09-25 09:00:00,219.99031
2011-09-25 10:00:00,219.99031
2011-09-25 11:00:00,205.29492
2011-09-25 12:00:00,263.27496
2011-09-25 13:00:00,296.1193
2011-09-25 14:00:00,263.27496
2011-09-25 15:00:00,263.27496
2011-09-25 16:00:00,287.4035
2011-09-25 17:00:00,247.48788
2011-09-25 18:00:00,247.48788
2011-09-25 19:00:00,124.10205
2011-09-25 20:00:00,125.960144
2011-09-25 21:00:00,86.48875
2011-09-25 22:00:00,104.366234
2011-09-25 23:00:00,112.76471
2011-09-26 00:00:00,130.0661
2011-09-26 01:00:00,177.56276
2011-09-26 02:00:00,177.56276
2011-09-26 03:00:00,130.06609
2011-09-26 04:00:00,142.68031
2011-09-26 05:00:00,157.69725
2011-09-26 06:00:00,142.68031
2011-09-26 07:00:00,130.0661
2011-09-26 08:00:00,130.0661
2011-09-26 09:00:00,176.2957
2011-09-26 10:00:00,176.2957
2011-09-26 11:00:00,231.76564
2011-09-26 12:00:00,250.36078
2011-09-26 13:00:00,273.86884
2011-09-26 14:00:00,279.64575
2011-09-26 15:00:00,317.5922
2011-09-26 16:00:00,300.93005
2011-09-26 17:00:00,275.42902
2011-09-26 18:00:00,172.12161
2011-09-26 19:00:00,175.45879
2011-09-26 20:00:00,142.45699
2011-09-26 21:00:00,142.45699
2011-09-26 22:00:00,123.594444
2011-09-26 23:00:00,123.594444
2011-09-27 00:00:00,123.594444
2011-09-27 01:00:00,127.767456
2011-09-27 02:00:00,119.9846
2011-09-27 03:00:00,130.0661
2011-09-27 04:00:00,174.43404
2011-09-27 05:00:00,174.43404
2011-09-27 06:00:00,144.67
2011-09-27 07:00:00,144.67
2011-09-27 08:00:00,173.89871
2011-09-27 09:00:00,196.34102
2011-09-27 10:00:00,170.79729
2011-09-27 11:00:00,176.68152
2011-09-27 12:00:00,186.06279
2011-09-27 13:00:00,271.29523
2011-09-27 14:00:00,239.27594
2011-09-27 15:00:00,212.79234
2011-09-27 16:00:00,221.5847
2011-09-27 17:00:00,182.7004
2011-09-27 18:00:00,179.36073
2011-09-27 19:00:00,181.15161
2011-09-27 20:00:00,191.31383
2011-09-27 21:00:00,150.32288
2011-09-27 22:00:00,139.81172
2011-09-27 23:00:00,139.81172
2011-09-28 00:00:00,131.51674
2011-09-28 01:00:00,131.51674
2011-09-28 02:00:00,163.2162
2011-09-28 03:00:00,140.11726
2011-09-28 04:00:00,131.51674
2011-09-28 05:00:00,127.661316
2011-09-28 06:00:00,157.47125
2011-09-28 07:00:00,157.47125
2011-09-28 08:00:00,166.34027
2011-09-28 09:00:00,166.34027
2011-09-28 10:00:00,130.0661
2011-09-28 11:00:00,214.06966
2011-09-28 12:00:00,245.30832
2011-09-28 13:00:00,257.2812
2011-09-28 14:00:00,333.19998
2011-09-28 15:00:00,275.42902
2011-09-28 16:00:00,281.519
2011-09-28 17:00:00,281.9936
2011-09-28 18:00:00,217.00105
2011-09-28 19:00:00,217.00104
2011-09-28 20:00:00,196.73668
2011-09-28 21:00:00,181.86296
2011-09-28 22:00:00,139.81172
2011-09-28 23:00:00,120.831215
2011-09-29 00:00:00,127.745155
2011-09-29 01:00:00,134.42162
2011-09-29 02:00:00,134.42162
2011-09-29 03:00:00,144.83821
2011-09-29 04:00:00,171.44162
2011-09-29 05:00:00,174.77733
2011-09-29 06:00:00,170.90633
2011-09-29 07:00:00,144.03722
2011-09-29 08:00:00,150.32288
2011-09-29 09:00:00,217.75945
2011-09-29 10:00:00,289.28186
2011-09-29 11:00:00,295.901
2011-09-29 12:00:00,310.91187
2011-09-29 13:00:00,302.73477
2011-09-29 14:00:00,353.6593
2011-09-29 15:00:00,399.09894
2011-09-29 16:00:00,411.78464
2011-09-29 17:00:00,371.19687
2011-09-29 18:00:00,378.36322
2011-09-29 19:00:00,312.10248
2011-09-29 20:00:00,308.05893
2011-09-29 21:00:00,314.1463
2011-09-29 22:00:00,255.64366
2011-09-29 23:00:00,194.47229
2011-09-30 00:00:00,154.45078
2011-09-30 01:00:00,190.32826
2011-09-30 02:00:00,154.45078
2011-09-30 03:00:00,154.45076
2011-09-30 04:00:00,160.2455
2011-09-30 05:00:00,160.2455
2011-09-30 06:00:00,165.96944
2011-09-30 07:00:00,165.96944
2011-09-30 08:00:00,202.12755
2011-09-30 09:00:00,222.15541
2011-09-30 10:00:00,292.76715
2011-09-30 11:00:00,312.4934
2011-09-30 12:00:00,311.3996
2011-09-30 13:00:00,344.3152
2011-09-30 14:00:00,335.12988
2011-09-30 15:00:00,343.6661
2011-09-30 16:00:00,333.87195
2011-09-30 17:00:00,333.6274
2011-09-30 18:00:00,315.71375
2011-09-30 19:00:00,284.1723
2011-09-30 20:00:00,284.1723
2011-09-30 21:00:00,285.59985
2011-09-30 22:00:00,266.1286
2011-09-30 23:00:00,266.1286
2011-10-20 00:00:00,155.84175
2011-10-20 01:00:00,187.06493
2011-10-20 02:00:00,189.8946
2011-10-20 03:00:00,184.69566
2011-10-20 04:00:00,184.69566
2011-10-20 05:00:00,177.46733
2011-10-20 06:00:00,168.22334
2011-10-20 07:00:00,171.5699
2011-10-20 08:00:00,197.69157
2011-10-20 09:00:00,201.15358
2011-10-20 10:00:00,228.78714
2011-10-20 11:00:00,248.96136
2011-10-20 12:00:00,282.92426
2011-10-20 13:00:00,294.94785
2011-10-20 14:00:00,257.8116
2011-10-20 15:00:00,249.57121
2011-10-20 16:00:00,249.57121
2011-10-20 17:00:00,261.92822
2011-10-20 18:00:00,249.1941
2011-10-20 19:00:00,257.2818
2011-10-20 20:00:00,248.51834
2011-10-20 21:00:00,255.80104
2011-10-20 22:00:00,251.35469
2011-10-20 23:00:00,232.66823
2011-10-21 00:00:00,212.84206
2011-10-21 01:00:00,216.06487
2011-10-21 02:00:00,198.29959
2011-10-21 03:00:00,156.10457
2011-10-21 04:00:00,158.70346
2011-10-21 05:00:00,143.87924
2011-10-21 06:00:00,158.70346
2011-10-21 07:00:00,158.70346
2011-10-21 08:00:00,217.71642
2011-10-21 09:00:00,252.76466
2011-10-21 10:00:00,281.89804
2011-10-21 11:00:00,295.86783
2011-10-21 12:00:00,298.7352
2011-10-21 13:00:00,276.99408
2011-10-21 14:00:00,315.90033
2011-10-21 15:00:00,296.24542
2011-10-21 16:00:00,293.40607
2011-10-21 17:00:00,253.7472
2011-10-21 18:00:00,244.75272
2011-10-21 19:00:00,228.98878
2011-10-21 20:00:00,251.21
2011-10-21 21:00:00,249.17279
2011-10-21 22:00:00,263.45093
2011-10-21 23:00:00,216.06487
2011-10-22 00:00:00,183.0219
2011-10-22 01:00:00,183.0219
2011-10-22 02:00:00,188.24165
2011-10-22 03:00:00,191.80406
2011-10-22 04:00:00,172.77068
2011-10-22 05:00:00,233.12407
2011-10-22 06:00:00,158.73228
2011-10-22 07:00:00,127.9941
2011-10-22 08:00:00,195.77744
2011-10-22 09:00:00,191.68599
2011-10-22 10:00:00,216.73541
2011-10-22 11:00:00,216.73541
2011-10-22 12:00:00,262.677
2011-10-22 13:00:00,390.14716
2011-10-22 14:00:00,254.17485
2011-10-22 15:00:00,266.78088
2011-10-22 16:00:00,329.22638
2011-10-22 17:00:00,258.9273
2011-10-22 18:00:00,260.47595
2011-10-22 19:00:00,251.54665
2011-10-22 20:00:00,245.82007
2011-10-22 21:00:00,149.071
2011-10-22 22:00:00,149.071
2011-10-22 23:00:00,106.46205
2011-10-23 00:00:00,97.3168
2011-10-23 01:00:00,97.3168
2011-10-23 02:00:00,100.85848
2011-10-23 03:00:00,96.48769
2011-10-23 04:00:00,96.48769
2011-10-23 05:00:00,90.91994
2011-10-23 06:00:00,103.04227
2011-10-23 07:00:00,100.85848
2011-10-23 08:00:00,103.2705
2011-10-23 09:00:00,149.071
2011-10-23 10:00:00,160.19334
2011-10-23 11:00:00,155.33057
2011-10-23 12:00:00,227.12418
2011-10-23 13:00:00,281.64798
2011-10-23 14:00:00,269.94086
2011-10-23 15:00:00,308.0806
2011-10-23 16:00:00,281.64798
2011-10-23 17:00:00,234.09227
2011-10-23 18:00:00,238.3476
2011-10-23 19:00:00,171.97371
2011-10-23 20:00:00,166.64264
2011-10-23 21:00:00,166.64264
2011-10-23 22:00:00,126.819435
2011-10-23 23:00:00,132.49039
2011-10-24 00:00:00,149.25056
2011-10-24 01:00:00,142.32596
2011-10-24 02:00:00,136.76006
2011-10-24 03:00:00,137.5669
2011-10-24 04:00:00,121.61059
2011-10-24 05:00:00,117.23405
2011-10-24 06:00:00,136.76006
2011-10-24 07:00:00,132.58714
2011-10-24 08:00:00,140.11082
2011-10-24 09:00:00,152.11836
2011-10-24 10:00:00,157.0709
2011-10-24 11:00:00,224.39708
2011-10-24 12:00:00,264.09024
2011-10-24 13:00:00,256.9699
2011-10-24 14:00:00,265.2714
2011-10-24 15:00:00,295.28833
2011-10-24 16:00:00,257.5527
2011-10-24 17:00:00,245.84099
2011-10-24 18:00:00,297.11557
2011-10-24 19:00:00,213.8755
2011-10-24 20:00:00,150.42036
2011-10-24 21:00:00,137.09444
2011-10-24 22:00:00,186.34573
2011-10-24 23:00:00,174.09662
2011-10-25 00:00:00,164.3012
2011-10-25 01:00:00,164.3012
2011-10-25 02:00:00,142.7378
2011-10-25 03:00:00,117.47899
2011-10-25 04:00:00,139.68297
2011-10-25 05:00:00,139.68297
2011-10-25 06:00:00,139.39696
2011-10-25 07:00:00,158.00148
2011-10-25 08:00:00,199.62471
2011-10-25 09:00:00,265.8707
2011-10-25 10:00:00,276.78305
2011-10-25 11:00:00,293.71045
2011-10-25 12:00:00,342.78912
2011-10-25 13:00:00,362.1041
2011-10-25 14:00:00,345.03546
2011-10-25 15:00:00,318.2476
2011-10-25 16:00:00,350.5194
2011-10-25 17:00:00,318.2476
2011-10-25 18:00:00,293.63986
2011-10-25 19:00:00,223.07199
2011-10-25 20:00:00,232.6392
2011-10-25 21:00:00,192.45473
2011-10-25 22:00:00,216.30972
2011-10-25 23:00:00,192.45473
2011-10-26 00:00:00,190.7678
2011-10-26 01:00:00,208.8792
2011-10-26 02:00:00,214.39302
2011-10-26 03:00:00,209.34038
2011-10-26 04:00:00,191.05363
2011-10-26 05:00:00,192.6776
2011-10-26 06:00:00,192.6776
2011-10-26 07:00:00,187.2516
2011-10-26 08:00:00,217.31767
2011-10-26 09:00:00,240.43536
2011-10-26 10:00:00,249.93106
2011-10-26 11:00:00,251.00401
2011-10-26 12:00:00,274.47955
2011-10-26 13:00:00,279.85428
2011-10-26 14:00:00,218.14925
2011-10-26 15:00:00,218.14925
2011-10-26 16:00:00,221.47255
2011-10-26 17:00:00,219.9945
2011-10-26 18:00:00,189.53484
2011-10-26 19:00:00,144.50063
2011-10-26 20:00:00,122.38504
2011-10-26 21:00:00,218.14925
2011-10-26 22:00:00,138.02226
2011-10-26 23:00:00,138.02226
2011-10-27 00:00:00,113.86917
2011-10-27 01:00:00,113.86917
2011-10-27 02:00:00,125.64717
2011-10-27 03:00:00,125.64716
2011-10-27 04:00:00,173.38335
2011-10-27 05:00:00,161.7859
2011-10-27 06:00:00,217.89812
2011-10-27 07:00:00,131.94981
2011-10-27 08:00:00,152.33458
2011-10-27 09:00:00,177.76634
2011-10-27 10:00:00,163.35399
2011-10-27 11:00:00,168.81297
2011-10-27 12:00:00,168.81297
2011-10-27 13:00:00,144.59407
2011-10-27 14:00:00,173.0668
2011-10-27 15:00:00,187.03493
2011-10-27 16:00:00,240.90688
2011-10-27 17:00:00,189.98933
2011-10-27 18:00:00,198.87926
2011-10-27 19:00:00,187.63176
2011-10-27 20:00:00,191.5476
2011-10-27 21:00:00,200.84538
2011-10-27 22:00:00,162.19511
2011-10-27 23:00:00,170.59969
2011-10-28 00:00:00,163.0579
2011-10-28 01:00:00,153.68251
2011-10-28 02:00:00,151.44586
2011-10-28 03:00:00,138.38751
2011-10-28 04:00:00,145.81169
2011-10-28 05:00:00,162.70857
2011-10-28 06:00:00,137.59242
2011-10-28 07:00:00,137.59242
2011-10-28 08:00:00,163.61836
2011-10-28 09:00:00,198.96065
2011-10-28 10:00:00,206.56593
2011-10-28 11:00:00,235.96051
2011-10-28 12:00:00,256.45975
2011-10-28 13:00:00,240.33614
2011-10-28 14:00:00,237.57147
2011-10-28 15:00:00,222.12282
2011-10-28 16:00:00,245.99211
2011-10-28 17:00:00,245.5471
2011-10-28 18:00:00,235.72156
2011-10-28 19:00:00,245.5471
2011-10-28 20:00:00,179.13469
2011-10-28 21:00:00,153.72568
2011-10-28 22:00:00,107.28548
2011-10-28 23:00:00,97.84075
2011-10-29 00:00:00,92.25625
2011-10-29 01:00:00,95.70914
2011-10-29 02:00:00,95.70914
2011-10-29 03:00:00,90.3825
2011-10-29 04:00:00,90.3825
2011-10-29 05:00:00,81.89947
2011-10-29 06:00:00,79.60334
2011-10-29 07:00:00,79.60334
2011-10-29 08:00:00,89.56541
2011-10-29 09:00:00,89.56541
2011-10-29 10:00:00,82.84627
2011-10-29 11:00:00,80.55332
2011-10-29 12:00:00,67.675575
2011-10-29 13:00:00,66.39956
2011-10-29 14:00:00,65.77859
2011-10-29 15:00:00,79.063736
2011-10-29 16:00:00,69.07121
2011-10-29 17:00:00,69.07121
2011-10-29 18:00:00,69.07121
2011-10-29 19:00:00,70.32786
2011-10-29 20:00:00,70.32786
2011-10-29 21:00:00,70.32786
2011-10-29 22:00:00,65.3172
2011-10-29 23:00:00,70.628044
2011-10-30 00:00:00,65.3172
2011-10-30 01:00:00,63.992634
2011-10-30 02:00:00,63.18323
2011-10-30 03:00:00,82.994225
2011-10-30 04:00:00,72.409035
2011-10-30 05:00:00,81.86013
2011-10-30 06:00:00,84.66268
2011-10-30 07:00:00,52.454655
2011-10-30 08:00:00,97.78171
2011-10-30 09:00:00,121.34525
2011-10-30 10:00:00,134.50337
2011-10-30 11:00:00,189.49338
2011-10-30 12:00:00,214.17577
2011-10-30 13:00:00,246.5946
2011-10-30 14:00:00,291.48145
2011-10-30 15:00:00,312.7107
2011-10-30 16:00:00,332.08136
2011-10-30 17:00:00,310.3891
2011-10-30 18:00:00,249.61336
2011-10-30 19:00:00,324.68085
2011-10-30 20:00:00,238.80106
2011-10-30 21:00:00,135.21596
2011-10-30 22:00:00,86.69192
2011-10-30 23:00:00,67.509605
2011-10-31 00:00:00,111.48593
2011-10-31 01:00:00,102.51011
2011-10-31 02:00:00,100.987495
2011-10-31 03:00:00,132.05652
2011-10-31 04:00:00,100.987495
2011-10-31 05:00:00,95.165825
2011-10-31 06:00:00,100.987495
2011-10-31 07:00:00,102.43479
2011-10-31 08:00:00,109.67915
2011-10-31 09:00:00,138.02145
2011-10-31 10:00:00,225.58873
2011-10-31 11:00:00,269.62814
2011-10-31 12:00:00,267.53192
2011-10-31 13:00:00,257.52472
2011-10-31 14:00:00,256.33365
2011-10-31 15:00:00,280.55386
2011-10-31 16:00:00,263.45093
2011-10-31 17:00:00,267.01456
2011-10-31 18:00:00,216.78401
2011-10-31 19:00:00,216.78401
2011-10-31 20:00:00,216.78401
2011-10-31 21:00:00,142.7404
2011-10-31 22:00:00,142.7404
2011-10-31 23:00:00,142.7404
2011-11-20 00:00:00,161.02386
2011-11-20 01:00:00,188.24165
2011-11-20 02:00:00,186.65404
2011-11-20 03:00:00,169.1134
2011-11-20 04:00:00,151.42567
2011-11-20 05:00:00,171.75314
2011-11-20 06:00:00,173.1606
2011-11-20 07:00:00,176.17735
2011-11-20 08:00:00,159.2321
2011-11-20 09:00:00,150.56169
2011-11-20 10:00:00,175.39833
2011-11-20 11:00:00,243.85384
2011-11-20 12:00:00,232.41739
2011-11-20 13:00:00,242.80785
2011-11-20 14:00:00,217.36897
2011-11-20 15:00:00,203.47943
2011-11-20 16:00:00,244.00444
2011-11-20 17:00:00,225.0179
2011-11-20 18:00:00,228.46619
2011-11-20 19:00:00,202.71571
2011-11-20 20:00:00,231.54192
2011-11-20 21:00:00,172.85298
2011-11-20 22:00:00,122.55785
2011-11-20 23:00:00,122.55785
2011-11-21 00:00:00,118.15881
2011-11-21 01:00:00,136.91672
2011-11-21 02:00:00,132.23958
2011-11-21 03:00:00,130.96124
2011-11-21 04:00:00,130.96124
2011-11-21 05:00:00,115.237564
2011-11-21 06:00:00,115.930305
2011-11-21 07:00:00,138.27187
2011-11-21 08:00:00,118.15881
2011-11-21 09:00:00,134.1902
2011-11-21 10:00:00,173.0668
2011-11-21 11:00:00,187.03493
2011-11-21 12:00:00,207.9878
2011-11-21 13:00:00,207.9878
2011-11-21 14:00:00,174.53548
2011-11-21 15:00:00,131.70946
2011-11-21 16:00:00,131.70946
2011-11-21 17:00:00,120.19126
2011-11-21 18:00:00,134.70705
2011-11-21 19:00:00,130.91913
2011-11-21 20:00:00,129.16574
2011-11-21 21:00:00,136.46925
2011-11-21 22:00:00,135.17656
2011-11-21 23:00:00,136.46925
2011-11-22 00:00:00,129.74164
2011-11-22 01:00:00,132.30763
2011-11-22 02:00:00,128.89229
2011-11-22 03:00:00,128.89229
2011-11-22 04:00:00,131.42767
2011-11-22 05:00:00,131.42767
2011-11-22 06:00:00,132.58714
2011-11-22 07:00:00,125.85728
2011-11-22 08:00:00,125.85728
2011-11-22 09:00:00,117.17008
2011-11-22 10:00:00,117.17008
2011-11-22 11:00:00,132.30763
2011-11-22 12:00:00,127.40177
2011-11-22 13:00:00,127.34908
2011-11-22 14:00:00,127.34908
2011-11-22 15:00:00,121.60006
2011-11-22 16:00:00,121.60006
2011-11-22 17:00:00,127.86091
2011-11-22 18:00:00,115.80343
2011-11-22 19:00:00,132.5235
2011-11-22 20:00:00,136.76234
2011-11-22 21:00:00,133.179
2011-11-22 22:00:00,141.20853
2011-11-22 23:00:00,140.20071
2011-11-23 00:00:00,140.20071
2011-11-23 01:00:00,141.37654
2011-11-23 02:00:00,130.0615
2011-11-23 03:00:00,130.06151
2011-11-23 04:00:00,145.44043
2011-11-23 05:00:00,140.381
2011-11-23 06:00:00,115.237564
2011-11-23 07:00:00,128.66628
2011-11-23 08:00:00,134.1902
2011-11-23 09:00:00,141.6258
2011-11-23 10:00:00,141.6258
2011-11-23 11:00:00,191.69347
2011-11-23 12:00:00,249.64594
2011-11-23 13:00:00,227.63374
2011-11-23 14:00:00,232.58823
2011-11-23 15:00:00,222.61
2011-11-23 16:00:00,190.24495
2011-11-23 17:00:00,150.83315
2011-11-23 18:00:00,202.63496
2011-11-23 19:00:00,208.52754
2011-11-23 20:00:00,181.17351
2011-11-23 21:00:00,195.24728
2011-11-23 22:00:00,169.0949
2011-11-23 23:00:00,174.23796
2011-11-24 00:00:00,128.22237
2011-11-24 01:00:00,144.74348
2011-11-24 02:00:00,105.45701
2011-11-24 03:00:00,60.56504
2011-11-24 04:00:00,99.910645
2011-11-24 05:00:00,98.22781
2011-11-24 06:00:00,99.910645
2011-11-24 07:00:00,43.914986
2011-11-24 08:00:00,66.06191
2011-11-24 09:00:00,141.36122
2011-11-24 10:00:00,192.1581
2011-11-24 11:00:00,265.1985
2011-11-24 12:00:00,356.76453
2011-11-24 13:00:00,379.50244
2011-11-24 14:00:00,369.10162
2011-11-24 15:00:00,387.51562
2011-11-24 16:00:00,370.50305
2011-11-24 17:00:00,405.34753
2011-11-24 18:00:00,316.98117
2011-11-24 19:00:00,292.6769
2011-11-24 20:00:00,116.50679
2011-11-24 21:00:00,118.84058
2011-11-24 22:00:00,118.84058
2011-11-24 23:00:00,98.17002
2011-11-25 00:00:00,143.72923
2011-11-25 01:00:00,123.443184
2011-11-25 02:00:00,135.39653
2011-11-25 03:00:00,135.40361
2011-11-25 04:00:00,139.03041
2011-11-25 05:00:00,103.05988
2011-11-25 06:00:00,134.21303
2011-11-25 07:00:00,102.51011
2011-11-25 08:00:00,135.30917
2011-11-25 09:00:00,118.21605
2011-11-25 10:00:00,158.70346
2011-11-25 11:00:00,214.11763
2011-11-25 12:00:00,293.65454
2011-11-25 13:00:00,295.86783
2011-11-25 14:00:00,328.5619
2011-11-25 15:00:00,338.57224
2011-11-25 16:00:00,315.25433
2011-11-25 17:00:00,308.16718
2011-11-25 18:00:00,292.1814
2011-11-25 19:00:00,225.83008
2011-11-25 20:00:00,255.47446
2011-11-25 21:00:00,161.23083
2011-11-25 22:00:00,148.5013
2011-11-25 23:00:00,140.59969
2011-11-26 00:00:00,127.649284
2011-11-26 01:00:00,121.481766
2011-11-26 02:00:00,111.67511
2011-11-26 03:00:00,93.29632
2011-11-26 04:00:00,93.29632
2011-11-26 05:00:00,117.10169
2011-11-26 06:00:00,115.76886
2011-11-26 07:00:00,88.26919
2011-11-26 08:00:00,121.481766
2011-11-26 09:00:00,125.711395
2011-11-26 10:00:00,107.433495
2011-11-26 11:00:00,203.57907
2011-11-26 12:00:00,340.54593
2011-11-26 13:00:00,387.5224
2011-11-26 14:00:00,270.93683
2011-11-26 15:00:00,303.56842
2011-11-26 16:00:00,264.26038
2011-11-26 17:00:00,264.26038
2011-11-26 18:00:00,196.63739
2011-11-26 19:00:00,162.36969
2011-11-26 20:00:00,317.2867
2011-11-26 21:00:00,123.373665
2011-11-26 22:00:00,163.9967
2011-11-26 23:00:00,107.433495
2011-11-27 00:00:00,107.433495
2011-11-27 01:00:00,107.433495
2011-11-27 02:00:00,105.879234
2011-11-27 03:00:00,96.48769
2011-11-27 04:00:00,102.74369
2011-11-27 05:00:00,104.44439
2011-11-27 06:00:00,124.65119
2011-11-27 07:00:00,114.19218
2011-11-27 08:00:00,133.7833
2011-11-27 09:00:00,171.6794
2011-11-27 10:00:00,171.6794
2011-11-27 11:00:00,214.8723
2011-11-27 12:00:00,257.18707
2011-11-27 13:00:00,259.4455
2011-11-27 14:00:00,394.79877
2011-11-27 15:00:00,419.30988
2011-11-27 16:00:00,313.68518
2011-11-27 17:00:00,288.38776
2011-11-27 18:00:00,220.85674
2011-11-27 19:00:00,184.59122
2011-11-27 20:00:00,211.01598
2011-11-27 21:00:00,193.55049
2011-11-27 22:00:00,173.23601
2011-11-27 23:00:00,173.23601
2011-11-28 00:00:00,183.41809
2011-11-28 01:00:00,182.67128
2011-11-28 03:00:00,146.20683
2011-11-28 04:00:00,138.25002
2011-11-28 05:00:00,117.47899
2011-11-28 06:00:00,137.76562
2011-11-28 07:00:00,117.299904
2011-11-28 08:00:00,116.70977
2011-11-28 09:00:00,142.48509
2011-11-28 10:00:00,201.12834
2011-11-28 11:00:00,264.09033
2011-11-28 12:00:00,303.54788
2011-11-28 13:00:00,310.26917
2011-11-28 14:00:00,303.1519
2011-11-28 15:00:00,299.91284
2011-11-28 16:00:00,280.6907
2011-11-28 17:00:00,302.5559
2011-11-28 18:00:00,256.87772
2011-11-28 19:00:00,214.13304
2011-11-28 20:00:00,216.0066
2011-11-28 21:00:00,204.01271
2011-11-28 22:00:00,187.03493
2011-11-28 23:00:00,183.01326
2011-11-29 00:00:00,142.6422
2011-11-29 01:00:00,151.31401
2011-11-29 02:00:00,138.64555
2011-11-29 03:00:00,138.64555
2011-11-29 04:00:00,171.52
2011-11-29 05:00:00,163.14644
2011-11-29 06:00:00,181.78415
2011-11-29 07:00:00,193.30148
2011-11-29 08:00:00,202.28316
2011-11-29 09:00:00,196.53392
2011-11-29 10:00:00,196.53392
2011-11-29 11:00:00,140.25543
2011-11-29 12:00:00,133.45433
2011-11-29 13:00:00,160.49023
2011-11-29 14:00:00,130.91914
2011-11-29 15:00:00,116.09897
2011-11-29 16:00:00,129.16574
2011-11-29 17:00:00,132.7708
2011-11-29 18:00:00,138.65625
2011-11-29 19:00:00,138.78291
2011-11-29 20:00:00,133.47896
2011-11-29 21:00:00,133.47896
2011-11-29 22:00:00,149.21855
2011-11-29 23:00:00,145.62216
2011-11-30 00:00:00,179.52518
2011-11-30 01:00:00,155.46045
2011-11-30 02:00:00,148.81245
2011-11-30 03:00:00,148.81245
2011-11-30 04:00:00,135.3908
2011-11-30 05:00:00,133.86346
2011-11-30 06:00:00,133.44604
2011-11-30 07:00:00,134.21303
2011-11-30 08:00:00,133.86346
2011-11-30 09:00:00,131.99818
2011-11-30 10:00:00,169.22935
2011-11-30 11:00:00,225.45262
2011-11-30 12:00:00,208.20912
2011-11-30 13:00:00,233.21675
2011-11-30 14:00:00,233.21675
2011-11-30 15:00:00,232.63455
2011-11-30 16:00:00,233.4233
2011-11-30 17:00:00,202.6189
2011-11-30 18:00:00,218.60243
2011-11-30 19:00:00,188.0774
2011-11-30 20:00:00,188.0774
2011-11-30 21:00:00,198.96657
2011-11-30 22:00:00,180.45457
2011-11-30 23:00:00,177.36389
2011-12-20 00:00:00,236.1691
2011-12-20 01:00:00,261.5877
2011-12-20 02:00:00,230.64934
2011-12-20 03:00:00,230.64934
2011-12-20 04:00:00,245.90263
2011-12-20 05:00:00,263.62238
2011-12-20 06:00:00,263.62238
2011-12-20 07:00:00,240.5774
2011-12-20 08:00:00,265.31326
2011-12-20 09:00:00,221.98358
2011-12-20 10:00:00,244.69003
2011-12-20 11:00:00,229.9834
2011-12-20 12:00:00,265.0295
2011-12-20 13:00:00,265.0295
2011-12-20 14:00:00,263.56238
2011-12-20 15:00:00,309.722
2011-12-20 16:00:00,299.79
2011-12-20 17:00:00,224.51147
2011-12-20 18:00:00,199.27663
2011-12-20 19:00:00,214.3538
2011-12-20 20:00:00,205.0048
2011-12-20 21:00:00,199.12825
2011-12-20 22:00:00,221.98358
2011-12-20 23:00:00,251.188
2011-12-21 00:00:00,121.66947
2011-12-21 01:00:00,128.40213
2011-12-21 02:00:00,118.4887
2011-12-21 03:00:00,118.4887
2011-12-21 04:00:00,118.4887
2011-12-21 05:00:00,129.55447
2011-12-21 06:00:00,114.989006
2011-12-21 07:00:00,115.588036
2011-12-21 08:00:00,119.04382
2011-12-21 09:00:00,121.04091
2011-12-21 10:00:00,167.72443
2011-12-21 11:00:00,167.72443
2011-12-21 12:00:00,129.24545
2011-12-21 13:00:00,116.4936
2011-12-21 14:00:00,148.48949
2011-12-21 15:00:00,152.68011
2011-12-21 16:00:00,108.35255
2011-12-21 17:00:00,108.35255
2011-12-21 18:00:00,107.55944
2011-12-21 19:00:00,142.69595
2011-12-21 20:00:00,143.19331
2011-12-21 21:00:00,149.62758
2011-12-21 22:00:00,145.9121
2011-12-21 23:00:00,142.45482
2011-12-22 00:00:00,153.11467
2011-12-22 01:00:00,113.053246
2011-12-22 02:00:00,147.45985
2011-12-22 03:00:00,157.00235
2011-12-22 04:00:00,122.17937
2011-12-22 05:00:00,111.86802
2011-12-22 06:00:00,103.76188
2011-12-22 07:00:00,91.32567
2011-12-22 08:00:00,114.989006
2011-12-22 09:00:00,124.27245
2011-12-22 10:00:00,134.61812
2011-12-22 11:00:00,127.56295
2011-12-22 12:00:00,167.7812
2011-12-22 13:00:00,133.09724
2011-12-22 14:00:00,133.09724
2011-12-22 15:00:00,154.62666
2011-12-22 16:00:00,133.09724
2011-12-22 17:00:00,150.04503
2011-12-22 18:00:00,150.58607
2011-12-22 19:00:00,130.45149
2011-12-22 20:00:00,130.04863
2011-12-22 21:00:00,130.04863
2011-12-22 22:00:00,116.404396
2011-12-22 23:00:00,125.50517
2011-12-23 00:00:00,126.91177
2011-12-23 01:00:00,126.91177
2011-12-23 02:00:00,121.734276
2011-12-23 03:00:00,121.734276
2011-12-23 04:00:00,100.112144
2011-12-23 05:00:00,83.68284
2011-12-23 06:00:00,111.36258
2011-12-23 07:00:00,113.77229
2011-12-23 08:00:00,137.49823
2011-12-23 09:00:00,161.13893
2011-12-23 10:00:00,168.85172
2011-12-23 11:00:00,180.80354
2011-12-23 12:00:00,179.07143
2011-12-23 13:00:00,182.83481
2011-12-23 14:00:00,182.22339
2011-12-23 15:00:00,168.9807
2011-12-23 16:00:00,163.42744
2011-12-23 17:00:00,142.83607
2011-12-23 18:00:00,140.73477
2011-12-23 19:00:00,136.6177
2011-12-23 20:00:00,127.64512
2011-12-23 21:00:00,113.64727
2011-12-23 22:00:00,110.425224
2011-12-23 23:00:00,119.657455
2011-12-24 00:00:00,87.35865
2011-12-24 01:00:00,95.18403
2011-12-24 02:00:00,101.14912
2011-12-24 03:00:00,97.43688
2011-12-24 04:00:00,92.39468
2011-12-24 05:00:00,92.39468
2011-12-24 06:00:00,75.076996
2011-12-24 07:00:00,77.54855
2011-12-24 08:00:00,53.461353
2011-12-24 09:00:00,124.02506
2011-12-24 10:00:00,118.057915
2011-12-24 11:00:00,136.30804
2011-12-24 12:00:00,149.16481
2011-12-24 13:00:00,145.41396
2011-12-24 14:00:00,145.41396
2011-12-24 15:00:00,135.60149
2011-12-24 16:00:00,130.2268
2011-12-24 17:00:00,105.827194
2011-12-24 18:00:00,112.11941
2011-12-24 19:00:00,100.49544
2011-12-24 20:00:00,83.66412
2011-12-24 21:00:00,75.724205
2011-12-24 22:00:00,81.318184
2011-12-24 23:00:00,74.176765
2011-12-25 00:00:00,58.859013
2011-12-25 01:00:00,50.26357
2011-12-25 02:00:00,57.02389
2011-12-25 03:00:00,58.548843
2011-12-25 05:00:00,50.32364
2011-12-25 06:00:00,50.32364
2011-12-25 07:00:00,49.65391
2011-12-25 08:00:00,34.656284
2011-12-25 09:00:00,37.021267
2011-12-25 10:00:00,37.01912
2011-12-25 11:00:00,66.22418
2011-12-25 12:00:00,55.77241
2011-12-25 13:00:00,69.628105
2011-12-25 14:00:00,106.56592
2011-12-25 15:00:00,99.382195
2011-12-25 16:00:00,111.2703
2011-12-25 17:00:00,100.55344
2011-12-25 18:00:00,68.98197
2011-12-25 19:00:00,105.29348
2011-12-25 20:00:00,105.92683
2011-12-25 21:00:00,97.44868
2011-12-25 22:00:00,70.425285
2011-12-25 23:00:00,66.635155
2011-12-26 00:00:00,35.009045
2011-12-26 01:00:00,74.723625
2011-12-26 02:00:00,128.5105
2011-12-26 04:00:00,125.76768
2011-12-26 05:00:00,120.79814
2011-12-26 06:00:00,125.9674
2011-12-26 07:00:00,125.04531
2011-12-26 08:00:00,116.9687
2011-12-26 09:00:00,125.76768
2011-12-26 10:00:00,107.93105
2011-12-26 11:00:00,112.33456
2011-12-26 12:00:00,121.845215
2011-12-26 13:00:00,189.46312
2011-12-26 14:00:00,180.6129
2011-12-26 15:00:00,190.7835
2011-12-26 16:00:00,146.28194
2011-12-26 17:00:00,128.5105
2011-12-26 18:00:00,98.34693
2011-12-26 19:00:00,74.851616
2011-12-26 20:00:00,88.811615
2011-12-26 21:00:00,55.485783
2011-12-26 22:00:00,55.48579
2011-12-26 23:00:00,58.149567
2011-12-27 00:00:00,88.96554
2011-12-27 01:00:00,94.993385
2011-12-27 02:00:00,94.993385
2011-12-27 03:00:00,98.71209
2011-12-27 04:00:00,95.48579
2011-12-27 05:00:00,88.12615
2011-12-27 06:00:00,93.81518
2011-12-27 07:00:00,90.66822
2011-12-27 08:00:00,108.79429
2011-12-27 09:00:00,116.913704
2011-12-27 10:00:00,120.62197
2011-12-27 11:00:00,116.913704
2011-12-27 12:00:00,111.81657
2011-12-27 13:00:00,97.10601
2011-12-27 14:00:00,122.56403
2011-12-27 15:00:00,122.56403
2011-12-27 16:00:00,116.61968
2011-12-27 17:00:00,134.54826
2011-12-27 18:00:00,102.18942
2011-12-27 19:00:00,91.97576
2011-12-27 20:00:00,85.00195
2011-12-27 21:00:00,94.51167
2011-12-27 22:00:00,94.51167
2011-12-27 23:00:00,80.5306
2011-12-28 00:00:00,86.11626
2011-12-28 01:00:00,103.41389
2011-12-28 02:00:00,117.70114
2011-12-28 03:00:00,117.70114
2011-12-28 05:00:00,129.18831
2011-12-28 06:00:00,124.55762
2011-12-28 07:00:00,124.55761
2011-12-28 08:00:00,129.18831
2011-12-28 09:00:00,131.9976
2011-12-28 10:00:00,129.12186
2011-12-28 11:00:00,157.7879
2011-12-28 12:00:00,133.80724
2011-12-28 13:00:00,138.4565
2011-12-28 14:00:00,137.74582
2011-12-28 15:00:00,137.94356
2011-12-28 16:00:00,130.13617
2011-12-28 17:00:00,125.790955
2011-12-28 18:00:00,114.01181
2011-12-28 19:00:00,106.81429
2011-12-28 20:00:00,105.06512
2011-12-28 21:00:00,99.766945
2011-12-28 22:00:00,104.076355
2011-12-28 23:00:00,96.634544
2011-12-29 00:00:00,84.611046
2011-12-29 01:00:00,91.22669
2011-12-29 02:00:00,98.889435
2011-12-29 03:00:00,77.63003
2011-12-29 04:00:00,84.19578
2011-12-29 05:00:00,94.60108
2011-12-29 06:00:00,96.19651
2011-12-29 07:00:00,83.45259
2011-12-29 08:00:00,98.062935
2011-12-29 09:00:00,81.942085
2011-12-29 10:00:00,82.55962
2011-12-29 11:00:00,103.626
2011-12-29 12:00:00,106.373535
2011-12-29 13:00:00,110.32819
2011-12-29 14:00:00,116.338524
2011-12-29 15:00:00,116.23187
2011-12-29 16:00:00,124.79195
2011-12-29 17:00:00,113.37229
2011-12-29 18:00:00,120.10983
2011-12-29 19:00:00,121.1423
2011-12-29 20:00:00,105.97033
2011-12-29 21:00:00,107.62762
2011-12-29 22:00:00,104.703735
2011-12-29 23:00:00,108.19133
2011-12-30 00:00:00,100.22578
2011-12-30 01:00:00,104.72504
2011-12-30 02:00:00,93.04871
2011-12-30 03:00:00,93.04871
2011-12-30 04:00:00,93.14641
2011-12-30 05:00:00,88.92702
2011-12-30 06:00:00,93.14641
2011-12-30 07:00:00,90.10526
2011-12-30 08:00:00,93.21719
2011-12-30 09:00:00,95.91642
2011-12-30 10:00:00,99.1735
2011-12-30 11:00:00,110.425224
2011-12-30 12:00:00,128.90099
2011-12-30 13:00:00,129.64932
2011-12-30 14:00:00,175.66618
2011-12-30 15:00:00,159.38948
2011-12-30 16:00:00,190.00009
2011-12-30 17:00:00,152.31572
2011-12-30 18:00:00,130.80606
2011-12-30 19:00:00,122.75511
2011-12-30 20:00:00,124.74947
2011-12-30 21:00:00,128.40213
2011-12-30 22:00:00,117.93711
2011-12-30 23:00:00,113.8278
2011-12-31 00:00:00,136.00983
2011-12-31 01:00:00,136.40862
2011-12-31 02:00:00,136.40862
2011-12-31 03:00:00,136.40862
2011-12-31 04:00:00,99.89453
2011-12-31 05:00:00,85.00143
2011-12-31 06:00:00,117.2485
2011-12-31 07:00:00,108.00004
2011-12-31 08:00:00,66.2499
2011-12-31 09:00:00,80.89065
2011-12-31 10:00:00,95.19003
2011-12-31 11:00:00,111.914116
2011-12-31 12:00:00,294.2315
2011-12-31 13:00:00,235.34602
2011-12-31 14:00:00,199.91449
2011-12-31 15:00:00,204.75891
2011-12-31 16:00:00,194.59076
2011-12-31 17:00:00,157.52171
2011-12-31 18:00:00,142.40572
2011-12-31 19:00:00,165.54213
2011-12-31 20:00:00,165.54213
2011-12-31 21:00:00,144.12909
2011-12-31 22:00:00,118.11966
2011-12-31 23:00:00,92.418976
2012-01-20 00:00:00,88.82407
2012-01-20 01:00:00,114.634834
2012-01-20 02:00:00,114.634834
2012-01-20 03:00:00,107.18629
2012-01-20 04:00:00,95.45227
2012-01-20 05:00:00,95.45227
2012-01-20 06:00:00,82.05689
2012-01-20 07:00:00,73.530014
2012-01-20 08:00:00,73.681015
2012-01-20 09:00:00,92.53796
2012-01-20 10:00:00,82.3941
2012-01-20 11:00:00,69.79767
2012-01-20 12:00:00,70.62144
2012-01-20 13:00:00,104.282074
2012-01-20 14:00:00,82.36695
2012-01-20 15:00:00,97.35242
2012-01-20 16:00:00,88.78875
2012-01-20 17:00:00,124.67825
2012-01-20 18:00:00,110.29018
2012-01-20 19:00:00,100.6326
2012-01-20 20:00:00,110.29018
2012-01-20 21:00:00,103.738235
2012-01-20 22:00:00,82.86663
2012-01-20 23:00:00,53.851704
2012-01-21 00:00:00,35.073162
2012-01-21 01:00:00,41.53527
2012-01-21 02:00:00,62.40485
2012-01-21 03:00:00,59.171825
2012-01-21 04:00:00,59.594486
2012-01-21 05:00:00,57.294147
2012-01-21 06:00:00,47.969654
2012-01-21 07:00:00,47.969654
2012-01-21 08:00:00,21.20665
2012-01-21 09:00:00,21.20665
2012-01-21 10:00:00,34.4714
2012-01-21 11:00:00,54.548992
2012-01-21 12:00:00,47.330948
2012-01-21 13:00:00,37.91135
2012-01-21 14:00:00,49.80615
2012-01-21 15:00:00,49.806137
2012-01-21 16:00:00,39.094128
2012-01-21 17:00:00,43.02121
2012-01-21 18:00:00,47.535873
2012-01-21 19:00:00,37.78247
2012-01-21 20:00:00,36.66454
2012-01-21 21:00:00,35.922283
2012-01-21 22:00:00,43.601276
2012-01-21 23:00:00,31.445179
2012-01-22 00:00:00,24.250101
2012-01-22 01:00:00,43.601276
2012-01-22 02:00:00,43.259632
2012-01-22 03:00:00,45.957428
2012-01-22 04:00:00,34.425446
2012-01-22 05:00:00,40.275555
2012-01-22 06:00:00,38.906513
2012-01-22 07:00:00,38.906513
2012-01-22 08:00:00,38.906513
2012-01-22 09:00:00,38.906513
2012-01-22 10:00:00,37.975246
2012-01-22 11:00:00,39.42783
2012-01-22 12:00:00,33.816586
2012-01-22 13:00:00,48.111485
2012-01-22 14:00:00,42.158672
2012-01-22 15:00:00,36.550488
2012-01-22 16:00:00,36.550488
2012-01-22 17:00:00,54.132256
2012-01-22 18:00:00,57.294147
2012-01-22 19:00:00,57.294147
2012-01-22 20:00:00,50.28754
2012-01-22 21:00:00,57.294147
2012-01-22 22:00:00,50.36967
2012-01-22 23:00:00,45.622334
2012-01-23 00:00:00,79.96996
2012-01-23 01:00:00,74.65522
2012-01-23 02:00:00,74.65522
2012-01-23 03:00:00,79.96997
2012-01-23 04:00:00,87.78096
2012-01-23 05:00:00,83.95916
2012-01-23 06:00:00,83.95916
2012-01-23 07:00:00,90.72864
2012-01-23 08:00:00,72.27226
2012-01-23 09:00:00,79.231186
2012-01-23 10:00:00,80.6002
2012-01-23 11:00:00,80.69349
2012-01-23 12:00:00,83.90065
2012-01-23 13:00:00,83.0781
2012-01-23 14:00:00,67.19391
2012-01-23 15:00:00,55.61835
2012-01-23 16:00:00,76.72419
2012-01-23 17:00:00,85.36835
2012-01-23 18:00:00,80.1327
2012-01-23 19:00:00,79.601456
2012-01-23 20:00:00,76.262886
2012-01-23 21:00:00,53.10118
2012-01-23 22:00:00,53.10118
2012-01-23 23:00:00,64.4044
2012-01-24 00:00:00,60.89921
2012-01-24 01:00:00,78.095474
2012-01-24 02:00:00,82.79273
2012-01-24 03:00:00,99.103264
2012-01-24 04:00:00,96.03933
2012-01-24 05:00:00,96.03933
2012-01-24 06:00:00,90.09244
2012-01-24 07:00:00,99.10328
2012-01-24 08:00:00,99.10328
2012-01-24 09:00:00,106.303535
2012-01-24 10:00:00,85.00195
2012-01-24 11:00:00,95.01211
2012-01-24 12:00:00,91.97576
2012-01-24 13:00:00,91.97576
2012-01-24 14:00:00,99.729614
2012-01-24 15:00:00,140.42413
2012-01-24 16:00:00,139.4729
2012-01-24 17:00:00,139.6291
2012-01-24 18:00:00,140.24298
2012-01-24 19:00:00,177.1878
2012-01-24 20:00:00,105.42024
2012-01-24 21:00:00,113.59657
2012-01-24 22:00:00,101.548256
2012-01-24 23:00:00,105.42024
2012-01-25 00:00:00,78.350945
2012-01-25 01:00:00,93.877716
2012-01-25 02:00:00,90.97311
2012-01-25 03:00:00,82.195755
2012-01-25 04:00:00,81.78517
2012-01-25 05:00:00,81.78517
2012-01-25 06:00:00,75.329445
2012-01-25 07:00:00,72.54737
2012-01-25 08:00:00,76.428566
2012-01-25 09:00:00,76.428566
2012-01-25 10:00:00,69.77185
2012-01-25 11:00:00,93.81518
2012-01-25 12:00:00,130.05893
2012-01-25 13:00:00,135.37785
2012-01-25 14:00:00,134.71043
2012-01-25 15:00:00,132.97963
2012-01-25 16:00:00,135.2435
2012-01-25 17:00:00,140.26003
2012-01-25 18:00:00,119.657455
2012-01-25 19:00:00,125.625755
2012-01-25 20:00:00,119.94614
2012-01-25 21:00:00,107.20822
2012-01-25 22:00:00,115.92275
2012-01-25 23:00:00,109.47308
2012-01-26 00:00:00,102.87419
2012-01-26 01:00:00,108.57549
2012-01-26 02:00:00,92.17891
2012-01-26 03:00:00,107.14344
2012-01-26 04:00:00,99.05967
2012-01-26 05:00:00,111.482285
2012-01-26 06:00:00,103.891716
2012-01-26 07:00:00,101.98437
2012-01-26 08:00:00,101.98437
2012-01-26 09:00:00,107.98322
2012-01-26 10:00:00,99.52126
2012-01-26 11:00:00,101.44332
2012-01-26 12:00:00,111.070496
2012-01-26 13:00:00,121.00849
2012-01-26 14:00:00,137.64476
2012-01-26 15:00:00,141.024
2012-01-26 16:00:00,137.1948
2012-01-26 17:00:00,125.65281
2012-01-26 18:00:00,125.65281
2012-01-26 19:00:00,136.61131
2012-01-26 20:00:00,134.90158
2012-01-26 21:00:00,136.61131
2012-01-26 22:00:00,121.99572
2012-01-26 23:00:00,121.58954
2012-01-27 00:00:00,121.69398
2012-01-27 01:00:00,121.04091
2012-01-27 02:00:00,107.59786
2012-01-27 03:00:00,114.08849
2012-01-27 04:00:00,96.09039
2012-01-27 05:00:00,111.610054
2012-01-27 06:00:00,101.23569
2012-01-27 07:00:00,101.754616
2012-01-27 08:00:00,145.98961
2012-01-27 09:00:00,145.98961
2012-01-27 10:00:00,143.05795
2012-01-27 11:00:00,144.47748
2012-01-27 12:00:00,154.00508
2012-01-27 13:00:00,216.79018
2012-01-27 14:00:00,216.02943
2012-01-27 15:00:00,211.93166
2012-01-27 16:00:00,194.26097
2012-01-27 17:00:00,185.82094
2012-01-27 18:00:00,181.52074
2012-01-27 19:00:00,157.2881
2012-01-27 20:00:00,142.13641
2012-01-27 21:00:00,133.1147
2012-01-27 22:00:00,145.29353
2012-01-27 23:00:00,136.39468
2012-01-28 00:00:00,116.917694
2012-01-28 01:00:00,105.47194
2012-01-28 02:00:00,80.761314
2012-01-28 03:00:00,83.93969
2012-01-28 04:00:00,66.6439
2012-01-28 05:00:00,57.779003
2012-01-28 06:00:00,63.531868
2012-01-28 07:00:00,55.58151
2012-01-28 08:00:00,48.04152
2012-01-28 09:00:00,51.13036
2012-01-28 10:00:00,61.090343
2012-01-28 11:00:00,97.44868
2012-01-28 12:00:00,93.61743
2012-01-28 13:00:00,119.981674
2012-01-28 14:00:00,173.0058
2012-01-28 15:00:00,178.88383
2012-01-28 16:00:00,202.46907
2012-01-28 17:00:00,203.97624
2012-01-28 18:00:00,208.77774
2012-01-28 19:00:00,170.36516
2012-01-28 20:00:00,210.8448
2012-01-28 21:00:00,185.99222
2012-01-28 22:00:00,169.85419
2012-01-28 23:00:00,168.43004
2012-01-29 00:00:00,141.6528
2012-01-29 01:00:00,144.52773
2012-01-29 02:00:00,140.10655
2012-01-29 03:00:00,132.91304
2012-01-29 04:00:00,128.10715
2012-01-29 05:00:00,65.78195
2012-01-29 06:00:00,82.83845
2012-01-29 07:00:00,81.45063
2012-01-29 08:00:00,71.5953
2012-01-29 09:00:00,70.346245
2012-01-29 10:00:00,99.02458
2012-01-29 11:00:00,145.7195
2012-01-29 12:00:00,184.26268
2012-01-29 13:00:00,184.26268
2012-01-29 14:00:00,186.28238
2012-01-29 15:00:00,218.29802
2012-01-29 16:00:00,201.60718
2012-01-29 17:00:00,201.60716
2012-01-29 18:00:00,189.80885
2012-01-29 19:00:00,171.12001
2012-01-29 20:00:00,126.7424
2012-01-29 21:00:00,145.47592
2012-01-29 22:00:00,162.3872
2012-01-29 23:00:00,133.2181
2012-01-30 00:00:00,125.95386
2012-01-30 01:00:00,98.90595
2012-01-30 02:00:00,101.8063
2012-01-30 03:00:00,97.83241
2012-01-30 04:00:00,90.56975
2012-01-30 05:00:00,90.56975
2012-01-30 06:00:00,96.634544
2012-01-30 07:00:00,100.631874
2012-01-30 08:00:00,83.811966
2012-01-30 09:00:00,83.811966
2012-01-30 10:00:00,103.74271
2012-01-30 11:00:00,120.25652
2012-01-30 12:00:00,111.338715
2012-01-30 13:00:00,152.253
2012-01-30 14:00:00,196.89125
2012-01-30 15:00:00,193.67674
2012-01-30 16:00:00,202.76744
2012-01-30 17:00:00,234.66393
2012-01-30 18:00:00,209.76784
2012-01-30 19:00:00,129.28876
2012-01-30 20:00:00,141.8618
2012-01-30 21:00:00,134.33644
2012-01-30 22:00:00,116.999954
2012-01-30 23:00:00,93.41422
2012-01-31 00:00:00,115.06895
2012-01-31 01:00:00,131.07805
2012-01-31 02:00:00,127.56408
2012-01-31 03:00:00,125.4652
2012-01-31 04:00:00,122.73443
2012-01-31 05:00:00,122.73443
2012-01-31 06:00:00,112.64756
2012-01-31 07:00:00,93.41422
2012-01-31 08:00:00,105.92043
2012-01-31 09:00:00,120.32373
2012-01-31 10:00:00,114.37263
2012-01-31 11:00:00,205.1679
2012-01-31 12:00:00,188.70903
2012-01-31 13:00:00,246.48628
2012-01-31 14:00:00,303.0197
2012-01-31 15:00:00,271.66772
2012-01-31 16:00:00,271.66772
2012-01-31 17:00:00,294.0904
2012-01-31 18:00:00,314.24072
2012-01-31 19:00:00,302.91156
2012-01-31 20:00:00,146.54866
2012-01-31 21:00:00,259.72253
2012-01-31 22:00:00,237.42065
2012-01-31 23:00:00,228.84206
2012-02-20 00:00:00,58.855186
2012-02-20 01:00:00,58.855186
2012-02-20 02:00:00,58.855186
2012-02-20 03:00:00,39.092342
2012-02-20 05:00:00,55.948566
2012-02-20 06:00:00,67.20197
2012-02-20 07:00:00,54.385277
2012-02-20 08:00:00,48.207584
2012-02-20 09:00:00,48.207584
2012-02-20 10:00:00,62.940624
2012-02-20 11:00:00,76.9116
2012-02-20 12:00:00,107.169334
2012-02-20 13:00:00,122.50016
2012-02-20 14:00:00,155.29128
2012-02-20 15:00:00,168.90651
2012-02-20 16:00:00,237.15517
2012-02-20 17:00:00,240.15424
2012-02-20 18:00:00,168.90651
2012-02-20 19:00:00,168.90651
2012-02-20 20:00:00,175.23366
2012-02-20 21:00:00,130.52827
2012-02-20 22:00:00,100.37949
2012-02-20 23:00:00,109.62629
2012-02-21 00:00:00,103.128586
2012-02-21 01:00:00,103.890625
2012-02-21 02:00:00,101.2734
2012-02-21 04:00:00,96.67353
2012-02-21 05:00:00,87.967064
2012-02-21 06:00:00,83.83973
2012-02-21 07:00:00,96.67353
2012-02-21 08:00:00,85.43354
2012-02-21 09:00:00,80.90591
2012-02-21 10:00:00,78.72051
2012-02-21 11:00:00,71.28477
2012-02-21 12:00:00,108.26264
2012-02-21 13:00:00,143.40239
2012-02-21 14:00:00,117.171394
2012-02-21 15:00:00,143.40239
2012-02-21 16:00:00,155.47244
2012-02-21 17:00:00,179.72343
2012-02-21 18:00:00,179.72343
2012-02-21 19:00:00,150.32787
2012-02-21 20:00:00,133.82867
2012-02-21 21:00:00,129.53947
2012-02-21 22:00:00,112.67914
2012-02-21 23:00:00,103.48875
2012-02-22 00:00:00,103.48875
2012-02-22 01:00:00,114.76654
2012-02-22 02:00:00,120.93072
2012-02-22 03:00:00,103.36347
2012-02-22 04:00:00,114.915695
2012-02-22 05:00:00,115.494446
2012-02-22 06:00:00,103.41389
2012-02-22 07:00:00,109.269745
2012-02-22 08:00:00,105.26783
2012-02-22 09:00:00,115.56969
2012-02-22 10:00:00,120.20637
2012-02-22 11:00:00,128.59492
2012-02-22 12:00:00,160.81071
2012-02-22 13:00:00,173.08792
2012-02-22 14:00:00,184.87944
2012-02-22 15:00:00,275.53845
2012-02-22 16:00:00,276.72546
2012-02-22 17:00:00,292.53766
2012-02-22 18:00:00,221.0988
2012-02-22 19:00:00,205.40556
2012-02-22 20:00:00,190.4196
2012-02-22 21:00:00,253.98875
2012-02-22 22:00:00,189.74382
2012-02-22 23:00:00,212.56297
2012-02-23 00:00:00,189.74382
2012-02-23 01:00:00,159.42876
2012-02-23 02:00:00,156.75925
2012-02-23 03:00:00,141.51689
2012-02-23 04:00:00,135.0821
2012-02-23 05:00:00,135.0821
2012-02-23 06:00:00,93.47546
2012-02-23 07:00:00,99.729614
2012-02-23 08:00:00,87.782104
2012-02-23 09:00:00,92.36614
2012-02-23 10:00:00,156.3244
2012-02-23 11:00:00,221.60896
2012-02-23 12:00:00,249.74371
2012-02-23 13:00:00,268.86115
2012-02-23 14:00:00,293.30917
2012-02-23 15:00:00,275.31354
2012-02-23 16:00:00,254.4415
2012-02-23 17:00:00,284.14072
2012-02-23 18:00:00,268.29755
2012-02-23 19:00:00,231.39848
2012-02-23 20:00:00,209.18329
2012-02-23 21:00:00,188.99202
2012-02-23 22:00:00,180.38309
2012-02-23 23:00:00,130.49715
2012-02-24 00:00:00,162.5933
2012-02-24 01:00:00,164.96718
2012-02-24 02:00:00,125.694016
2012-02-24 03:00:00,134.25972
2012-02-24 04:00:00,116.99247
2012-02-24 05:00:00,124.786705
2012-02-24 06:00:00,128.0576
2012-02-24 07:00:00,133.8511
2012-02-24 08:00:00,123.9506
2012-02-24 09:00:00,95.86227
2012-02-24 10:00:00,115.432945
2012-02-24 11:00:00,121.20191
2012-02-24 12:00:00,137.51888
2012-02-24 13:00:00,141.024
2012-02-24 14:00:00,151.95506
2012-02-24 15:00:00,126.91177
2012-02-24 16:00:00,126.91177
2012-02-24 17:00:00,133.9296
2012-02-24 18:00:00,120.48664
2012-02-24 19:00:00,140.10918
2012-02-24 20:00:00,187.46779
2012-02-24 21:00:00,148.57874
2012-02-24 22:00:00,188.4242
2012-02-24 23:00:00,174.66014
2012-02-25 00:00:00,154.57774
2012-02-25 01:00:00,143.27348
2012-02-25 02:00:00,131.36913
2012-02-25 03:00:00,124.090546
2012-02-25 04:00:00,129.43163
2012-02-25 05:00:00,106.69593
2012-02-25 06:00:00,106.69593
2012-02-25 07:00:00,108.67447
2012-02-25 08:00:00,98.61978
2012-02-25 09:00:00,41.25941
2012-02-25 10:00:00,82.92904
2012-02-25 11:00:00,124.93466
2012-02-25 12:00:00,126.61501
2012-02-25 13:00:00,145.84404
2012-02-25 14:00:00,140.61107
2012-02-25 15:00:00,151.6199
2012-02-25 16:00:00,123.420784
2012-02-25 17:00:00,132.11356
2012-02-25 18:00:00,129.95612
2012-02-25 19:00:00,105.41062
2012-02-25 20:00:00,117.99886
2012-02-25 21:00:00,103.05951
2012-02-25 22:00:00,94.91875
2012-02-25 23:00:00,90.017715
2012-02-26 00:00:00,97.26769
2012-02-26 01:00:00,96.096794
2012-02-26 02:00:00,96.096794
2012-02-26 03:00:00,94.48446
2012-02-26 04:00:00,94.48446
2012-02-26 05:00:00,85.6923
2012-02-26 06:00:00,87.64684
2012-02-26 07:00:00,71.508
2012-02-26 08:00:00,70.523994
2012-02-26 09:00:00,80.81779
2012-02-26 10:00:00,100.95789
2012-02-26 11:00:00,119.813675
2012-02-26 12:00:00,124.592415
2012-02-26 13:00:00,143.05293
2012-02-26 14:00:00,201.60161
2012-02-26 15:00:00,237.26868
2012-02-26 16:00:00,184.34627
2012-02-26 17:00:00,190.40544
2012-02-26 18:00:00,159.4468
2012-02-26 19:00:00,169.6274
2012-02-26 20:00:00,127.78312
2012-02-26 21:00:00,110.844734
2012-02-26 22:00:00,123.83369
2012-02-26 23:00:00,75.724205
2012-02-27 00:00:00,88.58529
2012-02-27 01:00:00,86.69156
2012-02-27 02:00:00,80.04142
2012-02-27 03:00:00,80.62054
2012-02-27 04:00:00,75.919876
2012-02-27 05:00:00,75.919876
2012-02-27 06:00:00,76.428566
2012-02-27 07:00:00,81.67881
2012-02-27 08:00:00,94.72855
2012-02-27 09:00:00,93.41422
2012-02-27 10:00:00,132.06761
2012-02-27 11:00:00,151.61633
2012-02-27 12:00:00,204.71858
2012-02-27 13:00:00,189.44524
2012-02-27 14:00:00,248.51074
2012-02-27 15:00:00,277.34906
2012-02-27 16:00:00,271.66772
2012-02-27 17:00:00,236.63637
2012-02-27 18:00:00,288.53186
2012-02-27 19:00:00,284.8757
2012-02-27 20:00:00,266.4273
2012-02-27 21:00:00,248.51074
2012-02-27 22:00:00,211.28752
2012-02-27 23:00:00,178.00822
2012-02-28 00:00:00,163.60677
2012-02-28 01:00:00,146.42921
2012-02-28 02:00:00,152.06381
2012-02-28 03:00:00,211.54153
2012-02-28 04:00:00,139.00883
2012-02-28 05:00:00,139.00883
2012-02-28 06:00:00,132.32222
2012-02-28 07:00:00,122.542336
2012-02-28 08:00:00,111.26683
2012-02-28 09:00:00,125.137085
2012-02-28 10:00:00,131.07803
2012-02-28 11:00:00,158.49934
2012-02-28 12:00:00,179.57338
2012-02-28 13:00:00,187.82219
2012-02-28 14:00:00,221.96362
2012-02-28 15:00:00,229.61263
2012-02-28 16:00:00,226.28279
2012-02-28 17:00:00,229.61263
2012-02-28 18:00:00,249.20436
2012-02-28 19:00:00,195.37804
2012-02-28 20:00:00,225.63596
2012-02-28 21:00:00,144.39363
2012-02-28 22:00:00,144.39363
2012-02-28 23:00:00,126.0053
2012-02-29 00:00:00,127.939476
2012-02-29 01:00:00,129.78218
2012-02-29 02:00:00,115.15223
2012-02-29 03:00:00,105.29244
2012-02-29 05:00:00,96.27418
2012-02-29 06:00:00,107.14344
2012-02-29 07:00:00,89.22375
2012-02-29 08:00:00,102.87419
2012-02-29 09:00:00,96.83552
2012-02-29 10:00:00,96.83552
2012-02-29 11:00:00,87.504906
2012-02-29 12:00:00,71.04218
2012-02-29 13:00:00,85.04405
2012-02-29 14:00:00,85.04405
2012-02-29 15:00:00,116.47514
2012-02-29 16:00:00,125.27906
2012-02-29 17:00:00,128.0576
2012-02-29 18:00:00,125.50516
2012-02-29 19:00:00,129.51176
2012-02-29 20:00:00,137.48103
2012-02-29 21:00:00,137.48103
2012-02-29 22:00:00,117.25463
2012-02-29 23:00:00,117.25463
2012-03-20 00:00:00,159.03276
2012-03-20 01:00:00,131.84283
2012-03-20 02:00:00,146.8283
2012-03-20 03:00:00,137.86256
2012-03-20 04:00:00,156.83484
2012-03-20 05:00:00,134.34897
2012-03-20 06:00:00,155.87144
2012-03-20 07:00:00,155.06395
2012-03-20 08:00:00,154.92047
2012-03-20 09:00:00,162.75314
2012-03-20 10:00:00,158.99394
2012-03-20 11:00:00,166.27776
2012-03-20 12:00:00,204.65434
2012-03-20 13:00:00,194.19019
2012-03-20 14:00:00,200.71707
2012-03-20 15:00:00,216.82948
2012-03-20 16:00:00,242.61925
2012-03-20 17:00:00,205.77988
2012-03-20 18:00:00,222.49002
2012-03-20 19:00:00,175.11235
2012-03-20 20:00:00,163.35916
2012-03-20 21:00:00,135.799
2012-03-20 22:00:00,133.19698
2012-03-20 23:00:00,130.3321
2012-03-21 00:00:00,117.600365
2012-03-21 01:00:00,136.56917
2012-03-21 02:00:00,134.459
2012-03-21 03:00:00,143.43211
2012-03-21 04:00:00,141.76732
2012-03-21 05:00:00,141.76732
2012-03-21 06:00:00,132.57016
2012-03-21 07:00:00,137.80675
2012-03-21 08:00:00,135.99132
2012-03-21 09:00:00,142.56511
2012-03-21 10:00:00,149.9619
2012-03-21 11:00:00,149.9619
2012-03-21 12:00:00,127.46585
2012-03-21 13:00:00,126.24747
2012-03-21 14:00:00,129.78227
2012-03-21 15:00:00,129.78227
2012-03-21 16:00:00,127.830986
2012-03-21 17:00:00,170.8391
2012-03-21 18:00:00,142.54286
2012-03-21 19:00:00,164.15662
2012-03-21 20:00:00,141.6316
2012-03-21 21:00:00,141.76859
2012-03-21 22:00:00,149.56726
2012-03-21 23:00:00,121.11239
2012-03-22 00:00:00,136.56917
2012-03-22 01:00:00,136.56917
2012-03-22 02:00:00,136.56917
2012-03-22 03:00:00,136.56917
2012-03-22 04:00:00,126.605415
2012-03-22 05:00:00,126.605415
2012-03-22 06:00:00,126.605415
2012-03-22 07:00:00,126.605415
2012-03-22 08:00:00,135.71678
2012-03-22 09:00:00,135.71678
2012-03-22 10:00:00,132.25482
2012-03-22 11:00:00,122.68644
2012-03-22 12:00:00,154.55196
2012-03-22 13:00:00,143.9496
2012-03-22 14:00:00,162.0008
2012-03-22 15:00:00,219.81094
2012-03-22 16:00:00,237.87672
2012-03-22 17:00:00,241.95668
2012-03-22 18:00:00,241.95668
2012-03-22 19:00:00,186.39824
2012-03-22 20:00:00,209.70963
2012-03-22 21:00:00,168.05556
2012-03-22 22:00:00,161.73848
2012-03-22 23:00:00,140.82216
2012-03-23 00:00:00,122.48571
2012-03-23 01:00:00,119.82091
2012-03-23 02:00:00,134.5283
2012-03-23 03:00:00,134.19217
2012-03-23 04:00:00,137.48753
2012-03-23 05:00:00,120.22184
2012-03-23 06:00:00,121.40605
2012-03-23 07:00:00,140.64452
2012-03-23 08:00:00,140.42259
2012-03-23 09:00:00,140.41867
2012-03-23 10:00:00,148.89018
2012-03-23 11:00:00,195.09117
2012-03-23 12:00:00,257.94812
2012-03-23 13:00:00,247.83614
2012-03-23 14:00:00,298.01062
2012-03-23 15:00:00,308.3546
2012-03-23 16:00:00,317.2569
2012-03-23 17:00:00,317.2569
2012-03-23 18:00:00,318.10046
2012-03-23 19:00:00,301.1381
2012-03-23 20:00:00,291.3402
2012-03-23 21:00:00,258.84808
2012-03-23 22:00:00,243.46344
2012-03-23 23:00:00,214.61617
2012-03-24 00:00:00,125.92469
2012-03-24 01:00:00,114.77423
2012-03-24 02:00:00,109.58338
2012-03-24 03:00:00,109.58338
2012-03-24 04:00:00,97.06097
2012-03-24 05:00:00,125.08256
2012-03-24 06:00:00,125.08256
2012-03-24 07:00:00,114.628
2012-03-24 08:00:00,104.75097
2012-03-24 09:00:00,124.27653
2012-03-24 10:00:00,119.06538
2012-03-24 11:00:00,104.75097
2012-03-24 12:00:00,125.23256
2012-03-24 13:00:00,122.412346
2012-03-24 14:00:00,134.1597
2012-03-24 15:00:00,117.61834
2012-03-24 16:00:00,113.33585
2012-03-24 17:00:00,121.917656
2012-03-24 18:00:00,106.18403
2012-03-24 19:00:00,113.42085
2012-03-24 20:00:00,95.9079
2012-03-24 21:00:00,95.9079
2012-03-24 22:00:00,84.631195
2012-03-24 23:00:00,81.156906
2012-03-25 00:00:00,81.156906
2012-03-25 01:00:00,63.206024
2012-03-25 02:00:00,75.97717
2012-03-25 03:00:00,88.726616
2012-03-25 04:00:00,80.86659
2012-03-25 05:00:00,58.287926
2012-03-25 06:00:00,58.287926
2012-03-25 07:00:00,75.98925
2012-03-25 08:00:00,75.98925
2012-03-25 09:00:00,68.18099
2012-03-25 10:00:00,90.293785
2012-03-25 11:00:00,68.18099
2012-03-25 12:00:00,69.72242
2012-03-25 13:00:00,95.64954
2012-03-25 14:00:00,100.502785
2012-03-25 15:00:00,98.71382
2012-03-25 16:00:00,85.67694
2012-03-25 17:00:00,107.078835
2012-03-25 18:00:00,107.078835
2012-03-25 19:00:00,144.95065
2012-03-25 20:00:00,118.81826
2012-03-25 21:00:00,106.4005
2012-03-25 22:00:00,93.05387
2012-03-25 23:00:00,97.84327
2012-03-26 00:00:00,141.38179
2012-03-26 01:00:00,150.81456
2012-03-26 02:00:00,119.68437
2012-03-26 03:00:00,134.82397
2012-03-26 04:00:00,129.62994
2012-03-26 05:00:00,135.7748
2012-03-26 06:00:00,121.371254
2012-03-26 07:00:00,145.1783
2012-03-26 08:00:00,157.70502
2012-03-26 09:00:00,200.88097
2012-03-26 10:00:00,248.62622
2012-03-26 11:00:00,254.40378
2012-03-26 12:00:00,250.31532
2012-03-26 13:00:00,198.05916
2012-03-26 14:00:00,258.28983
2012-03-26 15:00:00,246.44276
2012-03-26 16:00:00,161.55
2012-03-26 17:00:00,273.3782
2012-03-26 18:00:00,264.8236
2012-03-26 19:00:00,274.10345
2012-03-26 20:00:00,229.86757
2012-03-26 21:00:00,225.78395
2012-03-26 22:00:00,214.88979
2012-03-26 23:00:00,174.08961
2012-03-27 00:00:00,170.35284
2012-03-27 01:00:00,165.55496
2012-03-27 02:00:00,151.10329
2012-03-27 03:00:00,142.74702
2012-03-27 04:00:00,127.54388
2012-03-27 05:00:00,125.76715
2012-03-27 06:00:00,141.25047
2012-03-27 07:00:00,141.25047
2012-03-27 08:00:00,125.690216
2012-03-27 09:00:00,141.22145
2012-03-27 10:00:00,153.72575
2012-03-27 11:00:00,187.43303
2012-03-27 12:00:00,193.002
2012-03-27 13:00:00,177.13437
2012-03-27 14:00:00,241.75621
2012-03-27 15:00:00,241.76334
2012-03-27 16:00:00,241.76334
2012-03-27 17:00:00,276.31372
2012-03-27 18:00:00,264.0031
2012-03-27 19:00:00,260.9398
2012-03-27 20:00:00,264.0031
2012-03-27 21:00:00,183.30914
2012-03-27 22:00:00,187.16809
2012-03-27 23:00:00,182.82018
2012-03-28 00:00:00,160.33076
2012-03-28 01:00:00,142.80537
2012-03-28 02:00:00,131.48172
2012-03-28 03:00:00,146.61784
2012-03-28 04:00:00,151.61513
2012-03-28 05:00:00,151.61513
2012-03-28 06:00:00,147.99315
2012-03-28 07:00:00,145.27333
2012-03-28 08:00:00,166.7357
2012-03-28 09:00:00,181.69777
2012-03-28 10:00:00,223.4309
2012-03-28 11:00:00,241.28024
2012-03-28 12:00:00,255.47961
2012-03-28 13:00:00,275.13922
2012-03-28 14:00:00,358.773
2012-03-28 15:00:00,320.55707
2012-03-28 16:00:00,223.2511
2012-03-28 17:00:00,251.27766
2012-03-28 18:00:00,251.27766
2012-03-28 19:00:00,263.78284
2012-03-28 20:00:00,274.9449
2012-03-28 21:00:00,226.41579
2012-03-28 22:00:00,188.34819
2012-03-28 23:00:00,164.21536
2012-03-29 00:00:00,177.56111
2012-03-29 01:00:00,204.92744
2012-03-29 02:00:00,369.43207
2012-03-29 03:00:00,335.31604
2012-03-29 04:00:00,274.71622
2012-03-29 05:00:00,224.73111
2012-03-29 06:00:00,168.9124
2012-03-29 07:00:00,193.44817
2012-03-29 08:00:00,206.52968
2012-03-29 09:00:00,214.94453
2012-03-29 10:00:00,208.83443
2012-03-29 11:00:00,234.60115
2012-03-29 12:00:00,232.43434
2012-03-29 13:00:00,207.9523
2012-03-29 14:00:00,238.77309
2012-03-29 15:00:00,263.27966
2012-03-29 16:00:00,279.64557
2012-03-29 17:00:00,270.1517
2012-03-29 18:00:00,251.64012
2012-03-29 19:00:00,238.43944
2012-03-29 20:00:00,228.00853
2012-03-29 21:00:00,197.29202
2012-03-29 22:00:00,186.8496
2012-03-29 23:00:00,179.3174
2012-03-30 00:00:00,168.72603
2012-03-30 01:00:00,150.39017
2012-03-30 02:00:00,135.76256
2012-03-30 03:00:00,115.59169
2012-03-30 04:00:00,127.32857
2012-03-30 05:00:00,110.42638
2012-03-30 06:00:00,118.594894
2012-03-30 07:00:00,117.68074
2012-03-30 08:00:00,109.168945
2012-03-30 09:00:00,122.602936
2012-03-30 10:00:00,126.3255
2012-03-30 11:00:00,155.82588
2012-03-30 12:00:00,154.4157
2012-03-30 13:00:00,182.4242
2012-03-30 14:00:00,176.45717
2012-03-30 15:00:00,180.3654
2012-03-30 16:00:00,120.621994
2012-03-30 17:00:00,134.03748
2012-03-30 18:00:00,160.70177
2012-03-30 19:00:00,147.09502
2012-03-30 20:00:00,140.4799
2012-03-30 21:00:00,128.34717
2012-03-30 22:00:00,113.90779
2012-03-30 23:00:00,102.1964
2012-03-31 00:00:00,74.026215
2012-03-31 01:00:00,105.95428
2012-03-31 02:00:00,112.43688
2012-03-31 03:00:00,82.90339
2012-03-31 04:00:00,132.25484
2012-03-31 05:00:00,80.01535
2012-03-31 06:00:00,72.641884
2012-03-31 07:00:00,72.641884
2012-03-31 08:00:00,67.085785
2012-03-31 09:00:00,105.95428
2012-03-31 10:00:00,106.54804
2012-03-31 11:00:00,107.28485
2012-03-31 12:00:00,99.257416
2012-03-31 13:00:00,164.68828
2012-03-31 14:00:00,154.39693
2012-03-31 15:00:00,181.8022
2012-03-31 16:00:00,160.25412
2012-03-31 17:00:00,174.95305
2012-03-31 18:00:00,146.78859
2012-03-31 19:00:00,148.43407
2012-03-31 20:00:00,123.14971
2012-03-31 21:00:00,123.14971
2012-03-31 22:00:00,107.38829
2012-03-31 23:00:00,85.06217
2012-04-20 00:00:00,141.04185
2012-04-20 01:00:00,134.82397
2012-04-20 02:00:00,114.17428
2012-04-20 03:00:00,116.30975
2012-04-20 04:00:00,97.47404
2012-04-20 05:00:00,94.23393
2012-04-20 06:00:00,105.18464
2012-04-20 07:00:00,94.23393
2012-04-20 08:00:00,98.05326
2012-04-20 09:00:00,121.55347
2012-04-20 10:00:00,154.86473
2012-04-20 11:00:00,173.27132
2012-04-20 12:00:00,240.67583
2012-04-20 13:00:00,314.75714
2012-04-20 14:00:00,324.26843
2012-04-20 15:00:00,307.8275
2012-04-20 16:00:00,318.10297
2012-04-20 17:00:00,319.77362
2012-04-20 18:00:00,301.3869
2012-04-20 19:00:00,275.0968
2012-04-20 20:00:00,227.84772
2012-04-20 21:00:00,170.493
2012-04-20 22:00:00,182.98691
2012-04-20 23:00:00,153.54176
2012-04-21 00:00:00,129.76625
2012-04-21 01:00:00,129.76625
2012-04-21 02:00:00,112.0404
2012-04-21 03:00:00,109.47564
2012-04-21 04:00:00,116.817116
2012-04-21 05:00:00,116.817116
2012-04-21 06:00:00,109.47563
2012-04-21 07:00:00,123.3935
2012-04-21 08:00:00,129.89299
2012-04-21 09:00:00,120.9561
2012-04-21 10:00:00,231.94164
2012-04-21 11:00:00,258.00833
2012-04-21 12:00:00,302.24808
2012-04-21 13:00:00,326.162
2012-04-21 14:00:00,408.11615
2012-04-21 15:00:00,500.78586
2012-04-21 16:00:00,428.8044
2012-04-21 17:00:00,475.51984
2012-04-21 18:00:00,348.72607
2012-04-21 19:00:00,173.00374
2012-04-21 20:00:00,126.15664
2012-04-21 21:00:00,136.60437
2012-04-21 22:00:00,117.534164
2012-04-21 23:00:00,116.86363
2012-04-22 00:00:00,114.72364
2012-04-22 01:00:00,124.09117
2012-04-22 02:00:00,142.27673
2012-04-22 03:00:00,110.71843
2012-04-22 04:00:00,115.06845
2012-04-22 05:00:00,116.35803
2012-04-22 06:00:00,137.1351
2012-04-22 07:00:00,111.94166
2012-04-22 08:00:00,93.1616
2012-04-22 09:00:00,93.1616
2012-04-22 10:00:00,87.69312
2012-04-22 11:00:00,84.303795
2012-04-22 12:00:00,84.54955
2012-04-22 13:00:00,89.350624
2012-04-22 14:00:00,84.54955
2012-04-22 15:00:00,86.44236
2012-04-22 16:00:00,91.5736
2012-04-22 17:00:00,66.2546
2012-04-22 18:00:00,66.2546
2012-04-22 19:00:00,77.596504
2012-04-22 20:00:00,68.633156
2012-04-22 21:00:00,73.47308
2012-04-22 22:00:00,67.71267
2012-04-22 23:00:00,78.44903
2012-04-23 00:00:00,89.436226
2012-04-23 01:00:00,70.34995
2012-04-23 02:00:00,77.35795
2012-04-23 03:00:00,79.34867
2012-04-23 04:00:00,71.100395
2012-04-23 05:00:00,71.100395
2012-04-23 06:00:00,72.171135
2012-04-23 07:00:00,74.99851
2012-04-23 08:00:00,77.61886
2012-04-23 09:00:00,83.642944
2012-04-23 10:00:00,92.03806
2012-04-23 11:00:00,91.48055
2012-04-23 12:00:00,78.74755
2012-04-23 13:00:00,86.76461
2012-04-23 14:00:00,104.325066
2012-04-23 15:00:00,120.64498
2012-04-23 16:00:00,63.424625
2012-04-23 17:00:00,62.521786
2012-04-23 18:00:00,104.086586
2012-04-23 19:00:00,95.09292
2012-04-23 20:00:00,100.084335
2012-04-23 21:00:00,86.236946
2012-04-23 22:00:00,94.25696
2012-04-23 23:00:00,96.23865
2012-04-24 00:00:00,107.28968
2012-04-24 01:00:00,101.856514
2012-04-24 02:00:00,87.34397
2012-04-24 03:00:00,81.58981
2012-04-24 04:00:00,91.47146
2012-04-24 05:00:00,91.47146
2012-04-24 06:00:00,89.80893
2012-04-24 07:00:00,109.501526
2012-04-24 08:00:00,119.66978
2012-04-24 09:00:00,173.31038
2012-04-24 10:00:00,179.3174
2012-04-24 11:00:00,264.45874
2012-04-24 12:00:00,289.83737
2012-04-24 13:00:00,303.6174
2012-04-24 14:00:00,314.1219
2012-04-24 15:00:00,297.22192
2012-04-24 16:00:00,294.97705
2012-04-24 17:00:00,305.68713
2012-04-24 18:00:00,290.10468
2012-04-24 19:00:00,305.8382
2012-04-24 20:00:00,312.61737
2012-04-24 21:00:00,228.78288
2012-04-24 22:00:00,221.9803
2012-04-24 23:00:00,203.44048
2012-04-25 00:00:00,177.56244
2012-04-25 01:00:00,178.38194
2012-04-25 02:00:00,103.49267
2012-04-25 03:00:00,107.819466
2012-04-25 04:00:00,112.69806
2012-04-25 05:00:00,100.718666
2012-04-25 06:00:00,100.718666
2012-04-25 07:00:00,99.73182
2012-04-25 08:00:00,111.27264
2012-04-25 09:00:00,127.37451
2012-04-25 10:00:00,207.63336
2012-04-25 11:00:00,265.69492
2012-04-25 12:00:00,324.86612
2012-04-25 13:00:00,321.95367
2012-04-25 14:00:00,332.28235
2012-04-25 15:00:00,336.88455
2012-04-25 16:00:00,321.0379
2012-04-25 17:00:00,340.89706
2012-04-25 18:00:00,350.49234
2012-04-25 19:00:00,356.07462
2012-04-25 20:00:00,301.49738
2012-04-25 21:00:00,208.15384
2012-04-25 22:00:00,164.64606
2012-04-25 23:00:00,199.42921
2012-04-26 00:00:00,143.6404
2012-04-26 01:00:00,197.44492
2012-04-26 02:00:00,188.70424
2012-04-26 03:00:00,186.51744
2012-04-26 04:00:00,178.73062
2012-04-26 05:00:00,161.70059
2012-04-26 06:00:00,162.54735
2012-04-26 07:00:00,126.03922
2012-04-26 08:00:00,133.18556
2012-04-26 09:00:00,135.12675
2012-04-26 10:00:00,129.26396
2012-04-26 11:00:00,125.5499
2012-04-26 12:00:00,146.29128
2012-04-26 13:00:00,146.22241
2012-04-26 14:00:00,159.87337
2012-04-26 15:00:00,162.98482
2012-04-26 16:00:00,156.26424
2012-04-26 17:00:00,159.6859
2012-04-26 18:00:00,159.87337
2012-04-26 19:00:00,162.60725
2012-04-26 20:00:00,164.68446
2012-04-26 21:00:00,154.94263
2012-04-26 22:00:00,149.56726
2012-04-26 23:00:00,134.67485
2012-04-27 00:00:00,218.47389
2012-04-27 01:00:00,203.57149
2012-04-27 02:00:00,193.2386
2012-04-27 03:00:00,193.88338
2012-04-27 04:00:00,188.80647
2012-04-27 05:00:00,188.712
2012-04-27 06:00:00,182.69643
2012-04-27 07:00:00,150.39017
2012-04-27 08:00:00,141.87483
2012-04-27 09:00:00,187.52866
2012-04-27 10:00:00,215.14288
2012-04-27 11:00:00,215.43803
2012-04-27 12:00:00,236.95915
2012-04-27 13:00:00,255.21967
2012-04-27 14:00:00,254.9951
2012-04-27 15:00:00,296.31143
2012-04-27 16:00:00,307.9068
2012-04-27 17:00:00,330.37473
2012-04-27 18:00:00,333.45566
2012-04-27 19:00:00,311.4228
2012-04-27 20:00:00,271.33545
2012-04-27 21:00:00,242.61484
2012-04-27 22:00:00,209.1452
2012-04-27 23:00:00,191.5717
2012-04-28 00:00:00,163.22102
2012-04-28 01:00:00,132.51317
2012-04-28 02:00:00,141.50133
2012-04-28 03:00:00,119.36868
2012-04-28 04:00:00,113.99604
2012-04-28 05:00:00,119.16909
2012-04-28 06:00:00,118.7685
2012-04-28 07:00:00,113.99604
2012-04-28 08:00:00,177.722
2012-04-28 09:00:00,202.73323
2012-04-28 10:00:00,167.2307
2012-04-28 11:00:00,169.6616
2012-04-28 12:00:00,184.2687
2012-04-28 13:00:00,211.27763
2012-04-28 14:00:00,218.54399
2012-04-28 15:00:00,197.0707
2012-04-28 16:00:00,204.21968
2012-04-28 17:00:00,186.70406
2012-04-28 18:00:00,188.2536
2012-04-28 19:00:00,92.846306
2012-04-28 20:00:00,97.654366
2012-04-28 21:00:00,85.51542
2012-04-28 22:00:00,97.27291
2012-04-28 23:00:00,100.425285
2012-04-29 00:00:00,91.08206
2012-04-29 01:00:00,87.86614
2012-04-29 02:00:00,82.125374
2012-04-29 03:00:00,67.08578
2012-04-29 04:00:00,78.37617
2012-04-29 05:00:00,53.620968
2012-04-29 06:00:00,55.179752
2012-04-29 07:00:00,73.01945
2012-04-29 08:00:00,84.019005
2012-04-29 09:00:00,97.49424
2012-04-29 10:00:00,101.72544
2012-04-29 11:00:00,160.1198
2012-04-29 12:00:00,221.4066
2012-04-29 13:00:00,230.66527
2012-04-29 14:00:00,382.23132
2012-04-29 15:00:00,363.69757
2012-04-29 16:00:00,451.52094
2012-04-29 17:00:00,443.13803
2012-04-29 18:00:00,435.6653
2012-04-29 19:00:00,387.91754
2012-04-29 20:00:00,388.00433
2012-04-29 21:00:00,234.78648
2012-04-29 22:00:00,231.55864
2012-04-29 23:00:00,118.17942
2012-04-30 00:00:00,131.63924
2012-04-30 01:00:00,125.138985
2012-04-30 02:00:00,133.51987
2012-04-30 03:00:00,126.12963
2012-04-30 04:00:00,142.53435
2012-04-30 05:00:00,142.53435
2012-04-30 06:00:00,172.33583
2012-04-30 07:00:00,162.79842
2012-04-30 08:00:00,182.1353
2012-04-30 09:00:00,175.78099
2012-04-30 10:00:00,187.6782
2012-04-30 11:00:00,195.57394
2012-04-30 12:00:00,186.28897
2012-04-30 13:00:00,193.52011
2012-04-30 14:00:00,197.88228
2012-04-30 15:00:00,201.92537
2012-04-30 16:00:00,210.94916
2012-04-30 17:00:00,208.55394
2012-04-30 18:00:00,208.40303
2012-04-30 19:00:00,190.78896
2012-04-30 20:00:00,194.2708
2012-04-30 21:00:00,194.2708
2012-04-30 22:00:00,202.96227
2012-04-30 23:00:00,201.37303
2012-05-20 00:00:00,231.78893
2012-05-20 01:00:00,220.84422
2012-05-20 02:00:00,220.84422
2012-05-20 03:00:00,169.70738
2012-05-20 04:00:00,115.30435
2012-05-20 05:00:00,109.90623
2012-05-20 06:00:00,134.17441
2012-05-20 07:00:00,140.24269
2012-05-20 08:00:00,217.26985
2012-05-20 09:00:00,483.95184
2012-05-20 10:00:00,482.88977
2012-05-20 11:00:00,457.175
2012-05-20 12:00:00,471.46912
2012-05-20 13:00:00,493.5506
2012-05-20 14:00:00,459.15845
2012-05-20 15:00:00,406.9854
2012-05-20 16:00:00,442.27618
2012-05-20 17:00:00,417.6067
2012-05-20 18:00:00,363.34027
2012-05-20 19:00:00,277.40533
2012-05-20 20:00:00,277.4053
2012-05-20 21:00:00,230.4104
2012-05-20 22:00:00,203.58264
2012-05-20 23:00:00,168.02252
2012-05-21 00:00:00,159.00319
2012-05-21 01:00:00,159.9048
2012-05-21 02:00:00,154.4176
2012-05-21 03:00:00,168.53426
2012-05-21 04:00:00,152.84584
2012-05-21 05:00:00,152.84584
2012-05-21 06:00:00,152.84584
2012-05-21 07:00:00,152.84584
2012-05-21 08:00:00,156.12611
2012-05-21 09:00:00,156.58884
2012-05-21 10:00:00,159.29298
2012-05-21 11:00:00,167.38972
2012-05-21 12:00:00,176.90619
2012-05-21 13:00:00,167.24037
2012-05-21 14:00:00,164.61407
2012-05-21 15:00:00,214.42998
2012-05-21 16:00:00,215.70091
2012-05-21 17:00:00,238.20422
2012-05-21 18:00:00,170.04967
2012-05-21 19:00:00,191.74838
2012-05-21 20:00:00,206.70424
2012-05-21 21:00:00,179.98218
2012-05-21 22:00:00,205.31036
2012-05-21 23:00:00,209.70963
2012-05-22 00:00:00,175.67677
2012-05-22 01:00:00,159.46495
2012-05-22 02:00:00,151.50122
2012-05-22 03:00:00,151.50122
2012-05-22 04:00:00,155.33076
2012-05-22 05:00:00,155.14214
2012-05-22 06:00:00,150.35939
2012-05-22 07:00:00,150.35939
2012-05-22 08:00:00,152.17421
2012-05-22 09:00:00,153.91365
2012-05-22 10:00:00,156.59328
2012-05-22 11:00:00,139.37828
2012-05-22 12:00:00,168.9192
2012-05-22 13:00:00,163.55736
2012-05-22 14:00:00,204.01967
2012-05-22 15:00:00,243.20125
2012-05-22 16:00:00,242.72527
2012-05-22 17:00:00,233.85635
2012-05-22 18:00:00,255.20454
2012-05-22 19:00:00,239.16394
2012-05-22 20:00:00,215.15343
2012-05-22 21:00:00,168.12607
2012-05-22 22:00:00,156.61223
2012-05-22 23:00:00,163.22803
2012-05-23 00:00:00,168.12607
2012-05-23 01:00:00,167.69225
2012-05-23 02:00:00,167.38972
2012-05-23 03:00:00,153.41493
2012-05-23 04:00:00,159.6521
2012-05-23 05:00:00,156.12611
2012-05-23 06:00:00,139.71434
2012-05-23 07:00:00,124.632576
2012-05-23 08:00:00,124.632576
2012-05-23 09:00:00,142.74979
2012-05-23 10:00:00,151.13074
2012-05-23 11:00:00,140.97147
2012-05-23 12:00:00,222.04013
2012-05-23 13:00:00,220.56596
2012-05-23 14:00:00,242.9504
2012-05-23 15:00:00,224.30847
2012-05-23 16:00:00,245.37813
2012-05-23 17:00:00,223.90019
2012-05-23 18:00:00,223.90019
2012-05-23 19:00:00,172.25284
2012-05-23 20:00:00,153.1667
2012-05-23 21:00:00,135.52565
2012-05-23 22:00:00,172.25284
2012-05-23 23:00:00,157.33446
2012-05-24 00:00:00,145.15337
2012-05-24 01:00:00,139.1324
2012-05-24 02:00:00,123.719124
2012-05-24 03:00:00,150.80083
2012-05-24 04:00:00,160.67595
2012-05-24 05:00:00,160.67595
2012-05-24 06:00:00,160.67595
2012-05-24 07:00:00,148.28781
2012-05-24 08:00:00,178.8012
2012-05-24 09:00:00,191.18903
2012-05-24 10:00:00,225.29008
2012-05-24 11:00:00,233.70732
2012-05-24 12:00:00,265.16003
2012-05-24 13:00:00,310.17603
2012-05-24 14:00:00,341.49634
2012-05-24 15:00:00,348.83652
2012-05-24 16:00:00,348.12994
2012-05-24 17:00:00,355.57422
2012-05-24 18:00:00,341.1311
2012-05-24 19:00:00,294.10822
2012-05-24 20:00:00,240.78197
2012-05-24 21:00:00,195.31029
2012-05-24 22:00:00,171.28896
2012-05-24 23:00:00,182.82224
2012-05-25 00:00:00,160.1834
2012-05-25 01:00:00,147.47139
2012-05-25 02:00:00,135.52565
2012-05-25 03:00:00,152.9824
2012-05-25 04:00:00,132.0923
2012-05-25 05:00:00,149.99016
2012-05-25 06:00:00,152.9824
2012-05-25 07:00:00,164.99141
2012-05-25 08:00:00,155.13914
2012-05-25 09:00:00,163.27249
2012-05-25 10:00:00,193.67738
2012-05-25 11:00:00,178.27592
2012-05-25 12:00:00,245.4243
2012-05-25 13:00:00,280.42673
2012-05-25 14:00:00,297.34775
2012-05-25 15:00:00,317.13495
2012-05-25 16:00:00,371.89447
2012-05-25 17:00:00,345.78726
2012-05-25 18:00:00,317.13495
2012-05-25 19:00:00,315.03424
2012-05-25 20:00:00,259.8498
2012-05-25 21:00:00,250.85342
2012-05-25 22:00:00,173.25124
2012-05-25 23:00:00,202.21565
2012-05-26 00:00:00,127.27637
2012-05-26 01:00:00,119.2202
2012-05-26 02:00:00,111.7149
2012-05-26 03:00:00,104.94713
2012-05-26 04:00:00,110.106384
2012-05-26 05:00:00,149.3715
2012-05-26 06:00:00,121.41236
2012-05-26 07:00:00,135.1754
2012-05-26 08:00:00,130.59982
2012-05-26 09:00:00,135.68298
2012-05-26 10:00:00,174.66151
2012-05-26 11:00:00,203.5218
2012-05-26 12:00:00,311.0715
2012-05-26 13:00:00,324.62408
2012-05-26 14:00:00,331.48932
2012-05-26 15:00:00,341.52887
2012-05-26 16:00:00,398.14645
2012-05-26 17:00:00,419.85046
2012-05-26 18:00:00,393.3647
2012-05-26 19:00:00,304.9686
2012-05-26 20:00:00,349.40082
2012-05-26 21:00:00,303.97318
2012-05-26 22:00:00,224.1898
2012-05-26 23:00:00,224.1898
2012-05-27 00:00:00,228.93495
2012-05-27 01:00:00,185.48723
2012-05-27 02:00:00,180.364
2012-05-27 03:00:00,161.44151
2012-05-27 04:00:00,135.1212
2012-05-27 05:00:00,135.1212
2012-05-27 06:00:00,127.662025
2012-05-27 07:00:00,115.802155
2012-05-27 08:00:00,135.68298
2012-05-27 09:00:00,150.59644
2012-05-27 10:00:00,205.36699
2012-05-27 11:00:00,296.503
2012-05-27 12:00:00,315.47946
2012-05-27 13:00:00,365.15652
2012-05-27 14:00:00,371.5061
2012-05-27 15:00:00,413.70023
2012-05-27 16:00:00,413.70023
2012-05-27 17:00:00,442.84033
2012-05-27 18:00:00,380.01788
2012-05-27 19:00:00,365.15652
2012-05-27 20:00:00,361.8946
2012-05-27 21:00:00,225.2733
2012-05-27 22:00:00,137.964
2012-05-27 23:00:00,143.4369
2012-05-28 00:00:00,131.45753
2012-05-28 01:00:00,178.2494
2012-05-28 02:00:00,127.01643
2012-05-28 03:00:00,141.94153
2012-05-28 04:00:00,113.33228
2012-05-28 05:00:00,113.33228
2012-05-28 06:00:00,141.94153
2012-05-28 07:00:00,111.16601
2012-05-28 08:00:00,131.20718
2012-05-28 09:00:00,219.38118
2012-05-28 10:00:00,219.38118
2012-05-28 11:00:00,266.17487
2012-05-28 12:00:00,325.86316
2012-05-28 13:00:00,391.63287
2012-05-28 14:00:00,391.63287
2012-05-28 15:00:00,424.7693
2012-05-28 16:00:00,429.50693
2012-05-28 17:00:00,424.7693
2012-05-28 18:00:00,402.57962
2012-05-28 19:00:00,412.09924
2012-05-28 20:00:00,373.88354
2012-05-28 21:00:00,337.49652
2012-05-28 22:00:00,259.26437
2012-05-28 23:00:00,215.48933
2012-05-29 00:00:00,214.60797
2012-05-29 01:00:00,214.60797
2012-05-29 02:00:00,172.55928
2012-05-29 03:00:00,220.46902
2012-05-29 04:00:00,202.21565
2012-05-29 05:00:00,202.21565
2012-05-29 06:00:00,202.21565
2012-05-29 07:00:00,202.21565
2012-05-29 08:00:00,236.85115
2012-05-29 09:00:00,275.76263
2012-05-29 10:00:00,291.124
2012-05-29 11:00:00,349.33923
2012-05-29 12:00:00,411.24792
2012-05-29 13:00:00,418.8717
2012-05-29 14:00:00,418.07285
2012-05-29 15:00:00,412.80154
2012-05-29 16:00:00,427.2204
2012-05-29 17:00:00,404.73538
2012-05-29 18:00:00,415.87054
2012-05-29 19:00:00,388.1496
2012-05-29 20:00:00,268.3152
2012-05-29 21:00:00,173.75337
2012-05-29 22:00:00,149.99016
2012-05-29 23:00:00,134.34846
2012-05-30 00:00:00,159.63927
2012-05-30 01:00:00,168.93288
2012-05-30 02:00:00,152.08507
2012-05-30 03:00:00,159.98941
2012-05-30 04:00:00,161.02386
2012-05-30 05:00:00,179.64888
2012-05-30 06:00:00,162.45811
2012-05-30 07:00:00,178.34953
2012-05-30 08:00:00,199.94447
2012-05-30 09:00:00,224.67836
2012-05-30 10:00:00,226.27429
2012-05-30 11:00:00,245.54831
2012-05-30 12:00:00,223.9733
2012-05-30 13:00:00,238.87703
2012-05-30 14:00:00,319.79657
2012-05-30 15:00:00,307.01025
2012-05-30 16:00:00,317.2833
2012-05-30 17:00:00,296.98544
2012-05-30 18:00:00,328.24658
2012-05-30 19:00:00,310.17603
2012-05-30 20:00:00,203.58769
2012-05-30 21:00:00,259.1323
2012-05-30 22:00:00,199.7799
2012-05-30 23:00:00,220.13358
2012-05-31 00:00:00,206.70424
2012-05-31 01:00:00,182.93336
2012-05-31 02:00:00,204.13786
2012-05-31 03:00:00,179.98218
2012-05-31 04:00:00,147.36736
2012-05-31 05:00:00,226.2793
2012-05-31 06:00:00,200.89252
2012-05-31 07:00:00,243.46344
2012-05-31 08:00:00,272.58954
2012-05-31 09:00:00,328.6366
2012-05-31 10:00:00,382.7326
2012-05-31 11:00:00,373.21613
2012-05-31 12:00:00,359.26443
2012-05-31 13:00:00,359.91168
2012-05-31 14:00:00,387.70844
2012-05-31 15:00:00,401.45926
2012-05-31 16:00:00,401.10938
2012-05-31 17:00:00,379.82315
2012-05-31 18:00:00,384.91116
2012-05-31 19:00:00,368.5053
2012-05-31 20:00:00,317.67368
2012-05-31 21:00:00,317.67368
2012-05-31 22:00:00,293.8611
2012-05-31 23:00:00,290.4629
2012-06-20 00:00:00,214.60797
2012-06-20 01:00:00,203.06433
2012-06-20 02:00:00,178.25551
2012-06-20 03:00:00,165.97112
2012-06-20 04:00:00,152.09035
2012-06-20 05:00:00,152.09035
2012-06-20 06:00:00,152.12059
2012-06-20 07:00:00,136.32785
2012-06-20 08:00:00,204.10643
2012-06-20 09:00:00,206.09763
2012-06-20 10:00:00,354.36713
2012-06-20 11:00:00,370.58063
2012-06-20 12:00:00,372.50446
2012-06-20 13:00:00,363.70752
2012-06-20 14:00:00,396.10132
2012-06-20 15:00:00,353.0672
2012-06-20 16:00:00,366.385
2012-06-20 17:00:00,355.98425
2012-06-20 18:00:00,355.9843
2012-06-20 19:00:00,398.7066
2012-06-20 20:00:00,394.5404
2012-06-20 21:00:00,350.46075
2012-06-20 22:00:00,349.6259
2012-06-20 23:00:00,305.9272
2012-06-21 00:00:00,227.01775
2012-06-21 01:00:00,201.62337
2012-06-21 02:00:00,185.71928
2012-06-21 03:00:00,174.67773
2012-06-21 04:00:00,152.62563
2012-06-21 05:00:00,155.44714
2012-06-21 06:00:00,172.57683
2012-06-21 07:00:00,172.57683
2012-06-21 08:00:00,205.72066
2012-06-21 09:00:00,364.03485
2012-06-21 10:00:00,348.15924
2012-06-21 11:00:00,377.93903
2012-06-21 12:00:00,376.5083
2012-06-21 13:00:00,349.53043
2012-06-21 14:00:00,374.92944
2012-06-21 15:00:00,360.54037
2012-06-21 16:00:00,361.5735
2012-06-21 17:00:00,348.29926
2012-06-21 18:00:00,396.38922
2012-06-21 19:00:00,397.44467
2012-06-21 20:00:00,391.59247
2012-06-21 21:00:00,377.00146
2012-06-21 22:00:00,341.12732
2012-06-21 23:00:00,302.74777
2012-06-22 00:00:00,259.51385
2012-06-22 01:00:00,259.6344
2012-06-22 02:00:00,157.4612
2012-06-22 03:00:00,157.4612
2012-06-22 04:00:00,244.27634
2012-06-22 05:00:00,251.95035
2012-06-22 06:00:00,235.95053
2012-06-22 07:00:00,302.01117
2012-06-22 08:00:00,304.02313
2012-06-22 09:00:00,341.48154
2012-06-22 10:00:00,399.09778
2012-06-22 11:00:00,350.4921
2012-06-22 12:00:00,358.4718
2012-06-22 13:00:00,397.44467
2012-06-22 14:00:00,397.44467
2012-06-22 15:00:00,409.47888
2012-06-22 16:00:00,368.9077
2012-06-22 17:00:00,368.60675
2012-06-22 18:00:00,336.65552
2012-06-22 19:00:00,339.65515
2012-06-22 20:00:00,339.65515
2012-06-22 21:00:00,239.60574
2012-06-22 22:00:00,222.95573
2012-06-22 23:00:00,188.0114
2012-06-23 00:00:00,103.262856
2012-06-23 01:00:00,124.420044
2012-06-23 02:00:00,139.25685
2012-06-23 03:00:00,124.590065
2012-06-23 04:00:00,134.86066
2012-06-23 05:00:00,139.25685
2012-06-23 06:00:00,101.726364
2012-06-23 07:00:00,115.63886
2012-06-23 08:00:00,230.6362
2012-06-23 09:00:00,315.59283
2012-06-23 10:00:00,362.8944
2012-06-23 11:00:00,440.10757
2012-06-23 12:00:00,503.7518
2012-06-23 13:00:00,433.62024
2012-06-23 14:00:00,453.65848
2012-06-23 15:00:00,430.14188
2012-06-23 16:00:00,403.89017
2012-06-23 17:00:00,398.66827
2012-06-23 18:00:00,407.91412
2012-06-23 19:00:00,395.05286
2012-06-23 20:00:00,428.06152
2012-06-23 21:00:00,439.61508
2012-06-23 22:00:00,459.17944
2012-06-23 23:00:00,454.1021
2012-06-24 00:00:00,375.71698
2012-06-24 01:00:00,270.43973
2012-06-24 02:00:00,343.99695
2012-06-24 03:00:00,206.57439
2012-06-24 04:00:00,255.37941
2012-06-24 05:00:00,165.46677
2012-06-24 06:00:00,216.09308
2012-06-24 07:00:00,153.88219
2012-06-24 08:00:00,306.88605
2012-06-24 09:00:00,390.85928
2012-06-24 10:00:00,506.77353
2012-06-24 11:00:00,475.58398
2012-06-24 12:00:00,440.22314
2012-06-24 13:00:00,454.45834
2012-06-24 14:00:00,424.42444
2012-06-24 15:00:00,389.01788
2012-06-24 16:00:00,414.31256
2012-06-24 17:00:00,430.49084
2012-06-24 18:00:00,449.3672
2012-06-24 19:00:00,497.32666
2012-06-24 20:00:00,483.57065
2012-06-24 21:00:00,376.6022
2012-06-24 22:00:00,338.52997
2012-06-24 23:00:00,316.68182
2012-06-25 00:00:00,300.58514
2012-06-25 01:00:00,264.4627
2012-06-25 02:00:00,248.71202
2012-06-25 03:00:00,244.20915
2012-06-25 04:00:00,199.2358
2012-06-25 05:00:00,202.69771
2012-06-25 06:00:00,171.30107
2012-06-25 07:00:00,217.17259
2012-06-25 08:00:00,229.14693
2012-06-25 09:00:00,258.60385
2012-06-25 10:00:00,319.356
2012-06-25 11:00:00,406.82758
2012-06-25 12:00:00,368.7155
2012-06-25 13:00:00,343.05368
2012-06-25 14:00:00,380.01123
2012-06-25 15:00:00,440.39722
2012-06-25 16:00:00,400.2917
2012-06-25 17:00:00,331.16132
2012-06-25 18:00:00,396.16833
2012-06-25 19:00:00,389.39908
2012-06-25 20:00:00,413.2885
2012-06-25 21:00:00,382.68616
2012-06-25 22:00:00,390.26343
2012-06-25 23:00:00,382.75732
2012-06-26 00:00:00,380.2494
2012-06-26 01:00:00,390.42773
2012-06-26 02:00:00,286.97906
2012-06-26 03:00:00,266.5539
2012-06-26 04:00:00,266.91318
2012-06-26 05:00:00,245.21295
2012-06-26 06:00:00,229.66112
2012-06-26 07:00:00,228.3754
2012-06-26 08:00:00,257.81516
2012-06-26 09:00:00,283.68393
2012-06-26 10:00:00,355.24136
2012-06-26 11:00:00,397.4769
2012-06-26 12:00:00,413.20078
2012-06-26 13:00:00,413.78564
2012-06-26 14:00:00,413.78564
2012-06-26 15:00:00,403.07834
2012-06-26 16:00:00,364.51855
2012-06-26 17:00:00,398.19144
2012-06-26 18:00:00,389.9684
2012-06-26 19:00:00,389.23926
2012-06-26 20:00:00,389.70248
2012-06-26 21:00:00,364.43597
2012-06-26 22:00:00,371.31085
2012-06-26 23:00:00,310.12286
2012-06-27 00:00:00,333.0876
2012-06-27 01:00:00,317.34436
2012-06-27 02:00:00,255.99629
2012-06-27 03:00:00,260.3779
2012-06-27 04:00:00,349.56107
2012-06-27 05:00:00,329.96103
2012-06-27 06:00:00,279.63098
2012-06-27 07:00:00,334.7955
2012-06-27 08:00:00,337.7269
2012-06-27 09:00:00,366.84222
2012-06-27 10:00:00,375.22412
2012-06-27 11:00:00,394.2173
2012-06-27 12:00:00,394.75262
2012-06-27 13:00:00,393.57007
2012-06-27 14:00:00,387.10428
2012-06-27 15:00:00,383.56366
2012-06-27 16:00:00,340.6725
2012-06-27 17:00:00,377.489
2012-06-27 18:00:00,393.57007
2012-06-27 19:00:00,398.7165
2012-06-27 20:00:00,381.95947
2012-06-27 21:00:00,356.87073
2012-06-27 22:00:00,316.9873
2012-06-27 23:00:00,299.5138
2012-06-28 00:00:00,273.09924
2012-06-28 01:00:00,220.37547
2012-06-28 02:00:00,266.25607
2012-06-28 03:00:00,266.25607
2012-06-28 04:00:00,225.33958
2012-06-28 05:00:00,239.34557
2012-06-28 06:00:00,239.34557
2012-06-28 07:00:00,225.33958
2012-06-28 08:00:00,282.19598
2012-06-28 09:00:00,292.45868
2012-06-28 10:00:00,329.95273
2012-06-28 11:00:00,377.10425
2012-06-28 12:00:00,371.82068
2012-06-28 13:00:00,358.9519
2012-06-28 14:00:00,373.0899
2012-06-28 15:00:00,373.0899
2012-06-28 16:00:00,342.00964
2012-06-28 17:00:00,340.8651
2012-06-28 18:00:00,354.96893
2012-06-28 19:00:00,383.3932
2012-06-28 20:00:00,380.07538
2012-06-28 21:00:00,334.58554
2012-06-28 22:00:00,325.1569
2012-06-28 23:00:00,308.12402
2012-06-29 00:00:00,308.12402
2012-06-29 01:00:00,312.43088
2012-06-29 02:00:00,296.5869
2012-06-29 03:00:00,296.5869
2012-06-29 04:00:00,252.38164
2012-06-29 05:00:00,244.63536
2012-06-29 06:00:00,259.19873
2012-06-29 07:00:00,244.63536
2012-06-29 08:00:00,268.1269
2012-06-29 09:00:00,319.356
2012-06-29 10:00:00,412.02374
2012-06-29 11:00:00,458.8228
2012-06-29 12:00:00,468.11743
2012-06-29 13:00:00,384.87848
2012-06-29 14:00:00,386.32263
2012-06-29 15:00:00,353.51147
2012-06-29 16:00:00,353.51147
2012-06-29 17:00:00,370.4864
2012-06-29 18:00:00,336.22473
2012-06-29 19:00:00,403.0342
2012-06-29 20:00:00,416.14642
2012-06-29 21:00:00,380.91208
2012-06-29 22:00:00,330.0987
2012-06-29 23:00:00,330.0987
2012-06-30 00:00:00,133.16309
2012-06-30 01:00:00,140.93097
2012-06-30 02:00:00,116.46548
2012-06-30 03:00:00,116.46548
2012-06-30 04:00:00,98.147705
2012-06-30 05:00:00,108.23879
2012-06-30 06:00:00,108.23879
2012-06-30 07:00:00,108.23879
2012-06-30 08:00:00,108.23879
2012-06-30 09:00:00,108.23879
2012-06-30 10:00:00,403.9845
2012-06-30 11:00:00,403.9845
2012-06-30 12:00:00,403.9845
2012-06-30 13:00:00,403.9845
2012-06-30 14:00:00,403.9845
2012-06-30 15:00:00,403.9845
2012-06-30 16:00:00,372.22272
2012-06-30 17:00:00,389.20425
2012-06-30 18:00:00,464.47107
2012-06-30 19:00:00,518.598
2012-06-30 20:00:00,456.71753
2012-06-30 21:00:00,456.71753
2012-06-30 22:00:00,357.48785
2012-06-30 23:00:00,325.82675
2012-07-20 00:00:00,165.26074
2012-07-20 01:00:00,142.46205
2012-07-20 02:00:00,145.27089
2012-07-20 03:00:00,147.65015
2012-07-20 04:00:00,160.97525
2012-07-20 05:00:00,154.15703
2012-07-20 06:00:00,160.97525
2012-07-20 07:00:00,165.76454
2012-07-20 08:00:00,193.12679
2012-07-20 09:00:00,219.8438
2012-07-20 10:00:00,226.55597
2012-07-20 11:00:00,255.80327
2012-07-20 12:00:00,208.39247
2012-07-20 13:00:00,208.77933
2012-07-20 14:00:00,219.63437
2012-07-20 15:00:00,211.81529
2012-07-20 16:00:00,201.96074
2012-07-20 17:00:00,195.53087
2012-07-20 18:00:00,202.0299
2012-07-20 19:00:00,177.52547
2012-07-20 20:00:00,168.11168
2012-07-20 21:00:00,165.46875
2012-07-20 22:00:00,167.68398
2012-07-20 23:00:00,175.57149
2012-07-21 00:00:00,148.57819
2012-07-21 01:00:00,151.11394
2012-07-21 02:00:00,138.40636
2012-07-21 03:00:00,135.62585
2012-07-21 04:00:00,136.24062
2012-07-21 05:00:00,133.87595
2012-07-21 06:00:00,133.87595
2012-07-21 07:00:00,132.88881
2012-07-21 08:00:00,141.7621
2012-07-21 09:00:00,128.79309
2012-07-21 10:00:00,133.87595
2012-07-21 11:00:00,146.40773
2012-07-21 12:00:00,138.45183
2012-07-21 13:00:00,131.57365
2012-07-21 14:00:00,132.88455
2012-07-21 15:00:00,135.62585
2012-07-21 16:00:00,129.96881
2012-07-21 17:00:00,126.66462
2012-07-21 18:00:00,122.03134
2012-07-21 19:00:00,119.75415
2012-07-21 20:00:00,126.66462
2012-07-21 21:00:00,119.75413
2012-07-21 22:00:00,113.86817
2012-07-21 23:00:00,108.800385
2012-07-22 00:00:00,113.86817
2012-07-22 01:00:00,119.75413
2012-07-22 02:00:00,113.86817
2012-07-22 03:00:00,113.86817
2012-07-22 04:00:00,81.288155
2012-07-22 05:00:00,81.288155
2012-07-22 06:00:00,123.56379
2012-07-22 07:00:00,131.09175
2012-07-22 08:00:00,160.20113
2012-07-22 09:00:00,230.47719
2012-07-22 10:00:00,199.77478
2012-07-22 11:00:00,199.77478
2012-07-22 12:00:00,208.4268
2012-07-22 13:00:00,228.06271
2012-07-22 14:00:00,249.66747
2012-07-22 15:00:00,249.66747
2012-07-22 16:00:00,264.9516
2012-07-22 17:00:00,308.1089
2012-07-22 18:00:00,291.04797
2012-07-22 19:00:00,244.17879
2012-07-22 20:00:00,193.07425
2012-07-22 21:00:00,133.67622
2012-07-22 22:00:00,203.83195
2012-07-22 23:00:00,141.60765
2012-07-23 00:00:00,135.13095
2012-07-23 01:00:00,159.17174
2012-07-23 02:00:00,142.70137
2012-07-23 03:00:00,142.70137
2012-07-23 04:00:00,151.79611
2012-07-23 05:00:00,151.79611
2012-07-23 06:00:00,152.76886
2012-07-23 07:00:00,166.52255
2012-07-23 08:00:00,185.71928
2012-07-23 09:00:00,253.54744
2012-07-23 10:00:00,256.27585
2012-07-23 11:00:00,328.55035
2012-07-23 12:00:00,328.55035
2012-07-23 13:00:00,298.56207
2012-07-23 14:00:00,307.2567
2012-07-23 15:00:00,364.03485
2012-07-23 16:00:00,348.47964
2012-07-23 17:00:00,348.47964
2012-07-23 18:00:00,343.36597
2012-07-23 19:00:00,386.69214
2012-07-23 20:00:00,302.1089
2012-07-23 21:00:00,311.08594
2012-07-23 22:00:00,289.5388
2012-07-23 23:00:00,263.0873
2012-07-24 00:00:00,214.57278
2012-07-24 01:00:00,186.43687
2012-07-24 02:00:00,166.76634
2012-07-24 03:00:00,166.76634
2012-07-24 04:00:00,141.45381
2012-07-24 05:00:00,143.94682
2012-07-24 06:00:00,153.67076
2012-07-24 07:00:00,226.8001
2012-07-24 08:00:00,266.7176
2012-07-24 09:00:00,328.82373
2012-07-24 10:00:00,415.32318
2012-07-24 11:00:00,405.82556
2012-07-24 12:00:00,357.55103
2012-07-24 13:00:00,396.87402
2012-07-24 14:00:00,373.68677
2012-07-24 15:00:00,403.96783
2012-07-24 16:00:00,402.45538
2012-07-24 17:00:00,410.06995
2012-07-24 18:00:00,331.6717
2012-07-24 19:00:00,302.1089
2012-07-24 20:00:00,272.3357
2012-07-24 21:00:00,286.4647
2012-07-24 22:00:00,296.0717
2012-07-24 23:00:00,323.9995
2012-07-25 00:00:00,311.37875
2012-07-25 01:00:00,282.4101
2012-07-25 02:00:00,267.38882
2012-07-25 03:00:00,247.19937
2012-07-25 04:00:00,236.15642
2012-07-25 05:00:00,228.13481
2012-07-25 06:00:00,232.4634
2012-07-25 07:00:00,303.98322
2012-07-25 08:00:00,363.53528
2012-07-25 09:00:00,394.01
2012-07-25 10:00:00,320.01837
2012-07-25 11:00:00,342.53796
2012-07-25 12:00:00,342.53796
2012-07-25 13:00:00,371.2342
2012-07-25 14:00:00,358.32953
2012-07-25 15:00:00,350.5816
2012-07-25 16:00:00,366.83325
2012-07-25 17:00:00,346.06757
2012-07-25 18:00:00,356.8562
2012-07-25 19:00:00,366.43152
2012-07-25 20:00:00,342.23773
2012-07-25 21:00:00,313.83206
2012-07-25 22:00:00,268.35822
2012-07-25 23:00:00,285.58344
2012-07-26 00:00:00,241.61832
2012-07-26 01:00:00,247.19937
2012-07-26 02:00:00,234.01222
2012-07-26 03:00:00,232.48491
2012-07-26 04:00:00,211.50151
2012-07-26 05:00:00,211.50151
2012-07-26 06:00:00,199.2358
2012-07-26 07:00:00,243.2426
2012-07-26 08:00:00,240.3479
2012-07-26 09:00:00,248.98209
2012-07-26 10:00:00,272.71146
2012-07-26 11:00:00,355.9804
2012-07-26 12:00:00,411.8019
2012-07-26 13:00:00,418.29663
2012-07-26 14:00:00,408.80103
2012-07-26 15:00:00,423.69113
2012-07-26 16:00:00,424.74292
2012-07-26 17:00:00,444.47305
2012-07-26 18:00:00,427.76672
2012-07-26 19:00:00,422.15323
2012-07-26 20:00:00,394.80432
2012-07-26 21:00:00,433.0476
2012-07-26 22:00:00,433.0476
2012-07-26 23:00:00,239.35225
2012-07-27 00:00:00,195.17775
2012-07-27 01:00:00,226.22484
2012-07-27 02:00:00,186.45052
2012-07-27 03:00:00,226.8001
2012-07-27 04:00:00,141.68913
2012-07-27 05:00:00,135.9665
2012-07-27 06:00:00,141.68913
2012-07-27 07:00:00,257.6362
2012-07-27 08:00:00,255.15857
2012-07-27 09:00:00,398.10364
2012-07-27 10:00:00,334.8725
2012-07-27 11:00:00,405.70584
2012-07-27 12:00:00,421.24036
2012-07-27 13:00:00,397.6132
2012-07-27 14:00:00,404.14044
2012-07-27 15:00:00,403.66794
2012-07-27 16:00:00,382.94226
2012-07-27 17:00:00,414.96198
2012-07-27 18:00:00,366.62567
2012-07-27 19:00:00,377.00146
2012-07-27 20:00:00,297.1037
2012-07-27 21:00:00,297.1037
2012-07-27 22:00:00,314.372
2012-07-27 23:00:00,220.41188
2012-07-28 00:00:00,302.74066
2012-07-28 01:00:00,204.6936
2012-07-28 02:00:00,229.13142
2012-07-28 03:00:00,229.13142
2012-07-28 04:00:00,166.45972
2012-07-28 05:00:00,141.60765
2012-07-28 06:00:00,188.74905
2012-07-28 07:00:00,231.5225
2012-07-28 08:00:00,291.04797
2012-07-28 09:00:00,351.5023
2012-07-28 10:00:00,467.47333
2012-07-28 11:00:00,477.77356
2012-07-28 12:00:00,492.18567
2012-07-28 13:00:00,499.91336
2012-07-28 14:00:00,479.00092
2012-07-28 15:00:00,426.76715
2012-07-28 16:00:00,471.1854
2012-07-28 17:00:00,507.5932
2012-07-28 18:00:00,522.9763
2012-07-28 19:00:00,123.02794
2012-07-28 20:00:00,138.51784
2012-07-28 21:00:00,116.79164
2012-07-28 22:00:00,116.79164
2012-07-28 23:00:00,107.863205
2012-07-29 00:00:00,105.56306
2012-07-29 01:00:00,110.4315
2012-07-29 02:00:00,143.60094
2012-07-29 03:00:00,213.51205
2012-07-29 04:00:00,192.62636
2012-07-29 05:00:00,137.20003
2012-07-29 06:00:00,152.72627
2012-07-29 07:00:00,217.26988
2012-07-29 08:00:00,277.4813
2012-07-29 09:00:00,324.78174
2012-07-29 10:00:00,305.2616
2012-07-29 11:00:00,376.6022
2012-07-29 12:00:00,381.89172
2012-07-29 13:00:00,480.16785
2012-07-29 14:00:00,494.88248
2012-07-29 15:00:00,483.2549
2012-07-29 16:00:00,483.2549
2012-07-29 17:00:00,481.48642
2012-07-29 18:00:00,519.35675
2012-07-29 19:00:00,369.78925
2012-07-29 20:00:00,264.9516
2012-07-29 21:00:00,231.5225
2012-07-29 22:00:00,188.74905
2012-07-29 23:00:00,207.09157
2012-07-30 00:00:00,190.86455
2012-07-30 01:00:00,158.88023
2012-07-30 02:00:00,146.04855
2012-07-30 03:00:00,126.21541
2012-07-30 04:00:00,126.21541
2012-07-30 05:00:00,143.94682
2012-07-30 06:00:00,166.76634
2012-07-30 07:00:00,163.90843
2012-07-30 08:00:00,240.48215
2012-07-30 09:00:00,229.74141
2012-07-30 10:00:00,279.66537
2012-07-30 11:00:00,301.63678
2012-07-30 12:00:00,274.5821
2012-07-30 13:00:00,350.4921
2012-07-30 14:00:00,372.19397
2012-07-30 15:00:00,383.40503
2012-07-30 16:00:00,395.17273
2012-07-30 17:00:00,352.86853
2012-07-30 18:00:00,351.10156
2012-07-30 19:00:00,362.83487
2012-07-30 20:00:00,263.4953
2012-07-30 21:00:00,257.6362
2012-07-30 22:00:00,243.85199
2012-07-30 23:00:00,234.2766
2012-07-31 00:00:00,172.03044
2012-07-31 01:00:00,153.67076
2012-07-31 02:00:00,153.67076
2012-07-31 03:00:00,141.45381
2012-07-31 04:00:00,141.45381
2012-07-31 05:00:00,166.76634
2012-07-31 06:00:00,148.56044
2012-07-31 07:00:00,193.49342
2012-07-31 08:00:00,186.45053
2012-07-31 09:00:00,226.22484
2012-07-31 10:00:00,206.14806
2012-07-31 11:00:00,243.1507
2012-07-31 12:00:00,309.84515
2012-07-31 13:00:00,399.53906
2012-07-31 14:00:00,399.53906
2012-07-31 15:00:00,292.21967
2012-07-31 16:00:00,341.48154
2012-07-31 17:00:00,361.79282
2012-07-31 18:00:00,362.26547
2012-07-31 19:00:00,279.5901
2012-07-31 20:00:00,244.54254
2012-07-31 21:00:00,197.7386
2012-07-31 22:00:00,227.7261
2012-07-31 23:00:00,181.12639
2012-08-20 00:00:00,146.2433
2012-08-20 01:00:00,154.5949
2012-08-20 02:00:00,154.5949
2012-08-20 03:00:00,130.05751
2012-08-20 04:00:00,143.38701
2012-08-20 05:00:00,128.1247
2012-08-20 06:00:00,176.83525
2012-08-20 07:00:00,185.02458
2012-08-20 08:00:00,200.55452
2012-08-20 09:00:00,203.26709
2012-08-20 10:00:00,216.88737
2012-08-20 11:00:00,218.4781
2012-08-20 12:00:00,235.5019
2012-08-20 13:00:00,268.35822
2012-08-20 14:00:00,302.18384
2012-08-20 15:00:00,332.4832
2012-08-20 16:00:00,332.4832
2012-08-20 17:00:00,295.68088
2012-08-20 18:00:00,186.40889
2012-08-20 19:00:00,186.28767
2012-08-20 20:00:00,175.57149
2012-08-20 21:00:00,117.27212
2012-08-20 22:00:00,128.1247
2012-08-20 23:00:00,128.1247
2012-08-21 00:00:00,143.38701
2012-08-21 01:00:00,152.75026
2012-08-21 02:00:00,162.32759
2012-08-21 03:00:00,110.98551
2012-08-21 04:00:00,110.98551
2012-08-21 05:00:00,129.59282
2012-08-21 06:00:00,132.68121
2012-08-21 07:00:00,142.17453
2012-08-21 08:00:00,153.0136
2012-08-21 09:00:00,156.63255
2012-08-21 10:00:00,230.30202
2012-08-21 11:00:00,229.57785
2012-08-21 12:00:00,274.05127
2012-08-21 13:00:00,303.48914
2012-08-21 14:00:00,336.5086
2012-08-21 15:00:00,327.13013
2012-08-21 16:00:00,327.13013
2012-08-21 17:00:00,358.11734
2012-08-21 18:00:00,326.193
2012-08-21 19:00:00,214.3448
2012-08-21 20:00:00,137.98051
2012-08-21 21:00:00,137.98051
2012-08-21 22:00:00,127.57936
2012-08-21 23:00:00,120.26519
2012-08-22 00:00:00,139.36293
2012-08-22 01:00:00,126.80288
2012-08-22 02:00:00,126.80288
2012-08-22 03:00:00,126.80288
2012-08-22 04:00:00,134.91374
2012-08-22 05:00:00,123.84232
2012-08-22 06:00:00,133.17784
2012-08-22 07:00:00,126.80288
2012-08-22 08:00:00,164.1908
2012-08-22 09:00:00,195.73093
2012-08-22 10:00:00,236.90546
2012-08-22 11:00:00,256.8391
2012-08-22 12:00:00,248.24132
2012-08-22 13:00:00,304.47113
2012-08-22 14:00:00,309.3935
2012-08-22 15:00:00,316.74057
2012-08-22 16:00:00,291.65527
2012-08-22 17:00:00,291.65527
2012-08-22 18:00:00,239.3598
2012-08-22 19:00:00,188.0114
2012-08-22 20:00:00,207.41913
2012-08-22 21:00:00,137.98051
2012-08-22 22:00:00,137.98051
2012-08-22 23:00:00,121.03653
2012-08-23 00:00:00,127.57936
2012-08-23 01:00:00,120.26519
2012-08-23 02:00:00,120.2652
2012-08-23 03:00:00,136.27452
2012-08-23 04:00:00,120.26519
2012-08-23 05:00:00,120.26519
2012-08-23 06:00:00,136.77763
2012-08-23 07:00:00,147.1548
2012-08-23 08:00:00,203.8935
2012-08-23 09:00:00,217.54417
2012-08-23 10:00:00,264.88632
2012-08-23 11:00:00,295.5642
2012-08-23 12:00:00,328.85303
2012-08-23 13:00:00,346.95792
2012-08-23 14:00:00,363.36978
2012-08-23 15:00:00,330.14835
2012-08-23 16:00:00,327.16064
2012-08-23 17:00:00,359.04092
2012-08-23 18:00:00,342.516
2012-08-23 19:00:00,277.64465
2012-08-23 20:00:00,244.63536
2012-08-23 21:00:00,257.00995
2012-08-23 22:00:00,241.43593
2012-08-23 23:00:00,209.1809
2012-08-24 00:00:00,209.1809
2012-08-24 01:00:00,185.54582
2012-08-24 02:00:00,164.48091
2012-08-24 03:00:00,137.98051
2012-08-24 04:00:00,185.54582
2012-08-24 05:00:00,127.57936
2012-08-24 06:00:00,131.1742
2012-08-24 07:00:00,154.20146
2012-08-24 08:00:00,188.0114
2012-08-24 09:00:00,233.24042
2012-08-24 10:00:00,263.88885
2012-08-24 11:00:00,274.3397
2012-08-24 12:00:00,280.0421
2012-08-24 13:00:00,324.33948
2012-08-24 14:00:00,325.39377
2012-08-24 15:00:00,290.03815
2012-08-24 16:00:00,290.03815
2012-08-24 17:00:00,312.81482
2012-08-24 18:00:00,275.97455
2012-08-24 19:00:00,273.77563
2012-08-24 20:00:00,259.6568
2012-08-24 21:00:00,259.19873
2012-08-24 22:00:00,230.45192
2012-08-24 23:00:00,226.71304
2012-08-25 00:00:00,289.5986
2012-08-25 01:00:00,241.4002
2012-08-25 02:00:00,158.71092
2012-08-25 03:00:00,159.13045
2012-08-25 04:00:00,193.83229
2012-08-25 05:00:00,183.86235
2012-08-25 06:00:00,150.10522
2012-08-25 07:00:00,155.19621
2012-08-25 08:00:00,201.26065
2012-08-25 09:00:00,231.39563
2012-08-25 10:00:00,258.74298
2012-08-25 11:00:00,306.09094
2012-08-25 12:00:00,303.3589
2012-08-25 13:00:00,344.41388
2012-08-25 14:00:00,227.08008
2012-08-25 15:00:00,206.41899
2012-08-25 16:00:00,208.9165
2012-08-25 17:00:00,213.18077
2012-08-25 18:00:00,233.53105
2012-08-25 19:00:00,177.7718
2012-08-25 20:00:00,146.31087
2012-08-25 21:00:00,173.94106
2012-08-25 22:00:00,173.94106
2012-08-25 23:00:00,151.11394
2012-08-26 00:00:00,127.13399
2012-08-26 01:00:00,112.39921
2012-08-26 02:00:00,131.98386
2012-08-26 03:00:00,138.64664
2012-08-26 04:00:00,128.31076
2012-08-26 05:00:00,112.39921
2012-08-26 06:00:00,138.55702
2012-08-26 07:00:00,112.39921
2012-08-26 08:00:00,183.06197
2012-08-26 09:00:00,172.24112
2012-08-26 10:00:00,311.44537
2012-08-26 11:00:00,311.97366
2012-08-26 12:00:00,247.1313
2012-08-26 13:00:00,186.53436
2012-08-26 14:00:00,98.149796
2012-08-26 15:00:00,148.64311
2012-08-26 16:00:00,148.64311
2012-08-26 17:00:00,118.61812
2012-08-26 18:00:00,116.03692
2012-08-26 19:00:00,125.38407
2012-08-26 20:00:00,108.23879
2012-08-26 21:00:00,109.27436
2012-08-26 22:00:00,94.16312
2012-08-26 23:00:00,101.32346
2012-08-27 00:00:00,120.26519
2012-08-27 01:00:00,130.52779
2012-08-27 02:00:00,138.05208
2012-08-27 03:00:00,130.52782
2012-08-27 04:00:00,120.26519
2012-08-27 05:00:00,114.860634
2012-08-27 06:00:00,114.860634
2012-08-27 07:00:00,126.21541
2012-08-27 08:00:00,141.45381
2012-08-27 09:00:00,143.94682
2012-08-27 10:00:00,228.11287
2012-08-27 11:00:00,279.19208
2012-08-27 12:00:00,228.37987
2012-08-27 13:00:00,319.94922
2012-08-27 14:00:00,320.22217
2012-08-27 15:00:00,402.45538
2012-08-27 16:00:00,389.5392
2012-08-27 17:00:00,372.39026
2012-08-27 18:00:00,374.31406
2012-08-27 19:00:00,272.71146
2012-08-27 20:00:00,266.7176
2012-08-27 21:00:00,248.81541
2012-08-27 22:00:00,193.20668
2012-08-27 23:00:00,180.75313
2012-08-28 00:00:00,207.41292
2012-08-28 01:00:00,173.2444
2012-08-28 02:00:00,197.74535
2012-08-28 03:00:00,142.46205
2012-08-28 04:00:00,153.67076
2012-08-28 05:00:00,157.39748
2012-08-28 06:00:00,147.65015
2012-08-28 07:00:00,162.38878
2012-08-28 08:00:00,156.82538
2012-08-28 09:00:00,226.55594
2012-08-28 10:00:00,307.7749
2012-08-28 11:00:00,376.22992
2012-08-28 12:00:00,395.17273
2012-08-28 13:00:00,401.65363
2012-08-28 14:00:00,413.8283
2012-08-28 15:00:00,400.0722
2012-08-28 16:00:00,399.7422
2012-08-28 17:00:00,408.3431
2012-08-28 18:00:00,384.75034
2012-08-28 19:00:00,329.94733
2012-08-28 20:00:00,296.21765
2012-08-28 21:00:00,288.23007
2012-08-28 22:00:00,229.57785
2012-08-28 23:00:00,209.72003
2012-08-29 00:00:00,164.48091
2012-08-29 01:00:00,208.48534
2012-08-29 02:00:00,178.59227
2012-08-29 03:00:00,163.90941
2012-08-29 04:00:00,196.21071
2012-08-29 05:00:00,194.53712
2012-08-29 06:00:00,194.53712
2012-08-29 07:00:00,205.10133
2012-08-29 08:00:00,246.14505
2012-08-29 09:00:00,313.53055
2012-08-29 10:00:00,316.77002
2012-08-29 11:00:00,274.05127
2012-08-29 12:00:00,315.10117
2012-08-29 13:00:00,297.02252
2012-08-29 14:00:00,325.81732
2012-08-29 15:00:00,362.91473
2012-08-29 16:00:00,354.00745
2012-08-29 17:00:00,389.8429
2012-08-29 18:00:00,338.88715
2012-08-29 19:00:00,303.50894
2012-08-29 20:00:00,209.72003
2012-08-29 21:00:00,255.94325
2012-08-29 22:00:00,220.37547
2012-08-29 23:00:00,207.72557
2012-08-30 00:00:00,156.63255
2012-08-30 01:00:00,179.25275
2012-08-30 02:00:00,133.17784
2012-08-30 03:00:00,133.17784
2012-08-30 04:00:00,133.17784
2012-08-30 05:00:00,133.17784
2012-08-30 06:00:00,154.5949
2012-08-30 07:00:00,137.98051
2012-08-30 08:00:00,188.72137
2012-08-30 09:00:00,212.34807
2012-08-30 10:00:00,235.94052
2012-08-30 11:00:00,325.81732
2012-08-30 12:00:00,323.49655
2012-08-30 13:00:00,304.47113
2012-08-30 14:00:00,316.74057
2012-08-30 15:00:00,355.24042
2012-08-30 16:00:00,363.7821
2012-08-30 17:00:00,385.7695
2012-08-30 18:00:00,361.29956
2012-08-30 19:00:00,316.74057
2012-08-30 20:00:00,302.01117
2012-08-30 21:00:00,254.47476
2012-08-30 22:00:00,177.09103
2012-08-30 23:00:00,198.7552
2012-08-31 00:00:00,174.1863
2012-08-31 01:00:00,174.1863
2012-08-31 02:00:00,142.46207
2012-08-31 03:00:00,137.44371
2012-08-31 04:00:00,139.58403
2012-08-31 05:00:00,148.56044
2012-08-31 06:00:00,156.61777
2012-08-31 07:00:00,142.09471
2012-08-31 08:00:00,206.11403
2012-08-31 09:00:00,205.72066
2012-08-31 10:00:00,264.5351
2012-08-31 11:00:00,375.5066
2012-08-31 12:00:00,363.42896
2012-08-31 13:00:00,377.6636
2012-08-31 14:00:00,347.60016
2012-08-31 15:00:00,370.3315
2012-08-31 16:00:00,360.889
2012-08-31 17:00:00,357.9173
2012-08-31 18:00:00,391.93433
2012-08-31 19:00:00,341.3711
2012-08-31 20:00:00,341.3711
2012-08-31 21:00:00,332.50018
2012-08-31 22:00:00,332.50018
2012-08-31 23:00:00,259.28485
2012-09-20 00:00:00,161.10408
2012-09-20 01:00:00,132.76945
2012-09-20 02:00:00,130.30983
2012-09-20 03:00:00,107.610634
2012-09-20 04:00:00,124.11887
2012-09-20 05:00:00,124.11887
2012-09-20 06:00:00,107.610634
2012-09-20 07:00:00,121.12765
2012-09-20 08:00:00,153.3648
2012-09-20 09:00:00,211.01732
2012-09-20 10:00:00,239.43474
2012-09-20 11:00:00,260.41162
2012-09-20 12:00:00,306.6178
2012-09-20 13:00:00,305.49133
2012-09-20 14:00:00,311.24023
2012-09-20 15:00:00,312.12598
2012-09-20 16:00:00,302.78986
2012-09-20 17:00:00,299.82928
2012-09-20 18:00:00,264.6482
2012-09-20 19:00:00,218.61601
2012-09-20 20:00:00,201.61147
2012-09-20 21:00:00,201.00237
2012-09-20 22:00:00,136.83125
2012-09-20 23:00:00,166.36755
2012-09-21 00:00:00,135.5501
2012-09-21 01:00:00,120.794685
2012-09-21 02:00:00,120.794685
2012-09-21 03:00:00,125.07861
2012-09-21 04:00:00,110.94871
2012-09-21 05:00:00,105.89221
2012-09-21 06:00:00,125.07861
2012-09-21 07:00:00,112.14331
2012-09-21 08:00:00,146.73563
2012-09-21 09:00:00,184.9446
2012-09-21 10:00:00,244.41971
2012-09-21 11:00:00,271.11194
2012-09-21 12:00:00,268.56927
2012-09-21 13:00:00,292.45868
2012-09-21 14:00:00,309.53815
2012-09-21 15:00:00,312.1463
2012-09-21 16:00:00,303.50897
2012-09-21 17:00:00,284.39868
2012-09-21 18:00:00,259.26535
2012-09-21 19:00:00,236.71944
2012-09-21 20:00:00,218.13615
2012-09-21 21:00:00,195.86806
2012-09-21 22:00:00,194.53712
2012-09-21 23:00:00,204.68285
2012-09-22 00:00:00,183.49507
2012-09-22 01:00:00,146.26137
2012-09-22 02:00:00,117.066475
2012-09-22 03:00:00,137.14796
2012-09-22 04:00:00,137.14796
2012-09-22 05:00:00,149.4139
2012-09-22 06:00:00,142.44397
2012-09-22 07:00:00,141.1767
2012-09-22 08:00:00,187.79794
2012-09-22 09:00:00,205.58781
2012-09-22 10:00:00,244.82295
2012-09-22 11:00:00,325.2135
2012-09-22 12:00:00,360.67474
2012-09-22 13:00:00,385.30658
2012-09-22 14:00:00,436.0796
2012-09-22 15:00:00,405.657
2012-09-22 16:00:00,388.60596
2012-09-22 17:00:00,388.60596
2012-09-22 18:00:00,363.58258
2012-09-22 19:00:00,321.0849
2012-09-22 20:00:00,351.04044
2012-09-22 21:00:00,293.10788
2012-09-22 22:00:00,291.87213
2012-09-22 23:00:00,341.40732
2012-09-23 00:00:00,446.7116
2012-09-23 01:00:00,281.42096
2012-09-23 02:00:00,311.37396
2012-09-23 03:00:00,237.95177
2012-09-23 04:00:00,230.00049
2012-09-23 05:00:00,214.10118
2012-09-23 06:00:00,198.83882
2012-09-23 07:00:00,209.69832
2012-09-23 08:00:00,237.64055
2012-09-23 09:00:00,266.13394
2012-09-23 10:00:00,345.73517
2012-09-23 11:00:00,357.14587
2012-09-23 12:00:00,378.07904
2012-09-23 13:00:00,443.2801
2012-09-23 14:00:00,446.79047
2012-09-23 15:00:00,454.6292
2012-09-23 16:00:00,410.4914
2012-09-23 17:00:00,368.65564
2012-09-23 18:00:00,393.0868
2012-09-23 19:00:00,365.24033
2012-09-23 20:00:00,365.24033
2012-09-23 21:00:00,290.651
2012-09-23 22:00:00,378.56497
2012-09-23 23:00:00,262.94287
2012-09-24 00:00:00,233.63136
2012-09-24 01:00:00,225.74055
2012-09-24 02:00:00,253.00482
2012-09-24 03:00:00,241.31061
2012-09-24 04:00:00,222.95702
2012-09-24 05:00:00,259.78204
2012-09-24 06:00:00,280.66312
2012-09-24 07:00:00,225.74055
2012-09-24 08:00:00,280.15076
2012-09-24 09:00:00,293.18713
2012-09-24 10:00:00,303.91388
2012-09-24 11:00:00,350.51935
2012-09-24 12:00:00,367.30658
2012-09-24 13:00:00,382.37137
2012-09-24 14:00:00,371.72443
2012-09-24 15:00:00,367.88922
2012-09-24 16:00:00,368.30682
2012-09-24 17:00:00,357.3125
2012-09-24 18:00:00,333.45627
2012-09-24 19:00:00,310.89398
2012-09-24 20:00:00,303.88037
2012-09-24 21:00:00,299.36963
2012-09-24 22:00:00,284.20276
2012-09-24 23:00:00,246.85927
2012-09-25 00:00:00,221.653
2012-09-25 01:00:00,192.45473
2012-09-25 02:00:00,152.57018
2012-09-25 03:00:00,197.42561
2012-09-25 04:00:00,190.53749
2012-09-25 05:00:00,152.69753
2012-09-25 06:00:00,169.0588
2012-09-25 07:00:00,167.05766
2012-09-25 08:00:00,223.07199
2012-09-25 09:00:00,272.8894
2012-09-25 10:00:00,290.98657
2012-09-25 11:00:00,353.4708
2012-09-25 12:00:00,374.58453
2012-09-25 13:00:00,365.57892
2012-09-25 14:00:00,406.1198
2012-09-25 15:00:00,402.7825
2012-09-25 16:00:00,403.99762
2012-09-25 17:00:00,403.00092
2012-09-25 18:00:00,378.36322
2012-09-25 19:00:00,342.83002
2012-09-25 20:00:00,301.71973
2012-09-25 21:00:00,301.71973
2012-09-25 22:00:00,300.91577
2012-09-25 23:00:00,303.22504
2012-09-26 00:00:00,252.47948
2012-09-26 01:00:00,252.99248
2012-09-26 02:00:00,253.73663
2012-09-26 03:00:00,253.73663
2012-09-26 04:00:00,217.5949
2012-09-26 05:00:00,219.22691
2012-09-26 06:00:00,214.91243
2012-09-26 07:00:00,202.12755
2012-09-26 08:00:00,217.99855
2012-09-26 09:00:00,280.32288
2012-09-26 10:00:00,229.88408
2012-09-26 11:00:00,292.1543
2012-09-26 12:00:00,318.7667
2012-09-26 13:00:00,344.92908
2012-09-26 14:00:00,415.99634
2012-09-26 15:00:00,416.0293
2012-09-26 16:00:00,418.27133
2012-09-26 17:00:00,416.0293
2012-09-26 18:00:00,399.10706
2012-09-26 19:00:00,361.1306
2012-09-26 20:00:00,279.90363
2012-09-26 21:00:00,293.85223
2012-09-26 22:00:00,273.7301
2012-09-26 23:00:00,216.3929
2012-09-27 00:00:00,195.53355
2012-09-27 01:00:00,195.53355
2012-09-27 02:00:00,195.53354
2012-09-27 03:00:00,185.994
2012-09-27 04:00:00,127.68242
2012-09-27 05:00:00,148.6069
2012-09-27 06:00:00,140.41937
2012-09-27 07:00:00,185.99403
2012-09-27 08:00:00,248.1862
2012-09-27 09:00:00,296.80054
2012-09-27 10:00:00,348.86014
2012-09-27 11:00:00,327.19104
2012-09-27 12:00:00,323.00183
2012-09-27 13:00:00,307.13928
2012-09-27 14:00:00,322.57196
2012-09-27 15:00:00,338.4364
2012-09-27 16:00:00,316.6369
2012-09-27 17:00:00,258.65076
2012-09-27 18:00:00,274.86975
2012-09-27 19:00:00,296.0052
2012-09-27 20:00:00,269.96475
2012-09-27 21:00:00,202.72102
2012-09-27 22:00:00,202.72102
2012-09-27 23:00:00,224.88066
2012-09-28 00:00:00,196.08989
2012-09-28 01:00:00,204.26776
2012-09-28 02:00:00,175.94139
2012-09-28 03:00:00,208.56071
2012-09-28 04:00:00,193.6172
2012-09-28 05:00:00,128.37766
2012-09-28 06:00:00,141.30486
2012-09-28 07:00:00,130.51215
2012-09-28 08:00:00,159.47174
2012-09-28 09:00:00,208.59706
2012-09-28 10:00:00,242.36913
2012-09-28 11:00:00,295.15375
2012-09-28 12:00:00,338.21997
2012-09-28 13:00:00,348.15735
2012-09-28 14:00:00,338.21997
2012-09-28 15:00:00,323.68213
2012-09-28 16:00:00,331.47412
2012-09-28 17:00:00,312.57886
2012-09-28 18:00:00,325.9097
2012-09-28 19:00:00,293.0365
2012-09-28 20:00:00,288.9681
2012-09-28 21:00:00,289.23663
2012-09-28 22:00:00,291.42148
2012-09-28 23:00:00,287.2362
2012-09-29 00:00:00,248.21149
2012-09-29 01:00:00,248.21149
2012-09-29 02:00:00,255.22624
2012-09-29 03:00:00,236.90543
2012-09-29 04:00:00,233.36807
2012-09-29 05:00:00,207.41008
2012-09-29 06:00:00,211.01598
2012-09-29 07:00:00,193.55049
2012-09-29 08:00:00,196.18651
2012-09-29 09:00:00,207.41008
2012-09-29 10:00:00,264.7202
2012-09-29 11:00:00,302.48407
2012-09-29 12:00:00,417.9892
2012-09-29 13:00:00,417.9892
2012-09-29 14:00:00,426.38986
2012-09-29 15:00:00,419.09015
2012-09-29 16:00:00,435.90588
2012-09-29 17:00:00,391.38165
2012-09-29 18:00:00,372.36298
2012-09-29 19:00:00,289.33832
2012-09-29 20:00:00,281.64798
2012-09-29 21:00:00,287.86133
2012-09-29 22:00:00,238.3476
2012-09-29 23:00:00,256.5172
2012-09-30 00:00:00,312.43405
2012-09-30 01:00:00,312.43405
2012-09-30 02:00:00,285.77435
2012-09-30 03:00:00,205.50969
2012-09-30 04:00:00,205.50969
2012-09-30 05:00:00,211.64494
2012-09-30 06:00:00,166.64264
2012-09-30 07:00:00,161.6292
2012-09-30 08:00:00,210.36737
2012-09-30 09:00:00,243.66231
2012-09-30 10:00:00,381.49518
2012-09-30 11:00:00,424.78983
2012-09-30 12:00:00,417.9892
2012-09-30 13:00:00,435.90588
2012-09-30 14:00:00,435.90588
2012-09-30 15:00:00,473.6904
2012-09-30 16:00:00,474.55896
2012-09-30 17:00:00,444.09055
2012-09-30 18:00:00,237.50282
2012-09-30 19:00:00,196.8281
2012-09-30 20:00:00,196.8281
2012-09-30 21:00:00,257.64108
2012-09-30 22:00:00,221.08421
2012-09-30 23:00:00,179.85364
2012-10-20 00:00:00,120.33139
2012-10-20 01:00:00,156.74352
2012-10-20 02:00:00,127.197136
2012-10-20 03:00:00,130.12492
2012-10-20 04:00:00,211.64494
2012-10-20 05:00:00,107.15179
2012-10-20 06:00:00,213.8001
2012-10-20 07:00:00,107.15179
2012-10-20 08:00:00,189.3608
2012-10-20 09:00:00,259.01263
2012-10-20 10:00:00,304.56885
2012-10-20 11:00:00,307.9619
2012-10-20 12:00:00,359.9375
2012-10-20 13:00:00,386.25122
2012-10-20 14:00:00,466.6368
2012-10-20 15:00:00,438.6605
2012-10-20 16:00:00,344.11444
2012-10-20 17:00:00,381.35153
2012-10-20 18:00:00,360.94427
2012-10-20 19:00:00,334.3158
2012-10-20 20:00:00,344.71155
2012-10-20 21:00:00,276.3603
2012-10-20 22:00:00,275.4088
2012-10-20 23:00:00,296.32184
2012-10-21 00:00:00,242.69263
2012-10-21 01:00:00,203.06801
2012-10-21 02:00:00,183.66617
2012-10-21 03:00:00,172.77068
2012-10-21 04:00:00,133.1923
2012-10-21 05:00:00,172.77068
2012-10-21 06:00:00,266.71497
2012-10-21 07:00:00,266.71497
2012-10-21 08:00:00,245.82007
2012-10-21 09:00:00,249.90587
2012-10-21 10:00:00,282.09305
2012-10-21 11:00:00,307.80878
2012-10-21 12:00:00,332.70786
2012-10-21 13:00:00,384.92896
2012-10-21 14:00:00,415.09094
2012-10-21 15:00:00,357.6518
2012-10-21 16:00:00,381.35153
2012-10-21 17:00:00,348.4361
2012-10-21 18:00:00,371.23547
2012-10-21 19:00:00,352.53345
2012-10-21 20:00:00,318.35913
2012-10-21 21:00:00,229.96675
2012-10-21 22:00:00,316.02203
2012-10-21 23:00:00,324.83743
2012-10-22 00:00:00,240.96371
2012-10-22 01:00:00,197.05067
2012-10-22 02:00:00,181.81905
2012-10-22 03:00:00,240.96371
2012-10-22 04:00:00,214.3538
2012-10-22 05:00:00,140.93834
2012-10-22 06:00:00,139.54869
2012-10-22 07:00:00,209.85269
2012-10-22 08:00:00,231.16391
2012-10-22 09:00:00,257.24146
2012-10-22 10:00:00,312.2293
2012-10-22 11:00:00,340.4007
2012-10-22 12:00:00,336.7484
2012-10-22 13:00:00,361.89935
2012-10-22 14:00:00,364.9828
2012-10-22 15:00:00,366.1495
2012-10-22 16:00:00,365.95047
2012-10-22 17:00:00,352.79822
2012-10-22 18:00:00,277.20197
2012-10-22 19:00:00,303.8803
2012-10-22 20:00:00,288.65402
2012-10-22 21:00:00,240.6582
2012-10-22 22:00:00,144.94905
2012-10-22 23:00:00,142.65451
2012-10-23 00:00:00,142.99432
2012-10-23 01:00:00,170.44743
2012-10-23 02:00:00,140.43584
2012-10-23 03:00:00,164.3012
2012-10-23 04:00:00,152.94456
2012-10-23 05:00:00,166.49466
2012-10-23 06:00:00,137.5669
2012-10-23 07:00:00,192.90045
2012-10-23 08:00:00,227.07631
2012-10-23 09:00:00,238.21608
2012-10-23 10:00:00,295.45288
2012-10-23 11:00:00,303.8019
2012-10-23 12:00:00,285.3986
2012-10-23 13:00:00,301.67105
2012-10-23 14:00:00,369.41833
2012-10-23 15:00:00,390.82767
2012-10-23 16:00:00,328.643
2012-10-23 17:00:00,351.09894
2012-10-23 18:00:00,310.0652
2012-10-23 19:00:00,310.45142
2012-10-23 20:00:00,288.35052
2012-10-23 21:00:00,255.64366
2012-10-23 22:00:00,259.5635
2012-10-23 23:00:00,223.62332
2012-10-24 00:00:00,220.81743
2012-10-24 01:00:00,250.58534
2012-10-24 02:00:00,250.58534
2012-10-24 03:00:00,186.77641
2012-10-24 04:00:00,186.77641
2012-10-24 05:00:00,144.50063
2012-10-24 06:00:00,150.42036
2012-10-24 07:00:00,134.76973
2012-10-24 08:00:00,187.03493
2012-10-24 09:00:00,221.47255
2012-10-24 10:00:00,247.36565
2012-10-24 11:00:00,284.90005
2012-10-24 12:00:00,299.8192
2012-10-24 13:00:00,303.58527
2012-10-24 14:00:00,402.00482
2012-10-24 15:00:00,358.37585
2012-10-24 16:00:00,382.29913
2012-10-24 17:00:00,317.38327
2012-10-24 18:00:00,323.42627
2012-10-24 19:00:00,286.57062
2012-10-24 20:00:00,289.42126
2012-10-24 21:00:00,292.4532
2012-10-24 22:00:00,291.63654
2012-10-24 23:00:00,272.65686
2012-10-25 00:00:00,288.45764
2012-10-25 01:00:00,260.01825
2012-10-25 02:00:00,181.18602
2012-10-25 03:00:00,153.25731
2012-10-25 04:00:00,155.93214
2012-10-25 05:00:00,152.92557
2012-10-25 06:00:00,154.81882
2012-10-25 07:00:00,154.81882
2012-10-25 08:00:00,178.57683
2012-10-25 09:00:00,178.82617
2012-10-25 10:00:00,190.61751
2012-10-25 11:00:00,193.48929
2012-10-25 12:00:00,225.24252
2012-10-25 13:00:00,221.36331
2012-10-25 14:00:00,241.05855
2012-10-25 15:00:00,290.84717
2012-10-25 16:00:00,264.64532
2012-10-25 17:00:00,264.64532
2012-10-25 18:00:00,158.1363
2012-10-25 19:00:00,163.75558
2012-10-25 20:00:00,153.25731
2012-10-25 21:00:00,153.25731
2012-10-25 22:00:00,193.44745
2012-10-25 23:00:00,190.61751
2012-10-26 00:00:00,223.22316
2012-10-26 01:00:00,155.3702
2012-10-26 02:00:00,155.93214
2012-10-26 03:00:00,152.92557
2012-10-26 04:00:00,152.92557
2012-10-26 05:00:00,155.93214
2012-10-26 06:00:00,155.3702
2012-10-26 07:00:00,155.93214
2012-10-26 08:00:00,158.58409
2012-10-26 09:00:00,158.58409
2012-10-26 10:00:00,160.93977
2012-10-26 11:00:00,218.82326
2012-10-26 12:00:00,240.34904
2012-10-26 13:00:00,276.53723
2012-10-26 14:00:00,291.63654
2012-10-26 15:00:00,292.4532
2012-10-26 16:00:00,247.94359
2012-10-26 17:00:00,220.13121
2012-10-26 18:00:00,223.31104
2012-10-26 19:00:00,185.26207
2012-10-26 20:00:00,185.26205
2012-10-26 21:00:00,221.80362
2012-10-26 22:00:00,183.01326
2012-10-26 23:00:00,156.3635
2012-10-27 00:00:00,107.02282
2012-10-27 01:00:00,125.22843
2012-10-27 02:00:00,129.17715
2012-10-27 03:00:00,111.20466
2012-10-27 04:00:00,127.12402
2012-10-27 05:00:00,140.25468
2012-10-27 06:00:00,140.25468
2012-10-27 07:00:00,123.106026
2012-10-27 08:00:00,158.8466
2012-10-27 09:00:00,158.8466
2012-10-27 10:00:00,186.53755
2012-10-27 11:00:00,229.5248
2012-10-27 12:00:00,353.58636
2012-10-27 13:00:00,419.09015
2012-10-27 14:00:00,404.3797
2012-10-27 15:00:00,240.10223
2012-10-27 16:00:00,223.47289
2012-10-27 17:00:00,223.47289
2012-10-27 18:00:00,223.47289
2012-10-27 19:00:00,183.61638
2012-10-27 20:00:00,183.61638
2012-10-27 21:00:00,183.61638
2012-10-27 22:00:00,184.89737
2012-10-27 23:00:00,192.68956
2012-10-28 00:00:00,188.60216
2012-10-28 01:00:00,179.41133
2012-10-28 02:00:00,189.3045
2012-10-28 03:00:00,203.95967
2012-10-28 04:00:00,204.32863
2012-10-28 05:00:00,202.9574
2012-10-28 06:00:00,217.15791
2012-10-28 07:00:00,218.52168
2012-10-28 08:00:00,219.34792
2012-10-28 09:00:00,234.28493
2012-10-28 10:00:00,246.74838
2012-10-28 11:00:00,252.98749
2012-10-28 12:00:00,211.49123
2012-10-28 13:00:00,211.88583
2012-10-28 14:00:00,218.73486
2012-10-28 15:00:00,203.89328
2012-10-28 16:00:00,171.11351
2012-10-28 17:00:00,142.03334
2012-10-28 18:00:00,104.29055
2012-10-28 19:00:00,115.41985
2012-10-28 20:00:00,107.11855
2012-10-28 21:00:00,117.226265
2012-10-28 22:00:00,120.4726
2012-10-28 23:00:00,115.41985
2012-10-29 00:00:00,122.98751
2012-10-30 13:00:00,94.6562
2012-10-30 14:00:00,94.6562
2012-10-30 15:00:00,111.38578
2012-10-30 16:00:00,111.38578
2012-10-30 17:00:00,115.85923
2012-10-30 18:00:00,126.71616
2012-10-30 19:00:00,234.04434
2012-10-30 20:00:00,129.28577
2012-10-30 21:00:00,134.83888
2012-10-30 22:00:00,139.18616
2012-10-30 23:00:00,139.18616
2012-10-31 00:00:00,134.97874
2012-10-31 01:00:00,133.81116
2012-10-31 02:00:00,135.20326
2012-10-31 03:00:00,134.97874
2012-10-31 04:00:00,128.00691
2012-10-31 05:00:00,135.20326
2012-10-31 06:00:00,139.4269
2012-10-31 07:00:00,134.02153
2012-10-31 08:00:00,140.04967
2012-10-31 09:00:00,141.63283
2012-10-31 10:00:00,151.85458
2012-10-31 11:00:00,182.12445
2012-10-31 12:00:00,234.45299
2012-10-31 13:00:00,263.00244
2012-10-31 14:00:00,248.97507
2012-10-31 15:00:00,263.45093
2012-10-31 16:00:00,245.71516
2012-10-31 17:00:00,241.82564
2012-10-31 18:00:00,241.82564
2012-10-31 19:00:00,249.42929
2012-10-31 20:00:00,249.42929
2012-10-31 21:00:00,249.42929
2012-10-31 22:00:00,232.1298
2012-10-31 23:00:00,236.62483
2012-11-20 00:00:00,146.79709
2012-11-20 01:00:00,183.11324
2012-11-20 02:00:00,136.66783
2012-11-20 03:00:00,166.17119
2012-11-20 04:00:00,178.52646
2012-11-20 05:00:00,186.43462
2012-11-20 06:00:00,164.80101
2012-11-20 07:00:00,139.13438
2012-11-20 08:00:00,146.51591
2012-11-20 09:00:00,188.67735
2012-11-20 10:00:00,228.77643
2012-11-20 11:00:00,232.53575
2012-11-20 12:00:00,246.35678
2012-11-20 13:00:00,300.06378
2012-11-20 14:00:00,263.56238
2012-11-20 15:00:00,272.89417
2012-11-20 16:00:00,247.3676
2012-11-20 17:00:00,195.27876
2012-11-20 18:00:00,228.77643
2012-11-20 19:00:00,218.11705
2012-11-20 20:00:00,167.34428
2012-11-20 21:00:00,161.23083
2012-11-20 22:00:00,161.23083
2012-11-20 23:00:00,137.95973
2012-11-21 00:00:00,119.24146
2012-11-21 01:00:00,137.95973
2012-11-21 02:00:00,135.01753
2012-11-21 03:00:00,135.01753
2012-11-21 04:00:00,135.01753
2012-11-21 05:00:00,135.01753
2012-11-21 06:00:00,133.98431
2012-11-21 07:00:00,131.9742
2012-11-21 08:00:00,132.12971
2012-11-21 09:00:00,139.13441
2012-11-21 10:00:00,219.59492
2012-11-21 11:00:00,261.9388
2012-11-21 12:00:00,282.56796
2012-11-21 13:00:00,301.1771
2012-11-21 14:00:00,321.53943
2012-11-21 15:00:00,284.99512
2012-11-21 16:00:00,301.92236
2012-11-21 17:00:00,274.26196
2012-11-21 18:00:00,283.88132
2012-11-21 19:00:00,263.5851
2012-11-21 20:00:00,213.99599
2012-11-21 21:00:00,273.2395
2012-11-21 22:00:00,255.2992
2012-11-21 23:00:00,194.53252
2012-11-22 00:00:00,92.382286
2012-11-22 01:00:00,41.158436
2012-11-22 02:00:00,26.244349
2012-11-22 03:00:00,33.35226
2012-11-22 04:00:00,32.747597
2012-11-22 05:00:00,33.35226
2012-11-22 06:00:00,38.830894
2012-11-22 07:00:00,31.589706
2012-11-22 08:00:00,42.56496
2012-11-22 09:00:00,50.267094
2012-11-22 10:00:00,235.80896
2012-11-22 11:00:00,338.37454
2012-11-22 12:00:00,341.1224
2012-11-22 13:00:00,388.7541
2012-11-22 14:00:00,418.0741
2012-11-22 15:00:00,418.0741
2012-11-22 16:00:00,379.559
2012-11-22 17:00:00,341.1224
2012-11-22 18:00:00,272.31497
2012-11-22 19:00:00,70.67464
2012-11-22 20:00:00,69.34176
2012-11-22 21:00:00,170.97443
2012-11-22 22:00:00,114.67243
2012-11-22 23:00:00,31.751421
2012-11-23 00:00:00,112.900925
2012-11-23 01:00:00,134.97429
2012-11-23 02:00:00,131.82808
2012-11-23 03:00:00,85.43785
2012-11-23 04:00:00,127.79449
2012-11-23 05:00:00,91.07554
2012-11-23 06:00:00,91.07554
2012-11-23 07:00:00,91.07554
2012-11-23 08:00:00,129.22842
2012-11-23 09:00:00,135.40361
2012-11-23 10:00:00,203.60924
2012-11-23 11:00:00,261.9388
2012-11-23 12:00:00,289.24023
2012-11-23 13:00:00,301.1315
2012-11-23 14:00:00,329.68665
2012-11-23 15:00:00,297.79874
2012-11-23 16:00:00,276.6103
2012-11-23 17:00:00,272.3609
2012-11-23 18:00:00,300.42352
2012-11-23 19:00:00,272.7391
2012-11-23 20:00:00,285.22723
2012-11-23 21:00:00,274.55133
2012-11-23 22:00:00,291.6668
2012-11-23 23:00:00,293.69604
2012-11-24 00:00:00,264.95297
2012-11-24 01:00:00,196.08885
2012-11-24 02:00:00,161.81013
2012-11-24 03:00:00,162.29675
2012-11-24 04:00:00,134.50356
2012-11-24 05:00:00,137.54033
2012-11-24 06:00:00,99.14389
2012-11-24 07:00:00,121.33789
2012-11-24 08:00:00,107.71801
2012-11-24 09:00:00,116.15655
2012-11-24 10:00:00,110.62596
2012-11-24 11:00:00,136.8909
2012-11-24 12:00:00,124.78237
2012-11-24 13:00:00,194.78023
2012-11-24 14:00:00,195.28929
2012-11-24 15:00:00,181.79655
2012-11-24 16:00:00,162.51921
2012-11-24 17:00:00,147.7309
2012-11-24 18:00:00,151.99992
2012-11-24 19:00:00,125.885735
2012-11-24 20:00:00,99.14391
2012-11-24 21:00:00,99.59926
2012-11-24 22:00:00,101.0141
2012-11-24 23:00:00,99.59926
2012-11-25 00:00:00,74.65219
2012-11-25 01:00:00,86.75401
2012-11-25 02:00:00,92.01368
2012-11-25 03:00:00,129.65027
2012-11-25 04:00:00,129.65027
2012-11-25 05:00:00,82.248955
2012-11-25 06:00:00,85.60952
2012-11-25 07:00:00,78.5913
2012-11-25 08:00:00,72.54208
2012-11-25 09:00:00,89.27187
2012-11-25 10:00:00,92.42654
2012-11-25 11:00:00,126.019066
2012-11-25 12:00:00,126.019066
2012-11-25 13:00:00,131.68864
2012-11-25 14:00:00,154.99602
2012-11-25 15:00:00,160.69069
2012-11-25 16:00:00,165.5558
2012-11-25 17:00:00,149.87346
2012-11-25 18:00:00,125.64229
2012-11-25 19:00:00,185.22203
2012-11-25 20:00:00,48.542675
2012-11-25 21:00:00,171.60204
2012-11-25 22:00:00,48.542675
2012-11-25 23:00:00,66.4271
2012-11-26 00:00:00,59.26824
2012-11-26 01:00:00,46.361588
2012-11-26 02:00:00,46.361588
2012-11-26 03:00:00,46.361588
2012-11-26 04:00:00,59.26824
2012-11-26 05:00:00,114.07156
2012-11-26 06:00:00,59.26824
2012-11-26 07:00:00,63.71138
2012-11-26 08:00:00,63.71138
2012-11-26 09:00:00,185.2123
2012-11-26 10:00:00,233.33508
2012-11-26 11:00:00,276.20288
2012-11-26 12:00:00,284.30774
2012-11-26 13:00:00,284.30774
2012-11-26 14:00:00,274.6309
2012-11-26 15:00:00,279.9445
2012-11-26 16:00:00,295.0861
2012-11-26 17:00:00,275.73053
2012-11-26 18:00:00,248.11905
2012-11-26 19:00:00,244.49088
2012-11-26 20:00:00,255.2992
2012-11-26 21:00:00,255.2992
2012-11-26 22:00:00,194.53252
2012-11-26 23:00:00,179.77696
2012-11-27 00:00:00,180.33165
2012-11-27 01:00:00,164.12056
2012-11-27 02:00:00,159.01051
2012-11-27 03:00:00,161.87953
2012-11-27 04:00:00,120.09263
2012-11-27 05:00:00,126.49048
2012-11-27 06:00:00,133.44893
2012-11-27 07:00:00,126.811165
2012-11-27 08:00:00,127.24575
2012-11-27 09:00:00,137.98915
2012-11-27 10:00:00,123.468056
2012-11-27 11:00:00,102.4978
2012-11-27 12:00:00,91.3005
2012-11-27 13:00:00,110.27402
2012-11-27 14:00:00,92.1015
2012-11-27 15:00:00,114.61672
2012-11-27 16:00:00,114.61672
2012-11-27 17:00:00,113.172386
2012-11-27 18:00:00,115.654274
2012-11-27 19:00:00,122.72083
2012-11-27 20:00:00,114.05809
2012-11-27 21:00:00,108.640625
2012-11-27 22:00:00,127.85945
2012-11-27 23:00:00,115.0467
2012-11-28 00:00:00,113.40001
2012-11-28 01:00:00,119.60862
2012-11-28 02:00:00,119.60862
2012-11-28 03:00:00,118.71591
2012-11-28 04:00:00,120.16126
2012-11-28 05:00:00,121.93015
2012-11-28 06:00:00,120.324265
2012-11-28 07:00:00,150.555
2012-11-28 08:00:00,107.78845
2012-11-28 09:00:00,189.5609
2012-11-28 10:00:00,223.02101
2012-11-28 11:00:00,239.16783
2012-11-28 12:00:00,231.41359
2012-11-28 13:00:00,251.39592
2012-11-28 14:00:00,241.33089
2012-11-28 15:00:00,249.21458
2012-11-28 16:00:00,258.55658
2012-11-28 17:00:00,258.45596
2012-11-28 18:00:00,227.45514
2012-11-28 19:00:00,243.90002
2012-11-28 20:00:00,245.21294
2012-11-28 21:00:00,230.34543
2012-11-28 22:00:00,206.4945
2012-11-28 23:00:00,191.2582
2012-11-29 00:00:00,132.1899
2012-11-29 01:00:00,100.92865
2012-11-29 02:00:00,48.56805
2012-11-29 04:00:00,101.88998
2012-11-29 05:00:00,46.361588
2012-11-29 06:00:00,59.26824
2012-11-29 07:00:00,36.793896
2012-11-29 08:00:00,99.379326
2012-11-29 09:00:00,82.44294
2012-11-29 10:00:00,139.59042
2012-11-29 11:00:00,255.68913
2012-11-29 12:00:00,262.37924
2012-11-29 13:00:00,283.9627
2012-11-29 14:00:00,248.11487
2012-11-29 15:00:00,237.77376
2012-11-29 16:00:00,250.14879
2012-11-29 17:00:00,251.57661
2012-11-29 18:00:00,231.34094
2012-11-29 19:00:00,203.52832
2012-11-29 20:00:00,210.95183
2012-11-29 21:00:00,132.15086
2012-11-29 22:00:00,126.983025
2012-11-29 23:00:00,138.73997
2012-11-30 00:00:00,133.83955
2012-11-30 01:00:00,116.20663
2012-11-30 02:00:00,81.447464
2012-11-30 03:00:00,81.447464
2012-11-30 04:00:00,69.74816
2012-11-30 05:00:00,67.020386
2012-11-30 06:00:00,76.68745
2012-11-30 07:00:00,78.1851
2012-11-30 08:00:00,114.670784
2012-11-30 09:00:00,122.35016
2012-11-30 10:00:00,164.32991
2012-11-30 11:00:00,238.5505
2012-11-30 12:00:00,289.8369
2012-11-30 13:00:00,261.3584
2012-11-30 14:00:00,269.5488
2012-11-30 15:00:00,272.23987
2012-11-30 16:00:00,277.16782
2012-11-30 17:00:00,243.83286
2012-11-30 18:00:00,230.64934
2012-11-30 19:00:00,157.27376
2012-11-30 20:00:00,157.27376
2012-11-30 21:00:00,137.67346
2012-11-30 22:00:00,110.19837
2012-11-30 23:00:00,132.81305
2012-12-20 00:00:00,199.28575
2012-12-20 01:00:00,157.27376
2012-12-20 02:00:00,157.27376
2012-12-20 03:00:00,143.75676
2012-12-20 04:00:00,143.75676
2012-12-20 05:00:00,146.46007
2012-12-20 06:00:00,164.32991
2012-12-20 07:00:00,127.71427
2012-12-20 08:00:00,127.71427
2012-12-20 09:00:00,127.71427
2012-12-20 10:00:00,176.0369
2012-12-20 11:00:00,199.05557
2012-12-20 12:00:00,235.72156
2012-12-20 13:00:00,215.96468
2012-12-20 14:00:00,226.73805
2012-12-20 15:00:00,206.28233
2012-12-20 16:00:00,196.03322
2012-12-20 17:00:00,178.52646
2012-12-20 18:00:00,158.16577
2012-12-20 19:00:00,140.28108
2012-12-20 20:00:00,142.59099
2012-12-20 21:00:00,142.59099
2012-12-20 22:00:00,124.25141
2012-12-20 23:00:00,124.16418
2012-12-21 00:00:00,114.72546
2012-12-21 01:00:00,120.0762
2012-12-21 02:00:00,117.84134
2012-12-21 03:00:00,117.84134
2012-12-21 04:00:00,120.43024
2012-12-21 05:00:00,100.06692
2012-12-21 06:00:00,111.1471
2012-12-21 07:00:00,114.37263
2012-12-21 08:00:00,108.47815
2012-12-21 09:00:00,107.46639
2012-12-21 10:00:00,134.79723
2012-12-21 11:00:00,114.67634
2012-12-21 12:00:00,116.60433
2012-12-21 13:00:00,114.49086
2012-12-21 14:00:00,113.94429
2012-12-21 15:00:00,108.69418
2012-12-21 16:00:00,109.48339
2012-12-21 17:00:00,83.89553
2012-12-21 18:00:00,79.982155
2012-12-21 19:00:00,122.542336
2012-12-21 20:00:00,122.450195
2012-12-21 21:00:00,111.07412
2012-12-21 22:00:00,112.644905
2012-12-21 23:00:00,115.365585
2012-12-22 00:00:00,109.25996
2012-12-22 01:00:00,95.259476
2012-12-22 02:00:00,100.829445
2012-12-22 03:00:00,90.54707
2012-12-22 04:00:00,96.89324
2012-12-22 05:00:00,97.98618
2012-12-22 06:00:00,101.62064
2012-12-22 07:00:00,101.62064
2012-12-22 08:00:00,113.01353
2012-12-22 09:00:00,98.95055
2012-12-22 10:00:00,101.05854
2012-12-22 11:00:00,120.505005
2012-12-22 12:00:00,132.4402
2012-12-22 13:00:00,136.438
2012-12-22 14:00:00,136.43935
2012-12-22 15:00:00,131.59175
2012-12-22 16:00:00,125.610916
2012-12-22 17:00:00,121.25521
2012-12-22 18:00:00,94.42385
2012-12-22 19:00:00,92.20448
2012-12-22 20:00:00,84.304474
2012-12-22 21:00:00,80.53762
2012-12-22 22:00:00,80.53762
2012-12-22 23:00:00,74.98574
2012-12-23 00:00:00,87.28188
2012-12-23 01:00:00,81.02593
2012-12-23 02:00:00,64.67038
2012-12-23 03:00:00,65.78195
2012-12-23 04:00:00,71.099075
2012-12-23 05:00:00,75.522766
2012-12-23 06:00:00,54.803734
2012-12-23 07:00:00,54.803734
2012-12-23 08:00:00,44.283466
2012-12-23 09:00:00,64.95777
2012-12-23 10:00:00,52.001858
2012-12-23 11:00:00,76.018074
2012-12-23 12:00:00,118.749016
2012-12-23 13:00:00,135.60149
2012-12-23 14:00:00,167.803
2012-12-23 15:00:00,169.58907
2012-12-23 16:00:00,169.85419
2012-12-23 17:00:00,122.336914
2012-12-23 18:00:00,114.170204
2012-12-23 19:00:00,103.56876
2012-12-23 20:00:00,74.9634
2012-12-23 21:00:00,63.531868
2012-12-23 22:00:00,74.03433
2012-12-23 23:00:00,76.28914
2012-12-24 00:00:00,92.64533
2012-12-24 01:00:00,92.64533
2012-12-24 02:00:00,83.83973
2012-12-24 03:00:00,83.83973
2012-12-24 05:00:00,69.615295
2012-12-24 06:00:00,83.83973
2012-12-24 07:00:00,87.967064
2012-12-24 08:00:00,92.64533
2012-12-24 09:00:00,99.99823
2012-12-24 10:00:00,106.67436
2012-12-24 11:00:00,95.99218
2012-12-24 12:00:00,113.2093
2012-12-24 13:00:00,89.14505
2012-12-24 14:00:00,85.97345
2012-12-24 15:00:00,66.85018
2012-12-24 16:00:00,66.85018
2012-12-24 17:00:00,74.27811
2012-12-24 18:00:00,83.16563
2012-12-24 19:00:00,80.1327
2012-12-24 20:00:00,77.60371
2012-12-24 21:00:00,85.00414
2012-12-24 22:00:00,87.743416
2012-12-24 23:00:00,94.91352
2012-12-25 00:00:00,69.59021
2012-12-25 01:00:00,45.723293
2012-12-25 02:00:00,45.723293
2012-12-25 04:00:00,58.855186
2012-12-25 05:00:00,42.350143
2012-12-25 06:00:00,42.350143
2012-12-25 07:00:00,36.24539
2012-12-25 08:00:00,60.727463
2012-12-25 09:00:00,58.816856
2012-12-25 10:00:00,46.749035
2012-12-25 11:00:00,58.302567
2012-12-25 12:00:00,60.204105
2012-12-25 13:00:00,164.8809
2012-12-25 14:00:00,167.71997
2012-12-25 15:00:00,129.41048
2012-12-25 16:00:00,114.49708
2012-12-25 17:00:00,92.253075
2012-12-25 18:00:00,77.04582
2012-12-25 19:00:00,79.29782
2012-12-25 20:00:00,75.79846
2012-12-25 21:00:00,76.10348
2012-12-25 22:00:00,75.97997
2012-12-25 23:00:00,65.95367
2012-12-26 00:00:00,86.3966
2012-12-26 01:00:00,72.32662
2012-12-26 02:00:00,72.32662
2012-12-26 03:00:00,67.65617
2012-12-26 04:00:00,75.79936
2012-12-26 05:00:00,62.972027
2012-12-26 06:00:00,70.38851
2012-12-26 07:00:00,46.514084
2012-12-26 08:00:00,46.514084
2012-12-26 09:00:00,46.514084
2012-12-26 10:00:00,49.771305
2012-12-26 11:00:00,44.791626
2012-12-26 12:00:00,49.620876
2012-12-26 13:00:00,49.620876
2012-12-26 14:00:00,59.30848
2012-12-26 15:00:00,54.077072
2012-12-26 16:00:00,54.077072
2012-12-26 17:00:00,52.747566
2012-12-26 18:00:00,64.5576
2012-12-26 19:00:00,87.504906
2012-12-26 20:00:00,81.32779
2012-12-26 21:00:00,74.45759
2012-12-26 22:00:00,49.66551
2012-12-26 23:00:00,59.671734
2012-12-27 00:00:00,59.671734
2012-12-27 01:00:00,49.66551
2012-12-27 02:00:00,61.074776
2012-12-27 03:00:00,67.316666
2012-12-27 04:00:00,59.690998
2012-12-27 05:00:00,80.62054
2012-12-27 06:00:00,81.81953
2012-12-27 07:00:00,76.932
2012-12-27 08:00:00,90.30216
2012-12-27 09:00:00,92.48595
2012-12-27 10:00:00,101.63119
2012-12-27 11:00:00,92.047874
2012-12-27 12:00:00,126.38434
2012-12-27 13:00:00,126.38434
2012-12-27 14:00:00,80.08006
2012-12-27 15:00:00,79.58523
2012-12-27 16:00:00,87.333244
2012-12-27 17:00:00,87.333244
2012-12-27 18:00:00,76.23034
2012-12-27 19:00:00,82.05689
2012-12-27 20:00:00,91.35895
2012-12-27 21:00:00,76.23034
2012-12-27 22:00:00,70.82483
2012-12-27 23:00:00,76.23034
2012-12-28 00:00:00,89.971275
2012-12-28 01:00:00,85.04604
2012-12-28 02:00:00,82.118645
2012-12-28 03:00:00,89.971275
2012-12-28 04:00:00,101.73947
2012-12-28 05:00:00,103.626
2012-12-28 06:00:00,75.920204
2012-12-28 07:00:00,83.78615
2012-12-28 08:00:00,94.67946
2012-12-28 09:00:00,70.82483
2012-12-28 10:00:00,84.41755
2012-12-28 11:00:00,99.915115
2012-12-28 12:00:00,115.02341
2012-12-28 13:00:00,115.02341
2012-12-28 14:00:00,115.02341
2012-12-28 15:00:00,122.09093
2012-12-28 16:00:00,124.26588
2012-12-28 17:00:00,93.97782
2012-12-28 18:00:00,93.97782
2012-12-28 19:00:00,80.29041
2012-12-28 20:00:00,99.99823
2012-12-28 21:00:00,88.53924
2012-12-28 22:00:00,97.475426
2012-12-28 23:00:00,102.12299
2012-12-29 00:00:00,70.2591
2012-12-29 01:00:00,70.34993
2012-12-29 02:00:00,70.2591
2012-12-29 03:00:00,69.76264
2012-12-29 04:00:00,70.34993
2012-12-29 05:00:00,70.34993
2012-12-29 06:00:00,71.14022
2012-12-29 07:00:00,67.69918
2012-12-29 08:00:00,70.73095
2012-12-29 09:00:00,70.73094
2012-12-29 10:00:00,63.763058
2012-12-29 11:00:00,66.85322
2012-12-29 12:00:00,72.7966
2012-12-29 13:00:00,72.7966
2012-12-29 14:00:00,63.504154
2012-12-29 15:00:00,65.96936
2012-12-29 16:00:00,58.02322
2012-12-29 17:00:00,52.481373
2012-12-29 18:00:00,48.752594
2012-12-29 19:00:00,72.76171
2012-12-29 20:00:00,96.70099
2012-12-29 21:00:00,85.603615
2012-12-29 22:00:00,77.10102
2012-12-29 23:00:00,76.80065
2012-12-30 00:00:00,74.27253
2012-12-30 01:00:00,75.857155
2012-12-30 02:00:00,75.093765
2012-12-30 03:00:00,75.857155
2012-12-30 04:00:00,74.192604
2012-12-30 05:00:00,81.50988
2012-12-30 06:00:00,68.88889
2012-12-30 07:00:00,84.58054
2012-12-30 08:00:00,82.46717
2012-12-30 09:00:00,88.73104
2012-12-30 10:00:00,112.31274
2012-12-30 11:00:00,104.34649
2012-12-30 12:00:00,119.98301
2012-12-30 13:00:00,132.4402
2012-12-30 14:00:00,127.82975
2012-12-30 15:00:00,122.418724
2012-12-30 16:00:00,114.51022
2012-12-30 17:00:00,107.638885
2012-12-30 18:00:00,78.14782
2012-12-30 19:00:00,91.393074
2012-12-30 20:00:00,86.26498
2012-12-30 21:00:00,64.67038
2012-12-30 22:00:00,59.28944
2012-12-30 23:00:00,67.39465
2012-12-31 00:00:00,73.03837
2012-12-31 01:00:00,73.03837
2012-12-31 02:00:00,70.84499
2012-12-31 03:00:00,78.28678
2012-12-31 04:00:00,69.790565
2012-12-31 05:00:00,63.38083
2012-12-31 06:00:00,67.98658
2012-12-31 07:00:00,72.66608
2012-12-31 08:00:00,65.413055
2012-12-31 09:00:00,83.604485
2012-12-31 10:00:00,79.30677
2012-12-31 11:00:00,79.97091
2012-12-31 12:00:00,84.59284
2012-12-31 13:00:00,101.08587
2012-12-31 14:00:00,105.78571
2012-12-31 15:00:00,114.69308
2012-12-31 16:00:00,97.57758
2012-12-31 17:00:00,109.32335
2012-12-31 18:00:00,103.23571
2012-12-31 19:00:00,95.99218
2012-12-31 20:00:00,95.99218
2012-12-31 21:00:00,96.8496
2012-12-31 22:00:00,109.094986
2012-12-31 23:00:00,98.665276
