datetime,count
2011-01-20 00:00:00,131.76114
2011-01-20 01:00:00,74.94868
2011-01-20 02:00:00,74.94868
2011-01-20 03:00:00,17.367826
2011-01-20 04:00:00,17.367826
2011-01-20 05:00:00,138.29977
2011-01-20 06:00:00,144.21284
2011-01-20 07:00:00,88.47118
2011-01-20 08:00:00,17.888124
2011-01-20 09:00:00,36.314632
2011-01-20 10:00:00,128.56908
2011-01-20 11:00:00,140.92606
2011-01-20 12:00:00,121.11198
2011-01-20 13:00:00,159.57306
2011-01-20 14:00:00,186.97285
2011-01-20 15:00:00,146.90172
2011-01-20 16:00:00,187.40987
2011-01-20 17:00:00,142.74529
2011-01-20 18:00:00,67.842094
2011-01-20 19:00:00,113.92529
2011-01-20 20:00:00,103.619
2011-01-20 21:00:00,126.41375
2011-01-20 22:00:00,93.83559
2011-01-20 23:00:00,135.71533
2011-01-21 00:00:00,214.84387
2011-01-21 01:00:00,214.84387
2011-01-21 02:00:00,2.239875
2011-01-21 03:00:00,57.06643
2011-01-21 04:00:00,81.08539
2011-01-21 05:00:00,77.99045
2011-01-21 06:00:00,40.34714
2011-01-21 07:00:00,10.854634
2011-01-21 08:00:00,89.58572
2011-01-21 09:00:00,59.500404
2011-01-21 10:00:00,92.57254
2011-01-21 11:00:00,51.33641
2011-01-21 12:00:00,237.96167
2011-01-21 13:00:00,536.78326
2011-01-21 14:00:00,202.48251
2011-01-21 15:00:00,3.9526055
2011-01-21 16:00:00,34.791557
2011-01-21 17:00:00,21.481634
2011-01-21 18:00:00,75.03689
2011-01-21 19:00:00,8.580085
2011-01-21 20:00:00,68.51749
2011-01-21 21:00:00,0.0
2011-01-21 22:00:00,0.0
2011-01-21 23:00:00,0.0
2011-01-22 00:00:00,13.280242
2011-01-22 01:00:00,0.0
2011-01-22 02:00:00,0.0
2011-01-22 03:00:00,0.0
2011-01-22 04:00:00,0.0
2011-01-22 06:00:00,0.0
2011-01-22 07:00:00,0.0
2011-01-22 08:00:00,0.0
2011-01-22 09:00:00,0.0
2011-01-22 10:00:00,47.838898
2011-01-22 11:00:00,51.7089
2011-01-22 12:00:00,137.93488
2011-01-22 13:00:00,73.64632
2011-01-22 14:00:00,81.88174
2011-01-22 15:00:00,38.892143
2011-01-22 16:00:00,55.34138
2011-01-22 17:00:00,80.86865
2011-01-22 18:00:00,136.21106
2011-01-22 19:00:00,35.35273
2011-01-22 20:00:00,51.13318
2011-01-22 21:00:00,40.261703
2011-01-22 22:00:00,43.43316
2011-01-22 23:00:00,0.0
2011-01-23 00:00:00,0.0
2011-01-23 01:00:00,0.0
2011-01-23 02:00:00,0.0
2011-01-23 03:00:00,0.0
2011-01-23 05:00:00,0.0
2011-01-23 06:00:00,0.0
2011-01-23 07:00:00,29.57167
2011-01-23 08:00:00,0.0
2011-01-23 09:00:00,0.0
2011-01-23 10:00:00,16.840576
2011-01-23 11:00:00,53.034294
2011-01-23 12:00:00,109.34637
2011-01-23 13:00:00,81.555786
2011-01-23 14:00:00,123.68823
2011-01-23 15:00:00,123.68823
2011-01-23 16:00:00,91.175095
2011-01-23 17:00:00,113.04653
2011-01-23 18:00:00,37.49958
2011-01-23 19:00:00,47.528137
2011-01-23 20:00:00,60.725266
2011-01-23 21:00:00,75.37953
2011-01-23 22:00:00,116.430756
2011-01-23 23:00:00,68.04465
2011-01-24 00:00:00,99.12967
2011-01-24 01:00:00,53.04802
2011-01-24 03:00:00,190.32481
2011-01-24 04:00:00,98.61464
2011-01-24 05:00:00,98.61464
2011-01-24 06:00:00,7.4782705
2011-01-24 07:00:00,0.0
2011-01-24 08:00:00,0.0
2011-01-24 09:00:00,57.710487
2011-01-24 10:00:00,101.64593
2011-01-24 11:00:00,76.85893
2011-01-24 12:00:00,0.0
2011-01-24 13:00:00,89.0605
2011-01-24 14:00:00,92.93497
2011-01-24 15:00:00,30.559237
2011-01-24 16:00:00,39.286873
2011-01-24 17:00:00,62.15167
2011-01-24 18:00:00,55.57552
2011-01-24 19:00:00,77.46974
2011-01-24 20:00:00,55.57552
2011-01-24 21:00:00,67.831604
2011-01-24 22:00:00,35.027824
2011-01-24 23:00:00,45.162476
2011-01-25 00:00:00,44.89313
2011-01-25 01:00:00,57.8162
2011-01-25 02:00:00,58.032665
2011-01-25 04:00:00,87.22366
2011-01-25 05:00:00,70.94902
2011-01-25 06:00:00,33.41851
2011-01-25 07:00:00,77.37604
2011-01-25 08:00:00,82.51338
2011-01-25 09:00:00,123.26965
2011-01-25 10:00:00,186.9871
2011-01-25 11:00:00,116.786476
2011-01-25 12:00:00,171.52565
2011-01-25 13:00:00,183.74677
2011-01-25 14:00:00,122.47646
2011-01-25 15:00:00,113.91878
2011-01-25 16:00:00,113.91878
2011-01-25 17:00:00,118.055305
2011-01-25 18:00:00,129.85739
2011-01-25 19:00:00,114.37825
2011-01-25 20:00:00,159.52182
2011-01-25 21:00:00,159.52182
2011-01-25 22:00:00,105.82868
2011-01-25 23:00:00,128.79306
2011-01-26 00:00:00,73.561165
2011-01-26 01:00:00,127.05297
2011-01-26 02:00:00,0.0
2011-01-26 05:00:00,57.48745
2011-01-26 06:00:00,57.48745
2011-01-26 07:00:00,61.79438
2011-01-26 08:00:00,61.79438
2011-01-26 09:00:00,61.79438
2011-01-26 10:00:00,56.0514
2011-01-26 11:00:00,74.26362
2011-01-26 12:00:00,74.26362
2011-01-26 13:00:00,74.26362
2011-01-26 14:00:00,68.69089
2011-01-26 15:00:00,172.4238
2011-01-26 16:00:00,75.32807
2011-01-26 17:00:00,69.2354
2011-01-27 16:00:00,84.25592
2011-01-27 17:00:00,60.702206
2011-01-27 18:00:00,58.818604
2011-01-27 19:00:00,58.818604
2011-01-27 20:00:00,0.7413628
2011-01-27 21:00:00,0.7413628
2011-01-27 22:00:00,0.7413628
2011-01-27 23:00:00,87.6023
2011-01-28 00:00:00,34.765762
2011-01-28 01:00:00,34.765762
2011-01-28 02:00:00,91.32672
2011-01-28 03:00:00,99.17135
2011-01-28 05:00:00,57.68455
2011-01-28 06:00:00,79.857445
2011-01-28 07:00:00,42.682358
2011-01-28 08:00:00,42.682358
2011-01-28 09:00:00,24.620163
2011-01-28 10:00:00,7.533019
2011-01-28 11:00:00,15.5407095
2011-01-28 12:00:00,15.5407095
2011-01-28 13:00:00,15.5407095
2011-01-28 14:00:00,114.62608
2011-01-28 15:00:00,101.48633
2011-01-28 16:00:00,48.61003
2011-01-28 17:00:00,39.11814
2011-01-28 18:00:00,90.48508
2011-01-28 19:00:00,95.06804
2011-01-28 20:00:00,199.9025
2011-01-28 21:00:00,77.23865
2011-01-28 22:00:00,26.518353
2011-01-28 23:00:00,138.29977
2011-01-29 00:00:00,74.08408
2011-01-29 01:00:00,47.04323
2011-01-29 02:00:00,53.702576
2011-01-29 03:00:00,43.083725
2011-01-29 04:00:00,25.752953
2011-01-29 06:00:00,24.00792
2011-01-29 07:00:00,44.373795
2011-01-29 08:00:00,34.7772
2011-01-29 09:00:00,61.844093
2011-01-29 10:00:00,68.73014
2011-01-29 11:00:00,28.772911
2011-01-29 12:00:00,32.265026
2011-01-29 13:00:00,50.249058
2011-01-29 14:00:00,68.77065
2011-01-29 15:00:00,64.147675
2011-01-29 16:00:00,53.067062
2011-01-29 17:00:00,50.133354
2011-01-29 18:00:00,57.526703
2011-01-29 19:00:00,56.25865
2011-01-29 20:00:00,51.05488
2011-01-29 21:00:00,51.05488
2011-01-29 22:00:00,56.548637
2011-01-29 23:00:00,56.548637
2011-01-30 00:00:00,53.726837
2011-01-30 01:00:00,12.494506
2011-01-30 02:00:00,2.1331017
2011-01-30 03:00:00,13.7911825
2011-01-30 04:00:00,13.7911825
2011-01-30 05:00:00,10.190948
2011-01-30 07:00:00,10.190948
2011-01-30 08:00:00,12.727614
2011-01-30 09:00:00,6.427001
2011-01-30 10:00:00,20.54921
2011-01-30 11:00:00,0.0
2011-01-30 12:00:00,178.35184
2011-01-30 13:00:00,41.941856
2011-01-30 14:00:00,64.9098
2011-01-30 15:00:00,134.57681
2011-01-30 16:00:00,134.57681
2011-01-30 17:00:00,105.88479
2011-01-30 18:00:00,55.12207
2011-01-30 19:00:00,55.674538
2011-01-30 20:00:00,59.029594
2011-01-30 21:00:00,41.888115
2011-01-30 22:00:00,26.581184
2011-01-30 23:00:00,53.165955
2011-01-31 00:00:00,200.609
2011-01-31 01:00:00,83.70918
2011-01-31 02:00:00,172.03802
2011-01-31 03:00:00,172.03802
2011-01-31 04:00:00,100.199875
2011-01-31 05:00:00,74.68182
2011-01-31 06:00:00,58.02733
2011-01-31 07:00:00,54.537052
2011-01-31 08:00:00,102.42439
2011-01-31 09:00:00,136.04521
2011-01-31 10:00:00,61.241127
2011-01-31 11:00:00,61.241127
2011-01-31 12:00:00,89.83449
2011-01-31 13:00:00,108.05108
2011-01-31 14:00:00,64.05451
2011-01-31 15:00:00,26.18375
2011-01-31 16:00:00,128.63243
2011-01-31 17:00:00,61.241127
2011-01-31 18:00:00,51.07081
2011-01-31 19:00:00,152.72269
2011-01-31 20:00:00,10.432597
2011-01-31 21:00:00,13.741408
2011-01-31 22:00:00,46.703873
2011-01-31 23:00:00,84.61177
2011-02-20 00:00:00,139.20978
2011-02-20 01:00:00,74.96716
2011-02-20 02:00:00,125.33798
2011-02-20 03:00:00,110.09433
2011-02-20 04:00:00,110.09433
2011-02-20 06:00:00,59.846603
2011-02-20 07:00:00,33.521473
2011-02-20 08:00:00,64.39964
2011-02-20 09:00:00,46.0879
2011-02-20 10:00:00,95.46797
2011-02-20 11:00:00,101.70342
2011-02-20 12:00:00,151.71332
2011-02-20 13:00:00,92.95012
2011-02-20 14:00:00,74.57788
2011-02-20 15:00:00,109.01295
2011-02-20 16:00:00,104.80487
2011-02-20 17:00:00,110.96477
2011-02-20 18:00:00,0.0
2011-02-20 19:00:00,0.0
2011-02-20 20:00:00,0.0
2011-02-20 21:00:00,112.49238
2011-02-20 22:00:00,125.75316
2011-02-20 23:00:00,76.25169
2011-02-21 00:00:00,44.507576
2011-02-21 01:00:00,44.507576
2011-02-21 02:00:00,44.507576
2011-02-21 03:00:00,74.00379
2011-02-21 04:00:00,110.86802
2011-02-21 05:00:00,0.0
2011-02-21 06:00:00,66.024796
2011-02-21 07:00:00,61.157578
2011-02-21 08:00:00,70.0155
2011-02-21 09:00:00,58.31086
2011-02-21 10:00:00,26.149368
2011-02-21 11:00:00,158.8997
2011-02-21 12:00:00,0.0
2011-02-21 13:00:00,42.250877
2011-02-21 14:00:00,0.0
2011-02-21 15:00:00,354.29807
2011-02-21 16:00:00,165.73503
2011-02-21 17:00:00,12.930182
2011-02-21 18:00:00,0.0
2011-02-21 19:00:00,0.0
2011-02-21 20:00:00,157.8464
2011-02-21 21:00:00,232.11775
2011-02-21 22:00:00,216.66754
2011-02-21 23:00:00,216.66754
2011-02-22 06:00:00,39.503677
2011-02-22 07:00:00,39.503677
2011-02-22 08:00:00,38.248024
2011-02-22 09:00:00,45.972992
2011-02-22 10:00:00,0.0
2011-02-22 11:00:00,64.271545
2011-02-22 12:00:00,80.48475
2011-02-22 13:00:00,26.592503
2011-02-22 14:00:00,84.25592
2011-02-22 15:00:00,50.627037
2011-02-22 16:00:00,23.119463
2011-02-22 17:00:00,29.946491
2011-02-22 18:00:00,62.025036
2011-02-22 19:00:00,83.64955
2011-02-22 20:00:00,28.315502
2011-02-22 21:00:00,96.61862
2011-02-22 22:00:00,15.141137
2011-02-22 23:00:00,15.141137
2011-02-23 00:00:00,69.41244
2011-02-23 01:00:00,65.266754
2011-02-23 02:00:00,90.37099
2011-02-23 03:00:00,66.39305
2011-02-23 05:00:00,81.76723
2011-02-23 06:00:00,81.76723
2011-02-23 07:00:00,140.61331
2011-02-23 08:00:00,77.46974
2011-02-23 09:00:00,60.121227
2011-02-23 10:00:00,96.34647
2011-02-23 11:00:00,115.76613
2011-02-23 12:00:00,93.26021
2011-02-23 13:00:00,274.8937
2011-02-23 14:00:00,280.28812
2011-02-23 15:00:00,259.4416
2011-02-23 16:00:00,155.01129
2011-02-23 17:00:00,259.4416
2011-02-23 18:00:00,270.86667
2011-02-23 19:00:00,93.54811
2011-02-23 20:00:00,22.091358
2011-02-23 21:00:00,88.43637
2011-02-23 22:00:00,88.43637
2011-02-23 23:00:00,13.432914
2011-02-24 00:00:00,13.432914
2011-02-24 01:00:00,29.903084
2011-02-24 02:00:00,84.13856
2011-02-24 03:00:00,66.28846
2011-02-24 05:00:00,66.43535
2011-02-24 06:00:00,89.599594
2011-02-24 07:00:00,94.13627
2011-02-24 08:00:00,85.49788
2011-02-24 09:00:00,55.40207
2011-02-24 10:00:00,176.24034
2011-02-24 11:00:00,262.30283
2011-02-24 12:00:00,173.26291
2011-02-24 13:00:00,183.30095
2011-02-24 14:00:00,208.07585
2011-02-24 15:00:00,253.49725
2011-02-24 16:00:00,88.87879
2011-02-24 17:00:00,146.32578
2011-02-24 18:00:00,66.06734
2011-02-24 19:00:00,55.123795
2011-02-24 20:00:00,64.49092
2011-02-24 21:00:00,66.06734
2011-02-24 22:00:00,26.25959
2011-02-24 23:00:00,62.60875
2011-02-25 00:00:00,183.18222
2011-02-25 01:00:00,132.26254
2011-02-25 02:00:00,132.26254
2011-02-25 03:00:00,121.57184
2011-02-25 05:00:00,121.57184
2011-02-25 06:00:00,183.53085
2011-02-25 07:00:00,134.74881
2011-02-25 08:00:00,233.81
2011-02-25 09:00:00,62.312332
2011-02-25 10:00:00,70.03325
2011-02-25 11:00:00,66.267334
2011-02-25 12:00:00,143.82837
2011-02-25 13:00:00,143.82837
2011-02-25 14:00:00,48.588287
2011-02-25 15:00:00,285.49564
2011-02-25 16:00:00,100.532936
2011-02-25 17:00:00,30.762316
2011-02-25 18:00:00,70.73204
2011-02-25 19:00:00,148.36183
2011-02-25 20:00:00,85.82745
2011-02-25 21:00:00,164.45833
2011-02-25 22:00:00,52.0635
2011-02-25 23:00:00,143.37888
2011-02-26 00:00:00,74.77533
2011-02-26 01:00:00,38.27767
2011-02-26 02:00:00,47.204727
2011-02-26 03:00:00,59.57639
2011-02-26 04:00:00,78.569595
2011-02-26 05:00:00,54.75303
2011-02-26 06:00:00,42.84352
2011-02-26 07:00:00,54.92662
2011-02-26 08:00:00,101.18185
2011-02-26 09:00:00,49.906097
2011-02-26 10:00:00,127.15755
2011-02-26 11:00:00,173.36703
2011-02-26 12:00:00,165.20496
2011-02-26 13:00:00,98.88484
2011-02-26 14:00:00,0.0
2011-02-26 15:00:00,0.0
2011-02-26 16:00:00,59.149734
2011-02-26 17:00:00,133.07666
2011-02-26 18:00:00,183.46844
2011-02-26 19:00:00,56.04711
2011-02-26 20:00:00,94.40911
2011-02-26 21:00:00,54.241592
2011-02-26 22:00:00,68.66043
2011-02-26 23:00:00,68.29753
2011-02-27 00:00:00,28.068634
2011-02-27 01:00:00,85.736374
2011-02-27 02:00:00,63.694656
2011-02-27 03:00:00,21.423485
2011-02-27 04:00:00,83.4827
2011-02-27 06:00:00,0.0
2011-02-27 07:00:00,83.4827
2011-02-27 08:00:00,0.0
2011-02-27 09:00:00,11.101462
2011-02-27 10:00:00,59.832397
2011-02-27 11:00:00,63.03562
2011-02-27 12:00:00,228.39311
2011-02-27 13:00:00,175.64389
2011-02-27 14:00:00,273.52518
2011-02-27 15:00:00,218.20078
2011-02-27 16:00:00,189.6193
2011-02-27 17:00:00,291.2503
2011-02-27 18:00:00,300.80057
2011-02-27 19:00:00,236.72641
2011-02-27 20:00:00,228.39311
2011-02-27 21:00:00,143.66724
2011-02-27 22:00:00,182.2088
2011-02-27 23:00:00,139.07916
2011-02-28 00:00:00,207.43976
2011-02-28 01:00:00,222.74498
2011-02-28 03:00:00,73.53418
2011-02-28 05:00:00,155.87556
2011-02-28 06:00:00,122.637054
2011-02-28 07:00:00,155.09203
2011-02-28 08:00:00,46.367706
2011-02-28 09:00:00,77.51564
2011-02-28 10:00:00,128.2965
2011-02-28 11:00:00,244.2602
2011-02-28 12:00:00,244.26033
2011-02-28 13:00:00,136.38654
2011-02-28 14:00:00,43.30078
2011-02-28 15:00:00,43.30078
2011-02-28 16:00:00,405.60605
2011-02-28 17:00:00,61.475876
2011-02-28 18:00:00,242.30917
2011-02-28 19:00:00,112.63144
2011-02-28 20:00:00,112.63144
2011-02-28 21:00:00,260.71088
2011-02-28 22:00:00,54.190628
2011-02-28 23:00:00,61.985374
2011-03-20 00:00:00,195.03102
2011-03-20 01:00:00,108.192635
2011-03-20 02:00:00,194.88913
2011-03-20 03:00:00,37.852673
2011-03-20 04:00:00,58.679005
2011-03-20 05:00:00,55.280952
2011-03-20 06:00:00,63.7798
2011-03-20 07:00:00,68.60829
2011-03-20 08:00:00,90.109985
2011-03-20 09:00:00,231.09723
2011-03-20 10:00:00,15.141971
2011-03-20 11:00:00,154.65453
2011-03-20 12:00:00,189.55911
2011-03-20 13:00:00,120.99344
2011-03-20 14:00:00,344.72134
2011-03-20 15:00:00,125.18644
2011-03-20 16:00:00,360.39978
2011-03-20 17:00:00,170.95488
2011-03-20 18:00:00,183.81847
2011-03-20 19:00:00,64.60423
2011-03-20 20:00:00,59.149734
2011-03-20 21:00:00,108.31477
2011-03-20 22:00:00,300.40616
2011-03-20 23:00:00,133.84476
2011-03-21 00:00:00,53.69165
2011-03-21 01:00:00,185.78467
2011-03-21 02:00:00,0.0
2011-03-21 03:00:00,0.0
2011-03-21 05:00:00,10.6425085
2011-03-21 06:00:00,0.0
2011-03-21 07:00:00,33.75159
2011-03-21 08:00:00,0.0
2011-03-21 09:00:00,17.886818
2011-03-21 10:00:00,100.81487
2011-03-21 11:00:00,96.06546
2011-03-21 12:00:00,145.32999
2011-03-21 13:00:00,167.98404
2011-03-21 14:00:00,163.97359
2011-03-21 15:00:00,177.8296
2011-03-21 16:00:00,115.55396
2011-03-21 17:00:00,142.33636
2011-03-21 18:00:00,192.66902
2011-03-21 19:00:00,257.0853
2011-03-21 20:00:00,240.6043
2011-03-21 21:00:00,23.103058
2011-03-21 22:00:00,61.878258
2011-03-21 23:00:00,31.536179
2011-03-22 00:00:00,57.36808
2011-03-22 01:00:00,0.0
2011-03-22 02:00:00,24.22882
2011-03-22 03:00:00,60.683796
2011-03-22 04:00:00,163.18996
2011-03-22 05:00:00,185.45917
2011-03-22 06:00:00,92.47771
2011-03-22 07:00:00,208.73492
2011-03-22 08:00:00,76.04817
2011-03-22 09:00:00,112.55068
2011-03-22 10:00:00,127.948616
2011-03-22 11:00:00,170.12245
2011-03-22 12:00:00,155.88123
2011-03-22 13:00:00,157.70407
2011-03-22 14:00:00,226.99208
2011-03-22 15:00:00,150.29956
2011-03-22 16:00:00,200.8873
2011-03-22 17:00:00,200.8873
2011-03-22 18:00:00,201.69
2011-03-22 19:00:00,89.34673
2011-03-22 20:00:00,224.65872
2011-03-22 21:00:00,95.12674
2011-03-22 22:00:00,65.15406
2011-03-22 23:00:00,65.15406
2011-03-23 00:00:00,0.0
2011-03-23 01:00:00,0.0
2011-03-23 02:00:00,0.0
2011-03-23 03:00:00,19.919098
2011-03-23 05:00:00,33.6949
2011-03-23 06:00:00,17.124855
2011-03-23 07:00:00,22.993134
2011-03-23 08:00:00,73.4391
2011-03-23 09:00:00,17.476318
2011-03-23 10:00:00,14.157073
2011-03-23 11:00:00,81.830826
2011-03-23 12:00:00,52.44451
2011-03-23 13:00:00,132.79626
2011-03-23 14:00:00,211.97675
2011-03-23 15:00:00,58.86998
2011-03-23 16:00:00,140.00735
2011-03-23 17:00:00,140.00735
2011-03-23 18:00:00,0.0
2011-03-23 19:00:00,0.0
2011-03-23 20:00:00,0.0
2011-03-23 21:00:00,35.448273
2011-03-23 22:00:00,119.181816
2011-03-23 23:00:00,237.75864
2011-03-24 00:00:00,22.993134
2011-03-24 01:00:00,1.4412682
2011-03-24 02:00:00,3.8823845
2011-03-24 03:00:00,3.5002892
2011-03-24 04:00:00,3.5002892
2011-03-24 05:00:00,0.0
2011-03-24 06:00:00,0.0
2011-03-24 07:00:00,0.0
2011-03-24 08:00:00,15.288627
2011-03-24 09:00:00,0.0
2011-03-24 10:00:00,12.173236
2011-03-24 11:00:00,8.5657835
2011-03-24 12:00:00,0.0
2011-03-24 13:00:00,3.2459252
2011-03-24 14:00:00,132.03763
2011-03-24 15:00:00,0.0
2011-03-24 16:00:00,0.0
2011-03-24 17:00:00,0.0
2011-03-24 18:00:00,1.3503449
2011-03-24 19:00:00,163.73747
2011-03-24 20:00:00,154.67801
2011-03-24 21:00:00,28.82285
2011-03-24 22:00:00,62.81334
2011-03-24 23:00:00,32.317432
2011-03-25 00:00:00,62.24442
2011-03-25 01:00:00,66.541695
2011-03-25 02:00:00,0.0
2011-03-25 03:00:00,176.24791
2011-03-25 04:00:00,238.01964
2011-03-25 05:00:00,165.58432
2011-03-25 06:00:00,0.0
2011-03-25 07:00:00,29.968288
2011-03-25 08:00:00,195.46631
2011-03-25 09:00:00,168.94554
2011-03-25 10:00:00,87.15634
2011-03-25 11:00:00,152.51392
2011-03-25 12:00:00,76.06224
2011-03-25 13:00:00,98.12669
2011-03-25 14:00:00,35.70427
2011-03-25 15:00:00,206.50983
2011-03-25 16:00:00,62.944973
2011-03-25 17:00:00,109.48422
2011-03-25 18:00:00,79.83626
2011-03-25 19:00:00,10.745879
2011-03-25 20:00:00,190.13255
2011-03-25 21:00:00,319.03616
2011-03-25 22:00:00,77.8702
2011-03-25 23:00:00,37.340973
2011-03-26 00:00:00,133.75415
2011-03-26 01:00:00,30.73484
2011-03-26 02:00:00,116.92886
2011-03-26 03:00:00,29.963448
2011-03-26 04:00:00,116.92888
2011-03-26 05:00:00,0.0
2011-03-26 06:00:00,0.0
2011-03-26 07:00:00,0.0
2011-03-26 08:00:00,213.50255
2011-03-26 09:00:00,293.25156
2011-03-26 10:00:00,207.49731
2011-03-26 11:00:00,159.16702
2011-03-26 12:00:00,113.61342
2011-03-26 13:00:00,49.550762
2011-03-26 14:00:00,75.43755
2011-03-26 15:00:00,100.08606
2011-03-26 16:00:00,40.576912
2011-03-26 17:00:00,4.9929323
2011-03-26 18:00:00,90.13951
2011-03-26 19:00:00,152.50682
2011-03-26 20:00:00,152.50682
2011-03-26 21:00:00,128.44392
2011-03-26 22:00:00,167.34015
2011-03-26 23:00:00,63.99877
2011-03-27 00:00:00,187.04013
2011-03-27 01:00:00,12.25413
2011-03-27 02:00:00,0.0
2011-03-27 03:00:00,0.0
2011-03-27 04:00:00,0.0
2011-03-27 06:00:00,0.0
2011-03-27 07:00:00,0.0
2011-03-27 08:00:00,0.0
2011-03-27 09:00:00,0.0
2011-03-27 10:00:00,15.712821
2011-03-27 11:00:00,4.0673513
2011-03-27 12:00:00,128.35086
2011-03-27 13:00:00,175.20607
2011-03-27 14:00:00,113.95438
2011-03-27 15:00:00,151.0012
2011-03-27 16:00:00,116.06599
2011-03-27 17:00:00,36.292595
2011-03-27 18:00:00,53.06246
2011-03-27 19:00:00,35.569065
2011-03-27 20:00:00,125.88124
2011-03-27 21:00:00,207.49731
2011-03-27 22:00:00,207.49731
2011-03-27 23:00:00,279.1826
2011-03-28 00:00:00,86.34215
2011-03-28 01:00:00,268.50272
2011-03-28 02:00:00,238.22002
2011-03-28 03:00:00,238.22002
2011-03-28 05:00:00,169.58867
2011-03-28 06:00:00,88.179565
2011-03-28 07:00:00,101.1488
2011-03-28 08:00:00,133.33253
2011-03-28 09:00:00,8.214031
2011-03-28 10:00:00,52.400627
2011-03-28 11:00:00,111.97554
2011-03-28 12:00:00,166.75671
2011-03-28 13:00:00,22.258747
2011-03-28 14:00:00,220.37746
2011-03-28 15:00:00,52.94442
2011-03-28 16:00:00,249.78046
2011-03-28 17:00:00,28.315256
2011-03-28 18:00:00,36.36044
2011-03-28 19:00:00,144.94283
2011-03-28 20:00:00,200.86485
2011-03-28 21:00:00,129.48534
2011-03-28 22:00:00,195.62772
2011-03-28 23:00:00,139.28877
2011-03-29 00:00:00,186.61078
2011-03-29 01:00:00,58.173767
2011-03-29 02:00:00,58.173767
2011-03-29 03:00:00,58.173767
2011-03-29 04:00:00,193.1432
2011-03-29 05:00:00,158.63698
2011-03-29 06:00:00,145.45755
2011-03-29 07:00:00,62.905037
2011-03-29 08:00:00,95.57574
2011-03-29 09:00:00,210.91988
2011-03-29 10:00:00,92.501526
2011-03-29 11:00:00,154.11943
2011-03-29 12:00:00,154.8042
2011-03-29 13:00:00,34.54326
2011-03-29 14:00:00,297.1942
2011-03-29 15:00:00,164.60513
2011-03-29 16:00:00,272.10825
2011-03-29 17:00:00,155.69243
2011-03-29 18:00:00,148.76035
2011-03-29 19:00:00,156.53065
2011-03-29 20:00:00,148.76035
2011-03-29 21:00:00,70.13416
2011-03-29 22:00:00,165.83215
2011-03-29 23:00:00,102.02585
2011-03-30 00:00:00,87.27449
2011-03-30 01:00:00,0.0
2011-03-30 02:00:00,87.27449
2011-03-30 03:00:00,47.387314
2011-03-30 04:00:00,87.27449
2011-03-30 05:00:00,59.26861
2011-03-30 06:00:00,214.7116
2011-03-30 07:00:00,183.98053
2011-03-30 08:00:00,164.14828
2011-03-30 09:00:00,219.00912
2011-03-30 10:00:00,203.55402
2011-03-30 11:00:00,231.14822
2011-03-30 12:00:00,134.54962
2011-03-30 13:00:00,200.17052
2011-03-30 14:00:00,271.79663
2011-03-30 15:00:00,8.179996
2011-03-30 16:00:00,0.0
2011-03-30 17:00:00,96.68776
2011-03-30 18:00:00,0.0
2011-03-30 19:00:00,0.0
2011-03-30 20:00:00,12.136687
2011-03-30 21:00:00,0.0
2011-03-30 22:00:00,0.0
2011-03-30 23:00:00,5.988242
2011-03-31 00:00:00,0.0
2011-03-31 01:00:00,1.0433037
2011-03-31 02:00:00,1.0433037
2011-03-31 03:00:00,0.0
2011-03-31 04:00:00,0.0
2011-03-31 05:00:00,0.0
2011-03-31 06:00:00,12.136687
2011-03-31 07:00:00,0.0
2011-03-31 08:00:00,12.390006
2011-03-31 09:00:00,0.0
2011-03-31 10:00:00,0.0
2011-03-31 11:00:00,27.621712
2011-03-31 12:00:00,27.621712
2011-03-31 13:00:00,115.97064
2011-03-31 14:00:00,115.97076
2011-03-31 15:00:00,15.322387
2011-03-31 16:00:00,0.0
2011-03-31 17:00:00,0.0
2011-03-31 18:00:00,113.60623
2011-03-31 19:00:00,113.60623
2011-03-31 20:00:00,6.8163824
2011-03-31 21:00:00,44.298943
2011-03-31 22:00:00,0.0
2011-03-31 23:00:00,54.639954
2011-04-20 00:00:00,32.32361
2011-04-20 01:00:00,0.0
2011-04-20 02:00:00,0.0
2011-04-20 03:00:00,0.0
2011-04-20 04:00:00,0.0
2011-04-20 05:00:00,65.72477
2011-04-20 06:00:00,0.0
2011-04-20 07:00:00,23.039017
2011-04-20 08:00:00,307.93344
2011-04-20 09:00:00,243.32217
2011-04-20 10:00:00,207.8167
2011-04-20 11:00:00,207.8167
2011-04-20 12:00:00,329.7745
2011-04-20 13:00:00,329.7745
2011-04-20 14:00:00,399.6926
2011-04-20 15:00:00,220.05435
2011-04-20 16:00:00,220.05435
2011-04-20 17:00:00,140.41122
2011-04-20 18:00:00,396.6488
2011-04-20 19:00:00,439.57346
2011-04-20 20:00:00,554.18304
2011-04-20 21:00:00,393.5947
2011-04-20 22:00:00,312.73874
2011-04-20 23:00:00,307.84537
2011-04-21 00:00:00,350.00394
2011-04-21 01:00:00,164.25325
2011-04-21 02:00:00,338.0596
2011-04-21 03:00:00,99.59015
2011-04-21 04:00:00,100.96924
2011-04-21 05:00:00,196.51308
2011-04-21 06:00:00,193.76381
2011-04-21 07:00:00,112.375496
2011-04-21 08:00:00,137.01651
2011-04-21 09:00:00,164.41623
2011-04-21 10:00:00,145.28294
2011-04-21 11:00:00,143.06065
2011-04-21 12:00:00,150.38263
2011-04-21 13:00:00,344.9243
2011-04-21 14:00:00,287.34793
2011-04-21 15:00:00,249.8934
2011-04-21 16:00:00,294.77512
2011-04-21 17:00:00,262.9781
2011-04-21 18:00:00,396.3901
2011-04-21 19:00:00,306.39594
2011-04-21 20:00:00,182.31847
2011-04-21 21:00:00,92.0966
2011-04-21 22:00:00,162.94981
2011-04-21 23:00:00,123.08822
2011-04-22 00:00:00,195.65552
2011-04-22 01:00:00,53.947334
2011-04-22 02:00:00,186.83932
2011-04-22 03:00:00,186.83932
2011-04-22 04:00:00,178.03412
2011-04-22 05:00:00,96.47992
2011-04-22 06:00:00,178.03421
2011-04-22 07:00:00,120.08284
2011-04-22 08:00:00,91.94601
2011-04-22 09:00:00,0.0
2011-04-22 10:00:00,195.26114
2011-04-22 11:00:00,68.67336
2011-04-22 12:00:00,107.49913
2011-04-22 13:00:00,36.848694
2011-04-22 14:00:00,3.3201745
2011-04-22 15:00:00,36.848694
2011-04-22 16:00:00,132.79636
2011-04-22 17:00:00,29.465508
2011-04-22 18:00:00,29.465508
2011-04-22 19:00:00,29.465508
2011-04-22 20:00:00,15.650184
2011-04-22 21:00:00,51.03559
2011-04-22 22:00:00,71.18001
2011-04-22 23:00:00,183.10085
2011-04-23 00:00:00,0.0
2011-04-23 01:00:00,0.0
2011-04-23 02:00:00,23.228561
2011-04-23 03:00:00,33.9088
2011-04-23 04:00:00,115.35989
2011-04-23 05:00:00,115.35989
2011-04-23 06:00:00,5.906142
2011-04-23 07:00:00,24.893661
2011-04-23 08:00:00,0.0
2011-04-23 09:00:00,0.0
2011-04-23 10:00:00,19.040833
2011-04-23 11:00:00,38.9394
2011-04-23 12:00:00,101.76942
2011-04-23 13:00:00,127.066475
2011-04-23 14:00:00,259.49677
2011-04-23 15:00:00,185.39047
2011-04-23 16:00:00,224.30621
2011-04-23 17:00:00,323.08408
2011-04-23 18:00:00,65.02963
2011-04-23 19:00:00,253.71263
2011-04-23 20:00:00,132.50357
2011-04-23 21:00:00,138.6821
2011-04-23 22:00:00,172.08699
2011-04-23 23:00:00,99.799614
2011-04-24 00:00:00,108.637436
2011-04-24 01:00:00,64.15503
2011-04-24 02:00:00,64.15503
2011-04-24 03:00:00,29.803673
2011-04-24 04:00:00,29.803673
2011-04-24 05:00:00,29.803673
2011-04-24 06:00:00,2.6827385
2011-04-24 07:00:00,2.6827385
2011-04-24 08:00:00,86.79452
2011-04-24 09:00:00,151.29642
2011-04-24 10:00:00,84.32021
2011-04-24 11:00:00,169.3324
2011-04-24 12:00:00,262.53204
2011-04-24 13:00:00,413.91562
2011-04-24 14:00:00,438.80008
2011-04-24 15:00:00,328.66013
2011-04-24 16:00:00,390.14017
2011-04-24 17:00:00,364.7254
2011-04-24 18:00:00,146.63895
2011-04-24 19:00:00,183.7865
2011-04-24 20:00:00,183.7865
2011-04-24 21:00:00,40.86828
2011-04-24 22:00:00,75.61818
2011-04-24 23:00:00,63.38893
2011-04-25 00:00:00,181.97475
2011-04-25 01:00:00,0.0
2011-04-25 02:00:00,0.0
2011-04-25 03:00:00,151.26788
2011-04-25 04:00:00,141.07878
2011-04-25 05:00:00,163.67024
2011-04-25 06:00:00,150.1586
2011-04-25 07:00:00,145.38692
2011-04-25 08:00:00,86.311035
2011-04-25 09:00:00,177.26822
2011-04-25 10:00:00,301.84286
2011-04-25 11:00:00,301.84286
2011-04-25 12:00:00,340.9017
2011-04-25 13:00:00,271.78723
2011-04-25 14:00:00,320.34677
2011-04-25 15:00:00,365.55673
2011-04-25 16:00:00,310.20523
2011-04-25 17:00:00,275.52884
2011-04-25 18:00:00,287.88022
2011-04-25 19:00:00,234.38489
2011-04-25 20:00:00,243.32217
2011-04-25 21:00:00,303.2188
2011-04-25 22:00:00,242.32507
2011-04-25 23:00:00,334.12366
2011-04-26 00:00:00,303.41257
2011-04-26 01:00:00,343.91046
2011-04-26 02:00:00,381.6653
2011-04-26 03:00:00,219.17038
2011-04-26 04:00:00,214.75114
2011-04-26 05:00:00,64.1183
2011-04-26 06:00:00,63.437187
2011-04-26 07:00:00,399.57712
2011-04-26 08:00:00,399.5771
2011-04-26 09:00:00,226.16808
2011-04-26 10:00:00,288.07108
2011-04-26 11:00:00,296.56555
2011-04-26 12:00:00,366.9675
2011-04-26 13:00:00,419.0127
2011-04-26 14:00:00,308.1684
2011-04-26 15:00:00,296.67474
2011-04-26 16:00:00,352.91537
2011-04-26 17:00:00,266.26913
2011-04-26 18:00:00,393.92203
2011-04-26 19:00:00,132.93893
2011-04-26 20:00:00,226.16808
2011-04-26 21:00:00,303.3018
2011-04-26 22:00:00,191.03238
2011-04-26 23:00:00,225.18484
2011-04-27 00:00:00,129.11469
2011-04-27 01:00:00,165.42883
2011-04-27 02:00:00,93.433716
2011-04-27 03:00:00,228.06064
2011-04-27 04:00:00,54.029198
2011-04-27 05:00:00,169.23051
2011-04-27 06:00:00,76.336716
2011-04-27 07:00:00,228.06064
2011-04-27 08:00:00,152.93176
2011-04-27 09:00:00,120.353546
2011-04-27 10:00:00,264.5846
2011-04-27 11:00:00,229.72575
2011-04-27 12:00:00,319.2971
2011-04-27 13:00:00,304.65012
2011-04-27 14:00:00,371.14548
2011-04-27 15:00:00,517.767
2011-04-27 16:00:00,333.11115
2011-04-27 17:00:00,126.73868
2011-04-27 18:00:00,126.73868
2011-04-27 19:00:00,303.3018
2011-04-27 20:00:00,374.84302
2011-04-27 21:00:00,235.20763
2011-04-27 22:00:00,228.18594
2011-04-27 23:00:00,184.3966
2011-04-28 00:00:00,168.27917
2011-04-28 01:00:00,156.493
2011-04-28 02:00:00,117.5919
2011-04-28 03:00:00,101.21462
2011-04-28 04:00:00,132.13202
2011-04-28 05:00:00,156.493
2011-04-28 06:00:00,78.82883
2011-04-28 07:00:00,76.87537
2011-04-28 08:00:00,74.47477
2011-04-28 09:00:00,171.59746
2011-04-28 10:00:00,265.30142
2011-04-28 11:00:00,264.5846
2011-04-28 12:00:00,184.84425
2011-04-28 13:00:00,235.4722
2011-04-28 14:00:00,384.3732
2011-04-28 15:00:00,297.63763
2011-04-28 16:00:00,252.74835
2011-04-28 17:00:00,311.14014
2011-04-28 18:00:00,311.14014
2011-04-28 19:00:00,282.8909
2011-04-28 20:00:00,200.57669
2011-04-28 21:00:00,214.90353
2011-04-28 22:00:00,174.76366
2011-04-28 23:00:00,264.05368
2011-04-29 00:00:00,189.71783
2011-04-29 01:00:00,218.99649
2011-04-29 02:00:00,165.74245
2011-04-29 03:00:00,117.628136
2011-04-29 04:00:00,144.15656
2011-04-29 05:00:00,136.11319
2011-04-29 06:00:00,163.116
2011-04-29 07:00:00,177.5021
2011-04-29 08:00:00,239.81564
2011-04-29 09:00:00,309.39993
2011-04-29 10:00:00,223.36038
2011-04-29 11:00:00,305.32755
2011-04-29 12:00:00,271.4938
2011-04-29 13:00:00,283.81326
2011-04-29 14:00:00,336.36005
2011-04-29 15:00:00,156.84045
2011-04-29 16:00:00,203.94502
2011-04-29 17:00:00,228.23804
2011-04-29 18:00:00,201.38863
2011-04-29 19:00:00,104.94635
2011-04-29 20:00:00,150.56177
2011-04-29 21:00:00,107.87151
2011-04-29 22:00:00,111.42164
2011-04-29 23:00:00,130.30685
2011-04-30 00:00:00,246.40814
2011-04-30 01:00:00,226.66647
2011-04-30 02:00:00,309.5816
2011-04-30 03:00:00,273.76755
2011-04-30 04:00:00,289.25095
2011-04-30 05:00:00,199.83559
2011-04-30 06:00:00,227.61569
2011-04-30 07:00:00,176.92046
2011-04-30 08:00:00,137.27794
2011-04-30 09:00:00,172.7011
2011-04-30 10:00:00,236.76358
2011-04-30 11:00:00,313.6373
2011-04-30 12:00:00,320.09903
2011-04-30 13:00:00,371.5666
2011-04-30 14:00:00,315.2279
2011-04-30 15:00:00,342.78256
2011-04-30 16:00:00,367.14877
2011-04-30 17:00:00,343.2164
2011-04-30 18:00:00,317.46713
2011-04-30 19:00:00,317.46713
2011-04-30 20:00:00,86.834335
2011-04-30 21:00:00,86.834335
2011-04-30 22:00:00,41.40065
2011-04-30 23:00:00,41.40065
2011-05-20 00:00:00,17.824417
2011-05-20 01:00:00,0.73231435
2011-05-20 02:00:00,0.0
2011-05-20 03:00:00,0.0
2011-05-20 04:00:00,24.22882
2011-05-20 05:00:00,26.358704
2011-05-20 06:00:00,33.665955
2011-05-20 07:00:00,140.39793
2011-05-20 08:00:00,246.44241
2011-05-20 09:00:00,221.21443
2011-05-20 10:00:00,240.6043
2011-05-20 11:00:00,139.50464
2011-05-20 12:00:00,182.2826
2011-05-20 13:00:00,398.54108
2011-05-20 14:00:00,220.79712
2011-05-20 15:00:00,213.28415
2011-05-20 16:00:00,225.40167
2011-05-20 17:00:00,290.27438
2011-05-20 18:00:00,169.28784
2011-05-20 19:00:00,166.99075
2011-05-20 20:00:00,177.79947
2011-05-20 21:00:00,167.59526
2011-05-20 22:00:00,279.90036
2011-05-20 23:00:00,209.93604
2011-05-21 00:00:00,64.75329
2011-05-21 01:00:00,5.501769
2011-05-21 02:00:00,80.930145
2011-05-21 03:00:00,27.773727
2011-05-21 04:00:00,49.182747
2011-05-21 05:00:00,55.891945
2011-05-21 06:00:00,41.158394
2011-05-21 07:00:00,83.352646
2011-05-21 08:00:00,249.81662
2011-05-21 09:00:00,224.6036
2011-05-21 10:00:00,225.55664
2011-05-21 11:00:00,342.2479
2011-05-21 12:00:00,234.32689
2011-05-21 13:00:00,331.9534
2011-05-21 14:00:00,421.29752
2011-05-21 15:00:00,492.39938
2011-05-21 16:00:00,396.84613
2011-05-21 17:00:00,411.4269
2011-05-21 18:00:00,308.7183
2011-05-21 19:00:00,407.01105
2011-05-21 20:00:00,124.69392
2011-05-21 21:00:00,225.55664
2011-05-21 22:00:00,88.40291
2011-05-21 23:00:00,70.8743
2011-05-22 00:00:00,55.11199
2011-05-22 01:00:00,49.948074
2011-05-22 02:00:00,32.115616
2011-05-22 03:00:00,33.59659
2011-05-22 04:00:00,0.0
2011-05-22 05:00:00,33.59659
2011-05-22 06:00:00,32.115616
2011-05-22 07:00:00,35.580276
2011-05-22 08:00:00,121.823135
2011-05-22 09:00:00,119.94287
2011-05-22 10:00:00,162.98041
2011-05-22 11:00:00,390.45126
2011-05-22 12:00:00,244.31152
2011-05-22 13:00:00,234.61472
2011-05-22 14:00:00,122.060394
2011-05-22 15:00:00,168.68227
2011-05-22 16:00:00,232.8978
2011-05-22 17:00:00,424.0148
2011-05-22 18:00:00,245.38988
2011-05-22 19:00:00,219.6577
2011-05-22 20:00:00,170.05273
2011-05-22 21:00:00,129.31937
2011-05-22 22:00:00,102.57856
2011-05-22 23:00:00,163.43225
2011-05-23 00:00:00,251.76283
2011-05-23 01:00:00,86.311035
2011-05-23 02:00:00,161.97472
2011-05-23 03:00:00,149.17184
2011-05-23 04:00:00,184.74864
2011-05-23 05:00:00,184.74864
2011-05-23 06:00:00,131.99911
2011-05-23 07:00:00,273.2232
2011-05-23 08:00:00,62.94371
2011-05-23 09:00:00,79.99342
2011-05-23 10:00:00,403.4733
2011-05-23 11:00:00,312.07123
2011-05-23 12:00:00,312.07123
2011-05-23 13:00:00,294.93546
2011-05-23 14:00:00,412.60577
2011-05-23 15:00:00,327.35422
2011-05-23 16:00:00,280.60202
2011-05-23 17:00:00,295.76788
2011-05-23 18:00:00,348.94632
2011-05-23 19:00:00,277.9661
2011-05-23 20:00:00,132.70775
2011-05-23 21:00:00,117.30379
2011-05-23 22:00:00,76.5837
2011-05-23 23:00:00,222.70215
2011-05-24 00:00:00,155.99025
2011-05-24 01:00:00,180.0479
2011-05-24 02:00:00,155.99025
2011-05-24 03:00:00,290.7887
2011-05-24 04:00:00,116.21347
2011-05-24 05:00:00,189.42249
2011-05-24 06:00:00,201.8392
2011-05-24 07:00:00,181.6895
2011-05-24 08:00:00,118.18972
2011-05-24 09:00:00,133.15404
2011-05-24 10:00:00,274.9743
2011-05-24 11:00:00,365.55673
2011-05-24 12:00:00,386.0401
2011-05-24 13:00:00,439.63034
2011-05-24 14:00:00,449.5884
2011-05-24 15:00:00,339.79922
2011-05-24 16:00:00,257.64163
2011-05-24 17:00:00,295.20596
2011-05-24 18:00:00,288.0729
2011-05-24 19:00:00,243.0082
2011-05-24 20:00:00,227.45146
2011-05-24 21:00:00,249.03831
2011-05-24 22:00:00,135.93492
2011-05-24 23:00:00,167.4238
2011-05-25 00:00:00,135.57733
2011-05-25 01:00:00,144.43507
2011-05-25 02:00:00,237.40927
2011-05-25 03:00:00,0.0
2011-05-25 04:00:00,0.0
2011-05-25 05:00:00,55.742348
2011-05-25 06:00:00,0.0
2011-05-25 07:00:00,202.08221
2011-05-25 08:00:00,242.66653
2011-05-25 09:00:00,348.6875
2011-05-25 10:00:00,377.5448
2011-05-25 11:00:00,387.718
2011-05-25 12:00:00,372.40063
2011-05-25 13:00:00,372.40063
2011-05-25 14:00:00,352.33072
2011-05-25 15:00:00,385.36783
2011-05-25 16:00:00,347.46445
2011-05-25 17:00:00,365.55673
2011-05-25 18:00:00,284.88733
2011-05-25 19:00:00,269.75955
2011-05-25 20:00:00,296.9615
2011-05-25 21:00:00,312.71204
2011-05-25 22:00:00,298.43057
2011-05-25 23:00:00,209.54382
2011-05-26 00:00:00,209.54382
2011-05-26 01:00:00,209.54382
2011-05-26 02:00:00,220.12738
2011-05-26 03:00:00,109.86393
2011-05-26 04:00:00,57.441093
2011-05-26 05:00:00,307.9734
2011-05-26 06:00:00,120.44465
2011-05-26 07:00:00,238.7886
2011-05-26 08:00:00,182.87534
2011-05-26 09:00:00,243.58403
2011-05-26 10:00:00,348.94632
2011-05-26 11:00:00,299.69266
2011-05-26 12:00:00,342.95224
2011-05-26 13:00:00,422.7866
2011-05-26 14:00:00,422.7866
2011-05-26 15:00:00,290.40274
2011-05-26 16:00:00,308.15015
2011-05-26 17:00:00,438.97006
2011-05-26 18:00:00,477.47104
2011-05-26 19:00:00,443.30206
2011-05-26 20:00:00,306.15723
2011-05-26 21:00:00,395.06284
2011-05-26 22:00:00,225.34543
2011-05-26 23:00:00,287.79788
2011-05-27 00:00:00,283.89346
2011-05-27 01:00:00,271.31308
2011-05-27 02:00:00,245.1068
2011-05-27 03:00:00,308.41776
2011-05-27 04:00:00,276.50266
2011-05-27 05:00:00,252.37207
2011-05-27 06:00:00,217.7437
2011-05-27 07:00:00,184.60214
2011-05-27 08:00:00,385.02045
2011-05-27 09:00:00,300.92862
2011-05-27 10:00:00,325.7037
2011-05-27 11:00:00,193.86215
2011-05-27 12:00:00,172.52092
2011-05-27 13:00:00,324.59
2011-05-27 14:00:00,352.7351
2011-05-27 15:00:00,431.5046
2011-05-27 16:00:00,252.48846
2011-05-27 17:00:00,358.1804
2011-05-27 18:00:00,280.60202
2011-05-27 19:00:00,166.64307
2011-05-27 20:00:00,152.67973
2011-05-27 21:00:00,199.341
2011-05-27 22:00:00,201.67604
2011-05-27 23:00:00,107.61855
2011-05-28 00:00:00,76.51646
2011-05-28 01:00:00,83.0874
2011-05-28 02:00:00,71.92727
2011-05-28 03:00:00,54.057556
2011-05-28 04:00:00,151.29642
2011-05-28 05:00:00,54.057556
2011-05-28 06:00:00,206.87025
2011-05-28 07:00:00,190.69824
2011-05-28 08:00:00,75.224236
2011-05-28 09:00:00,212.71362
2011-05-28 10:00:00,245.4318
2011-05-28 11:00:00,245.4318
2011-05-28 12:00:00,443.91153
2011-05-28 13:00:00,318.05865
2011-05-28 14:00:00,414.371
2011-05-28 15:00:00,458.29623
2011-05-28 16:00:00,457.73398
2011-05-28 17:00:00,461.15942
2011-05-28 18:00:00,397.88678
2011-05-28 19:00:00,223.35883
2011-05-28 20:00:00,245.4318
2011-05-28 21:00:00,248.51466
2011-05-28 22:00:00,123.28026
2011-05-28 23:00:00,73.8945
2011-05-29 00:00:00,113.24045
2011-05-29 01:00:00,94.23333
2011-05-29 02:00:00,61.03337
2011-05-29 03:00:00,61.03337
2011-05-29 04:00:00,24.48407
2011-05-29 05:00:00,72.709114
2011-05-29 06:00:00,140.80289
2011-05-29 07:00:00,173.4869
2011-05-29 08:00:00,174.89763
2011-05-29 09:00:00,160.73012
2011-05-29 10:00:00,139.20505
2011-05-29 11:00:00,195.14694
2011-05-29 12:00:00,224.35439
2011-05-29 13:00:00,289.26743
2011-05-29 14:00:00,303.88672
2011-05-29 15:00:00,340.32083
2011-05-29 16:00:00,303.88672
2011-05-29 17:00:00,303.88672
2011-05-29 18:00:00,274.74072
2011-05-29 19:00:00,241.89693
2011-05-29 20:00:00,142.72208
2011-05-29 21:00:00,108.226585
2011-05-29 22:00:00,119.935776
2011-05-29 23:00:00,103.70312
2011-05-30 00:00:00,200.55785
2011-05-30 01:00:00,145.41545
2011-05-30 02:00:00,200.55785
2011-05-30 03:00:00,200.55785
2011-05-30 04:00:00,213.842
2011-05-30 05:00:00,181.87312
2011-05-30 06:00:00,167.01758
2011-05-30 07:00:00,0.0
2011-05-30 08:00:00,323.60718
2011-05-30 09:00:00,584.63324
2011-05-30 10:00:00,378.34888
2011-05-30 11:00:00,200.52118
2011-05-30 12:00:00,198.9569
2011-05-30 13:00:00,168.60841
2011-05-30 14:00:00,251.60162
2011-05-30 15:00:00,329.65207
2011-05-30 16:00:00,295.91312
2011-05-30 17:00:00,358.61783
2011-05-30 18:00:00,292.55444
2011-05-30 19:00:00,165.26118
2011-05-30 20:00:00,0.0
2011-05-30 21:00:00,471.70657
2011-05-30 22:00:00,264.59735
2011-05-30 23:00:00,195.56548
2011-05-31 00:00:00,159.67754
2011-05-31 01:00:00,224.01004
2011-05-31 02:00:00,289.6144
2011-05-31 03:00:00,311.7728
2011-05-31 04:00:00,259.91125
2011-05-31 05:00:00,259.91125
2011-05-31 06:00:00,199.63438
2011-05-31 07:00:00,379.336
2011-05-31 08:00:00,392.67484
2011-05-31 09:00:00,448.44186
2011-05-31 10:00:00,418.67282
2011-05-31 11:00:00,169.54492
2011-05-31 12:00:00,163.9838
2011-05-31 13:00:00,185.84561
2011-05-31 14:00:00,331.1625
2011-05-31 15:00:00,218.51367
2011-05-31 16:00:00,202.69232
2011-05-31 17:00:00,332.1107
2011-05-31 18:00:00,308.92914
2011-05-31 19:00:00,254.54567
2011-05-31 20:00:00,254.54567
2011-05-31 21:00:00,383.09732
2011-05-31 22:00:00,252.68604
2011-05-31 23:00:00,130.84547
2011-06-20 00:00:00,101.46883
2011-06-20 01:00:00,205.54062
2011-06-20 02:00:00,205.54062
2011-06-20 03:00:00,139.85645
2011-06-20 04:00:00,110.980415
2011-06-20 05:00:00,56.404224
2011-06-20 06:00:00,143.89012
2011-06-20 07:00:00,161.34137
2011-06-20 08:00:00,145.24036
2011-06-20 09:00:00,206.17969
2011-06-20 10:00:00,206.17969
2011-06-20 11:00:00,167.53552
2011-06-20 12:00:00,150.33684
2011-06-20 13:00:00,302.56277
2011-06-20 14:00:00,305.74124
2011-06-20 15:00:00,244.18967
2011-06-20 16:00:00,285.23074
2011-06-20 17:00:00,215.35971
2011-06-20 18:00:00,270.5929
2011-06-20 19:00:00,234.50653
2011-06-20 20:00:00,235.65239
2011-06-20 21:00:00,184.60217
2011-06-20 22:00:00,152.15816
2011-06-20 23:00:00,252.74835
2011-06-21 00:00:00,165.5278
2011-06-21 01:00:00,115.34094
2011-06-21 02:00:00,108.31601
2011-06-21 03:00:00,108.31601
2011-06-21 04:00:00,116.47765
2011-06-21 05:00:00,63.784603
2011-06-21 06:00:00,63.784603
2011-06-21 07:00:00,34.300514
2011-06-21 08:00:00,134.54276
2011-06-21 09:00:00,175.64253
2011-06-21 10:00:00,217.24321
2011-06-21 11:00:00,123.28782
2011-06-21 12:00:00,129.88135
2011-06-21 13:00:00,333.18628
2011-06-21 14:00:00,385.47482
2011-06-21 15:00:00,444.6359
2011-06-21 16:00:00,463.1729
2011-06-21 17:00:00,407.57834
2011-06-21 18:00:00,221.39699
2011-06-21 19:00:00,279.43668
2011-06-21 20:00:00,278.36642
2011-06-21 21:00:00,193.47534
2011-06-21 22:00:00,75.05124
2011-06-21 23:00:00,164.98517
2011-06-22 00:00:00,105.53448
2011-06-22 01:00:00,67.65578
2011-06-22 02:00:00,39.97993
2011-06-22 03:00:00,67.65578
2011-06-22 04:00:00,12.009723
2011-06-22 05:00:00,0.0
2011-06-22 06:00:00,0.0
2011-06-22 07:00:00,62.34714
2011-06-22 08:00:00,288.7611
2011-06-22 09:00:00,105.72216
2011-06-22 10:00:00,326.8159
2011-06-22 11:00:00,241.03001
2011-06-22 12:00:00,240.26349
2011-06-22 13:00:00,320.5043
2011-06-22 14:00:00,450.25397
2011-06-22 15:00:00,395.4665
2011-06-22 16:00:00,363.35562
2011-06-22 17:00:00,291.501
2011-06-22 18:00:00,282.60825
2011-06-22 19:00:00,375.62973
2011-06-22 20:00:00,129.98206
2011-06-22 21:00:00,114.20558
2011-06-22 22:00:00,300.00568
2011-06-22 23:00:00,295.4128
2011-06-23 00:00:00,145.9725
2011-06-23 01:00:00,258.97733
2011-06-23 02:00:00,258.97733
2011-06-23 03:00:00,302.45782
2011-06-23 04:00:00,141.69768
2011-06-23 05:00:00,141.06705
2011-06-23 06:00:00,141.06705
2011-06-23 07:00:00,310.4285
2011-06-23 08:00:00,295.947
2011-06-23 09:00:00,322.12204
2011-06-23 10:00:00,267.67154
2011-06-23 11:00:00,225.60983
2011-06-23 12:00:00,240.42877
2011-06-23 13:00:00,235.21176
2011-06-23 14:00:00,245.36725
2011-06-23 15:00:00,261.20056
2011-06-23 16:00:00,201.82222
2011-06-23 17:00:00,214.64981
2011-06-23 18:00:00,264.64865
2011-06-23 19:00:00,225.65523
2011-06-23 20:00:00,209.35754
2011-06-23 21:00:00,153.95316
2011-06-23 22:00:00,275.52396
2011-06-23 23:00:00,296.62906
2011-06-24 00:00:00,102.463165
2011-06-24 01:00:00,255.95575
2011-06-24 02:00:00,255.95575
2011-06-24 03:00:00,123.28782
2011-06-24 04:00:00,110.05326
2011-06-24 05:00:00,82.29227
2011-06-24 06:00:00,65.63423
2011-06-24 07:00:00,104.18558
2011-06-24 08:00:00,209.35754
2011-06-24 09:00:00,382.7373
2011-06-24 10:00:00,271.30966
2011-06-24 11:00:00,224.90851
2011-06-24 12:00:00,251.07747
2011-06-24 13:00:00,244.36874
2011-06-24 14:00:00,320.17355
2011-06-24 15:00:00,208.71455
2011-06-24 16:00:00,234.9625
2011-06-24 17:00:00,245.34073
2011-06-24 18:00:00,244.59944
2011-06-24 19:00:00,344.36667
2011-06-24 20:00:00,381.14154
2011-06-24 21:00:00,263.26608
2011-06-24 22:00:00,138.22382
2011-06-24 23:00:00,246.52832
2011-06-25 00:00:00,432.62534
2011-06-25 01:00:00,350.03378
2011-06-25 02:00:00,305.85263
2011-06-25 03:00:00,187.1173
2011-06-25 04:00:00,187.1173
2011-06-25 05:00:00,169.33862
2011-06-25 06:00:00,250.07513
2011-06-25 07:00:00,319.257
2011-06-25 08:00:00,448.96707
2011-06-25 09:00:00,482.27277
2011-06-25 10:00:00,438.70047
2011-06-25 11:00:00,520.7679
2011-06-25 12:00:00,501.4802
2011-06-25 13:00:00,501.4802
2011-06-25 14:00:00,439.27383
2011-06-25 15:00:00,419.37216
2011-06-25 16:00:00,477.96918
2011-06-25 17:00:00,530.3663
2011-06-25 18:00:00,482.27277
2011-06-25 19:00:00,432.42282
2011-06-25 20:00:00,399.24423
2011-06-25 21:00:00,278.71396
2011-06-25 22:00:00,434.9943
2011-06-25 23:00:00,395.62473
2011-06-26 00:00:00,145.37213
2011-06-26 01:00:00,306.36786
2011-06-26 02:00:00,306.37393
2011-06-26 03:00:00,135.71954
2011-06-26 04:00:00,174.7296
2011-06-26 05:00:00,168.3287
2011-06-26 06:00:00,168.3287
2011-06-26 07:00:00,239.43529
2011-06-26 08:00:00,169.25966
2011-06-26 09:00:00,193.44853
2011-06-26 10:00:00,227.50279
2011-06-26 11:00:00,410.86658
2011-06-26 12:00:00,509.1793
2011-06-26 13:00:00,534.4336
2011-06-26 14:00:00,498.2319
2011-06-26 15:00:00,534.4336
2011-06-26 16:00:00,509.36728
2011-06-26 17:00:00,384.97415
2011-06-26 18:00:00,464.71585
2011-06-26 19:00:00,301.09042
2011-06-26 20:00:00,242.9754
2011-06-26 21:00:00,152.22763
2011-06-26 22:00:00,248.97334
2011-06-26 23:00:00,167.80008
2011-06-27 00:00:00,226.23972
2011-06-27 01:00:00,159.69978
2011-06-27 02:00:00,105.624
2011-06-27 03:00:00,105.624
2011-06-27 04:00:00,315.21063
2011-06-27 05:00:00,369.88657
2011-06-27 06:00:00,312.93362
2011-06-27 07:00:00,262.63217
2011-06-27 08:00:00,114.92029
2011-06-27 09:00:00,438.52438
2011-06-27 10:00:00,218.77701
2011-06-27 11:00:00,258.04675
2011-06-27 12:00:00,438.52438
2011-06-27 13:00:00,220.04456
2011-06-27 14:00:00,214.64154
2011-06-27 15:00:00,452.4831
2011-06-27 16:00:00,209.26634
2011-06-27 17:00:00,317.28708
2011-06-27 18:00:00,119.90492
2011-06-27 19:00:00,332.46695
2011-06-27 20:00:00,144.64297
2011-06-27 21:00:00,113.50478
2011-06-27 22:00:00,89.355705
2011-06-27 23:00:00,89.355705
2011-06-28 00:00:00,122.46365
2011-06-28 01:00:00,60.96248
2011-06-28 02:00:00,240.33795
2011-06-28 03:00:00,240.33795
2011-06-28 04:00:00,60.96248
2011-06-28 05:00:00,39.97993
2011-06-28 06:00:00,123.28782
2011-06-28 07:00:00,130.3707
2011-06-28 08:00:00,95.96899
2011-06-28 09:00:00,115.696
2011-06-28 10:00:00,342.0945
2011-06-28 11:00:00,216.31262
2011-06-28 12:00:00,231.38177
2011-06-28 13:00:00,292.50467
2011-06-28 14:00:00,225.70209
2011-06-28 15:00:00,328.61475
2011-06-28 16:00:00,291.39343
2011-06-28 17:00:00,305.46786
2011-06-28 18:00:00,267.57504
2011-06-28 19:00:00,335.95068
2011-06-28 20:00:00,125.17484
2011-06-28 21:00:00,348.89737
2011-06-28 22:00:00,269.5357
2011-06-28 23:00:00,292.81595
2011-06-29 00:00:00,304.9212
2011-06-29 01:00:00,228.04907
2011-06-29 02:00:00,133.76854
2011-06-29 03:00:00,200.96652
2011-06-29 04:00:00,79.57138
2011-06-29 05:00:00,153.67696
2011-06-29 06:00:00,221.7602
2011-06-29 07:00:00,350.2873
2011-06-29 08:00:00,415.09927
2011-06-29 09:00:00,348.7608
2011-06-29 10:00:00,392.58826
2011-06-29 11:00:00,244.4883
2011-06-29 12:00:00,226.63098
2011-06-29 13:00:00,212.1117
2011-06-29 14:00:00,366.98264
2011-06-29 15:00:00,421.98215
2011-06-29 16:00:00,268.5103
2011-06-29 17:00:00,284.0864
2011-06-29 18:00:00,365.82642
2011-06-29 19:00:00,283.32333
2011-06-29 20:00:00,293.329
2011-06-29 21:00:00,364.92514
2011-06-29 22:00:00,469.6442
2011-06-29 23:00:00,400.22513
2011-06-30 00:00:00,309.7723
2011-06-30 01:00:00,206.72885
2011-06-30 02:00:00,284.56082
2011-06-30 03:00:00,244.63713
2011-06-30 04:00:00,299.00674
2011-06-30 05:00:00,169.76904
2011-06-30 06:00:00,158.97647
2011-06-30 07:00:00,222.37474
2011-06-30 08:00:00,417.34238
2011-06-30 09:00:00,463.0388
2011-06-30 10:00:00,427.7722
2011-06-30 11:00:00,419.18863
2011-06-30 12:00:00,305.1854
2011-06-30 13:00:00,246.98264
2011-06-30 14:00:00,340.35843
2011-06-30 15:00:00,481.9372
2011-06-30 16:00:00,262.78113
2011-06-30 17:00:00,391.3111
2011-06-30 18:00:00,390.50815
2011-06-30 19:00:00,269.6987
2011-06-30 20:00:00,269.6987
2011-06-30 21:00:00,436.26944
2011-06-30 22:00:00,383.89255
2011-06-30 23:00:00,160.71439
2011-07-20 00:00:00,62.67129
2011-07-20 01:00:00,45.46211
2011-07-20 02:00:00,45.46211
2011-07-20 03:00:00,62.67129
2011-07-20 04:00:00,37.070553
2011-07-20 05:00:00,61.762962
2011-07-20 06:00:00,209.0774
2011-07-20 07:00:00,189.70773
2011-07-20 08:00:00,110.09519
2011-07-20 09:00:00,291.52325
2011-07-20 10:00:00,126.24861
2011-07-20 11:00:00,123.71362
2011-07-20 12:00:00,150.00206
2011-07-20 13:00:00,312.3351
2011-07-20 14:00:00,184.81007
2011-07-20 15:00:00,161.93425
2011-07-20 16:00:00,151.21819
2011-07-20 17:00:00,377.99387
2011-07-20 18:00:00,341.4594
2011-07-20 19:00:00,463.82684
2011-07-20 20:00:00,426.7993
2011-07-20 21:00:00,473.76736
2011-07-20 22:00:00,405.66757
2011-07-20 23:00:00,349.43698
2011-07-21 00:00:00,306.7248
2011-07-21 01:00:00,247.12866
2011-07-21 02:00:00,247.12866
2011-07-21 03:00:00,296.7137
2011-07-21 04:00:00,181.90897
2011-07-21 05:00:00,181.90897
2011-07-21 06:00:00,181.90897
2011-07-21 07:00:00,185.45197
2011-07-21 08:00:00,315.42435
2011-07-21 09:00:00,216.34341
2011-07-21 10:00:00,196.23557
2011-07-21 11:00:00,354.37244
2011-07-21 12:00:00,333.73154
2011-07-21 13:00:00,300.8412
2011-07-21 14:00:00,301.32822
2011-07-21 15:00:00,205.69919
2011-07-21 16:00:00,243.62918
2011-07-21 17:00:00,263.17288
2011-07-21 18:00:00,257.6078
2011-07-21 19:00:00,342.99075
2011-07-21 20:00:00,482.26837
2011-07-21 21:00:00,449.0478
2011-07-21 22:00:00,347.38605
2011-07-21 23:00:00,306.316
2011-07-22 00:00:00,295.07095
2011-07-22 01:00:00,396.3199
2011-07-22 02:00:00,224.26463
2011-07-22 03:00:00,334.76627
2011-07-22 04:00:00,328.64993
2011-07-22 05:00:00,159.70789
2011-07-22 06:00:00,319.09598
2011-07-22 07:00:00,230.01866
2011-07-22 08:00:00,214.67311
2011-07-22 09:00:00,82.97363
2011-07-22 10:00:00,121.7391
2011-07-22 11:00:00,191.45828
2011-07-22 12:00:00,148.134
2011-07-22 13:00:00,122.15028
2011-07-22 14:00:00,243.99419
2011-07-22 15:00:00,253.00058
2011-07-22 16:00:00,475.30743
2011-07-22 17:00:00,218.6436
2011-07-22 18:00:00,263.77527
2011-07-22 19:00:00,303.82553
2011-07-22 20:00:00,151.21819
2011-07-22 21:00:00,109.36368
2011-07-22 22:00:00,177.32164
2011-07-22 23:00:00,457.18802
2011-07-23 00:00:00,276.8128
2011-07-23 01:00:00,201.83586
2011-07-23 02:00:00,351.36038
2011-07-23 03:00:00,122.41461
2011-07-23 04:00:00,148.00513
2011-07-23 05:00:00,215.73424
2011-07-23 06:00:00,218.82335
2011-07-23 07:00:00,186.7886
2011-07-23 08:00:00,449.97913
2011-07-23 09:00:00,342.38034
2011-07-23 10:00:00,466.2614
2011-07-23 11:00:00,346.01358
2011-07-23 12:00:00,149.94116
2011-07-23 13:00:00,282.85452
2011-07-23 14:00:00,308.7717
2011-07-23 15:00:00,191.0804
2011-07-23 16:00:00,294.03555
2011-07-23 17:00:00,294.03555
2011-07-23 18:00:00,333.3732
2011-07-23 19:00:00,279.38132
2011-07-23 20:00:00,341.53903
2011-07-23 21:00:00,341.53903
2011-07-23 22:00:00,253.08907
2011-07-23 23:00:00,147.50557
2011-07-24 00:00:00,147.50557
2011-07-24 01:00:00,124.5409
2011-07-24 02:00:00,111.900986
2011-07-24 03:00:00,111.900986
2011-07-24 04:00:00,124.5409
2011-07-24 05:00:00,122.41461
2011-07-24 06:00:00,327.214
2011-07-24 07:00:00,178.93202
2011-07-24 08:00:00,440.40594
2011-07-24 09:00:00,448.6817
2011-07-24 10:00:00,462.0791
2011-07-24 11:00:00,462.14594
2011-07-24 12:00:00,344.7466
2011-07-24 13:00:00,449.14627
2011-07-24 14:00:00,430.04657
2011-07-24 15:00:00,364.95804
2011-07-24 16:00:00,364.95804
2011-07-24 17:00:00,323.33298
2011-07-24 18:00:00,353.88242
2011-07-24 19:00:00,359.3268
2011-07-24 20:00:00,342.38034
2011-07-24 21:00:00,177.6834
2011-07-24 22:00:00,247.4635
2011-07-24 23:00:00,330.3261
2011-07-25 00:00:00,216.68678
2011-07-25 01:00:00,380.5407
2011-07-25 02:00:00,165.10645
2011-07-25 03:00:00,87.711945
2011-07-25 04:00:00,73.824234
2011-07-25 05:00:00,73.824234
2011-07-25 06:00:00,187.65549
2011-07-25 07:00:00,261.99866
2011-07-25 08:00:00,251.03525
2011-07-25 09:00:00,433.8175
2011-07-25 10:00:00,150.00206
2011-07-25 11:00:00,219.24113
2011-07-25 12:00:00,219.24113
2011-07-25 13:00:00,320.1142
2011-07-25 14:00:00,300.0057
2011-07-25 15:00:00,249.17505
2011-07-25 16:00:00,119.26162
2011-07-25 17:00:00,101.8818
2011-07-25 18:00:00,269.8909
2011-07-25 19:00:00,291.52325
2011-07-25 20:00:00,122.57614
2011-07-25 21:00:00,45.46211
2011-07-25 22:00:00,45.46211
2011-07-25 23:00:00,69.03267
2011-07-26 00:00:00,75.05114
2011-07-26 01:00:00,75.05114
2011-07-26 02:00:00,83.62927
2011-07-26 03:00:00,96.49996
2011-07-26 04:00:00,57.52693
2011-07-26 05:00:00,77.3143
2011-07-26 06:00:00,125.54694
2011-07-26 07:00:00,316.63284
2011-07-26 08:00:00,409.65677
2011-07-26 09:00:00,289.41135
2011-07-26 10:00:00,338.3722
2011-07-26 11:00:00,220.16989
2011-07-26 12:00:00,256.94016
2011-07-26 13:00:00,249.26797
2011-07-26 14:00:00,406.15744
2011-07-26 15:00:00,471.31387
2011-07-26 16:00:00,222.70245
2011-07-26 17:00:00,197.20668
2011-07-26 18:00:00,221.91116
2011-07-26 19:00:00,261.81448
2011-07-26 20:00:00,318.41888
2011-07-26 21:00:00,392.22592
2011-07-26 22:00:00,337.23206
2011-07-26 23:00:00,225.95789
2011-07-27 00:00:00,237.42816
2011-07-27 01:00:00,413.14127
2011-07-27 02:00:00,460.54526
2011-07-27 03:00:00,359.50815
2011-07-27 04:00:00,391.05728
2011-07-27 05:00:00,343.1555
2011-07-27 06:00:00,350.2873
2011-07-27 07:00:00,474.31253
2011-07-27 08:00:00,399.8217
2011-07-27 09:00:00,226.63098
2011-07-27 10:00:00,195.52391
2011-07-27 11:00:00,209.05403
2011-07-27 12:00:00,355.47415
2011-07-27 13:00:00,305.11215
2011-07-27 14:00:00,462.69406
2011-07-27 15:00:00,340.23
2011-07-27 16:00:00,290.59283
2011-07-27 17:00:00,300.8656
2011-07-27 18:00:00,237.21147
2011-07-27 19:00:00,226.04137
2011-07-27 20:00:00,377.6268
2011-07-27 21:00:00,218.26817
2011-07-27 22:00:00,144.4465
2011-07-27 23:00:00,227.67883
2011-07-28 00:00:00,251.30998
2011-07-28 01:00:00,127.366486
2011-07-28 02:00:00,210.60823
2011-07-28 03:00:00,145.1149
2011-07-28 04:00:00,196.3451
2011-07-28 05:00:00,144.64297
2011-07-28 06:00:00,201.06143
2011-07-28 07:00:00,226.02374
2011-07-28 08:00:00,333.18628
2011-07-28 09:00:00,450.98145
2011-07-28 10:00:00,405.99817
2011-07-28 11:00:00,337.5518
2011-07-28 12:00:00,295.69873
2011-07-28 13:00:00,265.96396
2011-07-28 14:00:00,435.81558
2011-07-28 15:00:00,159.90213
2011-07-28 16:00:00,170.11433
2011-07-28 17:00:00,256.54163
2011-07-28 18:00:00,282.37222
2011-07-28 19:00:00,451.24466
2011-07-28 20:00:00,457.1879
2011-07-28 21:00:00,412.35254
2011-07-28 22:00:00,361.7449
2011-07-28 23:00:00,210.39803
2011-07-29 00:00:00,114.20558
2011-07-29 01:00:00,234.8912
2011-07-29 02:00:00,87.711945
2011-07-29 03:00:00,87.711945
2011-07-29 04:00:00,159.72946
2011-07-29 05:00:00,66.65472
2011-07-29 06:00:00,288.0536
2011-07-29 07:00:00,165.10645
2011-07-29 08:00:00,265.08524
2011-07-29 09:00:00,265.96396
2011-07-29 10:00:00,253.3728
2011-07-29 11:00:00,266.63776
2011-07-29 12:00:00,496.8265
2011-07-29 13:00:00,252.57954
2011-07-29 14:00:00,325.41794
2011-07-29 15:00:00,351.79675
2011-07-29 16:00:00,476.49948
2011-07-29 17:00:00,441.39044
2011-07-29 18:00:00,254.70905
2011-07-29 19:00:00,238.24165
2011-07-29 20:00:00,233.65736
2011-07-29 21:00:00,199.48389
2011-07-29 22:00:00,337.78488
2011-07-29 23:00:00,213.8163
2011-07-30 00:00:00,284.13342
2011-07-30 01:00:00,186.25974
2011-07-30 02:00:00,172.5396
2011-07-30 03:00:00,230.16318
2011-07-30 04:00:00,200.68042
2011-07-30 05:00:00,253.50195
2011-07-30 06:00:00,268.1699
2011-07-30 07:00:00,211.68793
2011-07-30 08:00:00,335.807
2011-07-30 09:00:00,447.46707
2011-07-30 10:00:00,423.0916
2011-07-30 11:00:00,430.1976
2011-07-30 12:00:00,460.57382
2011-07-30 13:00:00,291.03217
2011-07-30 14:00:00,294.1686
2011-07-30 15:00:00,258.93875
2011-07-30 16:00:00,464.19308
2011-07-30 17:00:00,255.71037
2011-07-30 18:00:00,524.2973
2011-07-30 19:00:00,638.5147
2011-07-30 20:00:00,322.7465
2011-07-30 21:00:00,363.10153
2011-07-30 22:00:00,173.34656
2011-07-30 23:00:00,186.2597
2011-07-31 00:00:00,186.25974
2011-07-31 01:00:00,172.93156
2011-07-31 02:00:00,146.20085
2011-07-31 03:00:00,395.8521
2011-07-31 04:00:00,307.4153
2011-07-31 05:00:00,353.5456
2011-07-31 06:00:00,373.50345
2011-07-31 07:00:00,223.60025
2011-07-31 08:00:00,375.19193
2011-07-31 09:00:00,382.40103
2011-07-31 10:00:00,408.71872
2011-07-31 11:00:00,455.12686
2011-07-31 12:00:00,351.26276
2011-07-31 13:00:00,345.0992
2011-07-31 14:00:00,343.28723
2011-07-31 15:00:00,464.63242
2011-07-31 16:00:00,474.4009
2011-07-31 17:00:00,425.11942
2011-07-31 18:00:00,403.51514
2011-07-31 19:00:00,434.87128
2011-07-31 20:00:00,434.87128
2011-07-31 21:00:00,366.73386
2011-07-31 22:00:00,274.27646
2011-07-31 23:00:00,222.77829
2011-08-20 00:00:00,74.377106
2011-08-20 01:00:00,66.45852
2011-08-20 02:00:00,84.16409
2011-08-20 03:00:00,84.16409
2011-08-20 04:00:00,8.580329
2011-08-20 05:00:00,68.134415
2011-08-20 06:00:00,88.6147
2011-08-20 07:00:00,66.458405
2011-08-20 08:00:00,180.67142
2011-08-20 09:00:00,396.189
2011-08-20 10:00:00,178.07135
2011-08-20 11:00:00,116.210594
2011-08-20 12:00:00,223.60025
2011-08-20 13:00:00,223.87851
2011-08-20 14:00:00,369.0399
2011-08-20 15:00:00,470.39258
2011-08-20 16:00:00,412.8591
2011-08-20 17:00:00,369.0399
2011-08-20 18:00:00,407.65448
2011-08-20 19:00:00,217.36588
2011-08-20 20:00:00,235.47023
2011-08-20 21:00:00,195.74174
2011-08-20 22:00:00,124.219315
2011-08-20 23:00:00,114.568726
2011-08-21 00:00:00,126.063736
2011-08-21 01:00:00,137.8494
2011-08-21 02:00:00,102.20246
2011-08-21 03:00:00,111.254196
2011-08-21 04:00:00,125.84822
2011-08-21 05:00:00,142.36005
2011-08-21 06:00:00,106.36496
2011-08-21 07:00:00,167.76251
2011-08-21 08:00:00,137.50885
2011-08-21 09:00:00,161.50746
2011-08-21 10:00:00,197.38684
2011-08-21 11:00:00,411.69473
2011-08-21 12:00:00,444.92072
2011-08-21 13:00:00,404.43344
2011-08-21 14:00:00,454.94858
2011-08-21 15:00:00,197.18
2011-08-21 16:00:00,98.49644
2011-08-21 17:00:00,143.69022
2011-08-21 18:00:00,175.97142
2011-08-21 19:00:00,220.66745
2011-08-21 20:00:00,170.72665
2011-08-21 21:00:00,170.72665
2011-08-21 22:00:00,130.12254
2011-08-21 23:00:00,107.71307
2011-08-22 00:00:00,119.11443
2011-08-22 01:00:00,57.535107
2011-08-22 02:00:00,308.23282
2011-08-22 03:00:00,272.56073
2011-08-22 04:00:00,293.63156
2011-08-22 05:00:00,195.99857
2011-08-22 06:00:00,200.57635
2011-08-22 07:00:00,191.3261
2011-08-22 08:00:00,191.3261
2011-08-22 09:00:00,321.33267
2011-08-22 10:00:00,415.09927
2011-08-22 11:00:00,281.8145
2011-08-22 12:00:00,317.64618
2011-08-22 13:00:00,233.32684
2011-08-22 14:00:00,232.45271
2011-08-22 15:00:00,228.18533
2011-08-22 16:00:00,232.45271
2011-08-22 17:00:00,380.67966
2011-08-22 18:00:00,422.96887
2011-08-22 19:00:00,221.35854
2011-08-22 20:00:00,452.7585
2011-08-22 21:00:00,464.89108
2011-08-22 22:00:00,443.88998
2011-08-22 23:00:00,429.0359
2011-08-23 00:00:00,369.1135
2011-08-23 01:00:00,218.3529
2011-08-23 02:00:00,184.33234
2011-08-23 03:00:00,139.15329
2011-08-23 04:00:00,246.51144
2011-08-23 05:00:00,156.46536
2011-08-23 06:00:00,188.71466
2011-08-23 07:00:00,283.2052
2011-08-23 08:00:00,274.65054
2011-08-23 09:00:00,165.85559
2011-08-23 10:00:00,282.96487
2011-08-23 11:00:00,441.57346
2011-08-23 12:00:00,362.44086
2011-08-23 13:00:00,397.54733
2011-08-23 14:00:00,340.17532
2011-08-23 15:00:00,313.13058
2011-08-23 16:00:00,325.9263
2011-08-23 17:00:00,313.13058
2011-08-23 18:00:00,346.06577
2011-08-23 19:00:00,338.7544
2011-08-23 20:00:00,277.86395
2011-08-23 21:00:00,0.0
2011-08-23 22:00:00,284.56082
2011-08-23 23:00:00,296.67978
2011-08-24 00:00:00,284.56082
2011-08-24 01:00:00,322.92072
2011-08-24 02:00:00,253.4042
2011-08-24 03:00:00,253.4042
2011-08-24 04:00:00,90.60901
2011-08-24 05:00:00,90.60901
2011-08-24 06:00:00,27.775467
2011-08-24 07:00:00,321.00198
2011-08-24 08:00:00,115.38748
2011-08-24 09:00:00,256.64963
2011-08-24 10:00:00,309.36227
2011-08-24 11:00:00,362.2973
2011-08-24 12:00:00,346.05508
2011-08-24 13:00:00,291.50836
2011-08-24 14:00:00,291.50836
2011-08-24 15:00:00,306.17233
2011-08-24 16:00:00,284.7872
2011-08-24 17:00:00,355.85403
2011-08-24 18:00:00,389.9614
2011-08-24 19:00:00,389.9614
2011-08-24 20:00:00,340.07523
2011-08-24 21:00:00,257.2435
2011-08-24 22:00:00,222.38004
2011-08-24 23:00:00,241.55069
2011-08-25 00:00:00,286.40512
2011-08-25 01:00:00,215.66171
2011-08-25 02:00:00,215.66171
2011-08-25 03:00:00,260.79773
2011-08-25 04:00:00,158.2836
2011-08-25 05:00:00,182.82285
2011-08-25 06:00:00,255.95575
2011-08-25 07:00:00,257.5083
2011-08-25 08:00:00,253.7428
2011-08-25 09:00:00,246.11366
2011-08-25 10:00:00,230.69174
2011-08-25 11:00:00,134.3446
2011-08-25 12:00:00,134.3446
2011-08-25 13:00:00,75.05114
2011-08-25 14:00:00,252.19409
2011-08-25 15:00:00,223.08347
2011-08-25 16:00:00,66.65472
2011-08-25 17:00:00,66.65472
2011-08-25 18:00:00,168.754
2011-08-25 19:00:00,234.3977
2011-08-25 20:00:00,228.38742
2011-08-25 21:00:00,203.39388
2011-08-25 22:00:00,0.0
2011-08-25 23:00:00,226.03331
2011-08-26 00:00:00,92.91487
2011-08-26 01:00:00,0.0
2011-08-26 02:00:00,98.70805
2011-08-26 03:00:00,98.859535
2011-08-26 04:00:00,0.0
2011-08-26 05:00:00,58.54781
2011-08-26 06:00:00,0.0
2011-08-26 07:00:00,12.009723
2011-08-26 08:00:00,79.57138
2011-08-26 09:00:00,84.39377
2011-08-26 10:00:00,127.125565
2011-08-26 11:00:00,273.9299
2011-08-26 12:00:00,297.51743
2011-08-26 13:00:00,211.43106
2011-08-26 14:00:00,265.53128
2011-08-26 15:00:00,234.24872
2011-08-26 16:00:00,210.08052
2011-08-26 17:00:00,324.29684
2011-08-26 18:00:00,320.1142
2011-08-26 19:00:00,136.00514
2011-08-26 20:00:00,90.7023
2011-08-26 21:00:00,105.72216
2011-08-26 22:00:00,136.00517
2011-08-26 23:00:00,69.03265
2011-08-27 00:00:00,113.63668
2011-08-27 01:00:00,112.3188
2011-08-27 02:00:00,98.968605
2011-08-27 03:00:00,134.81213
2011-08-27 04:00:00,134.81213
2011-08-27 05:00:00,155.84843
2011-08-27 06:00:00,155.84843
2011-08-27 07:00:00,209.1493
2011-08-27 08:00:00,147.05424
2011-08-27 09:00:00,246.36188
2011-08-27 10:00:00,209.94977
2011-08-27 11:00:00,149.80374
2011-08-27 12:00:00,213.24838
2011-08-27 13:00:00,384.303
2011-08-27 14:00:00,148.73103
2011-08-27 15:00:00,148.73103
2011-08-27 16:00:00,100.17638
2011-08-27 17:00:00,31.635117
2011-08-28 07:00:00,217.20004
2011-08-28 08:00:00,237.00948
2011-08-28 09:00:00,173.75053
2011-08-28 10:00:00,422.38528
2011-08-28 11:00:00,254.13889
2011-08-28 12:00:00,333.98352
2011-08-28 13:00:00,379.82095
2011-08-28 14:00:00,646.92194
2011-08-28 15:00:00,399.9172
2011-08-28 16:00:00,511.76874
2011-08-28 17:00:00,510.43878
2011-08-28 18:00:00,530.3663
2011-08-28 19:00:00,227.50279
2011-08-28 20:00:00,299.5796
2011-08-28 21:00:00,190.01515
2011-08-28 22:00:00,153.86737
2011-08-28 23:00:00,85.09633
2011-08-29 00:00:00,136.35764
2011-08-29 01:00:00,154.04036
2011-08-29 02:00:00,137.07077
2011-08-29 03:00:00,154.04036
2011-08-29 04:00:00,329.2535
2011-08-29 05:00:00,243.53503
2011-08-29 06:00:00,243.53503
2011-08-29 07:00:00,182.51709
2011-08-29 08:00:00,184.38113
2011-08-29 09:00:00,236.16138
2011-08-29 10:00:00,381.98502
2011-08-29 11:00:00,336.64206
2011-08-29 12:00:00,211.95865
2011-08-29 13:00:00,219.30377
2011-08-29 14:00:00,256.64374
2011-08-29 15:00:00,383.89255
2011-08-29 16:00:00,388.57553
2011-08-29 17:00:00,280.13052
2011-08-29 18:00:00,388.12634
2011-08-29 19:00:00,388.12634
2011-08-29 20:00:00,254.0361
2011-08-29 21:00:00,260.02484
2011-08-29 22:00:00,284.56082
2011-08-29 23:00:00,280.36996
2011-08-30 00:00:00,243.53503
2011-08-30 01:00:00,147.87514
2011-08-30 02:00:00,44.803234
2011-08-30 03:00:00,189.52748
2011-08-30 04:00:00,63.147064
2011-08-30 05:00:00,33.53897
2011-08-30 06:00:00,44.803234
2011-08-30 07:00:00,329.2535
2011-08-30 08:00:00,284.56082
2011-08-30 09:00:00,338.7544
2011-08-30 10:00:00,411.0053
2011-08-30 11:00:00,378.34665
2011-08-30 12:00:00,309.7906
2011-08-30 13:00:00,463.2125
2011-08-30 14:00:00,288.4135
2011-08-30 15:00:00,294.2266
2011-08-30 16:00:00,384.68607
2011-08-30 17:00:00,427.7722
2011-08-30 18:00:00,381.7418
2011-08-30 19:00:00,176.05351
2011-08-30 20:00:00,160.71439
2011-08-30 21:00:00,154.9209
2011-08-30 22:00:00,263.8125
2011-08-30 23:00:00,263.8125
2011-08-31 00:00:00,231.76514
2011-08-31 01:00:00,231.76514
2011-08-31 02:00:00,27.775429
2011-08-31 03:00:00,17.165802
2011-08-31 04:00:00,27.775429
2011-08-31 05:00:00,86.57351
2011-08-31 06:00:00,22.69616
2011-08-31 07:00:00,0.0
2011-08-31 08:00:00,131.47624
2011-08-31 09:00:00,78.511795
2011-08-31 10:00:00,245.34947
2011-08-31 11:00:00,295.142
2011-08-31 12:00:00,310.22968
2011-08-31 13:00:00,458.94138
2011-08-31 14:00:00,358.79025
2011-08-31 15:00:00,358.79025
2011-08-31 16:00:00,330.70093
2011-08-31 17:00:00,283.67294
2011-08-31 18:00:00,396.21158
2011-08-31 19:00:00,272.82883
2011-08-31 20:00:00,311.2535
2011-08-31 21:00:00,138.05927
2011-08-31 22:00:00,73.13106
2011-08-31 23:00:00,211.86118
2011-09-20 00:00:00,319.4832
2011-09-20 01:00:00,90.245224
2011-09-20 02:00:00,90.245224
2011-09-20 03:00:00,221.43091
2011-09-20 04:00:00,17.884472
2011-09-20 05:00:00,94.205765
2011-09-20 06:00:00,94.205765
2011-09-20 07:00:00,90.245224
2011-09-20 08:00:00,54.349964
2011-09-20 09:00:00,50.319508
2011-09-20 10:00:00,60.333866
2011-09-20 11:00:00,60.333866
2011-09-20 12:00:00,96.2578
2011-09-20 13:00:00,107.49006
2011-09-20 14:00:00,109.34731
2011-09-20 15:00:00,152.71274
2011-09-20 16:00:00,315.21063
2011-09-20 17:00:00,172.33264
2011-09-20 18:00:00,172.33264
2011-09-20 19:00:00,0.0
2011-09-20 20:00:00,0.0
2011-09-20 21:00:00,0.0
2011-09-20 22:00:00,0.0
2011-09-20 23:00:00,0.0
2011-09-21 00:00:00,0.0
2011-09-21 01:00:00,0.0
2011-09-21 02:00:00,0.0
2011-09-21 03:00:00,115.41211
2011-09-21 04:00:00,143.1177
2011-09-21 05:00:00,75.07847
2011-09-21 06:00:00,0.0
2011-09-21 07:00:00,0.0
2011-09-21 08:00:00,128.7196
2011-09-21 09:00:00,118.50706
2011-09-21 10:00:00,31.077873
2011-09-21 11:00:00,369.88657
2011-09-21 12:00:00,204.12106
2011-09-21 13:00:00,282.82617
2011-09-21 14:00:00,259.20862
2011-09-21 15:00:00,168.4122
2011-09-21 16:00:00,168.4122
2011-09-21 17:00:00,111.525925
2011-09-21 18:00:00,92.59534
2011-09-21 19:00:00,79.604744
2011-09-21 20:00:00,79.604744
2011-09-21 21:00:00,92.99839
2011-09-21 22:00:00,25.927032
2011-09-21 23:00:00,82.81989
2011-09-22 00:00:00,82.81989
2011-09-22 01:00:00,82.92138
2011-09-22 02:00:00,80.37614
2011-09-22 03:00:00,82.92116
2011-09-22 04:00:00,82.92116
2011-09-22 05:00:00,80.37614
2011-09-22 06:00:00,101.776764
2011-09-22 07:00:00,97.69323
2011-09-22 08:00:00,92.57758
2011-09-22 09:00:00,58.084282
2011-09-22 10:00:00,124.87278
2011-09-22 11:00:00,124.395676
2011-09-22 12:00:00,359.33817
2011-09-22 13:00:00,165.04016
2011-09-22 14:00:00,104.18558
2011-09-22 15:00:00,304.7266
2011-09-22 16:00:00,282.30704
2011-09-22 17:00:00,199.51984
2011-09-22 18:00:00,143.75471
2011-09-22 19:00:00,152.08533
2011-09-22 20:00:00,69.3029
2011-09-22 21:00:00,152.08533
2011-09-22 22:00:00,87.504395
2011-09-22 23:00:00,25.927032
2011-09-23 00:00:00,129.7643
2011-09-23 01:00:00,0.0
2011-09-23 02:00:00,27.33921
2011-09-23 03:00:00,0.0
2011-09-23 04:00:00,69.04952
2011-09-23 05:00:00,0.0
2011-09-23 06:00:00,129.7643
2011-09-23 07:00:00,336.7906
2011-09-23 08:00:00,336.7906
2011-09-23 09:00:00,102.27828
2011-09-23 10:00:00,93.92924
2011-09-23 11:00:00,93.929344
2011-09-23 12:00:00,300.49286
2011-09-23 13:00:00,86.95679
2011-09-23 14:00:00,86.95679
2011-09-23 15:00:00,300.4935
2011-09-23 16:00:00,48.047417
2011-09-23 17:00:00,0.0
2011-09-23 18:00:00,248.36147
2011-09-23 19:00:00,35.201283
2011-09-23 20:00:00,223.62637
2011-09-23 21:00:00,10.223472
2011-09-23 22:00:00,51.93126
2011-09-23 23:00:00,101.21486
2011-09-24 00:00:00,0.0
2011-09-24 01:00:00,43.238983
2011-09-24 02:00:00,43.238983
2011-09-24 03:00:00,52.03913
2011-09-24 04:00:00,0.0
2011-09-24 05:00:00,59.777527
2011-09-24 06:00:00,59.777527
2011-09-24 07:00:00,174.36713
2011-09-24 08:00:00,38.29953
2011-09-24 09:00:00,185.49724
2011-09-24 10:00:00,185.49724
2011-09-24 11:00:00,249.75812
2011-09-24 12:00:00,249.75812
2011-09-24 13:00:00,242.54718
2011-09-24 14:00:00,89.58885
2011-09-24 15:00:00,89.58885
2011-09-24 16:00:00,159.80211
2011-09-24 17:00:00,180.43488
2011-09-24 18:00:00,109.34784
2011-09-24 19:00:00,79.12544
2011-09-24 20:00:00,66.15745
2011-09-24 21:00:00,183.72491
2011-09-24 22:00:00,0.0
2011-09-24 23:00:00,185.49724
2011-09-25 00:00:00,0.0
2011-09-25 01:00:00,284.51544
2011-09-25 02:00:00,28.83973
2011-09-25 03:00:00,28.83973
2011-09-25 04:00:00,45.69137
2011-09-25 05:00:00,14.416221
2011-09-25 06:00:00,284.51544
2011-09-25 07:00:00,81.10999
2011-09-25 08:00:00,0.0
2011-09-25 09:00:00,214.48164
2011-09-25 10:00:00,214.48164
2011-09-25 11:00:00,133.2877
2011-09-25 12:00:00,276.77573
2011-09-25 13:00:00,203.54575
2011-09-25 14:00:00,276.77573
2011-09-25 15:00:00,276.77573
2011-09-25 16:00:00,145.72078
2011-09-25 17:00:00,147.57545
2011-09-25 18:00:00,147.57545
2011-09-25 19:00:00,115.68399
2011-09-25 20:00:00,156.55678
2011-09-25 21:00:00,9.967299
2011-09-25 22:00:00,67.018486
2011-09-25 23:00:00,4.7082815
2011-09-26 00:00:00,0.0
2011-09-26 01:00:00,424.22577
2011-09-26 02:00:00,424.22577
2011-09-26 03:00:00,0.0
2011-09-26 04:00:00,129.76424
2011-09-26 05:00:00,0.0
2011-09-26 06:00:00,129.7643
2011-09-26 07:00:00,0.0
2011-09-26 08:00:00,0.0
2011-09-26 09:00:00,318.8538
2011-09-26 10:00:00,318.8538
2011-09-26 11:00:00,153.64957
2011-09-26 12:00:00,307.4926
2011-09-26 13:00:00,349.73138
2011-09-26 14:00:00,567.2311
2011-09-26 15:00:00,546.662
2011-09-26 16:00:00,590.30176
2011-09-26 17:00:00,569.1781
2011-09-26 18:00:00,294.77576
2011-09-26 19:00:00,247.90384
2011-09-26 20:00:00,252.2993
2011-09-26 21:00:00,252.2993
2011-09-26 22:00:00,35.201283
2011-09-26 23:00:00,35.201283
2011-09-27 00:00:00,35.201283
2011-09-27 01:00:00,120.57324
2011-09-27 02:00:00,37.608177
2011-09-27 03:00:00,0.0
2011-09-27 04:00:00,283.2557
2011-09-27 05:00:00,283.2557
2011-09-27 06:00:00,151.7149
2011-09-27 07:00:00,151.7149
2011-09-27 08:00:00,414.793
2011-09-27 09:00:00,297.70694
2011-09-27 10:00:00,238.00996
2011-09-27 11:00:00,404.14444
2011-09-27 12:00:00,337.89545
2011-09-27 13:00:00,258.83447
2011-09-27 14:00:00,252.39183
2011-09-27 15:00:00,329.37497
2011-09-27 16:00:00,365.1068
2011-09-27 17:00:00,299.63098
2011-09-27 18:00:00,439.1923
2011-09-27 19:00:00,320.45956
2011-09-27 20:00:00,58.116177
2011-09-27 21:00:00,165.60818
2011-09-27 22:00:00,41.327133
2011-09-27 23:00:00,41.327133
2011-09-28 00:00:00,189.85085
2011-09-28 01:00:00,189.85085
2011-09-28 02:00:00,170.18842
2011-09-28 03:00:00,86.26852
2011-09-28 04:00:00,189.85085
2011-09-28 05:00:00,0.0
2011-09-28 06:00:00,65.0219
2011-09-28 07:00:00,65.0219
2011-09-28 08:00:00,65.113014
2011-09-28 09:00:00,65.113014
2011-09-28 10:00:00,0.0
2011-09-28 11:00:00,315.1378
2011-09-28 12:00:00,105.80849
2011-09-28 13:00:00,351.5207
2011-09-28 14:00:00,449.1555
2011-09-28 15:00:00,569.1781
2011-09-28 16:00:00,517.07623
2011-09-28 17:00:00,447.47354
2011-09-28 18:00:00,348.7719
2011-09-28 19:00:00,348.772
2011-09-28 20:00:00,396.16852
2011-09-28 21:00:00,111.859566
2011-09-28 22:00:00,41.327133
2011-09-28 23:00:00,1.3088524
2011-09-29 00:00:00,0.0
2011-09-29 01:00:00,76.97687
2011-09-29 02:00:00,76.97687
2011-09-29 03:00:00,307.80527
2011-09-29 04:00:00,342.8491
2011-09-29 05:00:00,434.75372
2011-09-29 06:00:00,396.9517
2011-09-29 07:00:00,242.78343
2011-09-29 08:00:00,165.60818
2011-09-29 09:00:00,287.66556
2011-09-29 10:00:00,485.65457
2011-09-29 11:00:00,468.33463
2011-09-29 12:00:00,595.6122
2011-09-29 13:00:00,492.6748
2011-09-29 14:00:00,426.98767
2011-09-29 15:00:00,246.31392
2011-09-29 16:00:00,279.58844
2011-09-29 17:00:00,411.90552
2011-09-29 18:00:00,399.87885
2011-09-29 19:00:00,172.83023
2011-09-29 20:00:00,182.26573
2011-09-29 21:00:00,505.85092
2011-09-29 22:00:00,180.2286
2011-09-29 23:00:00,145.60983
2011-09-30 00:00:00,234.67267
2011-09-30 01:00:00,195.89111
2011-09-30 02:00:00,234.67267
2011-09-30 03:00:00,234.67273
2011-09-30 04:00:00,431.88342
2011-09-30 05:00:00,431.88358
2011-09-30 06:00:00,483.68045
2011-09-30 07:00:00,483.68045
2011-09-30 08:00:00,211.5835
2011-09-30 09:00:00,401.95868
2011-09-30 10:00:00,437.98544
2011-09-30 11:00:00,331.03064
2011-09-30 12:00:00,404.43
2011-09-30 13:00:00,304.62888
2011-09-30 14:00:00,298.40427
2011-09-30 15:00:00,417.49533
2011-09-30 16:00:00,340.6758
2011-09-30 17:00:00,380.2495
2011-09-30 18:00:00,261.77652
2011-09-30 19:00:00,185.12285
2011-09-30 20:00:00,185.12285
2011-09-30 21:00:00,295.54672
2011-09-30 22:00:00,119.880844
2011-09-30 23:00:00,119.880844
2011-10-20 00:00:00,188.68575
2011-10-20 01:00:00,185.6161
2011-10-20 02:00:00,170.09856
2011-10-20 03:00:00,99.7798
2011-10-20 04:00:00,99.7798
2011-10-20 05:00:00,208.14467
2011-10-20 06:00:00,108.835846
2011-10-20 07:00:00,93.769936
2011-10-20 08:00:00,141.13289
2011-10-20 09:00:00,61.97352
2011-10-20 10:00:00,147.67952
2011-10-20 11:00:00,91.44658
2011-10-20 12:00:00,40.809456
2011-10-20 13:00:00,101.132484
2011-10-20 14:00:00,255.5149
2011-10-20 15:00:00,130.20581
2011-10-20 16:00:00,130.20581
2011-10-20 17:00:00,172.91951
2011-10-20 18:00:00,134.94574
2011-10-20 19:00:00,212.12497
2011-10-20 20:00:00,124.344765
2011-10-20 21:00:00,96.877846
2011-10-20 22:00:00,165.80475
2011-10-20 23:00:00,148.30875
2011-10-21 00:00:00,123.17236
2011-10-21 01:00:00,156.6401
2011-10-21 02:00:00,155.13257
2011-10-21 03:00:00,117.445496
2011-10-21 04:00:00,148.0365
2011-10-21 05:00:00,139.86652
2011-10-21 06:00:00,148.0365
2011-10-21 07:00:00,148.0365
2011-10-21 08:00:00,79.96479
2011-10-21 09:00:00,283.10913
2011-10-21 10:00:00,179.59576
2011-10-21 11:00:00,203.71606
2011-10-21 12:00:00,162.31934
2011-10-21 13:00:00,104.18124
2011-10-21 14:00:00,311.78928
2011-10-21 15:00:00,161.99695
2011-10-21 16:00:00,173.41951
2011-10-21 17:00:00,182.36649
2011-10-21 18:00:00,211.35623
2011-10-21 19:00:00,175.1279
2011-10-21 20:00:00,269.38132
2011-10-21 21:00:00,133.37845
2011-10-21 22:00:00,153.1247
2011-10-21 23:00:00,156.6401
2011-10-22 00:00:00,203.44244
2011-10-22 01:00:00,203.44244
2011-10-22 02:00:00,158.23965
2011-10-22 03:00:00,217.77263
2011-10-22 04:00:00,304.13293
2011-10-22 05:00:00,140.05377
2011-10-22 06:00:00,76.847404
2011-10-22 07:00:00,146.029
2011-10-22 08:00:00,174.0488
2011-10-22 09:00:00,347.35364
2011-10-22 10:00:00,264.72696
2011-10-22 11:00:00,264.72696
2011-10-22 12:00:00,319.09576
2011-10-22 13:00:00,591.8715
2011-10-22 14:00:00,315.4554
2011-10-22 15:00:00,326.4699
2011-10-22 16:00:00,420.68216
2011-10-22 17:00:00,246.4585
2011-10-22 18:00:00,334.68076
2011-10-22 19:00:00,143.44296
2011-10-22 20:00:00,142.41618
2011-10-22 21:00:00,0.0
2011-10-22 22:00:00,0.0
2011-10-22 23:00:00,0.0
2011-10-23 00:00:00,42.75287
2011-10-23 01:00:00,42.75287
2011-10-23 02:00:00,11.637908
2011-10-23 03:00:00,52.81453
2011-10-23 04:00:00,52.81453
2011-10-23 05:00:00,49.991844
2011-10-23 06:00:00,29.200935
2011-10-23 07:00:00,11.637908
2011-10-23 08:00:00,17.18158
2011-10-23 09:00:00,0.0
2011-10-23 10:00:00,219.8046
2011-10-23 11:00:00,160.3747
2011-10-23 12:00:00,179.37582
2011-10-23 13:00:00,262.53104
2011-10-23 14:00:00,307.27554
2011-10-23 15:00:00,333.8381
2011-10-23 16:00:00,262.53104
2011-10-23 17:00:00,257.17944
2011-10-23 18:00:00,332.5698
2011-10-23 19:00:00,9.640319
2011-10-23 20:00:00,209.72324
2011-10-23 21:00:00,209.72324
2011-10-23 22:00:00,134.96263
2011-10-23 23:00:00,141.061
2011-10-24 00:00:00,176.1359
2011-10-24 01:00:00,100.47725
2011-10-24 02:00:00,57.25672
2011-10-24 03:00:00,61.14302
2011-10-24 04:00:00,64.97824
2011-10-24 05:00:00,68.07827
2011-10-24 06:00:00,57.25672
2011-10-24 07:00:00,95.12449
2011-10-24 08:00:00,219.01932
2011-10-24 09:00:00,184.64587
2011-10-24 10:00:00,234.76622
2011-10-24 11:00:00,293.90063
2011-10-24 12:00:00,228.87236
2011-10-24 13:00:00,264.72528
2011-10-24 14:00:00,443.74185
2011-10-24 15:00:00,474.52213
2011-10-24 16:00:00,325.93185
2011-10-24 17:00:00,308.07053
2011-10-24 18:00:00,344.0653
2011-10-24 19:00:00,389.19916
2011-10-24 20:00:00,215.59375
2011-10-24 21:00:00,37.305122
2011-10-24 22:00:00,244.52531
2011-10-24 23:00:00,160.96657
2011-10-25 00:00:00,141.20303
2011-10-25 01:00:00,141.20303
2011-10-25 02:00:00,93.52814
2011-10-25 03:00:00,71.89004
2011-10-25 04:00:00,62.43653
2011-10-25 05:00:00,62.43653
2011-10-25 06:00:00,67.816154
2011-10-25 07:00:00,190.5092
2011-10-25 08:00:00,172.50359
2011-10-25 09:00:00,267.00046
2011-10-25 10:00:00,152.49869
2011-10-25 11:00:00,160.68134
2011-10-25 12:00:00,335.06854
2011-10-25 13:00:00,372.38293
2011-10-25 14:00:00,389.36984
2011-10-25 15:00:00,288.16995
2011-10-25 16:00:00,335.09595
2011-10-25 17:00:00,288.16995
2011-10-25 18:00:00,227.24957
2011-10-25 19:00:00,214.36894
2011-10-25 20:00:00,211.02039
2011-10-25 21:00:00,217.92274
2011-10-25 22:00:00,156.12337
2011-10-25 23:00:00,217.92274
2011-10-26 00:00:00,300.42587
2011-10-26 01:00:00,119.95941
2011-10-26 02:00:00,200.1319
2011-10-26 03:00:00,235.78075
2011-10-26 04:00:00,268.28113
2011-10-26 05:00:00,291.5191
2011-10-26 06:00:00,291.5191
2011-10-26 07:00:00,207.57536
2011-10-26 08:00:00,474.1387
2011-10-26 09:00:00,339.52438
2011-10-26 10:00:00,169.74579
2011-10-26 11:00:00,117.27695
2011-10-26 12:00:00,196.32272
2011-10-26 13:00:00,282.88754
2011-10-26 14:00:00,139.51778
2011-10-26 15:00:00,139.51778
2011-10-26 16:00:00,199.93553
2011-10-26 17:00:00,150.01112
2011-10-26 18:00:00,248.62549
2011-10-26 19:00:00,58.380047
2011-10-26 20:00:00,65.6216
2011-10-26 21:00:00,139.51778
2011-10-26 22:00:00,46.429855
2011-10-26 23:00:00,46.429855
2011-10-27 00:00:00,126.906456
2011-10-27 01:00:00,126.906456
2011-10-27 02:00:00,6.3394003
2011-10-27 03:00:00,6.339507
2011-10-27 04:00:00,180.07181
2011-10-27 05:00:00,190.0881
2011-10-27 06:00:00,368.12656
2011-10-27 07:00:00,59.50348
2011-10-27 08:00:00,147.55493
2011-10-27 09:00:00,297.91122
2011-10-27 10:00:00,129.45726
2011-10-27 11:00:00,182.73627
2011-10-27 12:00:00,182.73627
2011-10-27 13:00:00,223.11993
2011-10-27 14:00:00,61.893944
2011-10-27 15:00:00,246.52766
2011-10-27 16:00:00,358.82248
2011-10-27 17:00:00,193.1869
2011-10-27 18:00:00,185.3883
2011-10-27 19:00:00,230.74544
2011-10-27 20:00:00,282.5271
2011-10-27 21:00:00,276.88766
2011-10-27 22:00:00,97.451904
2011-10-27 23:00:00,329.45105
2011-10-28 00:00:00,304.65457
2011-10-28 01:00:00,265.97757
2011-10-28 02:00:00,277.9814
2011-10-28 03:00:00,106.802315
2011-10-28 04:00:00,259.6256
2011-10-28 05:00:00,120.18818
2011-10-28 06:00:00,99.94443
2011-10-28 07:00:00,99.94443
2011-10-28 08:00:00,250.70389
2011-10-28 09:00:00,277.1047
2011-10-28 10:00:00,267.27286
2011-10-28 11:00:00,308.0534
2011-10-28 12:00:00,325.85022
2011-10-28 13:00:00,198.72137
2011-10-28 14:00:00,310.2116
2011-10-28 15:00:00,203.55028
2011-10-28 16:00:00,341.05258
2011-10-28 17:00:00,266.4061
2011-10-28 18:00:00,311.8408
2011-10-28 19:00:00,266.4061
2011-10-28 20:00:00,171.79895
2011-10-28 21:00:00,250.22897
2011-10-28 22:00:00,114.86728
2011-10-28 23:00:00,112.49033
2011-10-29 00:00:00,0.0
2011-10-29 01:00:00,0.0
2011-10-29 02:00:00,0.0
2011-10-29 03:00:00,0.0
2011-10-29 04:00:00,0.0
2011-10-29 05:00:00,0.0
2011-10-29 06:00:00,0.0
2011-10-29 07:00:00,0.0
2011-10-29 08:00:00,0.0
2011-10-29 09:00:00,0.0
2011-10-29 10:00:00,0.0
2011-10-29 11:00:00,0.0
2011-10-29 12:00:00,0.0
2011-10-29 13:00:00,0.0
2011-10-29 14:00:00,0.0
2011-10-29 15:00:00,0.0
2011-10-29 16:00:00,0.0
2011-10-29 17:00:00,0.0
2011-10-29 18:00:00,0.0
2011-10-29 19:00:00,0.0
2011-10-29 20:00:00,0.0
2011-10-29 21:00:00,0.0
2011-10-29 22:00:00,0.0
2011-10-29 23:00:00,0.0
2011-10-30 00:00:00,0.0
2011-10-30 01:00:00,0.0
2011-10-30 02:00:00,0.0
2011-10-30 03:00:00,0.0
2011-10-30 04:00:00,0.0
2011-10-30 05:00:00,50.86526
2011-10-30 06:00:00,83.61913
2011-10-30 07:00:00,0.0
2011-10-30 08:00:00,90.467064
2011-10-30 09:00:00,77.75701
2011-10-30 10:00:00,142.66164
2011-10-30 11:00:00,156.07172
2011-10-30 12:00:00,148.50252
2011-10-30 13:00:00,279.65375
2011-10-30 14:00:00,363.2654
2011-10-30 15:00:00,153.41348
2011-10-30 16:00:00,58.60346
2011-10-30 17:00:00,120.917175
2011-10-30 18:00:00,139.56372
2011-10-30 19:00:00,524.75323
2011-10-30 20:00:00,190.16293
2011-10-30 21:00:00,126.96981
2011-10-30 22:00:00,0.0
2011-10-30 23:00:00,92.89242
2011-10-31 00:00:00,67.03854
2011-10-31 01:00:00,27.382423
2011-10-31 02:00:00,54.961174
2011-10-31 03:00:00,219.16525
2011-10-31 04:00:00,54.96129
2011-10-31 05:00:00,250.47548
2011-10-31 06:00:00,54.961174
2011-10-31 07:00:00,241.13165
2011-10-31 08:00:00,107.59485
2011-10-31 09:00:00,155.3743
2011-10-31 10:00:00,269.45233
2011-10-31 11:00:00,172.32236
2011-10-31 12:00:00,175.88655
2011-10-31 13:00:00,208.51974
2011-10-31 14:00:00,222.64865
2011-10-31 15:00:00,188.56189
2011-10-31 16:00:00,153.1247
2011-10-31 17:00:00,207.66687
2011-10-31 18:00:00,203.00218
2011-10-31 19:00:00,203.00218
2011-10-31 20:00:00,203.00218
2011-10-31 21:00:00,272.0685
2011-10-31 22:00:00,272.0685
2011-10-31 23:00:00,272.0685
2011-11-20 00:00:00,96.165924
2011-11-20 01:00:00,158.23965
2011-11-20 02:00:00,232.33653
2011-11-20 03:00:00,200.86572
2011-11-20 04:00:00,267.03705
2011-11-20 05:00:00,203.29214
2011-11-20 06:00:00,206.72913
2011-11-20 07:00:00,215.5828
2011-11-20 08:00:00,257.25827
2011-11-20 09:00:00,120.17577
2011-11-20 10:00:00,277.23868
2011-11-20 11:00:00,204.51897
2011-11-20 12:00:00,170.60107
2011-11-20 13:00:00,134.16542
2011-11-20 14:00:00,192.49194
2011-11-20 15:00:00,136.1146
2011-11-20 16:00:00,151.60881
2011-11-20 17:00:00,117.83125
2011-11-20 18:00:00,114.85038
2011-11-20 19:00:00,265.15097
2011-11-20 20:00:00,227.16394
2011-11-20 21:00:00,232.07993
2011-11-20 22:00:00,110.67849
2011-11-20 23:00:00,110.67849
2011-11-21 00:00:00,0.0
2011-11-21 01:00:00,147.85321
2011-11-21 02:00:00,55.15937
2011-11-21 03:00:00,40.73253
2011-11-21 04:00:00,40.73253
2011-11-21 05:00:00,0.0
2011-11-21 06:00:00,12.744338
2011-11-21 07:00:00,161.53412
2011-11-21 08:00:00,0.0
2011-11-21 09:00:00,51.314262
2011-11-21 10:00:00,61.893944
2011-11-21 11:00:00,246.52766
2011-11-21 12:00:00,163.22287
2011-11-21 13:00:00,163.22287
2011-11-21 14:00:00,256.7961
2011-11-21 15:00:00,147.448
2011-11-21 16:00:00,147.448
2011-11-21 17:00:00,51.716747
2011-11-21 18:00:00,205.9263
2011-11-21 19:00:00,177.06589
2011-11-21 20:00:00,215.87903
2011-11-21 21:00:00,200.7353
2011-11-21 22:00:00,99.38934
2011-11-21 23:00:00,200.7353
2011-11-22 00:00:00,80.888016
2011-11-22 01:00:00,53.937218
2011-11-22 02:00:00,66.055466
2011-11-22 03:00:00,66.055466
2011-11-22 04:00:00,145.10143
2011-11-22 05:00:00,145.10143
2011-11-22 06:00:00,95.12449
2011-11-22 07:00:00,207.47821
2011-11-22 08:00:00,207.47821
2011-11-22 09:00:00,41.636917
2011-11-22 10:00:00,41.636917
2011-11-22 11:00:00,53.937218
2011-11-22 12:00:00,72.441376
2011-11-22 13:00:00,69.88937
2011-11-22 14:00:00,69.88937
2011-11-22 15:00:00,2.4791863
2011-11-22 16:00:00,2.4791863
2011-11-22 17:00:00,61.338974
2011-11-22 18:00:00,0.0
2011-11-22 19:00:00,60.8953
2011-11-22 20:00:00,104.53195
2011-11-22 21:00:00,78.66622
2011-11-22 22:00:00,115.47958
2011-11-22 23:00:00,102.746635
2011-11-23 00:00:00,102.746635
2011-11-23 01:00:00,51.961746
2011-11-23 02:00:00,25.088398
2011-11-23 03:00:00,25.08849
2011-11-23 04:00:00,136.92542
2011-11-23 05:00:00,147.21924
2011-11-23 06:00:00,0.0
2011-11-23 07:00:00,44.466385
2011-11-23 08:00:00,51.314262
2011-11-23 09:00:00,100.09251
2011-11-23 10:00:00,100.09251
2011-11-23 11:00:00,176.17473
2011-11-23 12:00:00,218.41095
2011-11-23 13:00:00,96.256195
2011-11-23 14:00:00,226.33025
2011-11-23 15:00:00,149.86731
2011-11-23 16:00:00,255.76161
2011-11-23 17:00:00,74.171906
2011-11-23 18:00:00,78.18077
2011-11-23 19:00:00,179.714
2011-11-23 20:00:00,280.91293
2011-11-23 21:00:00,295.9513
2011-11-23 22:00:00,320.64688
2011-11-23 23:00:00,291.03265
2011-11-24 00:00:00,55.056675
2011-11-24 01:00:00,361.07672
2011-11-24 02:00:00,10.286815
2011-11-24 03:00:00,63.1077
2011-11-24 04:00:00,0.0
2011-11-24 05:00:00,0.0
2011-11-24 06:00:00,0.0
2011-11-24 07:00:00,0.0
2011-11-24 08:00:00,0.0
2011-11-24 09:00:00,8.504439
2011-11-24 10:00:00,117.72218
2011-11-24 11:00:00,291.7562
2011-11-24 12:00:00,537.33746
2011-11-24 13:00:00,356.8604
2011-11-24 14:00:00,243.95428
2011-11-24 15:00:00,331.6415
2011-11-24 16:00:00,345.15366
2011-11-24 17:00:00,860.28485
2011-11-24 18:00:00,897.84314
2011-11-24 19:00:00,634.23175
2011-11-24 20:00:00,36.36523
2011-11-24 21:00:00,66.3795
2011-11-24 22:00:00,66.3795
2011-11-24 23:00:00,12.7746725
2011-11-25 00:00:00,136.0062
2011-11-25 01:00:00,71.40791
2011-11-25 02:00:00,154.32045
2011-11-25 03:00:00,137.73955
2011-11-25 04:00:00,117.13908
2011-11-25 05:00:00,39.101234
2011-11-25 06:00:00,143.8822
2011-11-25 07:00:00,27.382423
2011-11-25 08:00:00,166.9133
2011-11-25 09:00:00,68.99597
2011-11-25 10:00:00,148.0365
2011-11-25 11:00:00,197.29507
2011-11-25 12:00:00,264.82077
2011-11-25 13:00:00,203.71606
2011-11-25 14:00:00,353.6029
2011-11-25 15:00:00,321.12894
2011-11-25 16:00:00,312.84116
2011-11-25 17:00:00,313.9413
2011-11-25 18:00:00,273.59097
2011-11-25 19:00:00,162.30353
2011-11-25 20:00:00,321.74966
2011-11-25 21:00:00,156.90134
2011-11-25 22:00:00,114.845825
2011-11-25 23:00:00,97.23199
2011-11-26 00:00:00,134.57657
2011-11-26 01:00:00,71.31377
2011-11-26 02:00:00,30.083424
2011-11-26 03:00:00,47.111923
2011-11-26 04:00:00,47.111923
2011-11-26 05:00:00,98.2087
2011-11-26 06:00:00,144.44244
2011-11-26 07:00:00,53.005486
2011-11-26 08:00:00,71.31377
2011-11-26 09:00:00,99.11833
2011-11-26 10:00:00,0.0
2011-11-26 11:00:00,334.97852
2011-11-26 12:00:00,238.4245
2011-11-26 13:00:00,575.4972
2011-11-26 14:00:00,117.13725
2011-11-26 15:00:00,90.77684
2011-11-26 16:00:00,120.42197
2011-11-26 17:00:00,120.42197
2011-11-26 18:00:00,169.4346
2011-11-26 19:00:00,264.64578
2011-11-26 20:00:00,222.87355
2011-11-26 21:00:00,95.34882
2011-11-26 22:00:00,115.10031
2011-11-26 23:00:00,0.0
2011-11-27 00:00:00,0.0
2011-11-27 01:00:00,0.0
2011-11-27 02:00:00,0.0
2011-11-27 03:00:00,52.81453
2011-11-27 04:00:00,11.187163
2011-11-27 05:00:00,122.115326
2011-11-27 06:00:00,215.8321
2011-11-27 07:00:00,113.35107
2011-11-27 08:00:00,91.01886
2011-11-27 09:00:00,282.71814
2011-11-27 10:00:00,282.71814
2011-11-27 11:00:00,121.552155
2011-11-27 12:00:00,345.03296
2011-11-27 13:00:00,235.92941
2011-11-27 14:00:00,670.96094
2011-11-27 15:00:00,722.1835
2011-11-27 16:00:00,521.1605
2011-11-27 17:00:00,293.89124
2011-11-27 18:00:00,218.15848
2011-11-27 19:00:00,234.72781
2011-11-27 20:00:00,208.03598
2011-11-27 21:00:00,260.6848
2011-11-27 22:00:00,262.26846
2011-11-27 23:00:00,262.26846
2011-11-28 00:00:00,381.51666
2011-11-28 01:00:00,347.93857
2011-11-28 03:00:00,245.65918
2011-11-28 04:00:00,47.13571
2011-11-28 05:00:00,71.89004
2011-11-28 06:00:00,54.500298
2011-11-28 07:00:00,75.251755
2011-11-28 08:00:00,24.150955
2011-11-28 09:00:00,220.00917
2011-11-28 10:00:00,149.9437
2011-11-28 11:00:00,228.8724
2011-11-28 12:00:00,391.27722
2011-11-28 13:00:00,516.44745
2011-11-28 14:00:00,222.18393
2011-11-28 15:00:00,498.31326
2011-11-28 16:00:00,383.73013
2011-11-28 17:00:00,379.66983
2011-11-28 18:00:00,279.8546
2011-11-28 19:00:00,372.858
2011-11-28 20:00:00,242.59946
2011-11-28 21:00:00,456.31274
2011-11-28 22:00:00,246.52766
2011-11-28 23:00:00,145.79642
2011-11-29 00:00:00,80.695175
2011-11-29 01:00:00,258.32224
2011-11-29 02:00:00,0.0
2011-11-29 03:00:00,0.0
2011-11-29 04:00:00,322.92197
2011-11-29 05:00:00,361.165
2011-11-29 06:00:00,434.0556
2011-11-29 07:00:00,440.03696
2011-11-29 08:00:00,264.796
2011-11-29 09:00:00,237.82812
2011-11-29 10:00:00,237.82812
2011-11-29 11:00:00,24.644485
2011-11-29 12:00:00,102.93705
2011-11-29 13:00:00,89.25118
2011-11-29 14:00:00,177.06573
2011-11-29 15:00:00,57.91151
2011-11-29 16:00:00,215.87906
2011-11-29 17:00:00,123.74467
2011-11-29 18:00:00,108.21684
2011-11-29 19:00:00,116.4548
2011-11-29 20:00:00,201.38983
2011-11-29 21:00:00,201.38983
2011-11-29 22:00:00,336.64066
2011-11-29 23:00:00,89.08898
2011-11-30 00:00:00,302.21854
2011-11-30 01:00:00,255.20033
2011-11-30 02:00:00,119.04801
2011-11-30 03:00:00,119.04801
2011-11-30 04:00:00,179.9194
2011-11-30 05:00:00,174.53159
2011-11-30 06:00:00,228.25185
2011-11-30 07:00:00,143.8822
2011-11-30 08:00:00,174.53159
2011-11-30 09:00:00,139.66689
2011-11-30 10:00:00,258.23123
2011-11-30 11:00:00,155.49446
2011-11-30 12:00:00,265.46954
2011-11-30 13:00:00,263.88144
2011-11-30 14:00:00,263.88144
2011-11-30 15:00:00,237.2202
2011-11-30 16:00:00,183.19861
2011-11-30 17:00:00,146.58035
2011-11-30 18:00:00,201.25584
2011-11-30 19:00:00,234.74777
2011-11-30 20:00:00,234.74777
2011-11-30 21:00:00,268.62686
2011-11-30 22:00:00,289.0104
2011-11-30 23:00:00,278.30975
2011-12-20 00:00:00,346.87833
2011-12-20 01:00:00,153.08963
2011-12-20 02:00:00,216.94759
2011-12-20 03:00:00,216.94759
2011-12-20 04:00:00,294.5247
2011-12-20 05:00:00,253.69284
2011-12-20 06:00:00,253.69293
2011-12-20 07:00:00,206.70845
2011-12-20 08:00:00,255.42949
2011-12-20 09:00:00,206.46413
2011-12-20 10:00:00,524.4957
2011-12-20 11:00:00,312.3959
2011-12-20 12:00:00,261.6333
2011-12-20 13:00:00,261.6333
2011-12-20 14:00:00,280.3988
2011-12-20 15:00:00,418.58237
2011-12-20 16:00:00,325.52966
2011-12-20 17:00:00,155.13515
2011-12-20 18:00:00,142.62846
2011-12-20 19:00:00,169.95949
2011-12-20 20:00:00,165.46155
2011-12-20 21:00:00,192.67786
2011-12-20 22:00:00,206.46413
2011-12-20 23:00:00,204.85872
2011-12-21 00:00:00,223.37271
2011-12-21 01:00:00,207.43976
2011-12-21 02:00:00,148.81702
2011-12-21 03:00:00,148.81702
2011-12-21 04:00:00,148.81702
2011-12-21 05:00:00,275.12708
2011-12-21 06:00:00,158.22745
2011-12-21 07:00:00,232.16406
2011-12-21 08:00:00,212.61151
2011-12-21 09:00:00,21.62313
2011-12-21 10:00:00,154.65518
2011-12-21 11:00:00,154.65518
2011-12-21 12:00:00,98.52174
2011-12-21 13:00:00,59.880558
2011-12-21 14:00:00,77.58978
2011-12-21 15:00:00,184.10878
2011-12-21 16:00:00,182.69745
2011-12-21 17:00:00,182.69745
2011-12-21 18:00:00,149.35318
2011-12-21 19:00:00,68.91911
2011-12-21 20:00:00,79.999435
2011-12-21 21:00:00,82.82037
2011-12-21 22:00:00,8.760451
2011-12-21 23:00:00,110.122734
2011-12-22 00:00:00,296.2706
2011-12-22 01:00:00,27.908295
2011-12-22 02:00:00,192.83063
2011-12-22 03:00:00,70.50574
2011-12-22 04:00:00,93.04595
2011-12-22 05:00:00,64.07451
2011-12-22 06:00:00,55.93138
2011-12-22 07:00:00,12.591689
2011-12-22 08:00:00,158.22745
2011-12-22 09:00:00,252.12299
2011-12-22 10:00:00,293.09003
2011-12-22 11:00:00,186.37082
2011-12-22 12:00:00,93.17274
2011-12-22 13:00:00,104.45445
2011-12-22 14:00:00,104.45445
2011-12-22 15:00:00,98.18672
2011-12-22 16:00:00,104.45445
2011-12-22 17:00:00,173.45639
2011-12-22 18:00:00,116.57762
2011-12-22 19:00:00,102.770706
2011-12-22 20:00:00,148.79158
2011-12-22 21:00:00,148.79158
2011-12-22 22:00:00,271.12405
2011-12-22 23:00:00,154.63611
2011-12-23 00:00:00,204.32742
2011-12-23 01:00:00,204.32742
2011-12-23 02:00:00,332.24203
2011-12-23 03:00:00,332.24203
2011-12-23 04:00:00,24.85281
2011-12-23 05:00:00,20.753159
2011-12-23 06:00:00,0.0
2011-12-23 07:00:00,0.0
2011-12-23 08:00:00,56.495842
2011-12-23 09:00:00,88.29292
2011-12-23 10:00:00,59.409584
2011-12-23 11:00:00,91.80152
2011-12-23 12:00:00,311.33
2011-12-23 13:00:00,334.67795
2011-12-23 14:00:00,232.8923
2011-12-23 15:00:00,179.91774
2011-12-23 16:00:00,105.93978
2011-12-23 17:00:00,76.934616
2011-12-23 18:00:00,94.703804
2011-12-23 19:00:00,81.016174
2011-12-23 20:00:00,168.78304
2011-12-23 21:00:00,102.50656
2011-12-23 22:00:00,0.0
2011-12-23 23:00:00,154.51816
2011-12-24 00:00:00,45.822563
2011-12-24 01:00:00,161.98563
2011-12-24 02:00:00,244.72955
2011-12-24 03:00:00,239.29176
2011-12-24 04:00:00,54.497158
2011-12-24 05:00:00,54.497158
2011-12-24 06:00:00,64.508675
2011-12-24 07:00:00,11.915069
2011-12-24 08:00:00,68.76228
2011-12-24 09:00:00,240.51767
2011-12-24 10:00:00,150.11803
2011-12-24 11:00:00,275.37134
2011-12-24 12:00:00,84.27904
2011-12-24 13:00:00,159.92284
2011-12-24 14:00:00,159.92284
2011-12-24 15:00:00,88.2783
2011-12-24 16:00:00,119.66078
2011-12-24 17:00:00,207.40569
2011-12-24 18:00:00,150.25543
2011-12-24 19:00:00,196.70863
2011-12-24 20:00:00,66.3213
2011-12-24 21:00:00,62.025578
2011-12-24 22:00:00,79.02367
2011-12-24 23:00:00,62.448807
2011-12-25 00:00:00,58.06408
2011-12-25 01:00:00,57.526703
2011-12-25 02:00:00,46.725525
2011-12-25 03:00:00,0.0
2011-12-25 05:00:00,53.393272
2011-12-25 06:00:00,53.393272
2011-12-25 07:00:00,58.111336
2011-12-25 08:00:00,55.588425
2011-12-25 09:00:00,78.39667
2011-12-25 10:00:00,67.748535
2011-12-25 11:00:00,59.29274
2011-12-25 12:00:00,57.50792
2011-12-25 13:00:00,67.104385
2011-12-25 14:00:00,267.79816
2011-12-25 15:00:00,90.41781
2011-12-25 16:00:00,230.97827
2011-12-25 17:00:00,60.924183
2011-12-25 18:00:00,51.693634
2011-12-25 19:00:00,142.90793
2011-12-25 20:00:00,212.62563
2011-12-25 21:00:00,82.91726
2011-12-25 22:00:00,59.53313
2011-12-25 23:00:00,65.12064
2011-12-26 00:00:00,16.318008
2011-12-26 01:00:00,79.369354
2011-12-26 02:00:00,168.15375
2011-12-26 04:00:00,107.51362
2011-12-26 05:00:00,40.9871
2011-12-26 06:00:00,175.53333
2011-12-26 07:00:00,133.4759
2011-12-26 08:00:00,120.947235
2011-12-26 09:00:00,107.51362
2011-12-26 10:00:00,66.54943
2011-12-26 11:00:00,342.0285
2011-12-26 12:00:00,122.93376
2011-12-26 13:00:00,160.66222
2011-12-26 14:00:00,167.67104
2011-12-26 15:00:00,122.85502
2011-12-26 16:00:00,194.26509
2011-12-26 17:00:00,168.15375
2011-12-26 18:00:00,376.13834
2011-12-26 19:00:00,175.43861
2011-12-26 20:00:00,187.09724
2011-12-26 21:00:00,0.0
2011-12-26 22:00:00,0.0
2011-12-26 23:00:00,22.798607
2011-12-27 00:00:00,66.16658
2011-12-27 01:00:00,30.71035
2011-12-27 02:00:00,30.71035
2011-12-27 03:00:00,59.447517
2011-12-27 04:00:00,63.58419
2011-12-27 05:00:00,126.6643
2011-12-27 06:00:00,78.020096
2011-12-27 07:00:00,136.09265
2011-12-27 08:00:00,150.82338
2011-12-27 09:00:00,141.3238
2011-12-27 10:00:00,182.42433
2011-12-27 11:00:00,141.3238
2011-12-27 12:00:00,189.7526
2011-12-27 13:00:00,146.26567
2011-12-27 14:00:00,151.21599
2011-12-27 15:00:00,151.21599
2011-12-27 16:00:00,89.70959
2011-12-27 17:00:00,276.7711
2011-12-27 18:00:00,71.31047
2011-12-27 19:00:00,3.7170174
2011-12-27 20:00:00,0.0
2011-12-27 21:00:00,28.741226
2011-12-27 22:00:00,28.741226
2011-12-27 23:00:00,0.0
2011-12-28 00:00:00,7.65866
2011-12-28 01:00:00,5.614272
2011-12-28 02:00:00,180.56345
2011-12-28 03:00:00,180.56345
2011-12-28 05:00:00,154.85443
2011-12-28 06:00:00,163.6611
2011-12-28 07:00:00,163.66112
2011-12-28 08:00:00,154.85452
2011-12-28 09:00:00,175.59941
2011-12-28 10:00:00,86.118065
2011-12-28 11:00:00,270.6241
2011-12-28 12:00:00,99.90859
2011-12-28 13:00:00,143.5522
2011-12-28 14:00:00,121.451035
2011-12-28 15:00:00,178.31468
2011-12-28 16:00:00,169.9235
2011-12-28 17:00:00,234.28445
2011-12-28 18:00:00,100.37621
2011-12-28 19:00:00,192.14105
2011-12-28 20:00:00,121.32272
2011-12-28 21:00:00,84.33841
2011-12-28 22:00:00,133.07991
2011-12-28 23:00:00,166.26624
2011-12-29 00:00:00,37.6608
2011-12-29 01:00:00,83.9357
2011-12-29 02:00:00,74.87063
2011-12-29 03:00:00,116.12402
2011-12-29 04:00:00,74.884995
2011-12-29 05:00:00,81.14655
2011-12-29 06:00:00,94.85998
2011-12-29 07:00:00,64.61813
2011-12-29 08:00:00,128.10582
2011-12-29 09:00:00,60.383064
2011-12-29 10:00:00,128.79306
2011-12-29 11:00:00,181.98093
2011-12-29 12:00:00,180.00288
2011-12-29 13:00:00,178.90053
2011-12-29 14:00:00,124.04962
2011-12-29 15:00:00,142.94789
2011-12-29 16:00:00,95.01379
2011-12-29 17:00:00,9.478835
2011-12-29 18:00:00,89.089096
2011-12-29 19:00:00,155.77513
2011-12-29 20:00:00,55.789436
2011-12-29 21:00:00,192.22516
2011-12-29 22:00:00,65.39398
2011-12-29 23:00:00,0.0
2011-12-30 00:00:00,48.630028
2011-12-30 01:00:00,43.356888
2011-12-30 02:00:00,69.647446
2011-12-30 03:00:00,69.647446
2011-12-30 04:00:00,85.95044
2011-12-30 05:00:00,44.368553
2011-12-30 06:00:00,85.95044
2011-12-30 07:00:00,49.37236
2011-12-30 08:00:00,146.62767
2011-12-30 09:00:00,90.81996
2011-12-30 10:00:00,95.37319
2011-12-30 11:00:00,0.0
2011-12-30 12:00:00,111.418045
2011-12-30 13:00:00,151.32245
2011-12-30 14:00:00,82.27501
2011-12-30 15:00:00,100.743835
2011-12-30 16:00:00,189.33426
2011-12-30 17:00:00,53.963486
2011-12-30 18:00:00,199.28488
2011-12-30 19:00:00,107.443634
2011-12-30 20:00:00,195.40334
2011-12-30 21:00:00,207.43976
2011-12-30 22:00:00,169.08684
2011-12-30 23:00:00,53.309944
2011-12-31 00:00:00,104.18747
2011-12-31 01:00:00,110.51441
2011-12-31 02:00:00,110.51441
2011-12-31 03:00:00,110.51441
2011-12-31 04:00:00,99.68485
2011-12-31 05:00:00,52.04756
2011-12-31 06:00:00,346.5065
2011-12-31 07:00:00,67.48659
2011-12-31 08:00:00,25.843163
2011-12-31 09:00:00,0.0
2011-12-31 10:00:00,54.82541
2011-12-31 11:00:00,79.10569
2011-12-31 12:00:00,238.262
2011-12-31 13:00:00,658.3078
2011-12-31 14:00:00,323.19824
2011-12-31 15:00:00,667.0585
2011-12-31 16:00:00,81.98832
2011-12-31 17:00:00,291.2503
2011-12-31 18:00:00,218.00659
2011-12-31 19:00:00,290.08603
2011-12-31 20:00:00,290.08603
2011-12-31 21:00:00,342.39334
2011-12-31 22:00:00,131.22864
2011-12-31 23:00:00,94.75811
2012-01-20 00:00:00,233.58672
2012-01-20 01:00:00,108.94245
2012-01-20 02:00:00,108.94245
2012-01-20 03:00:00,112.70412
2012-01-20 04:00:00,86.19926
2012-01-20 05:00:00,86.19926
2012-01-20 06:00:00,47.13975
2012-01-20 07:00:00,78.462616
2012-01-20 08:00:00,83.70917
2012-01-20 09:00:00,101.85544
2012-01-20 10:00:00,153.79477
2012-01-20 11:00:00,130.1431
2012-01-20 12:00:00,43.849945
2012-01-20 13:00:00,65.917816
2012-01-20 14:00:00,38.99124
2012-01-20 15:00:00,246.89879
2012-01-20 16:00:00,143.41718
2012-01-20 17:00:00,208.37502
2012-01-20 18:00:00,246.9922
2012-01-20 19:00:00,254.48624
2012-01-20 20:00:00,246.9922
2012-01-20 21:00:00,235.09482
2012-01-20 22:00:00,119.02504
2012-01-20 23:00:00,5.5698614
2012-01-21 00:00:00,44.151722
2012-01-21 01:00:00,0.0
2012-01-21 02:00:00,8.540099
2012-01-21 03:00:00,1.4613945
2012-01-21 04:00:00,38.552063
2012-01-21 05:00:00,14.461219
2012-01-21 06:00:00,0.0
2012-01-21 07:00:00,0.0
2012-01-21 08:00:00,0.0
2012-01-21 09:00:00,0.0
2012-01-21 10:00:00,0.0
2012-01-21 11:00:00,30.79628
2012-01-21 12:00:00,0.0
2012-01-21 13:00:00,25.717422
2012-01-21 14:00:00,16.305527
2012-01-21 15:00:00,16.305328
2012-01-21 16:00:00,37.48883
2012-01-21 17:00:00,33.18457
2012-01-21 18:00:00,49.705994
2012-01-21 19:00:00,23.762299
2012-01-21 20:00:00,24.39798
2012-01-21 21:00:00,57.95575
2012-01-21 22:00:00,57.120956
2012-01-21 23:00:00,0.0
2012-01-22 00:00:00,0.0
2012-01-22 01:00:00,57.120956
2012-01-22 02:00:00,56.49536
2012-01-22 03:00:00,55.30873
2012-01-22 04:00:00,7.04959
2012-01-22 05:00:00,42.772224
2012-01-22 06:00:00,28.198517
2012-01-22 07:00:00,28.198517
2012-01-22 08:00:00,28.198517
2012-01-22 09:00:00,28.198517
2012-01-22 10:00:00,49.585754
2012-01-22 11:00:00,3.4264977
2012-01-22 12:00:00,0.0
2012-01-22 13:00:00,0.0
2012-01-22 14:00:00,3.0196297
2012-01-22 15:00:00,0.0
2012-01-22 16:00:00,0.0
2012-01-22 17:00:00,12.518424
2012-01-22 18:00:00,14.461219
2012-01-22 19:00:00,14.461219
2012-01-22 20:00:00,0.0
2012-01-22 21:00:00,14.461219
2012-01-22 22:00:00,10.114684
2012-01-22 23:00:00,0.0
2012-01-23 00:00:00,92.40994
2012-01-23 01:00:00,43.411255
2012-01-23 02:00:00,43.411255
2012-01-23 03:00:00,92.40994
2012-01-23 04:00:00,113.30472
2012-01-23 05:00:00,101.48633
2012-01-23 06:00:00,101.48633
2012-01-23 07:00:00,105.92566
2012-01-23 08:00:00,13.804053
2012-01-23 09:00:00,62.251465
2012-01-23 10:00:00,87.69826
2012-01-23 11:00:00,13.681075
2012-01-23 12:00:00,96.81854
2012-01-23 13:00:00,85.67473
2012-01-23 14:00:00,56.770317
2012-01-23 15:00:00,59.426735
2012-01-23 16:00:00,60.72879
2012-01-23 17:00:00,1.085891
2012-01-23 18:00:00,35.76448
2012-01-23 19:00:00,47.906784
2012-01-23 20:00:00,46.478333
2012-01-23 21:00:00,67.92886
2012-01-23 22:00:00,67.92886
2012-01-23 23:00:00,47.961998
2012-01-24 00:00:00,56.374123
2012-01-24 01:00:00,79.41838
2012-01-24 02:00:00,62.60875
2012-01-24 03:00:00,80.68251
2012-01-24 04:00:00,74.746704
2012-01-24 05:00:00,74.746704
2012-01-24 06:00:00,21.201935
2012-01-24 07:00:00,80.682434
2012-01-24 08:00:00,80.682434
2012-01-24 09:00:00,165.24257
2012-01-24 10:00:00,0.0
2012-01-24 11:00:00,4.7256155
2012-01-24 12:00:00,3.7170174
2012-01-24 13:00:00,3.7170174
2012-01-24 14:00:00,48.821526
2012-01-24 15:00:00,262.26633
2012-01-24 16:00:00,203.28488
2012-01-24 17:00:00,198.16286
2012-01-24 18:00:00,152.99223
2012-01-24 19:00:00,71.59354
2012-01-24 20:00:00,93.06857
2012-01-24 21:00:00,120.976944
2012-01-24 22:00:00,76.690445
2012-01-24 23:00:00,93.06857
2012-01-25 00:00:00,0.0
2012-01-25 01:00:00,104.39379
2012-01-25 02:00:00,85.31116
2012-01-25 03:00:00,75.53506
2012-01-25 04:00:00,87.08179
2012-01-25 05:00:00,87.08179
2012-01-25 06:00:00,89.02728
2012-01-25 07:00:00,93.88068
2012-01-25 08:00:00,81.169815
2012-01-25 09:00:00,81.169815
2012-01-25 10:00:00,65.26385
2012-01-25 11:00:00,78.020096
2012-01-25 12:00:00,94.445045
2012-01-25 13:00:00,97.09389
2012-01-25 14:00:00,86.291626
2012-01-25 15:00:00,109.08226
2012-01-25 16:00:00,91.43065
2012-01-25 17:00:00,88.61429
2012-01-25 18:00:00,154.51816
2012-01-25 19:00:00,109.16313
2012-01-25 20:00:00,81.42018
2012-01-25 21:00:00,76.537994
2012-01-25 22:00:00,77.61258
2012-01-25 23:00:00,109.7036
2012-01-26 00:00:00,165.02902
2012-01-26 01:00:00,154.06232
2012-01-26 02:00:00,96.02423
2012-01-26 03:00:00,189.47913
2012-01-26 04:00:00,97.47052
2012-01-26 05:00:00,242.45529
2012-01-26 06:00:00,149.78075
2012-01-26 07:00:00,152.54787
2012-01-26 08:00:00,152.54787
2012-01-26 09:00:00,159.66812
2012-01-26 10:00:00,105.79658
2012-01-26 11:00:00,139.23863
2012-01-26 12:00:00,188.17337
2012-01-26 13:00:00,148.2284
2012-01-26 14:00:00,201.60303
2012-01-26 15:00:00,176.90276
2012-01-26 16:00:00,197.09048
2012-01-26 17:00:00,159.1134
2012-01-26 18:00:00,159.1134
2012-01-26 19:00:00,254.31464
2012-01-26 20:00:00,269.1556
2012-01-26 21:00:00,254.31464
2012-01-26 22:00:00,117.74263
2012-01-26 23:00:00,142.66473
2012-01-27 00:00:00,44.578316
2012-01-27 01:00:00,21.62313
2012-01-27 02:00:00,36.860947
2012-01-27 03:00:00,108.667816
2012-01-27 04:00:00,55.849525
2012-01-27 05:00:00,196.40189
2012-01-27 06:00:00,136.66367
2012-01-27 07:00:00,135.67758
2012-01-27 08:00:00,182.34169
2012-01-27 09:00:00,182.34169
2012-01-27 10:00:00,355.11917
2012-01-27 11:00:00,331.83127
2012-01-27 12:00:00,308.71533
2012-01-27 13:00:00,291.9335
2012-01-27 14:00:00,513.7025
2012-01-27 15:00:00,242.13683
2012-01-27 16:00:00,449.84393
2012-01-27 17:00:00,374.97116
2012-01-27 18:00:00,346.94162
2012-01-27 19:00:00,255.00143
2012-01-27 20:00:00,171.32108
2012-01-27 21:00:00,78.93261
2012-01-27 22:00:00,199.53926
2012-01-27 23:00:00,163.43852
2012-01-28 00:00:00,194.88913
2012-01-28 01:00:00,171.02213
2012-01-28 02:00:00,57.393127
2012-01-28 03:00:00,30.80545
2012-01-28 04:00:00,57.587276
2012-01-28 05:00:00,42.33436
2012-01-28 06:00:00,0.0
2012-01-28 07:00:00,0.0
2012-01-28 08:00:00,55.05002
2012-01-28 09:00:00,0.0
2012-01-28 10:00:00,65.32141
2012-01-28 11:00:00,82.91726
2012-01-28 12:00:00,32.09773
2012-01-28 13:00:00,215.52966
2012-01-28 14:00:00,110.84316
2012-01-28 15:00:00,120.968254
2012-01-28 16:00:00,233.72057
2012-01-28 17:00:00,315.60764
2012-01-28 18:00:00,148.47662
2012-01-28 19:00:00,166.0279
2012-01-28 20:00:00,183.85239
2012-01-28 21:00:00,102.21776
2012-01-28 22:00:00,90.96703
2012-01-28 23:00:00,123.61909
2012-01-29 00:00:00,53.934418
2012-01-29 01:00:00,126.336296
2012-01-29 02:00:00,60.14882
2012-01-29 03:00:00,67.91836
2012-01-29 04:00:00,0.0
2012-01-29 05:00:00,56.724094
2012-01-29 06:00:00,126.45503
2012-01-29 07:00:00,148.03964
2012-01-29 08:00:00,171.29955
2012-01-29 09:00:00,136.86761
2012-01-29 10:00:00,167.07236
2012-01-29 11:00:00,69.865906
2012-01-29 12:00:00,113.92787
2012-01-29 13:00:00,113.92787
2012-01-29 14:00:00,101.27587
2012-01-29 15:00:00,101.430664
2012-01-29 16:00:00,3.9526055
2012-01-29 17:00:00,3.9526055
2012-01-29 18:00:00,3.9526055
2012-01-29 19:00:00,111.8264
2012-01-29 20:00:00,82.053
2012-01-29 21:00:00,107.63527
2012-01-29 22:00:00,90.87813
2012-01-29 23:00:00,290.6356
2012-01-30 00:00:00,68.561615
2012-01-30 01:00:00,25.414845
2012-01-30 02:00:00,172.51315
2012-01-30 03:00:00,50.627037
2012-01-30 04:00:00,38.191357
2012-01-30 05:00:00,38.191357
2012-01-30 06:00:00,166.26624
2012-01-30 07:00:00,117.10776
2012-01-30 08:00:00,28.315483
2012-01-30 09:00:00,28.315483
2012-01-30 10:00:00,128.56416
2012-01-30 11:00:00,112.66084
2012-01-30 12:00:00,141.96921
2012-01-30 13:00:00,175.04517
2012-01-30 14:00:00,172.8712
2012-01-30 15:00:00,130.96349
2012-01-30 16:00:00,134.5355
2012-01-30 17:00:00,94.15929
2012-01-30 18:00:00,135.77255
2012-01-30 19:00:00,96.78331
2012-01-30 20:00:00,107.92941
2012-01-30 21:00:00,104.15982
2012-01-30 22:00:00,84.00347
2012-01-30 23:00:00,38.265198
2012-01-31 00:00:00,140.74539
2012-01-31 01:00:00,244.30289
2012-01-31 02:00:00,201.06761
2012-01-31 03:00:00,112.05746
2012-01-31 04:00:00,79.11066
2012-01-31 05:00:00,79.11066
2012-01-31 06:00:00,87.273796
2012-01-31 07:00:00,38.265213
2012-01-31 08:00:00,54.156433
2012-01-31 09:00:00,89.030365
2012-01-31 10:00:00,94.67136
2012-01-31 11:00:00,201.40373
2012-01-31 12:00:00,201.8417
2012-01-31 13:00:00,212.81866
2012-01-31 14:00:00,298.85654
2012-01-31 15:00:00,326.56635
2012-01-31 16:00:00,326.56635
2012-01-31 17:00:00,244.96729
2012-01-31 18:00:00,201.87724
2012-01-31 19:00:00,319.5754
2012-01-31 20:00:00,91.30445
2012-01-31 21:00:00,251.84373
2012-01-31 22:00:00,228.41437
2012-01-31 23:00:00,218.154
2012-02-20 00:00:00,2.6559594
2012-02-20 01:00:00,2.6559594
2012-02-20 02:00:00,2.6559594
2012-02-20 03:00:00,28.155663
2012-02-20 05:00:00,210.65836
2012-02-20 06:00:00,329.96548
2012-02-20 07:00:00,225.26215
2012-02-20 08:00:00,131.38097
2012-02-20 09:00:00,131.38097
2012-02-20 10:00:00,302.46097
2012-02-20 11:00:00,13.152366
2012-02-20 12:00:00,136.32869
2012-02-20 13:00:00,158.75792
2012-02-20 14:00:00,61.370502
2012-02-20 15:00:00,75.62155
2012-02-20 16:00:00,3.9526055
2012-02-20 17:00:00,78.73756
2012-02-20 18:00:00,75.62155
2012-02-20 19:00:00,75.62155
2012-02-20 20:00:00,24.973593
2012-02-20 21:00:00,111.466385
2012-02-20 22:00:00,376.17032
2012-02-20 23:00:00,69.393616
2012-02-21 00:00:00,89.012596
2012-02-21 01:00:00,52.646416
2012-02-21 02:00:00,77.58798
2012-02-21 04:00:00,95.345055
2012-02-21 05:00:00,75.36824
2012-02-21 06:00:00,63.366486
2012-02-21 07:00:00,95.345055
2012-02-21 08:00:00,58.818542
2012-02-21 09:00:00,35.834335
2012-02-21 10:00:00,89.40528
2012-02-21 11:00:00,176.24034
2012-02-21 12:00:00,185.43773
2012-02-21 13:00:00,180.17859
2012-02-21 14:00:00,271.17212
2012-02-21 15:00:00,180.17859
2012-02-21 16:00:00,204.51276
2012-02-21 17:00:00,262.13565
2012-02-21 18:00:00,262.13565
2012-02-21 19:00:00,308.32538
2012-02-21 20:00:00,81.25646
2012-02-21 21:00:00,73.03416
2012-02-21 22:00:00,122.92865
2012-02-21 23:00:00,47.013004
2012-02-22 00:00:00,47.013004
2012-02-22 01:00:00,131.58075
2012-02-22 02:00:00,211.65146
2012-02-22 03:00:00,58.6791
2012-02-22 04:00:00,18.134384
2012-02-22 05:00:00,121.43138
2012-02-22 06:00:00,5.614272
2012-02-22 07:00:00,96.00803
2012-02-22 08:00:00,99.279724
2012-02-22 09:00:00,92.499344
2012-02-22 10:00:00,159.37349
2012-02-22 11:00:00,18.129017
2012-02-22 12:00:00,66.87665
2012-02-22 13:00:00,43.721878
2012-02-22 14:00:00,81.11365
2012-02-22 15:00:00,304.1951
2012-02-22 16:00:00,232.5643
2012-02-22 17:00:00,356.08008
2012-02-22 18:00:00,187.58385
2012-02-22 19:00:00,292.9776
2012-02-22 20:00:00,356.04443
2012-02-22 21:00:00,140.57004
2012-02-22 22:00:00,275.3799
2012-02-22 23:00:00,288.80606
2012-02-23 00:00:00,275.3799
2012-02-23 01:00:00,88.70311
2012-02-23 02:00:00,71.32268
2012-02-23 03:00:00,208.94406
2012-02-23 04:00:00,14.570792
2012-02-23 05:00:00,14.570792
2012-02-23 06:00:00,29.872414
2012-02-23 07:00:00,48.821526
2012-02-23 08:00:00,34.34169
2012-02-23 09:00:00,80.52354
2012-02-23 10:00:00,86.629196
2012-02-23 11:00:00,239.30511
2012-02-23 12:00:00,261.826
2012-02-23 13:00:00,274.0261
2012-02-23 14:00:00,229.74094
2012-02-23 15:00:00,249.54306
2012-02-23 16:00:00,255.06287
2012-02-23 17:00:00,212.72003
2012-02-23 18:00:00,263.473
2012-02-23 19:00:00,228.17871
2012-02-23 20:00:00,270.09897
2012-02-23 21:00:00,156.21912
2012-02-23 22:00:00,106.26459
2012-02-23 23:00:00,139.41766
2012-02-24 00:00:00,108.819664
2012-02-24 01:00:00,108.59736
2012-02-24 02:00:00,84.08266
2012-02-24 03:00:00,121.77425
2012-02-24 04:00:00,69.91817
2012-02-24 05:00:00,98.502014
2012-02-24 06:00:00,176.30779
2012-02-24 07:00:00,131.936
2012-02-24 08:00:00,81.03685
2012-02-24 09:00:00,0.0
2012-02-24 10:00:00,241.96198
2012-02-24 11:00:00,266.9771
2012-02-24 12:00:00,271.37494
2012-02-24 13:00:00,176.90276
2012-02-24 14:00:00,133.87784
2012-02-24 15:00:00,204.32742
2012-02-24 16:00:00,204.32742
2012-02-24 17:00:00,352.85272
2012-02-24 18:00:00,152.42157
2012-02-24 19:00:00,334.96902
2012-02-24 20:00:00,148.12234
2012-02-24 21:00:00,328.92633
2012-02-24 22:00:00,296.67438
2012-02-24 23:00:00,240.03897
2012-02-25 00:00:00,356.99094
2012-02-25 01:00:00,283.73718
2012-02-25 02:00:00,66.7073
2012-02-25 03:00:00,180.16985
2012-02-25 04:00:00,227.74281
2012-02-25 05:00:00,216.69638
2012-02-25 06:00:00,216.69638
2012-02-25 07:00:00,168.00368
2012-02-25 08:00:00,64.5298
2012-02-25 09:00:00,42.030365
2012-02-25 10:00:00,40.427727
2012-02-25 11:00:00,121.312546
2012-02-25 12:00:00,18.515623
2012-02-25 13:00:00,181.33607
2012-02-25 14:00:00,90.47067
2012-02-25 15:00:00,165.12047
2012-02-25 16:00:00,3.9526055
2012-02-25 17:00:00,262.9524
2012-02-25 18:00:00,34.316097
2012-02-25 19:00:00,137.75232
2012-02-25 20:00:00,87.05686
2012-02-25 21:00:00,151.22643
2012-02-25 22:00:00,171.12811
2012-02-25 23:00:00,98.52751
2012-02-26 00:00:00,125.923416
2012-02-26 01:00:00,113.586
2012-02-26 02:00:00,113.586
2012-02-26 03:00:00,143.63905
2012-02-26 04:00:00,143.63905
2012-02-26 05:00:00,128.26884
2012-02-26 06:00:00,93.78552
2012-02-26 07:00:00,43.095863
2012-02-26 08:00:00,25.051823
2012-02-26 09:00:00,39.237408
2012-02-26 10:00:00,100.60878
2012-02-26 11:00:00,162.37247
2012-02-26 12:00:00,190.91148
2012-02-26 13:00:00,60.739056
2012-02-26 14:00:00,68.52985
2012-02-26 15:00:00,211.7846
2012-02-26 16:00:00,155.45609
2012-02-26 17:00:00,135.80934
2012-02-26 18:00:00,77.588524
2012-02-26 19:00:00,90.79363
2012-02-26 20:00:00,179.5606
2012-02-26 21:00:00,215.99188
2012-02-26 22:00:00,82.9677
2012-02-26 23:00:00,62.025578
2012-02-27 00:00:00,95.03942
2012-02-27 01:00:00,148.55307
2012-02-27 02:00:00,74.27518
2012-02-27 03:00:00,64.08981
2012-02-27 04:00:00,52.255013
2012-02-27 05:00:00,52.255013
2012-02-27 06:00:00,81.169815
2012-02-27 07:00:00,138.29977
2012-02-27 08:00:00,111.39288
2012-02-27 09:00:00,38.265213
2012-02-27 10:00:00,191.3689
2012-02-27 11:00:00,205.00375
2012-02-27 12:00:00,200.94255
2012-02-27 13:00:00,205.45338
2012-02-27 14:00:00,215.5926
2012-02-27 15:00:00,281.2144
2012-02-27 16:00:00,326.56635
2012-02-27 17:00:00,153.6624
2012-02-27 18:00:00,251.94641
2012-02-27 19:00:00,277.65964
2012-02-27 20:00:00,318.34464
2012-02-27 21:00:00,215.5926
2012-02-27 22:00:00,229.35468
2012-02-27 23:00:00,157.23753
2012-02-28 00:00:00,64.58207
2012-02-28 01:00:00,68.51307
2012-02-28 02:00:00,71.744354
2012-02-28 03:00:00,237.74612
2012-02-28 04:00:00,164.28526
2012-02-28 05:00:00,164.28526
2012-02-28 06:00:00,164.44077
2012-02-28 07:00:00,163.23758
2012-02-28 08:00:00,170.14563
2012-02-28 09:00:00,166.2569
2012-02-28 10:00:00,244.3029
2012-02-28 11:00:00,195.73666
2012-02-28 12:00:00,297.51688
2012-02-28 13:00:00,285.6449
2012-02-28 14:00:00,262.23532
2012-02-28 15:00:00,217.14815
2012-02-28 16:00:00,244.6196
2012-02-28 17:00:00,217.14815
2012-02-28 18:00:00,148.80034
2012-02-28 19:00:00,247.12943
2012-02-28 20:00:00,269.6013
2012-02-28 21:00:00,89.80591
2012-02-28 22:00:00,89.80591
2012-02-28 23:00:00,85.619705
2012-02-29 00:00:00,133.26025
2012-02-29 01:00:00,104.55214
2012-02-29 02:00:00,129.14468
2012-02-29 03:00:00,71.84442
2012-02-29 05:00:00,74.93019
2012-02-29 06:00:00,189.47913
2012-02-29 07:00:00,71.54431
2012-02-29 08:00:00,165.02902
2012-02-29 09:00:00,80.812355
2012-02-29 10:00:00,80.812355
2012-02-29 11:00:00,0.0
2012-02-29 12:00:00,58.730812
2012-02-29 13:00:00,66.59714
2012-02-29 14:00:00,66.59714
2012-02-29 15:00:00,24.034225
2012-02-29 16:00:00,57.202003
2012-02-29 17:00:00,176.30779
2012-02-29 18:00:00,154.6362
2012-02-29 19:00:00,288.02292
2012-02-29 20:00:00,279.4477
2012-02-29 21:00:00,279.4477
2012-02-29 22:00:00,0.0
2012-02-29 23:00:00,0.0
2012-03-20 00:00:00,131.68585
2012-03-20 01:00:00,263.98428
2012-03-20 02:00:00,187.01086
2012-03-20 03:00:00,326.9824
2012-03-20 04:00:00,370.1455
2012-03-20 05:00:00,237.07794
2012-03-20 06:00:00,295.51627
2012-03-20 07:00:00,216.2357
2012-03-20 08:00:00,373.4674
2012-03-20 09:00:00,369.52588
2012-03-20 10:00:00,143.99725
2012-03-20 11:00:00,219.38873
2012-03-20 12:00:00,229.96375
2012-03-20 13:00:00,230.8642
2012-03-20 14:00:00,129.83266
2012-03-20 15:00:00,106.27022
2012-03-20 16:00:00,355.18384
2012-03-20 17:00:00,139.73999
2012-03-20 18:00:00,471.53458
2012-03-20 19:00:00,194.00597
2012-03-20 20:00:00,124.62319
2012-03-20 21:00:00,266.12646
2012-03-20 22:00:00,290.9144
2012-03-20 23:00:00,276.5732
2012-03-21 00:00:00,78.2939
2012-03-21 01:00:00,87.81412
2012-03-21 02:00:00,6.3692617
2012-03-21 03:00:00,143.56956
2012-03-21 04:00:00,220.28467
2012-03-21 05:00:00,220.28467
2012-03-21 06:00:00,42.26437
2012-03-21 07:00:00,74.3542
2012-03-21 08:00:00,217.68027
2012-03-21 09:00:00,199.17871
2012-03-21 10:00:00,212.98042
2012-03-21 11:00:00,212.98042
2012-03-21 12:00:00,240.81586
2012-03-21 13:00:00,253.62488
2012-03-21 14:00:00,237.76355
2012-03-21 15:00:00,237.76355
2012-03-21 16:00:00,244.41481
2012-03-21 17:00:00,197.65512
2012-03-21 18:00:00,228.4141
2012-03-21 19:00:00,223.72485
2012-03-21 20:00:00,203.01144
2012-03-21 21:00:00,111.42113
2012-03-21 22:00:00,88.14384
2012-03-21 23:00:00,273.56342
2012-03-22 00:00:00,87.81412
2012-03-22 01:00:00,87.81412
2012-03-22 02:00:00,87.81412
2012-03-22 03:00:00,87.81412
2012-03-22 04:00:00,157.01685
2012-03-22 05:00:00,157.01685
2012-03-22 06:00:00,157.01685
2012-03-22 07:00:00,157.01685
2012-03-22 08:00:00,203.88264
2012-03-22 09:00:00,203.88264
2012-03-22 10:00:00,151.1986
2012-03-22 11:00:00,148.12828
2012-03-22 12:00:00,183.19547
2012-03-22 13:00:00,207.42789
2012-03-22 14:00:00,218.21437
2012-03-22 15:00:00,231.32825
2012-03-22 16:00:00,239.04645
2012-03-22 17:00:00,254.79205
2012-03-22 18:00:00,254.79205
2012-03-22 19:00:00,165.492
2012-03-22 20:00:00,343.91046
2012-03-22 21:00:00,103.253296
2012-03-22 22:00:00,59.732685
2012-03-22 23:00:00,151.14174
2012-03-23 00:00:00,255.84735
2012-03-23 01:00:00,131.23805
2012-03-23 02:00:00,25.434702
2012-03-23 03:00:00,24.144745
2012-03-23 04:00:00,226.2587
2012-03-23 05:00:00,156.77869
2012-03-23 06:00:00,198.88419
2012-03-23 07:00:00,231.53674
2012-03-23 08:00:00,226.10567
2012-03-23 09:00:00,253.81436
2012-03-23 10:00:00,293.38547
2012-03-23 11:00:00,158.59381
2012-03-23 12:00:00,228.2013
2012-03-23 13:00:00,286.13254
2012-03-23 14:00:00,272.70914
2012-03-23 15:00:00,298.6771
2012-03-23 16:00:00,324.73224
2012-03-23 17:00:00,324.73224
2012-03-23 18:00:00,398.08206
2012-03-23 19:00:00,277.4698
2012-03-23 20:00:00,334.10342
2012-03-23 21:00:00,175.32892
2012-03-23 22:00:00,198.2298
2012-03-23 23:00:00,305.66324
2012-03-24 00:00:00,60.731476
2012-03-24 01:00:00,93.54138
2012-03-24 02:00:00,78.96216
2012-03-24 03:00:00,78.96216
2012-03-24 04:00:00,42.322212
2012-03-24 05:00:00,125.78352
2012-03-24 06:00:00,125.78352
2012-03-24 07:00:00,155.81268
2012-03-24 08:00:00,32.593025
2012-03-24 09:00:00,190.01413
2012-03-24 10:00:00,134.90004
2012-03-24 11:00:00,32.593025
2012-03-24 12:00:00,0.0
2012-03-24 13:00:00,28.49494
2012-03-24 14:00:00,0.0
2012-03-24 15:00:00,6.795226
2012-03-24 16:00:00,0.62091374
2012-03-24 17:00:00,0.0
2012-03-24 18:00:00,15.763526
2012-03-24 19:00:00,47.68154
2012-03-24 20:00:00,29.303246
2012-03-24 21:00:00,29.303246
2012-03-24 22:00:00,10.930427
2012-03-24 23:00:00,4.544326
2012-03-25 00:00:00,4.544326
2012-03-25 01:00:00,0.0
2012-03-25 02:00:00,0.0
2012-03-25 03:00:00,0.0
2012-03-25 04:00:00,31.138
2012-03-25 05:00:00,0.0
2012-03-25 06:00:00,0.0
2012-03-25 07:00:00,12.433661
2012-03-25 08:00:00,12.433661
2012-03-25 09:00:00,0.0
2012-03-25 10:00:00,30.821907
2012-03-25 11:00:00,0.0
2012-03-25 12:00:00,0.0
2012-03-25 13:00:00,60.024918
2012-03-25 14:00:00,67.00706
2012-03-25 15:00:00,26.704803
2012-03-25 16:00:00,0.0
2012-03-25 17:00:00,63.725075
2012-03-25 18:00:00,63.725075
2012-03-25 19:00:00,221.95018
2012-03-25 20:00:00,172.58377
2012-03-25 21:00:00,49.136772
2012-03-25 22:00:00,32.696632
2012-03-25 23:00:00,33.097298
2012-03-26 00:00:00,186.246
2012-03-26 01:00:00,215.7757
2012-03-26 02:00:00,61.878258
2012-03-26 03:00:00,61.796406
2012-03-26 04:00:00,46.346764
2012-03-26 05:00:00,51.24192
2012-03-26 06:00:00,68.07828
2012-03-26 07:00:00,196.39404
2012-03-26 08:00:00,109.930984
2012-03-26 09:00:00,160.39471
2012-03-26 10:00:00,156.19466
2012-03-26 11:00:00,205.60643
2012-03-26 12:00:00,103.84328
2012-03-26 13:00:00,266.36703
2012-03-26 14:00:00,150.08337
2012-03-26 15:00:00,199.56729
2012-03-26 16:00:00,405.75775
2012-03-26 17:00:00,140.32426
2012-03-26 18:00:00,110.615524
2012-03-26 19:00:00,153.73987
2012-03-26 20:00:00,174.22844
2012-03-26 21:00:00,168.82423
2012-03-26 22:00:00,109.53048
2012-03-26 23:00:00,175.95923
2012-03-27 00:00:00,197.22089
2012-03-27 01:00:00,265.39282
2012-03-27 02:00:00,80.720665
2012-03-27 03:00:00,159.6769
2012-03-27 04:00:00,152.58391
2012-03-27 05:00:00,137.92659
2012-03-27 06:00:00,136.03934
2012-03-27 07:00:00,136.03934
2012-03-27 08:00:00,121.09044
2012-03-27 09:00:00,142.33972
2012-03-27 10:00:00,66.31949
2012-03-27 11:00:00,54.18044
2012-03-27 12:00:00,59.053738
2012-03-27 13:00:00,283.46628
2012-03-27 14:00:00,241.03297
2012-03-27 15:00:00,95.0631
2012-03-27 16:00:00,95.0631
2012-03-27 17:00:00,134.47191
2012-03-27 18:00:00,126.72804
2012-03-27 19:00:00,117.365364
2012-03-27 20:00:00,126.72804
2012-03-27 21:00:00,77.41306
2012-03-27 22:00:00,112.95789
2012-03-27 23:00:00,90.408615
2012-03-28 00:00:00,71.87704
2012-03-28 01:00:00,129.44308
2012-03-28 02:00:00,203.69472
2012-03-28 03:00:00,152.6065
2012-03-28 04:00:00,108.52164
2012-03-28 05:00:00,108.52164
2012-03-28 06:00:00,175.6823
2012-03-28 07:00:00,177.96796
2012-03-28 08:00:00,123.80968
2012-03-28 09:00:00,98.60919
2012-03-28 10:00:00,160.95157
2012-03-28 11:00:00,338.0596
2012-03-28 12:00:00,176.40851
2012-03-28 13:00:00,279.88632
2012-03-28 14:00:00,342.11246
2012-03-28 15:00:00,147.0393
2012-03-28 16:00:00,106.06015
2012-03-28 17:00:00,198.1719
2012-03-28 18:00:00,198.1719
2012-03-28 19:00:00,159.402
2012-03-28 20:00:00,211.73146
2012-03-28 21:00:00,196.30629
2012-03-28 22:00:00,201.72606
2012-03-28 23:00:00,183.25911
2012-03-29 00:00:00,230.09143
2012-03-29 01:00:00,218.0202
2012-03-29 02:00:00,457.53293
2012-03-29 03:00:00,399.699
2012-03-29 04:00:00,185.38266
2012-03-29 05:00:00,157.70407
2012-03-29 06:00:00,24.51493
2012-03-29 07:00:00,155.84926
2012-03-29 08:00:00,192.92381
2012-03-29 09:00:00,222.29184
2012-03-29 10:00:00,176.44086
2012-03-29 11:00:00,302.88718
2012-03-29 12:00:00,130.36996
2012-03-29 13:00:00,160.60164
2012-03-29 14:00:00,291.17252
2012-03-29 15:00:00,363.55005
2012-03-29 16:00:00,327.5399
2012-03-29 17:00:00,336.89865
2012-03-29 18:00:00,207.1121
2012-03-29 19:00:00,176.45926
2012-03-29 20:00:00,199.34448
2012-03-29 21:00:00,149.33492
2012-03-29 22:00:00,148.65466
2012-03-29 23:00:00,162.45311
2012-03-30 00:00:00,147.9667
2012-03-30 01:00:00,90.76086
2012-03-30 02:00:00,186.83932
2012-03-30 03:00:00,53.332935
2012-03-30 04:00:00,26.527805
2012-03-30 05:00:00,47.980026
2012-03-30 06:00:00,129.77475
2012-03-30 07:00:00,176.83476
2012-03-30 08:00:00,43.541298
2012-03-30 09:00:00,194.66437
2012-03-30 10:00:00,138.18433
2012-03-30 11:00:00,78.66202
2012-03-30 12:00:00,99.04494
2012-03-30 13:00:00,12.0621805
2012-03-30 14:00:00,0.0
2012-03-30 15:00:00,0.0
2012-03-30 16:00:00,63.650684
2012-03-30 17:00:00,92.756165
2012-03-30 18:00:00,27.921421
2012-03-30 19:00:00,124.19463
2012-03-30 20:00:00,168.38193
2012-03-30 21:00:00,91.507614
2012-03-30 22:00:00,37.33322
2012-03-30 23:00:00,96.8192
2012-03-31 00:00:00,29.76413
2012-03-31 01:00:00,92.56556
2012-03-31 02:00:00,31.387955
2012-03-31 03:00:00,63.16037
2012-03-31 04:00:00,97.85923
2012-03-31 05:00:00,57.871017
2012-03-31 06:00:00,24.929817
2012-03-31 07:00:00,24.929817
2012-03-31 08:00:00,0.7918465
2012-03-31 09:00:00,92.56556
2012-03-31 10:00:00,77.793785
2012-03-31 11:00:00,44.672035
2012-03-31 12:00:00,17.319557
2012-03-31 13:00:00,146.76128
2012-03-31 14:00:00,312.01788
2012-03-31 15:00:00,304.9183
2012-03-31 16:00:00,299.10593
2012-03-31 17:00:00,165.7279
2012-03-31 18:00:00,107.22018
2012-03-31 19:00:00,106.408936
2012-03-31 20:00:00,133.53537
2012-03-31 21:00:00,133.53537
2012-03-31 22:00:00,0.0
2012-03-31 23:00:00,57.797047
2012-04-20 00:00:00,185.90533
2012-04-20 01:00:00,61.796406
2012-04-20 02:00:00,68.81293
2012-04-20 03:00:00,40.070374
2012-04-20 04:00:00,0.0
2012-04-20 05:00:00,0.0
2012-04-20 06:00:00,42.055862
2012-04-20 07:00:00,0.0
2012-04-20 08:00:00,23.039017
2012-04-20 09:00:00,31.536179
2012-04-20 10:00:00,199.55157
2012-04-20 11:00:00,207.35817
2012-04-20 12:00:00,172.83821
2012-04-20 13:00:00,317.70596
2012-04-20 14:00:00,322.61197
2012-04-20 15:00:00,288.76147
2012-04-20 16:00:00,341.54416
2012-04-20 17:00:00,247.48209
2012-04-20 18:00:00,206.79285
2012-04-20 19:00:00,168.00046
2012-04-20 20:00:00,185.37616
2012-04-20 21:00:00,176.85785
2012-04-20 22:00:00,194.07214
2012-04-20 23:00:00,202.64305
2012-04-21 00:00:00,180.03543
2012-04-21 01:00:00,180.03543
2012-04-21 02:00:00,69.201614
2012-04-21 03:00:00,105.809616
2012-04-21 04:00:00,189.34142
2012-04-21 05:00:00,189.34142
2012-04-21 06:00:00,105.809654
2012-04-21 07:00:00,190.99785
2012-04-21 08:00:00,224.13762
2012-04-21 09:00:00,71.91521
2012-04-21 10:00:00,404.37115
2012-04-21 11:00:00,367.1862
2012-04-21 12:00:00,352.2935
2012-04-21 13:00:00,394.65372
2012-04-21 14:00:00,520.5317
2012-04-21 15:00:00,534.5711
2012-04-21 16:00:00,558.93854
2012-04-21 17:00:00,565.7896
2012-04-21 18:00:00,375.30258
2012-04-21 19:00:00,253.9296
2012-04-21 20:00:00,0.0
2012-04-21 21:00:00,0.0
2012-04-21 22:00:00,140.3472
2012-04-21 23:00:00,12.698348
2012-04-22 00:00:00,131.84485
2012-04-22 01:00:00,0.0
2012-04-22 02:00:00,230.3737
2012-04-22 03:00:00,99.43984
2012-04-22 04:00:00,139.42769
2012-04-22 05:00:00,117.21976
2012-04-22 06:00:00,141.73544
2012-04-22 07:00:00,55.177544
2012-04-22 08:00:00,0.0
2012-04-22 09:00:00,0.0
2012-04-22 10:00:00,49.31001
2012-04-22 11:00:00,0.0
2012-04-22 12:00:00,35.308067
2012-04-22 13:00:00,47.904633
2012-04-22 14:00:00,35.308067
2012-04-22 15:00:00,38.270264
2012-04-22 16:00:00,0.0
2012-04-22 17:00:00,58.06909
2012-04-22 18:00:00,58.06909
2012-04-22 19:00:00,63.978333
2012-04-22 20:00:00,1.1046288
2012-04-22 21:00:00,55.8376
2012-04-22 22:00:00,71.62131
2012-04-22 23:00:00,96.10393
2012-04-23 00:00:00,0.0
2012-04-23 01:00:00,33.181347
2012-04-23 02:00:00,8.513389
2012-04-23 03:00:00,0.09205556
2012-04-23 04:00:00,0.0
2012-04-23 05:00:00,0.0
2012-04-23 06:00:00,8.5657835
2012-04-23 07:00:00,0.0
2012-04-23 08:00:00,1.8214524
2012-04-23 09:00:00,0.0
2012-04-23 10:00:00,0.0
2012-04-23 11:00:00,95.861595
2012-04-23 12:00:00,0.0
2012-04-23 13:00:00,53.69165
2012-04-23 14:00:00,18.874954
2012-04-23 15:00:00,127.38373
2012-04-23 16:00:00,25.190197
2012-04-23 17:00:00,25.00671
2012-04-23 18:00:00,124.689445
2012-04-23 19:00:00,26.648724
2012-04-23 20:00:00,78.35654
2012-04-23 21:00:00,33.898743
2012-04-23 22:00:00,98.52853
2012-04-23 23:00:00,0.0
2012-04-24 00:00:00,159.27597
2012-04-24 01:00:00,164.25989
2012-04-24 02:00:00,98.92074
2012-04-24 03:00:00,43.26046
2012-04-24 04:00:00,65.42962
2012-04-24 05:00:00,65.42962
2012-04-24 06:00:00,51.12883
2012-04-24 07:00:00,135.06372
2012-04-24 08:00:00,166.3522
2012-04-24 09:00:00,117.351425
2012-04-24 10:00:00,162.45311
2012-04-24 11:00:00,230.46652
2012-04-24 12:00:00,264.21304
2012-04-24 13:00:00,294.67258
2012-04-24 14:00:00,183.1684
2012-04-24 15:00:00,191.38498
2012-04-24 16:00:00,306.6453
2012-04-24 17:00:00,276.8649
2012-04-24 18:00:00,148.71846
2012-04-24 19:00:00,284.63693
2012-04-24 20:00:00,244.28519
2012-04-24 21:00:00,221.41681
2012-04-24 22:00:00,184.34274
2012-04-24 23:00:00,162.94981
2012-04-25 00:00:00,7.3581247
2012-04-25 01:00:00,44.355453
2012-04-25 02:00:00,173.36905
2012-04-25 03:00:00,0.0
2012-04-25 04:00:00,42.051292
2012-04-25 05:00:00,113.53225
2012-04-25 06:00:00,113.53225
2012-04-25 07:00:00,102.01353
2012-04-25 08:00:00,0.0
2012-04-25 09:00:00,222.81583
2012-04-25 10:00:00,180.73639
2012-04-25 11:00:00,285.48618
2012-04-25 12:00:00,380.27878
2012-04-25 13:00:00,376.19382
2012-04-25 14:00:00,361.35336
2012-04-25 15:00:00,362.22464
2012-04-25 16:00:00,389.85992
2012-04-25 17:00:00,333.0723
2012-04-25 18:00:00,336.0927
2012-04-25 19:00:00,431.2307
2012-04-25 20:00:00,216.853
2012-04-25 21:00:00,175.49792
2012-04-25 22:00:00,154.53351
2012-04-25 23:00:00,116.63802
2012-04-26 00:00:00,179.97131
2012-04-26 01:00:00,113.60605
2012-04-26 02:00:00,118.190475
2012-04-26 03:00:00,125.319824
2012-04-26 04:00:00,147.82149
2012-04-26 05:00:00,145.00475
2012-04-26 06:00:00,116.943275
2012-04-26 07:00:00,117.37286
2012-04-26 08:00:00,91.98279
2012-04-26 09:00:00,90.539276
2012-04-26 10:00:00,132.76219
2012-04-26 11:00:00,31.57447
2012-04-26 12:00:00,237.18321
2012-04-26 13:00:00,200.52176
2012-04-26 14:00:00,201.90463
2012-04-26 15:00:00,138.30334
2012-04-26 16:00:00,229.41304
2012-04-26 17:00:00,155.45134
2012-04-26 18:00:00,201.90463
2012-04-26 19:00:00,198.46666
2012-04-26 20:00:00,162.77304
2012-04-26 21:00:00,120.35007
2012-04-26 22:00:00,88.14384
2012-04-26 23:00:00,31.987938
2012-04-27 00:00:00,305.70065
2012-04-27 01:00:00,265.47006
2012-04-27 02:00:00,226.03773
2012-04-27 03:00:00,136.7146
2012-04-27 04:00:00,143.1718
2012-04-27 05:00:00,145.28294
2012-04-27 06:00:00,141.57202
2012-04-27 07:00:00,90.76086
2012-04-27 08:00:00,198.92726
2012-04-27 09:00:00,102.32219
2012-04-27 10:00:00,122.31135
2012-04-27 11:00:00,227.43878
2012-04-27 12:00:00,283.47296
2012-04-27 13:00:00,226.9595
2012-04-27 14:00:00,305.5529
2012-04-27 15:00:00,67.27499
2012-04-27 16:00:00,327.767
2012-04-27 17:00:00,175.23184
2012-04-27 18:00:00,229.71683
2012-04-27 19:00:00,238.72614
2012-04-27 20:00:00,260.77695
2012-04-27 21:00:00,227.43716
2012-04-27 22:00:00,133.42172
2012-04-27 23:00:00,132.08752
2012-04-28 00:00:00,199.69443
2012-04-28 01:00:00,194.79007
2012-04-28 02:00:00,259.03983
2012-04-28 03:00:00,285.61044
2012-04-28 04:00:00,171.58713
2012-04-28 05:00:00,244.4089
2012-04-28 06:00:00,230.62816
2012-04-28 07:00:00,171.58713
2012-04-28 08:00:00,168.67581
2012-04-28 09:00:00,112.08029
2012-04-28 10:00:00,78.64647
2012-04-28 11:00:00,16.270365
2012-04-28 12:00:00,48.441875
2012-04-28 13:00:00,140.02727
2012-04-28 14:00:00,192.52072
2012-04-28 15:00:00,153.78168
2012-04-28 16:00:00,156.21858
2012-04-28 17:00:00,72.822784
2012-04-28 18:00:00,13.25022
2012-04-28 19:00:00,1.5098984
2012-04-28 20:00:00,55.426468
2012-04-28 21:00:00,0.0
2012-04-28 22:00:00,58.346756
2012-04-28 23:00:00,87.48
2012-04-29 00:00:00,28.678802
2012-04-29 01:00:00,78.86974
2012-04-29 02:00:00,60.51393
2012-04-29 03:00:00,0.79177785
2012-04-29 04:00:00,37.244423
2012-04-29 05:00:00,24.643036
2012-04-29 06:00:00,18.459808
2012-04-29 07:00:00,28.992523
2012-04-29 08:00:00,30.482582
2012-04-29 09:00:00,17.04638
2012-04-29 10:00:00,29.948837
2012-04-29 11:00:00,227.99797
2012-04-29 12:00:00,281.5947
2012-04-29 13:00:00,294.49167
2012-04-29 14:00:00,366.95267
2012-04-29 15:00:00,342.78256
2012-04-29 16:00:00,522.82355
2012-04-29 17:00:00,490.3492
2012-04-29 18:00:00,446.10684
2012-04-29 19:00:00,386.45053
2012-04-29 20:00:00,381.39563
2012-04-29 21:00:00,257.2856
2012-04-29 22:00:00,292.4957
2012-04-29 23:00:00,110.278206
2012-04-30 00:00:00,105.54651
2012-04-30 01:00:00,69.47331
2012-04-30 02:00:00,75.62645
2012-04-30 03:00:00,16.171589
2012-04-30 04:00:00,88.3824
2012-04-30 05:00:00,88.3824
2012-04-30 06:00:00,59.028107
2012-04-30 07:00:00,45.168045
2012-04-30 08:00:00,111.25953
2012-04-30 09:00:00,234.05573
2012-04-30 10:00:00,154.35622
2012-04-30 11:00:00,99.35808
2012-04-30 12:00:00,87.5267
2012-04-30 13:00:00,116.04079
2012-04-30 14:00:00,100.01422
2012-04-30 15:00:00,118.67346
2012-04-30 16:00:00,168.72906
2012-04-30 17:00:00,184.81961
2012-04-30 18:00:00,177.8296
2012-04-30 19:00:00,142.33636
2012-04-30 20:00:00,99.194954
2012-04-30 21:00:00,99.194954
2012-04-30 22:00:00,95.59903
2012-04-30 23:00:00,212.73303
2012-05-20 00:00:00,250.89891
2012-05-20 01:00:00,94.28646
2012-05-20 02:00:00,94.28646
2012-05-20 03:00:00,196.46478
2012-05-20 04:00:00,83.91022
2012-05-20 05:00:00,67.342155
2012-05-20 06:00:00,52.739834
2012-05-20 07:00:00,121.02178
2012-05-20 08:00:00,178.2274
2012-05-20 09:00:00,607.795
2012-05-20 10:00:00,598.21136
2012-05-20 11:00:00,593.3266
2012-05-20 12:00:00,614.2769
2012-05-20 13:00:00,577.2541
2012-05-20 14:00:00,644.78485
2012-05-20 15:00:00,443.5483
2012-05-20 16:00:00,494.8359
2012-05-20 17:00:00,531.56195
2012-05-20 18:00:00,461.77383
2012-05-20 19:00:00,363.00174
2012-05-20 20:00:00,363.0017
2012-05-20 21:00:00,327.5677
2012-05-20 22:00:00,290.84235
2012-05-20 23:00:00,127.61815
2012-05-21 00:00:00,121.479904
2012-05-21 01:00:00,126.45388
2012-05-21 02:00:00,115.595894
2012-05-21 03:00:00,158.42961
2012-05-21 04:00:00,77.913956
2012-05-21 05:00:00,77.913956
2012-05-21 06:00:00,77.913956
2012-05-21 07:00:00,77.913956
2012-05-21 08:00:00,162.82184
2012-05-21 09:00:00,156.21422
2012-05-21 10:00:00,120.07254
2012-05-21 11:00:00,215.98004
2012-05-21 12:00:00,258.7769
2012-05-21 13:00:00,142.55664
2012-05-21 14:00:00,141.212
2012-05-21 15:00:00,133.15404
2012-05-21 16:00:00,217.21735
2012-05-21 17:00:00,265.81766
2012-05-21 18:00:00,223.07227
2012-05-21 19:00:00,220.2353
2012-05-21 20:00:00,276.50266
2012-05-21 21:00:00,207.8167
2012-05-21 22:00:00,155.38504
2012-05-21 23:00:00,343.91046
2012-05-22 00:00:00,190.09554
2012-05-22 01:00:00,250.87988
2012-05-22 02:00:00,239.96863
2012-05-22 03:00:00,239.96863
2012-05-22 04:00:00,227.01682
2012-05-22 05:00:00,161.34137
2012-05-22 06:00:00,166.29877
2012-05-22 07:00:00,166.29877
2012-05-22 08:00:00,251.76283
2012-05-22 09:00:00,212.80992
2012-05-22 10:00:00,164.0473
2012-05-22 11:00:00,218.84737
2012-05-22 12:00:00,165.66333
2012-05-22 13:00:00,177.31818
2012-05-22 14:00:00,158.47935
2012-05-22 15:00:00,377.5448
2012-05-22 16:00:00,307.98288
2012-05-22 17:00:00,204.79156
2012-05-22 18:00:00,256.90286
2012-05-22 19:00:00,235.65239
2012-05-22 20:00:00,349.60867
2012-05-22 21:00:00,182.02646
2012-05-22 22:00:00,215.49783
2012-05-22 23:00:00,219.48447
2012-05-23 00:00:00,182.02646
2012-05-23 01:00:00,73.2153
2012-05-23 02:00:00,215.98004
2012-05-23 03:00:00,219.75867
2012-05-23 04:00:00,144.43507
2012-05-23 05:00:00,162.82184
2012-05-23 06:00:00,86.311035
2012-05-23 07:00:00,225.21094
2012-05-23 08:00:00,225.21094
2012-05-23 09:00:00,206.49529
2012-05-23 10:00:00,242.86226
2012-05-23 11:00:00,88.890976
2012-05-23 12:00:00,152.55038
2012-05-23 13:00:00,155.38681
2012-05-23 14:00:00,232.04794
2012-05-23 15:00:00,119.0929
2012-05-23 16:00:00,125.48483
2012-05-23 17:00:00,172.68239
2012-05-23 18:00:00,172.68239
2012-05-23 19:00:00,209.34567
2012-05-23 20:00:00,189.30658
2012-05-23 21:00:00,242.8167
2012-05-23 22:00:00,209.34567
2012-05-23 23:00:00,177.26822
2012-05-24 00:00:00,218.70189
2012-05-24 01:00:00,109.86393
2012-05-24 02:00:00,57.441093
2012-05-24 03:00:00,299.10684
2012-05-24 04:00:00,232.5423
2012-05-24 05:00:00,232.5423
2012-05-24 06:00:00,232.5423
2012-05-24 07:00:00,199.341
2012-05-24 08:00:00,202.08221
2012-05-24 09:00:00,171.65443
2012-05-24 10:00:00,245.96281
2012-05-24 11:00:00,237.55513
2012-05-24 12:00:00,223.90869
2012-05-24 13:00:00,332.2337
2012-05-24 14:00:00,340.45004
2012-05-24 15:00:00,322.4744
2012-05-24 16:00:00,317.246
2012-05-24 17:00:00,307.33237
2012-05-24 18:00:00,290.98843
2012-05-24 19:00:00,258.15018
2012-05-24 20:00:00,358.30353
2012-05-24 21:00:00,185.47289
2012-05-24 22:00:00,169.11653
2012-05-24 23:00:00,173.67972
2012-05-25 00:00:00,162.60063
2012-05-25 01:00:00,231.82953
2012-05-25 02:00:00,242.8167
2012-05-25 03:00:00,306.35995
2012-05-25 04:00:00,296.94418
2012-05-25 05:00:00,303.49945
2012-05-25 06:00:00,306.35995
2012-05-25 07:00:00,244.63821
2012-05-25 08:00:00,301.54788
2012-05-25 09:00:00,272.4892
2012-05-25 10:00:00,150.2894
2012-05-25 11:00:00,152.18048
2012-05-25 12:00:00,391.5582
2012-05-25 13:00:00,279.57407
2012-05-25 14:00:00,351.7067
2012-05-25 15:00:00,337.53152
2012-05-25 16:00:00,413.59427
2012-05-25 17:00:00,298.2513
2012-05-25 18:00:00,337.53152
2012-05-25 19:00:00,292.12296
2012-05-25 20:00:00,286.1157
2012-05-25 21:00:00,225.34543
2012-05-25 22:00:00,239.45764
2012-05-25 23:00:00,133.6936
2012-05-26 00:00:00,96.38165
2012-05-26 01:00:00,112.47336
2012-05-26 02:00:00,107.58922
2012-05-26 03:00:00,61.033325
2012-05-26 04:00:00,97.98031
2012-05-26 05:00:00,174.53313
2012-05-26 06:00:00,94.57512
2012-05-26 07:00:00,98.91597
2012-05-26 08:00:00,108.33797
2012-05-26 09:00:00,73.8945
2012-05-26 10:00:00,148.6846
2012-05-26 11:00:00,159.13638
2012-05-26 12:00:00,264.08658
2012-05-26 13:00:00,253.96118
2012-05-26 14:00:00,289.04245
2012-05-26 15:00:00,440.77908
2012-05-26 16:00:00,451.03464
2012-05-26 17:00:00,369.21768
2012-05-26 18:00:00,264.9821
2012-05-26 19:00:00,293.5975
2012-05-26 20:00:00,262.5142
2012-05-26 21:00:00,274.04092
2012-05-26 22:00:00,235.2868
2012-05-26 23:00:00,235.2868
2012-05-27 00:00:00,244.88474
2012-05-27 01:00:00,188.47667
2012-05-27 02:00:00,186.92358
2012-05-27 03:00:00,126.82722
2012-05-27 04:00:00,74.917595
2012-05-27 05:00:00,74.917595
2012-05-27 06:00:00,92.17158
2012-05-27 07:00:00,94.23333
2012-05-27 08:00:00,73.8945
2012-05-27 09:00:00,98.592834
2012-05-27 10:00:00,226.30133
2012-05-27 11:00:00,252.92493
2012-05-27 12:00:00,311.15326
2012-05-27 13:00:00,387.6091
2012-05-27 14:00:00,459.92838
2012-05-27 15:00:00,493.27368
2012-05-27 16:00:00,493.27368
2012-05-27 17:00:00,524.13074
2012-05-27 18:00:00,445.62018
2012-05-27 19:00:00,387.6091
2012-05-27 20:00:00,403.7573
2012-05-27 21:00:00,240.79752
2012-05-27 22:00:00,110.53188
2012-05-27 23:00:00,127.18927
2012-05-28 00:00:00,99.64928
2012-05-28 01:00:00,327.29227
2012-05-28 02:00:00,101.1059
2012-05-28 03:00:00,133.11147
2012-05-28 04:00:00,289.9293
2012-05-28 05:00:00,289.9293
2012-05-28 06:00:00,133.11147
2012-05-28 07:00:00,207.48856
2012-05-28 08:00:00,109.08427
2012-05-28 09:00:00,0.0
2012-05-28 10:00:00,0.0
2012-05-28 11:00:00,496.52103
2012-05-28 12:00:00,434.74402
2012-05-28 13:00:00,370.8242
2012-05-28 14:00:00,370.8242
2012-05-28 15:00:00,402.98755
2012-05-28 16:00:00,305.5253
2012-05-28 17:00:00,402.98755
2012-05-28 18:00:00,309.6121
2012-05-28 19:00:00,327.15576
2012-05-28 20:00:00,319.89572
2012-05-28 21:00:00,353.09076
2012-05-28 22:00:00,397.52386
2012-05-28 23:00:00,264.59735
2012-05-29 00:00:00,189.90442
2012-05-29 01:00:00,189.90442
2012-05-29 02:00:00,123.81774
2012-05-29 03:00:00,404.75116
2012-05-29 04:00:00,133.6936
2012-05-29 05:00:00,133.6936
2012-05-29 06:00:00,133.6936
2012-05-29 07:00:00,133.6936
2012-05-29 08:00:00,229.73569
2012-05-29 09:00:00,295.34818
2012-05-29 10:00:00,332.17862
2012-05-29 11:00:00,306.4253
2012-05-29 12:00:00,412.04245
2012-05-29 13:00:00,418.6412
2012-05-29 14:00:00,365.0795
2012-05-29 15:00:00,411.7041
2012-05-29 16:00:00,371.69513
2012-05-29 17:00:00,353.0986
2012-05-29 18:00:00,454.72775
2012-05-29 19:00:00,360.3793
2012-05-29 20:00:00,88.538345
2012-05-29 21:00:00,80.72098
2012-05-29 22:00:00,303.49945
2012-05-29 23:00:00,92.43367
2012-05-30 00:00:00,115.1304
2012-05-30 01:00:00,141.68793
2012-05-30 02:00:00,222.662
2012-05-30 03:00:00,89.54278
2012-05-30 04:00:00,268.91312
2012-05-30 05:00:00,170.22125
2012-05-30 06:00:00,167.53552
2012-05-30 07:00:00,164.7649
2012-05-30 08:00:00,157.42949
2012-05-30 09:00:00,151.87788
2012-05-30 10:00:00,253.53993
2012-05-30 11:00:00,280.21896
2012-05-30 12:00:00,215.35971
2012-05-30 13:00:00,176.26825
2012-05-30 14:00:00,453.4998
2012-05-30 15:00:00,383.1307
2012-05-30 16:00:00,366.2043
2012-05-30 17:00:00,404.9606
2012-05-30 18:00:00,426.68073
2012-05-30 19:00:00,332.2337
2012-05-30 20:00:00,124.8293
2012-05-30 21:00:00,215.46664
2012-05-30 22:00:00,258.1192
2012-05-30 23:00:00,340.95737
2012-05-31 00:00:00,276.50266
2012-05-31 01:00:00,217.74365
2012-05-31 02:00:00,267.52704
2012-05-31 03:00:00,207.8167
2012-05-31 04:00:00,177.71173
2012-05-31 05:00:00,303.2188
2012-05-31 06:00:00,293.02652
2012-05-31 07:00:00,198.2298
2012-05-31 08:00:00,200.35272
2012-05-31 09:00:00,298.23282
2012-05-31 10:00:00,420.81512
2012-05-31 11:00:00,470.02496
2012-05-31 12:00:00,433.6727
2012-05-31 13:00:00,421.45334
2012-05-31 14:00:00,334.89722
2012-05-31 15:00:00,397.36826
2012-05-31 16:00:00,391.18622
2012-05-31 17:00:00,312.49765
2012-05-31 18:00:00,371.50018
2012-05-31 19:00:00,439.15515
2012-05-31 20:00:00,382.598
2012-05-31 21:00:00,382.598
2012-05-31 22:00:00,283.2064
2012-05-31 23:00:00,236.88588
2012-06-20 00:00:00,189.90442
2012-06-20 01:00:00,168.33961
2012-06-20 02:00:00,101.46883
2012-06-20 03:00:00,122.0591
2012-06-20 04:00:00,259.91125
2012-06-20 05:00:00,259.91125
2012-06-20 06:00:00,296.4289
2012-06-20 07:00:00,269.33127
2012-06-20 08:00:00,159.11903
2012-06-20 09:00:00,178.19339
2012-06-20 10:00:00,413.31516
2012-06-20 11:00:00,266.08875
2012-06-20 12:00:00,166.96854
2012-06-20 13:00:00,216.00555
2012-06-20 14:00:00,200.94736
2012-06-20 15:00:00,341.5791
2012-06-20 16:00:00,272.72757
2012-06-20 17:00:00,331.1625
2012-06-20 18:00:00,331.16238
2012-06-20 19:00:00,259.27753
2012-06-20 20:00:00,234.94629
2012-06-20 21:00:00,235.73929
2012-06-20 22:00:00,325.76566
2012-06-20 23:00:00,293.38318
2012-06-21 00:00:00,291.52325
2012-06-21 01:00:00,234.91571
2012-06-21 02:00:00,136.00514
2012-06-21 03:00:00,101.8818
2012-06-21 04:00:00,69.03267
2012-06-21 05:00:00,62.67129
2012-06-21 06:00:00,195.39157
2012-06-21 07:00:00,195.39157
2012-06-21 08:00:00,115.696
2012-06-21 09:00:00,429.6719
2012-06-21 10:00:00,222.24542
2012-06-21 11:00:00,293.1555
2012-06-21 12:00:00,342.6456
2012-06-21 13:00:00,191.56108
2012-06-21 14:00:00,257.67203
2012-06-21 15:00:00,275.8618
2012-06-21 16:00:00,262.92374
2012-06-21 17:00:00,183.56015
2012-06-21 18:00:00,259.48483
2012-06-21 19:00:00,244.5545
2012-06-21 20:00:00,211.08673
2012-06-21 21:00:00,329.61212
2012-06-21 22:00:00,457.7008
2012-06-21 23:00:00,139.21051
2012-06-22 00:00:00,326.3549
2012-06-22 01:00:00,145.25862
2012-06-22 02:00:00,87.71199
2012-06-22 03:00:00,87.71199
2012-06-22 04:00:00,185.83745
2012-06-22 05:00:00,320.86377
2012-06-22 06:00:00,194.64996
2012-06-22 07:00:00,393.1972
2012-06-22 08:00:00,337.23215
2012-06-22 09:00:00,417.48282
2012-06-22 10:00:00,328.6899
2012-06-22 11:00:00,342.0945
2012-06-22 12:00:00,205.85698
2012-06-22 13:00:00,244.5545
2012-06-22 14:00:00,244.5545
2012-06-22 15:00:00,215.23586
2012-06-22 16:00:00,485.98178
2012-06-22 17:00:00,391.84894
2012-06-22 18:00:00,237.12427
2012-06-22 19:00:00,396.35654
2012-06-22 20:00:00,396.35654
2012-06-22 21:00:00,301.6158
2012-06-22 22:00:00,141.64893
2012-06-22 23:00:00,240.33795
2012-06-23 00:00:00,76.958115
2012-06-23 01:00:00,109.98821
2012-06-23 02:00:00,51.34934
2012-06-23 03:00:00,0.0
2012-06-23 04:00:00,87.83359
2012-06-23 05:00:00,51.34934
2012-06-23 06:00:00,65.812454
2012-06-23 07:00:00,25.092705
2012-06-23 08:00:00,166.48521
2012-06-23 09:00:00,206.64165
2012-06-23 10:00:00,276.03107
2012-06-23 11:00:00,463.79062
2012-06-23 12:00:00,470.39258
2012-06-23 13:00:00,428.91455
2012-06-23 14:00:00,419.55972
2012-06-23 15:00:00,423.24365
2012-06-23 16:00:00,589.6466
2012-06-23 17:00:00,573.08685
2012-06-23 18:00:00,586.32623
2012-06-23 19:00:00,585.17426
2012-06-23 20:00:00,530.81116
2012-06-23 21:00:00,536.0404
2012-06-23 22:00:00,495.18008
2012-06-23 23:00:00,464.65225
2012-06-24 00:00:00,248.97334
2012-06-24 01:00:00,152.99107
2012-06-24 02:00:00,303.06818
2012-06-24 03:00:00,202.80557
2012-06-24 04:00:00,509.4207
2012-06-24 05:00:00,95.493225
2012-06-24 06:00:00,137.16902
2012-06-24 07:00:00,153.86737
2012-06-24 08:00:00,120.17549
2012-06-24 09:00:00,271.44574
2012-06-24 10:00:00,528.12067
2012-06-24 11:00:00,498.8514
2012-06-24 12:00:00,459.77625
2012-06-24 13:00:00,383.55756
2012-06-24 14:00:00,414.54715
2012-06-24 15:00:00,559.42816
2012-06-24 16:00:00,403.38245
2012-06-24 17:00:00,398.6436
2012-06-24 18:00:00,425.73993
2012-06-24 19:00:00,431.97903
2012-06-24 20:00:00,448.8566
2012-06-24 21:00:00,375.19193
2012-06-24 22:00:00,175.74196
2012-06-24 23:00:00,183.83537
2012-06-25 00:00:00,326.77664
2012-06-25 01:00:00,295.385
2012-06-25 02:00:00,294.03433
2012-06-25 03:00:00,290.98212
2012-06-25 04:00:00,165.54567
2012-06-25 05:00:00,98.193726
2012-06-25 06:00:00,171.92792
2012-06-25 07:00:00,138.52115
2012-06-25 08:00:00,222.82343
2012-06-25 09:00:00,305.80673
2012-06-25 10:00:00,400.28897
2012-06-25 11:00:00,257.14368
2012-06-25 12:00:00,404.63373
2012-06-25 13:00:00,396.9823
2012-06-25 14:00:00,323.31046
2012-06-25 15:00:00,295.06448
2012-06-25 16:00:00,206.41261
2012-06-25 17:00:00,543.1365
2012-06-25 18:00:00,265.68732
2012-06-25 19:00:00,231.30072
2012-06-25 20:00:00,361.6296
2012-06-25 21:00:00,284.5424
2012-06-25 22:00:00,409.47107
2012-06-25 23:00:00,439.0494
2012-06-26 00:00:00,468.6667
2012-06-26 01:00:00,453.61963
2012-06-26 02:00:00,247.16829
2012-06-26 03:00:00,192.01431
2012-06-26 04:00:00,194.83752
2012-06-26 05:00:00,217.55048
2012-06-26 06:00:00,123.66516
2012-06-26 07:00:00,145.17805
2012-06-26 08:00:00,175.22083
2012-06-26 09:00:00,369.10117
2012-06-26 10:00:00,332.32373
2012-06-26 11:00:00,460.26108
2012-06-26 12:00:00,541.0213
2012-06-26 13:00:00,422.8862
2012-06-26 14:00:00,422.8862
2012-06-26 15:00:00,192.11127
2012-06-26 16:00:00,277.47263
2012-06-26 17:00:00,335.28558
2012-06-26 18:00:00,363.61005
2012-06-26 19:00:00,462.5189
2012-06-26 20:00:00,221.35854
2012-06-26 21:00:00,429.1286
2012-06-26 22:00:00,393.15585
2012-06-26 23:00:00,220.48576
2012-06-27 00:00:00,426.3566
2012-06-27 01:00:00,292.15384
2012-06-27 02:00:00,235.07869
2012-06-27 03:00:00,139.94151
2012-06-27 04:00:00,427.47556
2012-06-27 05:00:00,347.1993
2012-06-27 06:00:00,225.65688
2012-06-27 07:00:00,311.36493
2012-06-27 08:00:00,305.16147
2012-06-27 09:00:00,372.83438
2012-06-27 10:00:00,387.08826
2012-06-27 11:00:00,198.46347
2012-06-27 12:00:00,311.81082
2012-06-27 13:00:00,432.7654
2012-06-27 14:00:00,364.51834
2012-06-27 15:00:00,386.23337
2012-06-27 16:00:00,508.53574
2012-06-27 17:00:00,364.85727
2012-06-27 18:00:00,432.7654
2012-06-27 19:00:00,311.76303
2012-06-27 20:00:00,313.79916
2012-06-27 21:00:00,389.74338
2012-06-27 22:00:00,396.37128
2012-06-27 23:00:00,256.1949
2012-06-28 00:00:00,169.17569
2012-06-28 01:00:00,70.9099
2012-06-28 02:00:00,176.05351
2012-06-28 03:00:00,176.05351
2012-06-28 04:00:00,303.6677
2012-06-28 05:00:00,229.91992
2012-06-28 06:00:00,229.91992
2012-06-28 07:00:00,303.6677
2012-06-28 08:00:00,239.4893
2012-06-28 09:00:00,333.31912
2012-06-28 10:00:00,446.95105
2012-06-28 11:00:00,366.98264
2012-06-28 12:00:00,488.30695
2012-06-28 13:00:00,275.58575
2012-06-28 14:00:00,432.58945
2012-06-28 15:00:00,432.58945
2012-06-28 16:00:00,320.54572
2012-06-28 17:00:00,330.45767
2012-06-28 18:00:00,279.1392
2012-06-28 19:00:00,362.60873
2012-06-28 20:00:00,244.93327
2012-06-28 21:00:00,429.4086
2012-06-28 22:00:00,356.97913
2012-06-28 23:00:00,285.7706
2012-06-29 00:00:00,285.7706
2012-06-29 01:00:00,357.75134
2012-06-29 02:00:00,337.50897
2012-06-29 03:00:00,337.50897
2012-06-29 04:00:00,290.5941
2012-06-29 05:00:00,196.3451
2012-06-29 06:00:00,279.00723
2012-06-29 07:00:00,196.3451
2012-06-29 08:00:00,231.27936
2012-06-29 09:00:00,400.28897
2012-06-29 10:00:00,245.06393
2012-06-29 11:00:00,477.03604
2012-06-29 12:00:00,367.34586
2012-06-29 13:00:00,262.6486
2012-06-29 14:00:00,427.9866
2012-06-29 15:00:00,182.72884
2012-06-29 16:00:00,182.72884
2012-06-29 17:00:00,346.4767
2012-06-29 18:00:00,255.81923
2012-06-29 19:00:00,162.54929
2012-06-29 20:00:00,259.7223
2012-06-29 21:00:00,255.64871
2012-06-29 22:00:00,241.38004
2012-06-29 23:00:00,241.38004
2012-06-30 00:00:00,116.93744
2012-06-30 01:00:00,129.62181
2012-06-30 02:00:00,29.336147
2012-06-30 03:00:00,29.336147
2012-06-30 04:00:00,30.941185
2012-06-30 05:00:00,95.5749
2012-06-30 06:00:00,95.5749
2012-06-30 07:00:00,95.5749
2012-06-30 08:00:00,95.5749
2012-06-30 09:00:00,95.5749
2012-06-30 10:00:00,462.86862
2012-06-30 11:00:00,462.86862
2012-06-30 12:00:00,462.86862
2012-06-30 13:00:00,462.86862
2012-06-30 14:00:00,462.86862
2012-06-30 15:00:00,462.86862
2012-06-30 16:00:00,352.28433
2012-06-30 17:00:00,383.71982
2012-06-30 18:00:00,207.57047
2012-06-30 19:00:00,447.59665
2012-06-30 20:00:00,320.4412
2012-06-30 21:00:00,320.4412
2012-06-30 22:00:00,214.73158
2012-06-30 23:00:00,145.1706
2012-07-20 00:00:00,122.72176
2012-07-20 01:00:00,103.76468
2012-07-20 02:00:00,169.3984
2012-07-20 03:00:00,162.2645
2012-07-20 04:00:00,109.48977
2012-07-20 05:00:00,111.17904
2012-07-20 06:00:00,109.48977
2012-07-20 07:00:00,89.24455
2012-07-20 08:00:00,287.2643
2012-07-20 09:00:00,141.69768
2012-07-20 10:00:00,291.13962
2012-07-20 11:00:00,225.34937
2012-07-20 12:00:00,88.29636
2012-07-20 13:00:00,74.23013
2012-07-20 14:00:00,87.14027
2012-07-20 15:00:00,305.84232
2012-07-20 16:00:00,309.455
2012-07-20 17:00:00,138.55461
2012-07-20 18:00:00,234.3977
2012-07-20 19:00:00,207.84079
2012-07-20 20:00:00,122.1279
2012-07-20 21:00:00,105.70609
2012-07-20 22:00:00,202.78922
2012-07-20 23:00:00,232.63562
2012-07-21 00:00:00,148.36691
2012-07-21 01:00:00,128.41939
2012-07-21 02:00:00,98.917694
2012-07-21 03:00:00,121.598045
2012-07-21 04:00:00,125.163704
2012-07-21 05:00:00,144.78564
2012-07-21 06:00:00,144.78564
2012-07-21 07:00:00,154.5682
2012-07-21 08:00:00,148.77826
2012-07-21 09:00:00,62.65993
2012-07-21 10:00:00,144.78564
2012-07-21 11:00:00,140.67624
2012-07-21 12:00:00,147.14218
2012-07-21 13:00:00,114.06401
2012-07-21 14:00:00,148.19861
2012-07-21 15:00:00,121.598045
2012-07-21 16:00:00,117.62226
2012-07-21 17:00:00,98.29698
2012-07-21 18:00:00,95.15954
2012-07-21 19:00:00,112.07861
2012-07-21 20:00:00,98.29698
2012-07-21 21:00:00,112.07863
2012-07-21 22:00:00,8.7241125
2012-07-21 23:00:00,8.580329
2012-07-22 00:00:00,8.7241125
2012-07-22 01:00:00,112.07863
2012-07-22 02:00:00,8.7241125
2012-07-22 03:00:00,8.7241125
2012-07-22 04:00:00,74.377106
2012-07-22 05:00:00,74.377106
2012-07-22 06:00:00,4.1368246
2012-07-22 07:00:00,134.56456
2012-07-22 08:00:00,174.19272
2012-07-22 09:00:00,188.3796
2012-07-22 10:00:00,201.43565
2012-07-22 11:00:00,201.43565
2012-07-22 12:00:00,258.74683
2012-07-22 13:00:00,198.81274
2012-07-22 14:00:00,166.6647
2012-07-22 15:00:00,166.6647
2012-07-22 16:00:00,168.0443
2012-07-22 17:00:00,222.77829
2012-07-22 18:00:00,212.43494
2012-07-22 19:00:00,174.95476
2012-07-22 20:00:00,107.71307
2012-07-22 21:00:00,106.80166
2012-07-22 22:00:00,126.063736
2012-07-22 23:00:00,106.70678
2012-07-23 00:00:00,77.3143
2012-07-23 01:00:00,60.411987
2012-07-23 02:00:00,141.92355
2012-07-23 03:00:00,141.92355
2012-07-23 04:00:00,118.05661
2012-07-23 05:00:00,118.05661
2012-07-23 06:00:00,229.31293
2012-07-23 07:00:00,75.85118
2012-07-23 08:00:00,136.00514
2012-07-23 09:00:00,320.1142
2012-07-23 10:00:00,368.74545
2012-07-23 11:00:00,228.11029
2012-07-23 12:00:00,228.11029
2012-07-23 13:00:00,186.95282
2012-07-23 14:00:00,237.38675
2012-07-23 15:00:00,429.6719
2012-07-23 16:00:00,261.17978
2012-07-23 17:00:00,261.17978
2012-07-23 18:00:00,243.05684
2012-07-23 19:00:00,384.81003
2012-07-23 20:00:00,411.4047
2012-07-23 21:00:00,385.1768
2012-07-23 22:00:00,355.3362
2012-07-23 23:00:00,302.78702
2012-07-24 00:00:00,109.75735
2012-07-24 01:00:00,119.11443
2012-07-24 02:00:00,123.28782
2012-07-24 03:00:00,123.28782
2012-07-24 04:00:00,110.05326
2012-07-24 05:00:00,79.57138
2012-07-24 06:00:00,65.63423
2012-07-24 07:00:00,129.88135
2012-07-24 08:00:00,263.3289
2012-07-24 09:00:00,148.49835
2012-07-24 10:00:00,399.26016
2012-07-24 11:00:00,470.40927
2012-07-24 12:00:00,274.1522
2012-07-24 13:00:00,484.95294
2012-07-24 14:00:00,307.37857
2012-07-24 15:00:00,347.70004
2012-07-24 16:00:00,425.477
2012-07-24 17:00:00,382.61417
2012-07-24 18:00:00,369.73343
2012-07-24 19:00:00,411.4047
2012-07-24 20:00:00,333.18628
2012-07-24 21:00:00,348.21085
2012-07-24 22:00:00,340.78104
2012-07-24 23:00:00,335.6089
2012-07-25 00:00:00,340.07523
2012-07-25 01:00:00,311.2029
2012-07-25 02:00:00,271.0601
2012-07-25 03:00:00,271.06613
2012-07-25 04:00:00,258.89093
2012-07-25 05:00:00,251.29935
2012-07-25 06:00:00,269.3127
2012-07-25 07:00:00,269.5248
2012-07-25 08:00:00,472.27646
2012-07-25 09:00:00,329.24277
2012-07-25 10:00:00,340.93777
2012-07-25 11:00:00,192.43042
2012-07-25 12:00:00,192.43042
2012-07-25 13:00:00,383.2586
2012-07-25 14:00:00,277.4184
2012-07-25 15:00:00,293.99857
2012-07-25 16:00:00,396.75592
2012-07-25 17:00:00,209.05403
2012-07-25 18:00:00,255.6238
2012-07-25 19:00:00,290.91348
2012-07-25 20:00:00,369.71292
2012-07-25 21:00:00,283.67294
2012-07-25 22:00:00,356.84183
2012-07-25 23:00:00,241.70068
2012-07-26 00:00:00,281.48782
2012-07-26 01:00:00,271.06613
2012-07-26 02:00:00,276.2122
2012-07-26 03:00:00,281.96115
2012-07-26 04:00:00,114.92029
2012-07-26 05:00:00,114.92029
2012-07-26 06:00:00,165.54567
2012-07-26 07:00:00,279.28763
2012-07-26 08:00:00,265.4255
2012-07-26 09:00:00,312.45908
2012-07-26 10:00:00,334.36682
2012-07-26 11:00:00,432.4082
2012-07-26 12:00:00,315.40952
2012-07-26 13:00:00,325.71884
2012-07-26 14:00:00,214.1199
2012-07-26 15:00:00,272.21616
2012-07-26 16:00:00,239.58179
2012-07-26 17:00:00,270.21887
2012-07-26 18:00:00,245.0007
2012-07-26 19:00:00,271.65128
2012-07-26 20:00:00,251.58595
2012-07-26 21:00:00,494.61575
2012-07-26 22:00:00,494.61575
2012-07-26 23:00:00,147.18585
2012-07-27 00:00:00,110.0567
2012-07-27 01:00:00,128.72704
2012-07-27 02:00:00,170.83896
2012-07-27 03:00:00,129.8813
2012-07-27 04:00:00,62.34714
2012-07-27 05:00:00,45.46211
2012-07-27 06:00:00,62.34714
2012-07-27 07:00:00,249.9949
2012-07-27 08:00:00,134.6046
2012-07-27 09:00:00,348.20267
2012-07-27 10:00:00,206.96661
2012-07-27 11:00:00,282.7341
2012-07-27 12:00:00,292.38437
2012-07-27 13:00:00,291.89572
2012-07-27 14:00:00,292.71164
2012-07-27 15:00:00,246.49397
2012-07-27 16:00:00,231.38177
2012-07-27 17:00:00,246.90543
2012-07-27 18:00:00,199.48389
2012-07-27 19:00:00,329.61212
2012-07-27 20:00:00,215.50821
2012-07-27 21:00:00,215.50821
2012-07-27 22:00:00,390.67416
2012-07-27 23:00:00,140.05884
2012-07-28 00:00:00,226.67255
2012-07-28 01:00:00,163.1848
2012-07-28 02:00:00,307.4153
2012-07-28 03:00:00,307.4153
2012-07-28 04:00:00,107.44085
2012-07-28 05:00:00,106.70678
2012-07-28 06:00:00,151.6359
2012-07-28 07:00:00,151.384
2012-07-28 08:00:00,212.43494
2012-07-28 09:00:00,161.06754
2012-07-28 10:00:00,425.96518
2012-07-28 11:00:00,467.125
2012-07-28 12:00:00,501.55115
2012-07-28 13:00:00,403.51514
2012-07-28 14:00:00,393.02795
2012-07-28 15:00:00,369.238
2012-07-28 16:00:00,384.92484
2012-07-28 17:00:00,415.2179
2012-07-28 18:00:00,428.684
2012-07-28 19:00:00,91.70529
2012-07-28 20:00:00,111.254196
2012-07-28 21:00:00,93.15829
2012-07-28 22:00:00,93.15829
2012-07-28 23:00:00,86.72316
2012-07-29 00:00:00,69.62852
2012-07-29 01:00:00,87.23915
2012-07-29 02:00:00,107.72687
2012-07-29 03:00:00,163.01367
2012-07-29 04:00:00,127.47115
2012-07-29 05:00:00,87.67644
2012-07-29 06:00:00,74.07768
2012-07-29 07:00:00,198.18616
2012-07-29 08:00:00,211.36438
2012-07-29 09:00:00,275.85928
2012-07-29 10:00:00,122.32618
2012-07-29 11:00:00,375.19193
2012-07-29 12:00:00,404.24347
2012-07-29 13:00:00,466.87943
2012-07-29 14:00:00,412.8591
2012-07-29 15:00:00,361.03748
2012-07-29 16:00:00,361.03748
2012-07-29 17:00:00,448.50998
2012-07-29 18:00:00,462.67648
2012-07-29 19:00:00,268.30234
2012-07-29 20:00:00,168.0443
2012-07-29 21:00:00,151.384
2012-07-29 22:00:00,151.6359
2012-07-29 23:00:00,245.81671
2012-07-30 00:00:00,125.935356
2012-07-30 01:00:00,84.39377
2012-07-30 02:00:00,66.976204
2012-07-30 03:00:00,0.0
2012-07-30 04:00:00,0.0
2012-07-30 05:00:00,79.57138
2012-07-30 06:00:00,123.28782
2012-07-30 07:00:00,57.019913
2012-07-30 08:00:00,283.5015
2012-07-30 09:00:00,223.0835
2012-07-30 10:00:00,233.2026
2012-07-30 11:00:00,232.6449
2012-07-30 12:00:00,227.9444
2012-07-30 13:00:00,342.0945
2012-07-30 14:00:00,337.78488
2012-07-30 15:00:00,365.37552
2012-07-30 16:00:00,400.37946
2012-07-30 17:00:00,383.65518
2012-07-30 18:00:00,323.28802
2012-07-30 19:00:00,331.47867
2012-07-30 20:00:00,316.39624
2012-07-30 21:00:00,249.9949
2012-07-30 22:00:00,275.52396
2012-07-30 23:00:00,153.95316
2012-07-31 00:00:00,118.948616
2012-07-31 01:00:00,65.63423
2012-07-31 02:00:00,65.63424
2012-07-31 03:00:00,110.0531
2012-07-31 04:00:00,110.05326
2012-07-31 05:00:00,123.28782
2012-07-31 06:00:00,75.222595
2012-07-31 07:00:00,125.54694
2012-07-31 08:00:00,170.83894
2012-07-31 09:00:00,128.72704
2012-07-31 10:00:00,122.355034
2012-07-31 11:00:00,332.1926
2012-07-31 12:00:00,222.74866
2012-07-31 13:00:00,405.99817
2012-07-31 14:00:00,405.99817
2012-07-31 15:00:00,411.03995
2012-07-31 16:00:00,417.48282
2012-07-31 17:00:00,414.4531
2012-07-31 18:00:00,444.59225
2012-07-31 19:00:00,266.72983
2012-07-31 20:00:00,180.81238
2012-07-31 21:00:00,102.463165
2012-07-31 22:00:00,202.51741
2012-07-31 23:00:00,359.33817
2012-08-20 00:00:00,130.0394
2012-08-20 01:00:00,79.67576
2012-08-20 02:00:00,79.67576
2012-08-20 03:00:00,98.859535
2012-08-20 04:00:00,162.52524
2012-08-20 05:00:00,95.51382
2012-08-20 06:00:00,178.21126
2012-08-20 07:00:00,159.69978
2012-08-20 08:00:00,114.36409
2012-08-20 09:00:00,230.4552
2012-08-20 10:00:00,172.22188
2012-08-20 11:00:00,128.10933
2012-08-20 12:00:00,270.37985
2012-08-20 13:00:00,356.84183
2012-08-20 14:00:00,352.23752
2012-08-20 15:00:00,395.31573
2012-08-20 16:00:00,395.31573
2012-08-20 17:00:00,309.36227
2012-08-20 18:00:00,280.2418
2012-08-20 19:00:00,167.50793
2012-08-20 20:00:00,232.63562
2012-08-20 21:00:00,0.0
2012-08-20 22:00:00,95.51382
2012-08-20 23:00:00,95.51382
2012-08-21 00:00:00,162.52524
2012-08-21 01:00:00,82.08626
2012-08-21 02:00:00,270.57724
2012-08-21 03:00:00,0.0
2012-08-21 04:00:00,0.0
2012-08-21 05:00:00,96.57355
2012-08-21 06:00:00,109.66223
2012-08-21 07:00:00,211.86118
2012-08-21 08:00:00,47.28955
2012-08-21 09:00:00,73.13106
2012-08-21 10:00:00,213.06506
2012-08-21 11:00:00,177.32863
2012-08-21 12:00:00,212.0098
2012-08-21 13:00:00,351.66727
2012-08-21 14:00:00,447.39392
2012-08-21 15:00:00,334.02023
2012-08-21 16:00:00,334.02023
2012-08-21 17:00:00,443.94934
2012-08-21 18:00:00,386.86673
2012-08-21 19:00:00,78.45477
2012-08-21 20:00:00,58.971535
2012-08-21 21:00:00,58.971535
2012-08-21 22:00:00,0.0
2012-08-21 23:00:00,0.0
2012-08-22 00:00:00,180.35297
2012-08-22 01:00:00,0.0
2012-08-22 02:00:00,0.0
2012-08-22 03:00:00,0.0
2012-08-22 04:00:00,147.11005
2012-08-22 05:00:00,0.0
2012-08-22 06:00:00,53.521336
2012-08-22 07:00:00,0.0
2012-08-22 08:00:00,77.20384
2012-08-22 09:00:00,106.12837
2012-08-22 10:00:00,153.25345
2012-08-22 11:00:00,187.42715
2012-08-22 12:00:00,119.90492
2012-08-22 13:00:00,219.03745
2012-08-22 14:00:00,240.09164
2012-08-22 15:00:00,304.15543
2012-08-22 16:00:00,287.3519
2012-08-22 17:00:00,287.3519
2012-08-22 18:00:00,247.6399
2012-08-22 19:00:00,240.33795
2012-08-22 20:00:00,110.670715
2012-08-22 21:00:00,58.971535
2012-08-22 22:00:00,58.971535
2012-08-22 23:00:00,12.009723
2012-08-23 00:00:00,0.0
2012-08-23 01:00:00,0.0
2012-08-23 02:00:00,0.0
2012-08-23 03:00:00,226.03311
2012-08-23 04:00:00,0.0
2012-08-23 05:00:00,0.0
2012-08-23 06:00:00,108.376656
2012-08-23 07:00:00,177.48584
2012-08-23 08:00:00,192.01881
2012-08-23 09:00:00,225.24696
2012-08-23 10:00:00,198.91537
2012-08-23 11:00:00,216.97464
2012-08-23 12:00:00,372.4696
2012-08-23 13:00:00,369.0276
2012-08-23 14:00:00,348.58688
2012-08-23 15:00:00,323.21463
2012-08-23 16:00:00,376.5936
2012-08-23 17:00:00,377.6268
2012-08-23 18:00:00,452.71857
2012-08-23 19:00:00,200.91031
2012-08-23 20:00:00,196.3451
2012-08-23 21:00:00,353.0985
2012-08-23 22:00:00,257.66937
2012-08-23 23:00:00,227.82034
2012-08-24 00:00:00,227.82034
2012-08-24 01:00:00,240.46918
2012-08-24 02:00:00,81.2126
2012-08-24 03:00:00,58.971535
2012-08-24 04:00:00,240.46918
2012-08-24 05:00:00,0.0
2012-08-24 06:00:00,124.469696
2012-08-24 07:00:00,124.197495
2012-08-24 08:00:00,240.33795
2012-08-24 09:00:00,374.2216
2012-08-24 10:00:00,209.78558
2012-08-24 11:00:00,209.46954
2012-08-24 12:00:00,209.49475
2012-08-24 13:00:00,275.53946
2012-08-24 14:00:00,297.9017
2012-08-24 15:00:00,218.03131
2012-08-24 16:00:00,218.03131
2012-08-24 17:00:00,294.4636
2012-08-24 18:00:00,248.49213
2012-08-24 19:00:00,262.91995
2012-08-24 20:00:00,248.53928
2012-08-24 21:00:00,279.00723
2012-08-24 22:00:00,175.7537
2012-08-24 23:00:00,143.17813
2012-08-25 00:00:00,351.90842
2012-08-25 01:00:00,302.41312
2012-08-25 02:00:00,220.89229
2012-08-25 03:00:00,172.0112
2012-08-25 04:00:00,218.94382
2012-08-25 05:00:00,88.25466
2012-08-25 06:00:00,88.12988
2012-08-25 07:00:00,119.35478
2012-08-25 08:00:00,207.95872
2012-08-25 09:00:00,159.24925
2012-08-25 10:00:00,214.24796
2012-08-25 11:00:00,273.782
2012-08-25 12:00:00,410.72253
2012-08-25 13:00:00,455.94882
2012-08-25 14:00:00,194.44919
2012-08-25 15:00:00,230.81349
2012-08-25 16:00:00,234.62822
2012-08-25 17:00:00,221.34193
2012-08-25 18:00:00,271.0559
2012-08-25 19:00:00,161.44226
2012-08-25 20:00:00,129.3941
2012-08-25 21:00:00,193.66563
2012-08-25 22:00:00,193.66563
2012-08-25 23:00:00,128.41939
2012-08-26 00:00:00,64.04269
2012-08-26 01:00:00,25.933624
2012-08-26 02:00:00,78.05169
2012-08-26 03:00:00,125.02096
2012-08-26 04:00:00,49.248627
2012-08-26 05:00:00,25.933624
2012-08-26 06:00:00,145.3115
2012-08-26 07:00:00,25.933624
2012-08-26 08:00:00,205.32907
2012-08-26 09:00:00,171.88913
2012-08-26 10:00:00,265.7422
2012-08-26 11:00:00,292.12216
2012-08-26 12:00:00,337.4899
2012-08-26 13:00:00,388.1293
2012-08-26 14:00:00,46.48194
2012-08-26 15:00:00,84.46321
2012-08-26 16:00:00,84.46321
2012-08-26 17:00:00,14.7826605
2012-08-26 18:00:00,0.0
2012-08-26 19:00:00,94.85956
2012-08-26 20:00:00,95.5749
2012-08-26 21:00:00,76.10617
2012-08-26 22:00:00,33.53192
2012-08-26 23:00:00,53.765186
2012-08-27 00:00:00,0.0
2012-08-27 01:00:00,92.41442
2012-08-27 02:00:00,98.70813
2012-08-27 03:00:00,92.414246
2012-08-27 04:00:00,0.0
2012-08-27 05:00:00,0.0
2012-08-27 06:00:00,0.0
2012-08-27 07:00:00,0.0
2012-08-27 08:00:00,110.05326
2012-08-27 09:00:00,79.57138
2012-08-27 10:00:00,122.57614
2012-08-27 11:00:00,353.4614
2012-08-27 12:00:00,164.81073
2012-08-27 13:00:00,402.41965
2012-08-27 14:00:00,212.43105
2012-08-27 15:00:00,425.477
2012-08-27 16:00:00,379.07993
2012-08-27 17:00:00,294.89917
2012-08-27 18:00:00,415.30902
2012-08-27 19:00:00,334.36682
2012-08-27 20:00:00,263.3289
2012-08-27 21:00:00,193.47534
2012-08-27 22:00:00,119.56556
2012-08-27 23:00:00,164.38077
2012-08-28 00:00:00,149.81679
2012-08-28 01:00:00,115.965546
2012-08-28 02:00:00,159.25998
2012-08-28 03:00:00,103.76468
2012-08-28 04:00:00,65.63423
2012-08-28 05:00:00,206.65038
2012-08-28 06:00:00,162.2645
2012-08-28 07:00:00,200.96652
2012-08-28 08:00:00,202.0776
2012-08-28 09:00:00,291.13962
2012-08-28 10:00:00,350.43375
2012-08-28 11:00:00,416.82547
2012-08-28 12:00:00,400.37946
2012-08-28 13:00:00,261.81448
2012-08-28 14:00:00,210.46121
2012-08-28 15:00:00,203.78928
2012-08-28 16:00:00,178.99881
2012-08-28 17:00:00,219.1767
2012-08-28 18:00:00,258.32257
2012-08-28 19:00:00,380.5937
2012-08-28 20:00:00,243.94229
2012-08-28 21:00:00,204.17258
2012-08-28 22:00:00,177.32863
2012-08-28 23:00:00,29.642273
2012-08-29 00:00:00,81.2126
2012-08-29 01:00:00,118.239334
2012-08-29 02:00:00,153.50548
2012-08-29 03:00:00,136.35764
2012-08-29 04:00:00,132.94708
2012-08-29 05:00:00,101.86516
2012-08-29 06:00:00,101.86516
2012-08-29 07:00:00,154.9209
2012-08-29 08:00:00,291.16354
2012-08-29 09:00:00,372.7858
2012-08-29 10:00:00,371.1986
2012-08-29 11:00:00,212.0098
2012-08-29 12:00:00,346.3025
2012-08-29 13:00:00,281.63516
2012-08-29 14:00:00,347.14526
2012-08-29 15:00:00,312.67715
2012-08-29 16:00:00,411.00967
2012-08-29 17:00:00,241.08891
2012-08-29 18:00:00,377.17
2012-08-29 19:00:00,346.5888
2012-08-29 20:00:00,29.642273
2012-08-29 21:00:00,228.14116
2012-08-29 22:00:00,70.9099
2012-08-29 23:00:00,31.712952
2012-08-30 00:00:00,73.13106
2012-08-30 01:00:00,94.76162
2012-08-30 02:00:00,53.521336
2012-08-30 03:00:00,53.521336
2012-08-30 04:00:00,53.521336
2012-08-30 05:00:00,53.521336
2012-08-30 06:00:00,79.67576
2012-08-30 07:00:00,58.971535
2012-08-30 08:00:00,99.41592
2012-08-30 09:00:00,66.40073
2012-08-30 10:00:00,145.1149
2012-08-30 11:00:00,347.14526
2012-08-30 12:00:00,310.6105
2012-08-30 13:00:00,219.03745
2012-08-30 14:00:00,304.15543
2012-08-30 15:00:00,306.80875
2012-08-30 16:00:00,279.4676
2012-08-30 17:00:00,245.1549
2012-08-30 18:00:00,357.95984
2012-08-30 19:00:00,304.15543
2012-08-30 20:00:00,393.1972
2012-08-30 21:00:00,268.3041
2012-08-30 22:00:00,92.96151
2012-08-30 23:00:00,164.98535
2012-08-31 00:00:00,157.34216
2012-08-31 01:00:00,157.34216
2012-08-31 02:00:00,103.76465
2012-08-31 03:00:00,90.35061
2012-08-31 04:00:00,105.069046
2012-08-31 05:00:00,75.222595
2012-08-31 06:00:00,67.820076
2012-08-31 07:00:00,152.08533
2012-08-31 08:00:00,244.94182
2012-08-31 09:00:00,115.696
2012-08-31 10:00:00,176.15755
2012-08-31 11:00:00,461.39395
2012-08-31 12:00:00,340.23
2012-08-31 13:00:00,489.4754
2012-08-31 14:00:00,293.80637
2012-08-31 15:00:00,386.82385
2012-08-31 16:00:00,294.30038
2012-08-31 17:00:00,350.38254
2012-08-31 18:00:00,229.70337
2012-08-31 19:00:00,274.8374
2012-08-31 20:00:00,274.8374
2012-08-31 21:00:00,421.78522
2012-08-31 22:00:00,421.78522
2012-08-31 23:00:00,206.84439
2012-09-20 00:00:00,33.679863
2012-09-20 01:00:00,0.0
2012-09-20 02:00:00,0.0
2012-09-20 03:00:00,2.903785
2012-09-20 04:00:00,0.0
2012-09-20 05:00:00,0.0
2012-09-20 06:00:00,2.903785
2012-09-20 07:00:00,0.0
2012-09-20 08:00:00,0.0
2012-09-20 09:00:00,374.03647
2012-09-20 10:00:00,247.76466
2012-09-20 11:00:00,124.69516
2012-09-20 12:00:00,217.73306
2012-09-20 13:00:00,239.63477
2012-09-20 14:00:00,357.73233
2012-09-20 15:00:00,382.6999
2012-09-20 16:00:00,305.9024
2012-09-20 17:00:00,314.2189
2012-09-20 18:00:00,158.06003
2012-09-20 19:00:00,179.59161
2012-09-20 20:00:00,362.95016
2012-09-20 21:00:00,201.02422
2012-09-20 22:00:00,44.803234
2012-09-20 23:00:00,96.55011
2012-09-21 00:00:00,56.902573
2012-09-21 01:00:00,18.654217
2012-09-21 02:00:00,18.654217
2012-09-21 03:00:00,11.6869
2012-09-21 04:00:00,15.41014
2012-09-21 05:00:00,12.403747
2012-09-21 06:00:00,11.6869
2012-09-21 07:00:00,19.362114
2012-09-21 08:00:00,261.4788
2012-09-21 09:00:00,253.4042
2012-09-21 10:00:00,222.37474
2012-09-21 11:00:00,255.58858
2012-09-21 12:00:00,301.29944
2012-09-21 13:00:00,333.31912
2012-09-21 14:00:00,324.6971
2012-09-21 15:00:00,350.2873
2012-09-21 16:00:00,346.58878
2012-09-21 17:00:00,265.4418
2012-09-21 18:00:00,247.78996
2012-09-21 19:00:00,229.74353
2012-09-21 20:00:00,173.52347
2012-09-21 21:00:00,207.84766
2012-09-21 22:00:00,101.86516
2012-09-21 23:00:00,155.93318
2012-09-22 00:00:00,202.02092
2012-09-22 01:00:00,158.57542
2012-09-22 02:00:00,68.091705
2012-09-22 03:00:00,141.76944
2012-09-22 04:00:00,141.76944
2012-09-22 05:00:00,187.47801
2012-09-22 06:00:00,157.39767
2012-09-22 07:00:00,105.34477
2012-09-22 08:00:00,203.39342
2012-09-22 09:00:00,194.81476
2012-09-22 10:00:00,219.87483
2012-09-22 11:00:00,330.25513
2012-09-22 12:00:00,369.5355
2012-09-22 13:00:00,357.68887
2012-09-22 14:00:00,414.66647
2012-09-22 15:00:00,334.20465
2012-09-22 16:00:00,381.31494
2012-09-22 17:00:00,381.31494
2012-09-22 18:00:00,362.0482
2012-09-22 19:00:00,210.48581
2012-09-22 20:00:00,404.33664
2012-09-22 21:00:00,346.77158
2012-09-22 22:00:00,200.32599
2012-09-22 23:00:00,418.8152
2012-09-23 00:00:00,614.735
2012-09-23 01:00:00,251.2074
2012-09-23 02:00:00,497.89954
2012-09-23 03:00:00,196.81856
2012-09-23 04:00:00,162.66493
2012-09-23 05:00:00,182.68752
2012-09-23 06:00:00,166.81294
2012-09-23 07:00:00,161.63167
2012-09-23 08:00:00,245.07298
2012-09-23 09:00:00,216.49146
2012-09-23 10:00:00,525.6164
2012-09-23 11:00:00,547.1662
2012-09-23 12:00:00,325.9705
2012-09-23 13:00:00,569.034
2012-09-23 14:00:00,598.6845
2012-09-23 15:00:00,630.7821
2012-09-23 16:00:00,311.21826
2012-09-23 17:00:00,389.38098
2012-09-23 18:00:00,280.1539
2012-09-23 19:00:00,360.2133
2012-09-23 20:00:00,360.2133
2012-09-23 21:00:00,104.40185
2012-09-23 22:00:00,564.92755
2012-09-23 23:00:00,195.4342
2012-09-24 00:00:00,156.43274
2012-09-24 01:00:00,284.76733
2012-09-24 02:00:00,327.01767
2012-09-24 03:00:00,186.51828
2012-09-24 04:00:00,186.24063
2012-09-24 05:00:00,142.22949
2012-09-24 06:00:00,196.77708
2012-09-24 07:00:00,284.76733
2012-09-24 08:00:00,286.65994
2012-09-24 09:00:00,230.92957
2012-09-24 10:00:00,227.25122
2012-09-24 11:00:00,335.09592
2012-09-24 12:00:00,352.0994
2012-09-24 13:00:00,263.8132
2012-09-24 14:00:00,551.98694
2012-09-24 15:00:00,497.92728
2012-09-24 16:00:00,323.73477
2012-09-24 17:00:00,550.1485
2012-09-24 18:00:00,324.66446
2012-09-24 19:00:00,256.5017
2012-09-24 20:00:00,277.72665
2012-09-24 21:00:00,248.43896
2012-09-24 22:00:00,188.51952
2012-09-24 23:00:00,309.21744
2012-09-25 00:00:00,207.47275
2012-09-25 01:00:00,217.92274
2012-09-25 02:00:00,122.08824
2012-09-25 03:00:00,181.3264
2012-09-25 04:00:00,236.95078
2012-09-25 05:00:00,170.29555
2012-09-25 06:00:00,525.2661
2012-09-25 07:00:00,226.29828
2012-09-25 08:00:00,214.36868
2012-09-25 09:00:00,247.91605
2012-09-25 10:00:00,221.88683
2012-09-25 11:00:00,384.59268
2012-09-25 12:00:00,405.39035
2012-09-25 13:00:00,453.22305
2012-09-25 14:00:00,316.35623
2012-09-25 15:00:00,282.4617
2012-09-25 16:00:00,319.7273
2012-09-25 17:00:00,338.33707
2012-09-25 18:00:00,399.87875
2012-09-25 19:00:00,409.96158
2012-09-25 20:00:00,271.53275
2012-09-25 21:00:00,271.53275
2012-09-25 22:00:00,293.4006
2012-09-25 23:00:00,240.31708
2012-09-26 00:00:00,202.66531
2012-09-26 01:00:00,189.15637
2012-09-26 02:00:00,167.03775
2012-09-26 03:00:00,167.03775
2012-09-26 04:00:00,252.52794
2012-09-26 05:00:00,355.48294
2012-09-26 06:00:00,389.4423
2012-09-26 07:00:00,211.5835
2012-09-26 08:00:00,193.42096
2012-09-26 09:00:00,459.52023
2012-09-26 10:00:00,212.57303
2012-09-26 11:00:00,344.92224
2012-09-26 12:00:00,447.34073
2012-09-26 13:00:00,472.99353
2012-09-26 14:00:00,394.3168
2012-09-26 15:00:00,370.97574
2012-09-26 16:00:00,316.40823
2012-09-26 17:00:00,370.97574
2012-09-26 18:00:00,426.6434
2012-09-26 19:00:00,384.25607
2012-09-26 20:00:00,522.6983
2012-09-26 21:00:00,505.47485
2012-09-26 22:00:00,213.54874
2012-09-26 23:00:00,298.65353
2012-09-27 00:00:00,245.8599
2012-09-27 01:00:00,245.8599
2012-09-27 02:00:00,245.85974
2012-09-27 03:00:00,44.506752
2012-09-27 04:00:00,0.0
2012-09-27 05:00:00,144.31873
2012-09-27 06:00:00,43.578598
2012-09-27 07:00:00,44.507088
2012-09-27 08:00:00,530.26825
2012-09-27 09:00:00,655.1683
2012-09-27 10:00:00,304.12836
2012-09-27 11:00:00,242.73492
2012-09-27 12:00:00,169.68842
2012-09-27 13:00:00,243.64981
2012-09-27 14:00:00,208.92783
2012-09-27 15:00:00,265.3528
2012-09-27 16:00:00,230.25272
2012-09-27 17:00:00,181.29382
2012-09-27 18:00:00,260.43494
2012-09-27 19:00:00,583.41583
2012-09-27 20:00:00,266.07382
2012-09-27 21:00:00,393.7192
2012-09-27 22:00:00,393.7192
2012-09-27 23:00:00,238.45065
2012-09-28 00:00:00,211.36165
2012-09-28 01:00:00,157.28864
2012-09-28 02:00:00,285.47214
2012-09-28 03:00:00,137.53366
2012-09-28 04:00:00,330.25153
2012-09-28 05:00:00,128.89317
2012-09-28 06:00:00,104.44695
2012-09-28 07:00:00,0.0
2012-09-28 08:00:00,289.49936
2012-09-28 09:00:00,325.40573
2012-09-28 10:00:00,218.1326
2012-09-28 11:00:00,413.1683
2012-09-28 12:00:00,265.7176
2012-09-28 13:00:00,309.43176
2012-09-28 14:00:00,265.7176
2012-09-28 15:00:00,225.25908
2012-09-28 16:00:00,351.00543
2012-09-28 17:00:00,207.53583
2012-09-28 18:00:00,377.84402
2012-09-28 19:00:00,223.90096
2012-09-28 20:00:00,324.18466
2012-09-28 21:00:00,315.11282
2012-09-28 22:00:00,331.26675
2012-09-28 23:00:00,387.46436
2012-09-29 00:00:00,222.8971
2012-09-29 01:00:00,222.8971
2012-09-29 02:00:00,280.43854
2012-09-29 03:00:00,135.83084
2012-09-29 04:00:00,226.20648
2012-09-29 05:00:00,182.79327
2012-09-29 06:00:00,208.03598
2012-09-29 07:00:00,260.6848
2012-09-29 08:00:00,270.8535
2012-09-29 09:00:00,182.79327
2012-09-29 10:00:00,415.06378
2012-09-29 11:00:00,505.03244
2012-09-29 12:00:00,722.6829
2012-09-29 13:00:00,722.6829
2012-09-29 14:00:00,583.27057
2012-09-29 15:00:00,634.4328
2012-09-29 16:00:00,626.4008
2012-09-29 17:00:00,489.8138
2012-09-29 18:00:00,444.20786
2012-09-29 19:00:00,289.4095
2012-09-29 20:00:00,262.53104
2012-09-29 21:00:00,304.76306
2012-09-29 22:00:00,332.5698
2012-09-29 23:00:00,345.20593
2012-09-30 00:00:00,84.054054
2012-09-30 01:00:00,84.054054
2012-09-30 02:00:00,110.47998
2012-09-30 03:00:00,380.99677
2012-09-30 04:00:00,380.99677
2012-09-30 05:00:00,193.53366
2012-09-30 06:00:00,209.72324
2012-09-30 07:00:00,0.0
2012-09-30 08:00:00,366.5799
2012-09-30 09:00:00,324.95377
2012-09-30 10:00:00,459.22528
2012-09-30 11:00:00,516.4591
2012-09-30 12:00:00,722.6829
2012-09-30 13:00:00,626.4008
2012-09-30 14:00:00,626.4008
2012-09-30 15:00:00,726.70233
2012-09-30 16:00:00,755.1684
2012-09-30 17:00:00,482.8732
2012-09-30 18:00:00,48.23341
2012-09-30 19:00:00,180.54462
2012-09-30 20:00:00,180.54462
2012-09-30 21:00:00,126.31563
2012-09-30 22:00:00,215.22594
2012-09-30 23:00:00,239.51352
2012-10-20 00:00:00,145.32555
2012-10-20 01:00:00,232.71582
2012-10-20 02:00:00,140.67226
2012-10-20 03:00:00,170.44276
2012-10-20 04:00:00,193.53366
2012-10-20 05:00:00,0.0
2012-10-20 06:00:00,174.98395
2012-10-20 07:00:00,0.0
2012-10-20 08:00:00,260.73312
2012-10-20 09:00:00,234.42114
2012-10-20 10:00:00,360.9134
2012-10-20 11:00:00,456.66922
2012-10-20 12:00:00,316.0442
2012-10-20 13:00:00,369.4979
2012-10-20 14:00:00,577.5766
2012-10-20 15:00:00,619.05756
2012-10-20 16:00:00,485.37802
2012-10-20 17:00:00,404.32556
2012-10-20 18:00:00,436.52396
2012-10-20 19:00:00,366.14136
2012-10-20 20:00:00,417.48727
2012-10-20 21:00:00,358.17416
2012-10-20 22:00:00,294.62955
2012-10-20 23:00:00,133.18904
2012-10-21 00:00:00,165.82114
2012-10-21 01:00:00,176.57278
2012-10-21 02:00:00,174.43552
2012-10-21 03:00:00,304.13293
2012-10-21 04:00:00,118.484055
2012-10-21 05:00:00,304.13293
2012-10-21 06:00:00,153.67636
2012-10-21 07:00:00,153.67636
2012-10-21 08:00:00,142.41618
2012-10-21 09:00:00,186.66727
2012-10-21 10:00:00,322.3483
2012-10-21 11:00:00,380.05783
2012-10-21 12:00:00,438.32242
2012-10-21 13:00:00,440.18314
2012-10-21 14:00:00,287.60565
2012-10-21 15:00:00,357.26123
2012-10-21 16:00:00,404.32556
2012-10-21 17:00:00,457.31235
2012-10-21 18:00:00,315.4893
2012-10-21 19:00:00,389.4269
2012-10-21 20:00:00,410.71204
2012-10-21 21:00:00,152.52448
2012-10-21 22:00:00,193.58528
2012-10-21 23:00:00,168.70401
2012-10-22 00:00:00,152.29349
2012-10-22 01:00:00,178.28766
2012-10-22 02:00:00,175.32224
2012-10-22 03:00:00,152.29349
2012-10-22 04:00:00,169.95949
2012-10-22 05:00:00,60.36851
2012-10-22 06:00:00,78.63542
2012-10-22 07:00:00,207.24213
2012-10-22 08:00:00,151.81972
2012-10-22 09:00:00,279.0551
2012-10-22 10:00:00,580.47
2012-10-22 11:00:00,337.9411
2012-10-22 12:00:00,387.98618
2012-10-22 13:00:00,392.26523
2012-10-22 14:00:00,415.97696
2012-10-22 15:00:00,399.08566
2012-10-22 16:00:00,410.04456
2012-10-22 17:00:00,354.71448
2012-10-22 18:00:00,438.38815
2012-10-22 19:00:00,277.7267
2012-10-22 20:00:00,351.5875
2012-10-22 21:00:00,179.94547
2012-10-22 22:00:00,155.91354
2012-10-22 23:00:00,185.43582
2012-10-23 00:00:00,49.848724
2012-10-23 01:00:00,224.8683
2012-10-23 02:00:00,45.981598
2012-10-23 03:00:00,141.20303
2012-10-23 04:00:00,135.83777
2012-10-23 05:00:00,160.28699
2012-10-23 06:00:00,61.14302
2012-10-23 07:00:00,161.23827
2012-10-23 08:00:00,158.95578
2012-10-23 09:00:00,147.84872
2012-10-23 10:00:00,641.96844
2012-10-23 11:00:00,195.50925
2012-10-23 12:00:00,176.52768
2012-10-23 13:00:00,230.20096
2012-10-23 14:00:00,374.38364
2012-10-23 15:00:00,409.69623
2012-10-23 16:00:00,236.96481
2012-10-23 17:00:00,396.8873
2012-10-23 18:00:00,204.25223
2012-10-23 19:00:00,306.65942
2012-10-23 20:00:00,589.42926
2012-10-23 21:00:00,180.2286
2012-10-23 22:00:00,440.48624
2012-10-23 23:00:00,169.86177
2012-10-24 00:00:00,149.52792
2012-10-24 01:00:00,140.01668
2012-10-24 02:00:00,140.01665
2012-10-24 03:00:00,181.82509
2012-10-24 04:00:00,181.82503
2012-10-24 05:00:00,58.380047
2012-10-24 06:00:00,215.59375
2012-10-24 07:00:00,14.792945
2012-10-24 08:00:00,246.52766
2012-10-24 09:00:00,199.93553
2012-10-24 10:00:00,126.34904
2012-10-24 11:00:00,650.3454
2012-10-24 12:00:00,408.5941
2012-10-24 13:00:00,216.16934
2012-10-24 14:00:00,371.1256
2012-10-24 15:00:00,340.67682
2012-10-24 16:00:00,410.04233
2012-10-24 17:00:00,301.03156
2012-10-24 18:00:00,341.79294
2012-10-24 19:00:00,173.02313
2012-10-24 20:00:00,315.1937
2012-10-24 21:00:00,339.67227
2012-10-24 22:00:00,289.14316
2012-10-24 23:00:00,258.11288
2012-10-25 00:00:00,276.18222
2012-10-25 01:00:00,261.5942
2012-10-25 02:00:00,103.692154
2012-10-25 03:00:00,255.67151
2012-10-25 04:00:00,263.4614
2012-10-25 05:00:00,221.05637
2012-10-25 06:00:00,235.48216
2012-10-25 07:00:00,235.48216
2012-10-25 08:00:00,287.518
2012-10-25 09:00:00,321.01913
2012-10-25 10:00:00,144.99713
2012-10-25 11:00:00,263.20572
2012-10-25 12:00:00,187.48633
2012-10-25 13:00:00,85.24845
2012-10-25 14:00:00,489.74475
2012-10-25 15:00:00,594.53906
2012-10-25 16:00:00,504.6452
2012-10-25 17:00:00,504.6452
2012-10-25 18:00:00,248.59581
2012-10-25 19:00:00,468.33157
2012-10-25 20:00:00,255.67151
2012-10-25 21:00:00,255.67151
2012-10-25 22:00:00,348.2903
2012-10-25 23:00:00,144.99716
2012-10-26 00:00:00,112.771454
2012-10-26 01:00:00,191.30972
2012-10-26 02:00:00,263.4614
2012-10-26 03:00:00,221.05637
2012-10-26 04:00:00,221.05637
2012-10-26 05:00:00,263.4614
2012-10-26 06:00:00,191.30972
2012-10-26 07:00:00,263.4614
2012-10-26 08:00:00,243.5988
2012-10-26 09:00:00,243.5988
2012-10-26 10:00:00,349.97617
2012-10-26 11:00:00,252.49707
2012-10-26 12:00:00,412.631
2012-10-26 13:00:00,389.42575
2012-10-26 14:00:00,289.14316
2012-10-26 15:00:00,339.67227
2012-10-26 16:00:00,398.31967
2012-10-26 17:00:00,383.25974
2012-10-26 18:00:00,180.401
2012-10-26 19:00:00,287.394
2012-10-26 20:00:00,287.39395
2012-10-26 21:00:00,198.62283
2012-10-26 22:00:00,145.79642
2012-10-26 23:00:00,203.4032
2012-10-27 00:00:00,131.3779
2012-10-27 01:00:00,232.21689
2012-10-27 02:00:00,185.77435
2012-10-27 03:00:00,109.77885
2012-10-27 04:00:00,239.80215
2012-10-27 05:00:00,139.42676
2012-10-27 06:00:00,139.42676
2012-10-27 07:00:00,113.86637
2012-10-27 08:00:00,88.2168
2012-10-27 09:00:00,88.2168
2012-10-27 10:00:00,169.12415
2012-10-27 11:00:00,284.61472
2012-10-27 12:00:00,602.6883
2012-10-27 13:00:00,634.4328
2012-10-27 14:00:00,624.90955
2012-10-27 15:00:00,305.29138
2012-10-27 16:00:00,255.6687
2012-10-27 17:00:00,255.6687
2012-10-27 18:00:00,255.6687
2012-10-27 19:00:00,264.48477
2012-10-27 20:00:00,264.48477
2012-10-27 21:00:00,264.48477
2012-10-27 22:00:00,290.6268
2012-10-27 23:00:00,142.23074
2012-10-28 00:00:00,269.93646
2012-10-28 01:00:00,289.1954
2012-10-28 02:00:00,261.72598
2012-10-28 03:00:00,253.10382
2012-10-28 04:00:00,255.10396
2012-10-28 05:00:00,228.31891
2012-10-28 06:00:00,229.8291
2012-10-28 07:00:00,198.60184
2012-10-28 08:00:00,165.764
2012-10-28 09:00:00,333.61926
2012-10-28 10:00:00,438.2696
2012-10-28 11:00:00,462.50522
2012-10-28 12:00:00,171.02568
2012-10-28 13:00:00,255.03496
2012-10-28 14:00:00,171.5097
2012-10-28 15:00:00,59.876945
2012-10-28 16:00:00,108.638214
2012-10-28 17:00:00,43.06694
2012-10-28 18:00:00,0.0
2012-10-28 19:00:00,0.0
2012-10-28 20:00:00,0.0
2012-10-28 21:00:00,53.39157
2012-10-28 22:00:00,34.490406
2012-10-28 23:00:00,0.0
2012-10-29 00:00:00,59.556297
2012-10-30 13:00:00,94.01904
2012-10-30 14:00:00,94.01904
2012-10-30 15:00:00,159.74374
2012-10-30 16:00:00,159.74374
2012-10-30 17:00:00,238.3849
2012-10-30 18:00:00,217.77399
2012-10-30 19:00:00,477.38626
2012-10-30 20:00:00,190.72037
2012-10-30 21:00:00,182.12978
2012-10-30 22:00:00,153.74173
2012-10-30 23:00:00,153.74173
2012-10-31 00:00:00,211.06834
2012-10-31 01:00:00,173.6005
2012-10-31 02:00:00,180.96246
2012-10-31 03:00:00,211.06834
2012-10-31 04:00:00,232.78174
2012-10-31 05:00:00,180.96246
2012-10-31 06:00:00,156.48741
2012-10-31 07:00:00,272.95496
2012-10-31 08:00:00,129.67725
2012-10-31 09:00:00,133.21732
2012-10-31 10:00:00,334.5533
2012-10-31 11:00:00,169.7967
2012-10-31 12:00:00,67.909096
2012-10-31 13:00:00,186.98387
2012-10-31 14:00:00,258.62393
2012-10-31 15:00:00,153.1247
2012-10-31 16:00:00,317.9971
2012-10-31 17:00:00,421.08218
2012-10-31 18:00:00,421.08218
2012-10-31 19:00:00,395.78836
2012-10-31 20:00:00,395.78836
2012-10-31 21:00:00,395.78836
2012-10-31 22:00:00,243.66914
2012-10-31 23:00:00,265.27924
2012-11-20 00:00:00,118.396866
2012-11-20 01:00:00,161.10326
2012-11-20 02:00:00,161.56926
2012-11-20 03:00:00,125.79913
2012-11-20 04:00:00,209.99777
2012-11-20 05:00:00,195.96143
2012-11-20 06:00:00,248.22339
2012-11-20 07:00:00,90.33786
2012-11-20 08:00:00,122.32724
2012-11-20 09:00:00,227.32722
2012-11-20 10:00:00,167.5757
2012-11-20 11:00:00,163.58481
2012-11-20 12:00:00,207.3628
2012-11-20 13:00:00,321.93863
2012-11-20 14:00:00,280.3988
2012-11-20 15:00:00,229.65134
2012-11-20 16:00:00,187.51178
2012-11-20 17:00:00,260.29984
2012-11-20 18:00:00,167.5757
2012-11-20 19:00:00,218.84932
2012-11-20 20:00:00,271.8092
2012-11-20 21:00:00,156.90134
2012-11-20 22:00:00,156.90134
2012-11-20 23:00:00,93.3774
2012-11-21 00:00:00,68.04386
2012-11-21 01:00:00,93.3774
2012-11-21 02:00:00,209.64789
2012-11-21 03:00:00,209.64789
2012-11-21 04:00:00,209.64789
2012-11-21 05:00:00,209.64789
2012-11-21 06:00:00,171.39026
2012-11-21 07:00:00,187.6554
2012-11-21 08:00:00,197.72572
2012-11-21 09:00:00,90.337845
2012-11-21 10:00:00,162.93143
2012-11-21 11:00:00,194.57437
2012-11-21 12:00:00,219.8275
2012-11-21 13:00:00,255.37198
2012-11-21 14:00:00,328.8179
2012-11-21 15:00:00,275.6767
2012-11-21 16:00:00,314.62424
2012-11-21 17:00:00,229.04651
2012-11-21 18:00:00,331.00595
2012-11-21 19:00:00,213.33264
2012-11-21 20:00:00,309.82626
2012-11-21 21:00:00,167.1853
2012-11-21 22:00:00,173.22792
2012-11-21 23:00:00,144.79951
2012-11-22 00:00:00,0.0
2012-11-22 01:00:00,0.0
2012-11-22 02:00:00,0.0
2012-11-22 03:00:00,0.0
2012-11-22 04:00:00,0.0
2012-11-22 05:00:00,0.0
2012-11-22 06:00:00,0.0
2012-11-22 07:00:00,0.0
2012-11-22 08:00:00,0.0
2012-11-22 09:00:00,0.0
2012-11-22 10:00:00,121.33244
2012-11-22 11:00:00,942.3517
2012-11-22 12:00:00,1355.0414
2012-11-22 13:00:00,1256.4061
2012-11-22 14:00:00,1078.2712
2012-11-22 15:00:00,1078.2712
2012-11-22 16:00:00,1290.8572
2012-11-22 17:00:00,1355.0414
2012-11-22 18:00:00,1074.7998
2012-11-22 19:00:00,59.202515
2012-11-22 20:00:00,0.0
2012-11-22 21:00:00,0.0
2012-11-22 22:00:00,0.4224999
2012-11-22 23:00:00,57.35723
2012-11-23 00:00:00,56.235588
2012-11-23 01:00:00,122.85486
2012-11-23 02:00:00,75.98027
2012-11-23 03:00:00,3.4827187
2012-11-23 04:00:00,140.46146
2012-11-23 05:00:00,15.305076
2012-11-23 06:00:00,15.305076
2012-11-23 07:00:00,15.305076
2012-11-23 08:00:00,199.64337
2012-11-23 09:00:00,137.73955
2012-11-23 10:00:00,109.46799
2012-11-23 11:00:00,194.57437
2012-11-23 12:00:00,216.9453
2012-11-23 13:00:00,282.39575
2012-11-23 14:00:00,347.39755
2012-11-23 15:00:00,226.83304
2012-11-23 16:00:00,251.44467
2012-11-23 17:00:00,257.9176
2012-11-23 18:00:00,344.2845
2012-11-23 19:00:00,326.21176
2012-11-23 20:00:00,273.81918
2012-11-23 21:00:00,107.711395
2012-11-23 22:00:00,135.36157
2012-11-23 23:00:00,279.7935
2012-11-24 00:00:00,332.04486
2012-11-24 01:00:00,171.79759
2012-11-24 02:00:00,233.97528
2012-11-24 03:00:00,125.096985
2012-11-24 04:00:00,77.73569
2012-11-24 05:00:00,191.88045
2012-11-24 06:00:00,123.81604
2012-11-24 07:00:00,158.59207
2012-11-24 08:00:00,75.38155
2012-11-24 09:00:00,67.393456
2012-11-24 10:00:00,126.44455
2012-11-24 11:00:00,198.85474
2012-11-24 12:00:00,156.71037
2012-11-24 13:00:00,348.85977
2012-11-24 14:00:00,225.08612
2012-11-24 15:00:00,143.04819
2012-11-24 16:00:00,54.673748
2012-11-24 17:00:00,89.69518
2012-11-24 18:00:00,76.16667
2012-11-24 19:00:00,130.16019
2012-11-24 20:00:00,123.815956
2012-11-24 21:00:00,54.49549
2012-11-24 22:00:00,96.21704
2012-11-24 23:00:00,54.49549
2012-11-25 00:00:00,96.20036
2012-11-25 01:00:00,50.371582
2012-11-25 02:00:00,223.2178
2012-11-25 03:00:00,200.90143
2012-11-25 04:00:00,200.90143
2012-11-25 05:00:00,13.534282
2012-11-25 06:00:00,52.887833
2012-11-25 07:00:00,45.194675
2012-11-25 08:00:00,30.663128
2012-11-25 09:00:00,19.244253
2012-11-25 10:00:00,98.29563
2012-11-25 11:00:00,3.9526055
2012-11-25 12:00:00,3.9526055
2012-11-25 13:00:00,4.714843
2012-11-25 14:00:00,49.06521
2012-11-25 15:00:00,328.2931
2012-11-25 16:00:00,71.745895
2012-11-25 17:00:00,55.385517
2012-11-25 18:00:00,64.86928
2012-11-25 19:00:00,164.4191
2012-11-25 20:00:00,96.68825
2012-11-25 21:00:00,201.66336
2012-11-25 22:00:00,96.68825
2012-11-25 23:00:00,0.0
2012-11-26 00:00:00,0.0
2012-11-26 01:00:00,0.0
2012-11-26 02:00:00,0.0
2012-11-26 03:00:00,0.0
2012-11-26 04:00:00,0.0
2012-11-26 05:00:00,135.26115
2012-11-26 06:00:00,0.0
2012-11-26 07:00:00,6.3541555
2012-11-26 08:00:00,6.3541555
2012-11-26 09:00:00,217.6865
2012-11-26 10:00:00,177.80789
2012-11-26 11:00:00,245.62704
2012-11-26 12:00:00,295.2496
2012-11-26 13:00:00,295.2496
2012-11-26 14:00:00,301.73813
2012-11-26 15:00:00,288.32385
2012-11-26 16:00:00,389.21005
2012-11-26 17:00:00,349.93814
2012-11-26 18:00:00,157.16896
2012-11-26 19:00:00,160.30113
2012-11-26 20:00:00,173.22792
2012-11-26 21:00:00,173.22792
2012-11-26 22:00:00,144.79951
2012-11-26 23:00:00,130.73401
2012-11-27 00:00:00,146.47836
2012-11-27 01:00:00,119.78245
2012-11-27 02:00:00,238.20093
2012-11-27 03:00:00,218.18657
2012-11-27 04:00:00,274.97348
2012-11-27 05:00:00,214.47247
2012-11-27 06:00:00,181.29007
2012-11-27 07:00:00,135.72302
2012-11-27 08:00:00,219.6537
2012-11-27 09:00:00,186.03128
2012-11-27 10:00:00,256.18927
2012-11-27 11:00:00,101.10135
2012-11-27 12:00:00,5.1486006
2012-11-27 13:00:00,183.79129
2012-11-27 14:00:00,30.989195
2012-11-27 15:00:00,119.574234
2012-11-27 16:00:00,119.574234
2012-11-27 17:00:00,88.46886
2012-11-27 18:00:00,69.13699
2012-11-27 19:00:00,134.24835
2012-11-27 20:00:00,105.43326
2012-11-27 21:00:00,68.217514
2012-11-27 22:00:00,176.01779
2012-11-27 23:00:00,165.4501
2012-11-28 00:00:00,175.148
2012-11-28 01:00:00,214.74628
2012-11-28 02:00:00,214.74628
2012-11-28 03:00:00,150.16565
2012-11-28 04:00:00,147.90845
2012-11-28 05:00:00,121.9601
2012-11-28 06:00:00,144.3497
2012-11-28 07:00:00,66.46593
2012-11-28 08:00:00,98.534035
2012-11-28 09:00:00,83.09014
2012-11-28 10:00:00,219.04935
2012-11-28 11:00:00,280.93008
2012-11-28 12:00:00,284.17148
2012-11-28 13:00:00,372.3054
2012-11-28 14:00:00,234.78049
2012-11-28 15:00:00,195.13574
2012-11-28 16:00:00,217.51701
2012-11-28 17:00:00,290.57443
2012-11-28 18:00:00,239.98407
2012-11-28 19:00:00,284.0873
2012-11-28 20:00:00,309.4518
2012-11-28 21:00:00,247.008
2012-11-28 22:00:00,219.78426
2012-11-28 23:00:00,119.66957
2012-11-29 00:00:00,105.747986
2012-11-29 01:00:00,84.60158
2012-11-29 02:00:00,3.6308205
2012-11-29 04:00:00,131.92186
2012-11-29 05:00:00,0.0
2012-11-29 06:00:00,0.0
2012-11-29 07:00:00,0.0
2012-11-29 08:00:00,110.71104
2012-11-29 09:00:00,122.685585
2012-11-29 10:00:00,110.53651
2012-11-29 11:00:00,238.6287
2012-11-29 12:00:00,252.6896
2012-11-29 13:00:00,274.12045
2012-11-29 14:00:00,289.80585
2012-11-29 15:00:00,195.63159
2012-11-29 16:00:00,266.05576
2012-11-29 17:00:00,336.0582
2012-11-29 18:00:00,214.17445
2012-11-29 19:00:00,128.47066
2012-11-29 20:00:00,131.07558
2012-11-29 21:00:00,102.156105
2012-11-29 22:00:00,112.43208
2012-11-29 23:00:00,150.26395
2012-11-30 00:00:00,122.61946
2012-11-30 01:00:00,107.13792
2012-11-30 02:00:00,0.0
2012-11-30 03:00:00,0.0
2012-11-30 04:00:00,0.0
2012-11-30 05:00:00,0.0
2012-11-30 06:00:00,24.754341
2012-11-30 07:00:00,0.0
2012-11-30 08:00:00,204.00392
2012-11-30 09:00:00,106.89159
2012-11-30 10:00:00,187.12512
2012-11-30 11:00:00,299.46964
2012-11-30 12:00:00,331.3497
2012-11-30 13:00:00,297.21716
2012-11-30 14:00:00,302.04346
2012-11-30 15:00:00,298.07526
2012-11-30 16:00:00,235.7421
2012-11-30 17:00:00,254.90167
2012-11-30 18:00:00,216.94759
2012-11-30 19:00:00,126.78491
2012-11-30 20:00:00,126.78491
2012-11-30 21:00:00,87.32774
2012-11-30 22:00:00,67.78305
2012-11-30 23:00:00,146.87798
2012-12-20 00:00:00,160.22473
2012-12-20 01:00:00,126.78491
2012-12-20 02:00:00,126.78491
2012-12-20 03:00:00,125.08353
2012-12-20 04:00:00,125.08353
2012-12-20 05:00:00,118.395164
2012-12-20 06:00:00,187.12512
2012-12-20 07:00:00,149.82016
2012-12-20 08:00:00,149.82016
2012-12-20 09:00:00,149.82016
2012-12-20 10:00:00,221.52284
2012-12-20 11:00:00,328.6203
2012-12-20 12:00:00,311.8408
2012-12-20 13:00:00,426.64056
2012-12-20 14:00:00,401.37927
2012-12-20 15:00:00,460.5634
2012-12-20 16:00:00,201.32106
2012-12-20 17:00:00,209.99777
2012-12-20 18:00:00,233.33679
2012-12-20 19:00:00,130.09798
2012-12-20 20:00:00,246.11938
2012-12-20 21:00:00,246.11938
2012-12-20 22:00:00,295.21768
2012-12-20 23:00:00,66.77663
2012-12-21 00:00:00,80.45327
2012-12-21 01:00:00,144.97139
2012-12-21 02:00:00,139.0311
2012-12-21 03:00:00,139.0311
2012-12-21 04:00:00,193.4935
2012-12-21 05:00:00,107.48189
2012-12-21 06:00:00,110.151306
2012-12-21 07:00:00,94.67127
2012-12-21 08:00:00,56.081024
2012-12-21 09:00:00,248.36192
2012-12-21 10:00:00,125.79425
2012-12-21 11:00:00,0.0
2012-12-21 12:00:00,0.0
2012-12-21 13:00:00,33.491425
2012-12-21 14:00:00,198.06808
2012-12-21 15:00:00,0.0
2012-12-21 16:00:00,0.0
2012-12-21 17:00:00,231.66006
2012-12-21 18:00:00,203.13597
2012-12-21 19:00:00,163.23758
2012-12-21 20:00:00,271.06735
2012-12-21 21:00:00,66.30483
2012-12-21 22:00:00,135.19833
2012-12-21 23:00:00,159.37189
2012-12-22 00:00:00,112.74857
2012-12-22 01:00:00,83.08453
2012-12-22 02:00:00,84.69328
2012-12-22 03:00:00,137.58215
2012-12-22 04:00:00,172.439
2012-12-22 05:00:00,125.320366
2012-12-22 06:00:00,111.16646
2012-12-22 07:00:00,111.16646
2012-12-22 08:00:00,128.40857
2012-12-22 09:00:00,107.50656
2012-12-22 10:00:00,84.068756
2012-12-22 11:00:00,238.50092
2012-12-22 12:00:00,155.55331
2012-12-22 13:00:00,242.71628
2012-12-22 14:00:00,243.6163
2012-12-22 15:00:00,161.6452
2012-12-22 16:00:00,188.42474
2012-12-22 17:00:00,198.32004
2012-12-22 18:00:00,74.755974
2012-12-22 19:00:00,93.24305
2012-12-22 20:00:00,122.39844
2012-12-22 21:00:00,28.49945
2012-12-22 22:00:00,28.49945
2012-12-22 23:00:00,67.92814
2012-12-23 00:00:00,46.0879
2012-12-23 01:00:00,61.94717
2012-12-23 02:00:00,49.824234
2012-12-23 03:00:00,56.724094
2012-12-23 04:00:00,71.07959
2012-12-23 05:00:00,85.84413
2012-12-23 06:00:00,49.933205
2012-12-23 07:00:00,49.933205
2012-12-23 08:00:00,16.51088
2012-12-23 09:00:00,66.591576
2012-12-23 10:00:00,47.04323
2012-12-23 11:00:00,74.77533
2012-12-23 12:00:00,103.963974
2012-12-23 13:00:00,88.2783
2012-12-23 14:00:00,119.25976
2012-12-23 15:00:00,169.04208
2012-12-23 16:00:00,90.96703
2012-12-23 17:00:00,155.61522
2012-12-23 18:00:00,152.22208
2012-12-23 19:00:00,156.58423
2012-12-23 20:00:00,27.133797
2012-12-23 21:00:00,0.0
2012-12-23 22:00:00,61.472916
2012-12-23 23:00:00,50.13334
2012-12-24 00:00:00,85.5992
2012-12-24 01:00:00,85.59921
2012-12-24 02:00:00,63.366486
2012-12-24 03:00:00,63.366486
2012-12-24 05:00:00,53.51329
2012-12-24 06:00:00,63.366486
2012-12-24 07:00:00,75.36824
2012-12-24 08:00:00,85.59921
2012-12-24 09:00:00,189.40143
2012-12-24 10:00:00,112.5568
2012-12-24 11:00:00,94.724655
2012-12-24 12:00:00,177.18163
2012-12-24 13:00:00,109.266426
2012-12-24 14:00:00,99.26367
2012-12-24 15:00:00,58.965736
2012-12-24 16:00:00,58.965736
2012-12-24 17:00:00,46.25966
2012-12-24 18:00:00,89.80339
2012-12-24 19:00:00,35.76448
2012-12-24 20:00:00,17.717804
2012-12-24 21:00:00,107.06731
2012-12-24 22:00:00,106.35843
2012-12-24 23:00:00,128.5373
2012-12-25 00:00:00,0.0
2012-12-25 01:00:00,1.6343071
2012-12-25 02:00:00,1.6343071
2012-12-25 04:00:00,2.6559594
2012-12-25 05:00:00,0.0
2012-12-25 06:00:00,0.0
2012-12-25 07:00:00,0.0
2012-12-25 08:00:00,0.0
2012-12-25 09:00:00,3.884658
2012-12-25 10:00:00,0.0
2012-12-25 11:00:00,49.213074
2012-12-25 12:00:00,54.39264
2012-12-25 13:00:00,229.97968
2012-12-25 14:00:00,212.66093
2012-12-25 15:00:00,209.8369
2012-12-25 16:00:00,244.93828
2012-12-25 17:00:00,26.149368
2012-12-25 18:00:00,0.0
2012-12-25 19:00:00,0.0
2012-12-25 20:00:00,49.98831
2012-12-25 21:00:00,0.0
2012-12-25 22:00:00,194.2897
2012-12-25 23:00:00,0.0
2012-12-26 00:00:00,146.05841
2012-12-26 01:00:00,91.87787
2012-12-26 02:00:00,91.87787
2012-12-26 03:00:00,88.93295
2012-12-26 04:00:00,31.697693
2012-12-26 05:00:00,105.30006
2012-12-26 06:00:00,252.88477
2012-12-26 07:00:00,68.310036
2012-12-26 08:00:00,68.310036
2012-12-26 09:00:00,68.310036
2012-12-26 10:00:00,63.635742
2012-12-26 11:00:00,240.21942
2012-12-26 12:00:00,69.07621
2012-12-26 13:00:00,69.07621
2012-12-26 14:00:00,42.411804
2012-12-26 15:00:00,62.535355
2012-12-26 16:00:00,62.535355
2012-12-26 17:00:00,67.631195
2012-12-26 18:00:00,59.09929
2012-12-26 19:00:00,0.0
2012-12-26 20:00:00,54.563164
2012-12-26 21:00:00,52.436142
2012-12-26 22:00:00,171.65775
2012-12-26 23:00:00,62.921043
2012-12-27 00:00:00,62.921043
2012-12-27 01:00:00,171.65775
2012-12-27 02:00:00,153.49086
2012-12-27 03:00:00,46.48394
2012-12-27 04:00:00,48.44532
2012-12-27 05:00:00,64.08981
2012-12-27 06:00:00,55.56151
2012-12-27 07:00:00,85.49788
2012-12-27 08:00:00,14.001624
2012-12-27 09:00:00,111.04142
2012-12-27 10:00:00,100.988045
2012-12-27 11:00:00,44.27127
2012-12-27 12:00:00,89.16292
2012-12-27 13:00:00,89.16292
2012-12-27 14:00:00,0.0
2012-12-27 15:00:00,0.0
2012-12-27 16:00:00,197.75397
2012-12-27 17:00:00,197.75397
2012-12-27 18:00:00,126.41375
2012-12-27 19:00:00,47.13975
2012-12-27 20:00:00,22.091358
2012-12-27 21:00:00,126.41375
2012-12-27 22:00:00,67.724815
2012-12-27 23:00:00,126.41375
2012-12-28 00:00:00,100.81517
2012-12-28 01:00:00,108.801956
2012-12-28 02:00:00,80.75371
2012-12-28 03:00:00,100.81517
2012-12-28 04:00:00,193.06975
2012-12-28 05:00:00,181.98093
2012-12-28 06:00:00,70.86232
2012-12-28 07:00:00,105.82868
2012-12-28 08:00:00,116.78642
2012-12-28 09:00:00,67.724815
2012-12-28 10:00:00,63.134518
2012-12-28 11:00:00,38.57575
2012-12-28 12:00:00,187.40987
2012-12-28 13:00:00,187.40987
2012-12-28 14:00:00,187.40987
2012-12-28 15:00:00,125.958015
2012-12-28 16:00:00,110.686005
2012-12-28 17:00:00,43.77091
2012-12-28 18:00:00,43.77091
2012-12-28 19:00:00,145.92538
2012-12-28 20:00:00,189.40143
2012-12-28 21:00:00,111.61998
2012-12-28 22:00:00,150.28844
2012-12-28 23:00:00,219.90726
2012-12-29 00:00:00,116.75961
2012-12-29 01:00:00,51.420883
2012-12-29 02:00:00,116.75961
2012-12-29 03:00:00,88.53041
2012-12-29 04:00:00,51.420883
2012-12-29 05:00:00,51.420883
2012-12-29 06:00:00,60.16696
2012-12-29 07:00:00,82.9669
2012-12-29 08:00:00,54.676666
2012-12-29 09:00:00,54.676804
2012-12-29 10:00:00,81.383316
2012-12-29 11:00:00,60.164948
2012-12-29 12:00:00,0.0
2012-12-29 13:00:00,0.0
2012-12-29 14:00:00,42.22795
2012-12-29 15:00:00,0.0
2012-12-29 16:00:00,44.19703
2012-12-29 17:00:00,51.098366
2012-12-29 18:00:00,64.97252
2012-12-29 19:00:00,137.06458
2012-12-29 20:00:00,54.018875
2012-12-29 21:00:00,0.0
2012-12-29 22:00:00,0.0
2012-12-29 23:00:00,124.65023
2012-12-30 00:00:00,49.890785
2012-12-30 01:00:00,0.0
2012-12-30 02:00:00,218.55821
2012-12-30 03:00:00,0.0
2012-12-30 04:00:00,233.4627
2012-12-30 05:00:00,87.45772
2012-12-30 06:00:00,0.0
2012-12-30 07:00:00,43.299957
2012-12-30 08:00:00,62.91182
2012-12-30 09:00:00,62.70517
2012-12-30 10:00:00,179.39389
2012-12-30 11:00:00,122.8235
2012-12-30 12:00:00,89.1783
2012-12-30 13:00:00,155.55331
2012-12-30 14:00:00,234.44429
2012-12-30 15:00:00,231.43274
2012-12-30 16:00:00,156.96501
2012-12-30 17:00:00,199.09926
2012-12-30 18:00:00,70.12683
2012-12-30 19:00:00,143.47058
2012-12-30 20:00:00,79.66887
2012-12-30 21:00:00,49.824234
2012-12-30 22:00:00,62.756287
2012-12-30 23:00:00,52.033783
2012-12-31 00:00:00,129.11671
2012-12-31 01:00:00,129.11671
2012-12-31 02:00:00,174.85577
2012-12-31 03:00:00,45.069756
2012-12-31 04:00:00,23.162598
2012-12-31 05:00:00,63.908047
2012-12-31 06:00:00,84.87525
2012-12-31 07:00:00,93.73825
2012-12-31 08:00:00,89.3486
2012-12-31 09:00:00,87.330444
2012-12-31 10:00:00,43.539444
2012-12-31 11:00:00,117.727066
2012-12-31 12:00:00,76.503334
2012-12-31 13:00:00,139.26978
2012-12-31 14:00:00,124.89554
2012-12-31 15:00:00,188.48337
2012-12-31 16:00:00,83.88176
2012-12-31 17:00:00,158.16885
2012-12-31 18:00:00,194.41331
2012-12-31 19:00:00,94.724655
2012-12-31 20:00:00,94.724655
2012-12-31 21:00:00,5.388591
2012-12-31 22:00:00,19.95524
2012-12-31 23:00:00,49.662064
