datetime,count
2011-01-20 00:00:00,96.99239
2011-01-20 01:00:00,89.115265
2011-01-20 02:00:00,89.115265
2011-01-20 03:00:00,98.74672
2011-01-20 04:00:00,98.74672
2011-01-20 05:00:00,78.98675
2011-01-20 06:00:00,74.03042
2011-01-20 07:00:00,78.07713
2011-01-20 08:00:00,80.66076
2011-01-20 09:00:00,86.33518
2011-01-20 10:00:00,108.28854
2011-01-20 11:00:00,103.45155
2011-01-20 12:00:00,120.09109
2011-01-20 13:00:00,101.75857
2011-01-20 14:00:00,113.68052
2011-01-20 15:00:00,126.79355
2011-01-20 16:00:00,104.377495
2011-01-20 17:00:00,104.26738
2011-01-20 18:00:00,91.37841
2011-01-20 19:00:00,93.71155
2011-01-20 20:00:00,80.279564
2011-01-20 21:00:00,71.64878
2011-01-20 22:00:00,63.484047
2011-01-20 23:00:00,63.480186
2011-01-21 00:00:00,64.23495
2011-01-21 01:00:00,64.23495
2011-01-21 02:00:00,62.67312
2011-01-21 03:00:00,49.60109
2011-01-21 04:00:00,78.82806
2011-01-21 05:00:00,83.17939
2011-01-21 06:00:00,79.36678
2011-01-21 07:00:00,78.865105
2011-01-21 08:00:00,88.71511
2011-01-21 09:00:00,83.77854
2011-01-21 10:00:00,93.48809
2011-01-21 11:00:00,123.17685
2011-01-21 12:00:00,104.630165
2011-01-21 13:00:00,67.96224
2011-01-21 14:00:00,103.274254
2011-01-21 15:00:00,117.6858
2011-01-21 16:00:00,111.800026
2011-01-21 17:00:00,101.50302
2011-01-21 18:00:00,89.05316
2011-01-21 19:00:00,88.97055
2011-01-21 20:00:00,86.75476
2011-01-21 21:00:00,62.779522
2011-01-21 22:00:00,54.803223
2011-01-21 23:00:00,57.608566
2011-01-22 00:00:00,31.415325
2011-01-22 01:00:00,20.565
2011-01-22 02:00:00,28.75595
2011-01-22 03:00:00,24.31593
2011-01-22 04:00:00,24.530384
2011-01-22 06:00:00,28.398706
2011-01-22 07:00:00,22.406696
2011-01-22 08:00:00,13.864862
2011-01-22 09:00:00,30.656902
2011-01-22 10:00:00,32.90513
2011-01-22 11:00:00,37.01683
2011-01-22 12:00:00,37.907272
2011-01-22 13:00:00,53.863503
2011-01-22 14:00:00,53.123146
2011-01-22 15:00:00,54.505188
2011-01-22 16:00:00,66.86346
2011-01-22 17:00:00,64.503586
2011-01-22 18:00:00,40.158215
2011-01-22 19:00:00,41.814453
2011-01-22 20:00:00,35.469616
2011-01-22 21:00:00,40.505344
2011-01-22 22:00:00,45.19572
2011-01-22 23:00:00,31.11281
2011-01-23 00:00:00,31.11281
2011-01-23 01:00:00,31.11281
2011-01-23 02:00:00,27.353348
2011-01-23 03:00:00,27.353348
2011-01-23 05:00:00,33.76655
2011-01-23 06:00:00,33.76655
2011-01-23 07:00:00,34.662277
2011-01-23 08:00:00,31.117264
2011-01-23 09:00:00,35.580135
2011-01-23 10:00:00,49.069046
2011-01-23 11:00:00,47.003296
2011-01-23 12:00:00,101.03353
2011-01-23 13:00:00,91.42155
2011-01-23 14:00:00,106.148415
2011-01-23 15:00:00,106.148415
2011-01-23 16:00:00,108.823616
2011-01-23 17:00:00,112.99581
2011-01-23 18:00:00,68.58484
2011-01-23 19:00:00,76.10616
2011-01-23 20:00:00,46.073254
2011-01-23 21:00:00,43.544674
2011-01-23 22:00:00,36.52798
2011-01-23 23:00:00,32.62202
2011-01-24 00:00:00,57.372757
2011-01-24 01:00:00,54.37216
2011-01-24 03:00:00,52.05448
2011-01-24 04:00:00,54.98549
2011-01-24 05:00:00,54.98549
2011-01-24 06:00:00,57.363243
2011-01-24 07:00:00,60.388954
2011-01-24 08:00:00,63.192642
2011-01-24 09:00:00,68.54633
2011-01-24 10:00:00,70.618225
2011-01-24 11:00:00,65.62289
2011-01-24 12:00:00,64.5694
2011-01-24 13:00:00,67.00931
2011-01-24 14:00:00,62.955105
2011-01-24 15:00:00,86.953445
2011-01-24 16:00:00,74.347
2011-01-24 17:00:00,64.67074
2011-01-24 18:00:00,58.868324
2011-01-24 19:00:00,63.951374
2011-01-24 20:00:00,58.868324
2011-01-24 21:00:00,58.148926
2011-01-24 22:00:00,50.23148
2011-01-24 23:00:00,50.47254
2011-01-25 00:00:00,49.081673
2011-01-25 01:00:00,54.064117
2011-01-25 02:00:00,56.16464
2011-01-25 04:00:00,52.77852
2011-01-25 05:00:00,49.694695
2011-01-25 06:00:00,56.28229
2011-01-25 07:00:00,51.043564
2011-01-25 08:00:00,57.067463
2011-01-25 09:00:00,75.338005
2011-01-25 10:00:00,83.72324
2011-01-25 11:00:00,84.0072
2011-01-25 12:00:00,96.38859
2011-01-25 13:00:00,95.40762
2011-01-25 14:00:00,115.75945
2011-01-25 15:00:00,127.191246
2011-01-25 16:00:00,127.191246
2011-01-25 17:00:00,123.12658
2011-01-25 18:00:00,103.941734
2011-01-25 19:00:00,82.56243
2011-01-25 20:00:00,77.07201
2011-01-25 21:00:00,77.07201
2011-01-25 22:00:00,78.70786
2011-01-25 23:00:00,70.8886
2011-01-26 00:00:00,70.24603
2011-01-26 01:00:00,77.751656
2011-01-26 02:00:00,59.987083
2011-01-26 05:00:00,47.099052
2011-01-26 06:00:00,47.099052
2011-01-26 07:00:00,49.49955
2011-01-26 08:00:00,49.49955
2011-01-26 09:00:00,49.49955
2011-01-26 10:00:00,50.497345
2011-01-26 11:00:00,48.662262
2011-01-26 12:00:00,48.662262
2011-01-26 13:00:00,48.662262
2011-01-26 14:00:00,48.184875
2011-01-26 15:00:00,48.422585
2011-01-26 16:00:00,43.01774
2011-01-26 17:00:00,46.659294
2011-01-27 16:00:00,83.44619
2011-01-27 17:00:00,92.18345
2011-01-27 18:00:00,70.73728
2011-01-27 19:00:00,70.73728
2011-01-27 20:00:00,64.40375
2011-01-27 21:00:00,64.40375
2011-01-27 22:00:00,64.40375
2011-01-27 23:00:00,52.5696
2011-01-28 00:00:00,64.50661
2011-01-28 01:00:00,64.50661
2011-01-28 02:00:00,60.73957
2011-01-28 03:00:00,73.03338
2011-01-28 05:00:00,70.944695
2011-01-28 06:00:00,62.910023
2011-01-28 07:00:00,63.721054
2011-01-28 08:00:00,63.721054
2011-01-28 09:00:00,60.98418
2011-01-28 10:00:00,57.810314
2011-01-28 11:00:00,61.46835
2011-01-28 12:00:00,61.46835
2011-01-28 13:00:00,61.46835
2011-01-28 14:00:00,86.858025
2011-01-28 15:00:00,74.98475
2011-01-28 16:00:00,62.03798
2011-01-28 17:00:00,69.5259
2011-01-28 18:00:00,62.751198
2011-01-28 19:00:00,75.65494
2011-01-28 20:00:00,67.43004
2011-01-28 21:00:00,69.80012
2011-01-28 22:00:00,75.15774
2011-01-28 23:00:00,78.98675
2011-01-29 00:00:00,54.199028
2011-01-29 01:00:00,48.611794
2011-01-29 02:00:00,46.588837
2011-01-29 03:00:00,42.178337
2011-01-29 04:00:00,33.48609
2011-01-29 06:00:00,35.928146
2011-01-29 07:00:00,39.60166
2011-01-29 08:00:00,51.99849
2011-01-29 09:00:00,47.60665
2011-01-29 10:00:00,46.266567
2011-01-29 11:00:00,42.606625
2011-01-29 12:00:00,44.525215
2011-01-29 13:00:00,59.10422
2011-01-29 14:00:00,55.226753
2011-01-29 15:00:00,43.9135
2011-01-29 16:00:00,60.033825
2011-01-29 17:00:00,64.15832
2011-01-29 18:00:00,41.4522
2011-01-29 19:00:00,43.04342
2011-01-29 20:00:00,38.08026
2011-01-29 21:00:00,38.08026
2011-01-29 22:00:00,34.58451
2011-01-29 23:00:00,34.58451
2011-01-30 00:00:00,31.005081
2011-01-30 01:00:00,37.82563
2011-01-30 02:00:00,38.38365
2011-01-30 03:00:00,32.12391
2011-01-30 04:00:00,32.12391
2011-01-30 05:00:00,37.391964
2011-01-30 07:00:00,37.391964
2011-01-30 08:00:00,47.150475
2011-01-30 09:00:00,53.504547
2011-01-30 10:00:00,53.85533
2011-01-30 11:00:00,41.93275
2011-01-30 12:00:00,102.98953
2011-01-30 13:00:00,72.08026
2011-01-30 14:00:00,75.890816
2011-01-30 15:00:00,86.23582
2011-01-30 16:00:00,86.23582
2011-01-30 17:00:00,97.36954
2011-01-30 18:00:00,55.86175
2011-01-30 19:00:00,57.746525
2011-01-30 20:00:00,75.8661
2011-01-30 21:00:00,50.410152
2011-01-30 22:00:00,47.26394
2011-01-30 23:00:00,45.481495
2011-01-31 00:00:00,68.703674
2011-01-31 01:00:00,70.49748
2011-01-31 02:00:00,75.973854
2011-01-31 03:00:00,75.973854
2011-01-31 04:00:00,69.81418
2011-01-31 05:00:00,59.240364
2011-01-31 06:00:00,56.882187
2011-01-31 07:00:00,51.0571
2011-01-31 08:00:00,54.11869
2011-01-31 09:00:00,54.33618
2011-01-31 10:00:00,55.167274
2011-01-31 11:00:00,55.167274
2011-01-31 12:00:00,74.960884
2011-01-31 13:00:00,79.41868
2011-01-31 14:00:00,68.664986
2011-01-31 15:00:00,60.9645
2011-01-31 16:00:00,59.564514
2011-01-31 17:00:00,55.167274
2011-01-31 18:00:00,57.210434
2011-01-31 19:00:00,110.12565
2011-01-31 20:00:00,52.12931
2011-01-31 21:00:00,65.0863
2011-01-31 22:00:00,63.18753
2011-01-31 23:00:00,65.04553
2011-02-20 00:00:00,127.386475
2011-02-20 01:00:00,118.764656
2011-02-20 02:00:00,128.32146
2011-02-20 03:00:00,121.359604
2011-02-20 04:00:00,121.359604
2011-02-20 06:00:00,64.80985
2011-02-20 07:00:00,49.93475
2011-02-20 08:00:00,70.93717
2011-02-20 09:00:00,78.02383
2011-02-20 10:00:00,96.47637
2011-02-20 11:00:00,142.38171
2011-02-20 12:00:00,158.73688
2011-02-20 13:00:00,205.54205
2011-02-20 14:00:00,267.26334
2011-02-20 15:00:00,250.8634
2011-02-20 16:00:00,225.91623
2011-02-20 17:00:00,203.45155
2011-02-20 18:00:00,156.94217
2011-02-20 19:00:00,156.94217
2011-02-20 20:00:00,142.4432
2011-02-20 21:00:00,98.35009
2011-02-20 22:00:00,95.35955
2011-02-20 23:00:00,83.9278
2011-02-21 00:00:00,119.43618
2011-02-21 01:00:00,119.43618
2011-02-21 02:00:00,119.43618
2011-02-21 03:00:00,118.43113
2011-02-21 04:00:00,109.30787
2011-02-21 05:00:00,145.90094
2011-02-21 06:00:00,259.17526
2011-02-21 07:00:00,262.35568
2011-02-21 08:00:00,94.01502
2011-02-21 09:00:00,93.457664
2011-02-21 10:00:00,92.55071
2011-02-21 11:00:00,82.668
2011-02-21 12:00:00,77.233696
2011-02-21 13:00:00,44.035263
2011-02-21 14:00:00,57.80574
2011-02-21 15:00:00,66.45845
2011-02-21 16:00:00,44.428658
2011-02-21 17:00:00,50.368057
2011-02-21 18:00:00,36.368767
2011-02-21 19:00:00,36.368767
2011-02-21 20:00:00,36.00576
2011-02-21 21:00:00,31.930996
2011-02-21 22:00:00,33.33855
2011-02-21 23:00:00,33.33855
2011-02-22 06:00:00,45.41364
2011-02-22 07:00:00,45.41364
2011-02-22 08:00:00,45.716892
2011-02-22 09:00:00,48.049843
2011-02-22 10:00:00,53.89744
2011-02-22 11:00:00,67.981804
2011-02-22 12:00:00,83.658615
2011-02-22 13:00:00,85.550186
2011-02-22 14:00:00,83.44619
2011-02-22 15:00:00,100.57222
2011-02-22 16:00:00,90.56812
2011-02-22 17:00:00,86.34786
2011-02-22 18:00:00,95.99848
2011-02-22 19:00:00,87.52697
2011-02-22 20:00:00,86.71281
2011-02-22 21:00:00,88.24555
2011-02-22 22:00:00,80.147606
2011-02-22 23:00:00,80.147606
2011-02-23 00:00:00,65.89676
2011-02-23 01:00:00,71.130775
2011-02-23 02:00:00,65.914665
2011-02-23 03:00:00,64.156006
2011-02-23 05:00:00,67.587
2011-02-23 06:00:00,67.587
2011-02-23 07:00:00,62.435867
2011-02-23 08:00:00,63.951374
2011-02-23 09:00:00,83.93229
2011-02-23 10:00:00,92.96108
2011-02-23 11:00:00,100.8186
2011-02-23 12:00:00,131.30574
2011-02-23 13:00:00,159.07544
2011-02-23 14:00:00,169.89258
2011-02-23 15:00:00,184.20851
2011-02-23 16:00:00,152.7888
2011-02-23 17:00:00,184.20851
2011-02-23 18:00:00,174.05011
2011-02-23 19:00:00,140.56961
2011-02-23 20:00:00,87.66208
2011-02-23 21:00:00,98.088425
2011-02-23 22:00:00,98.088425
2011-02-23 23:00:00,96.2798
2011-02-24 00:00:00,96.2798
2011-02-24 01:00:00,89.49778
2011-02-24 02:00:00,75.57058
2011-02-24 03:00:00,73.86977
2011-02-24 05:00:00,66.898506
2011-02-24 06:00:00,61.67127
2011-02-24 07:00:00,58.026863
2011-02-24 08:00:00,70.49687
2011-02-24 09:00:00,58.09992
2011-02-24 10:00:00,67.72486
2011-02-24 11:00:00,115.576164
2011-02-24 12:00:00,147.26962
2011-02-24 13:00:00,154.60973
2011-02-24 14:00:00,165.25471
2011-02-24 15:00:00,155.7527
2011-02-24 16:00:00,134.04364
2011-02-24 17:00:00,106.96833
2011-02-24 18:00:00,75.3987
2011-02-24 19:00:00,65.93482
2011-02-24 20:00:00,72.09471
2011-02-24 21:00:00,75.3987
2011-02-24 22:00:00,72.29447
2011-02-24 23:00:00,78.853935
2011-02-25 00:00:00,100.959206
2011-02-25 01:00:00,76.79093
2011-02-25 02:00:00,76.79093
2011-02-25 03:00:00,89.458824
2011-02-25 05:00:00,89.458824
2011-02-25 06:00:00,106.395744
2011-02-25 07:00:00,96.946365
2011-02-25 08:00:00,102.315025
2011-02-25 09:00:00,64.153175
2011-02-25 10:00:00,99.20016
2011-02-25 11:00:00,194.07889
2011-02-25 12:00:00,203.49652
2011-02-25 13:00:00,203.49652
2011-02-25 14:00:00,221.8609
2011-02-25 15:00:00,212.2291
2011-02-25 16:00:00,154.84077
2011-02-25 17:00:00,176.76468
2011-02-25 18:00:00,156.53662
2011-02-25 19:00:00,138.01321
2011-02-25 20:00:00,154.58203
2011-02-25 21:00:00,128.30687
2011-02-25 22:00:00,119.10935
2011-02-25 23:00:00,109.49374
2011-02-26 00:00:00,72.56316
2011-02-26 01:00:00,73.37899
2011-02-26 02:00:00,59.27271
2011-02-26 03:00:00,62.90187
2011-02-26 04:00:00,69.02534
2011-02-26 05:00:00,59.075844
2011-02-26 06:00:00,59.00049
2011-02-26 07:00:00,63.437794
2011-02-26 08:00:00,89.43348
2011-02-26 09:00:00,72.00787
2011-02-26 10:00:00,94.218025
2011-02-26 11:00:00,95.19883
2011-02-26 12:00:00,107.92378
2011-02-26 13:00:00,132.64856
2011-02-26 14:00:00,140.71109
2011-02-26 15:00:00,150.19179
2011-02-26 16:00:00,152.35349
2011-02-26 17:00:00,158.41116
2011-02-26 18:00:00,135.44649
2011-02-26 19:00:00,125.98374
2011-02-26 20:00:00,101.24616
2011-02-26 21:00:00,69.36053
2011-02-26 22:00:00,48.11924
2011-02-26 23:00:00,47.96464
2011-02-27 00:00:00,37.891575
2011-02-27 01:00:00,37.205284
2011-02-27 02:00:00,43.090263
2011-02-27 03:00:00,46.04702
2011-02-27 04:00:00,37.912697
2011-02-27 06:00:00,40.0007
2011-02-27 07:00:00,37.912697
2011-02-27 08:00:00,40.542824
2011-02-27 09:00:00,46.75718
2011-02-27 10:00:00,49.02727
2011-02-27 11:00:00,100.187645
2011-02-27 12:00:00,130.84119
2011-02-27 13:00:00,154.83871
2011-02-27 14:00:00,187.91846
2011-02-27 15:00:00,238.4974
2011-02-27 16:00:00,259.3157
2011-02-27 17:00:00,170.07733
2011-02-27 18:00:00,161.06299
2011-02-27 19:00:00,144.5917
2011-02-27 20:00:00,130.84119
2011-02-27 21:00:00,129.02888
2011-02-27 22:00:00,120.09786
2011-02-27 23:00:00,111.61153
2011-02-28 00:00:00,120.37769
2011-02-28 01:00:00,67.03236
2011-02-28 03:00:00,81.88975
2011-02-28 05:00:00,86.11276
2011-02-28 06:00:00,89.01676
2011-02-28 07:00:00,95.82917
2011-02-28 08:00:00,74.29887
2011-02-28 09:00:00,138.91504
2011-02-28 10:00:00,205.43057
2011-02-28 11:00:00,219.43988
2011-02-28 12:00:00,219.4399
2011-02-28 13:00:00,132.29251
2011-02-28 14:00:00,95.99639
2011-02-28 15:00:00,95.99639
2011-02-28 16:00:00,128.3203
2011-02-28 17:00:00,88.14498
2011-02-28 18:00:00,139.88019
2011-02-28 19:00:00,127.85442
2011-02-28 20:00:00,127.85442
2011-02-28 21:00:00,100.23713
2011-02-28 22:00:00,63.25598
2011-02-28 23:00:00,74.04075
2011-03-20 00:00:00,154.92398
2011-03-20 01:00:00,126.663
2011-03-20 02:00:00,106.76598
2011-03-20 03:00:00,88.737686
2011-03-20 04:00:00,79.146194
2011-03-20 05:00:00,68.66653
2011-03-20 06:00:00,71.46687
2011-03-20 07:00:00,59.263855
2011-03-20 08:00:00,85.06025
2011-03-20 09:00:00,106.00716
2011-03-20 10:00:00,120.339165
2011-03-20 11:00:00,155.0767
2011-03-20 12:00:00,165.84836
2011-03-20 13:00:00,221.32834
2011-03-20 14:00:00,266.1778
2011-03-20 15:00:00,240.56671
2011-03-20 16:00:00,265.9268
2011-03-20 17:00:00,236.13245
2011-03-20 18:00:00,202.16179
2011-03-20 19:00:00,156.58534
2011-03-20 20:00:00,152.35349
2011-03-20 21:00:00,115.57733
2011-03-20 22:00:00,117.0956
2011-03-20 23:00:00,89.65047
2011-03-21 00:00:00,107.4597
2011-03-21 01:00:00,102.18659
2011-03-21 02:00:00,98.75269
2011-03-21 03:00:00,98.75269
2011-03-21 05:00:00,80.801384
2011-03-21 06:00:00,81.34783
2011-03-21 07:00:00,60.884277
2011-03-21 08:00:00,68.33885
2011-03-21 09:00:00,77.33065
2011-03-21 10:00:00,118.35396
2011-03-21 11:00:00,137.4588
2011-03-21 12:00:00,131.1211
2011-03-21 13:00:00,158.1068
2011-03-21 14:00:00,176.00941
2011-03-21 15:00:00,199.5845
2011-03-21 16:00:00,179.82372
2011-03-21 17:00:00,177.40579
2011-03-21 18:00:00,143.23035
2011-03-21 19:00:00,237.03535
2011-03-21 20:00:00,188.58282
2011-03-21 21:00:00,84.61826
2011-03-21 22:00:00,100.135826
2011-03-21 23:00:00,90.266945
2011-03-22 00:00:00,95.16642
2011-03-22 01:00:00,60.516335
2011-03-22 02:00:00,73.32852
2011-03-22 03:00:00,112.46923
2011-03-22 04:00:00,112.997185
2011-03-22 05:00:00,100.34244
2011-03-22 06:00:00,95.18209
2011-03-22 07:00:00,100.948235
2011-03-22 08:00:00,142.59656
2011-03-22 09:00:00,169.2092
2011-03-22 10:00:00,162.96887
2011-03-22 11:00:00,184.07175
2011-03-22 12:00:00,193.04091
2011-03-22 13:00:00,221.91846
2011-03-22 14:00:00,248.00583
2011-03-22 15:00:00,231.26448
2011-03-22 16:00:00,208.74107
2011-03-22 17:00:00,208.74107
2011-03-22 18:00:00,190.49457
2011-03-22 19:00:00,161.75302
2011-03-22 20:00:00,171.2377
2011-03-22 21:00:00,153.77016
2011-03-22 22:00:00,136.55742
2011-03-22 23:00:00,136.55742
2011-03-23 00:00:00,94.30209
2011-03-23 01:00:00,89.15442
2011-03-23 02:00:00,89.15442
2011-03-23 03:00:00,89.8669
2011-03-23 05:00:00,70.5003
2011-03-23 06:00:00,75.27975
2011-03-23 07:00:00,67.16446
2011-03-23 08:00:00,74.857765
2011-03-23 09:00:00,77.2766
2011-03-23 10:00:00,80.97886
2011-03-23 11:00:00,79.94558
2011-03-23 12:00:00,76.527916
2011-03-23 13:00:00,83.38683
2011-03-23 14:00:00,82.26855
2011-03-23 15:00:00,105.809944
2011-03-23 16:00:00,117.86378
2011-03-23 17:00:00,117.86378
2011-03-23 18:00:00,98.53112
2011-03-23 19:00:00,98.53112
2011-03-23 20:00:00,89.685555
2011-03-23 21:00:00,54.74858
2011-03-23 22:00:00,66.687035
2011-03-23 23:00:00,86.28477
2011-03-24 00:00:00,67.16446
2011-03-24 01:00:00,55.18993
2011-03-24 02:00:00,57.53711
2011-03-24 03:00:00,52.536736
2011-03-24 04:00:00,52.536736
2011-03-24 05:00:00,63.285065
2011-03-24 06:00:00,63.285065
2011-03-24 07:00:00,56.204613
2011-03-24 08:00:00,55.27944
2011-03-24 09:00:00,61.63896
2011-03-24 10:00:00,60.211662
2011-03-24 11:00:00,71.70667
2011-03-24 12:00:00,87.17597
2011-03-24 13:00:00,95.458374
2011-03-24 14:00:00,89.48406
2011-03-24 15:00:00,87.73436
2011-03-24 16:00:00,98.930626
2011-03-24 17:00:00,89.90418
2011-03-24 18:00:00,107.74305
2011-03-24 19:00:00,128.01398
2011-03-24 20:00:00,106.32653
2011-03-24 21:00:00,91.22589
2011-03-24 22:00:00,94.69979
2011-03-24 23:00:00,87.75263
2011-03-25 00:00:00,93.93656
2011-03-25 01:00:00,75.92907
2011-03-25 02:00:00,75.80187
2011-03-25 03:00:00,71.273865
2011-03-25 04:00:00,62.461937
2011-03-25 05:00:00,63.37326
2011-03-25 06:00:00,67.64405
2011-03-25 07:00:00,82.8175
2011-03-25 08:00:00,102.51734
2011-03-25 09:00:00,115.90482
2011-03-25 10:00:00,114.52064
2011-03-25 11:00:00,144.08786
2011-03-25 12:00:00,150.90775
2011-03-25 13:00:00,163.29842
2011-03-25 14:00:00,215.03128
2011-03-25 15:00:00,167.61919
2011-03-25 16:00:00,180.77235
2011-03-25 17:00:00,166.09335
2011-03-25 18:00:00,150.60686
2011-03-25 19:00:00,159.42088
2011-03-25 20:00:00,179.69208
2011-03-25 21:00:00,180.99304
2011-03-25 22:00:00,141.78413
2011-03-25 23:00:00,141.01826
2011-03-26 00:00:00,137.61815
2011-03-26 01:00:00,138.82846
2011-03-26 02:00:00,93.20208
2011-03-26 03:00:00,80.60976
2011-03-26 04:00:00,93.20208
2011-03-26 05:00:00,72.98641
2011-03-26 06:00:00,61.00115
2011-03-26 07:00:00,72.9864
2011-03-26 08:00:00,95.76736
2011-03-26 09:00:00,109.23026
2011-03-26 10:00:00,116.99177
2011-03-26 11:00:00,132.51761
2011-03-26 12:00:00,150.36902
2011-03-26 13:00:00,191.99539
2011-03-26 14:00:00,255.85718
2011-03-26 15:00:00,263.19394
2011-03-26 16:00:00,300.9141
2011-03-26 17:00:00,269.09097
2011-03-26 18:00:00,295.25482
2011-03-26 19:00:00,118.10208
2011-03-26 20:00:00,118.10208
2011-03-26 21:00:00,110.52822
2011-03-26 22:00:00,125.82691
2011-03-26 23:00:00,112.51911
2011-03-27 00:00:00,116.01876
2011-03-27 01:00:00,87.62183
2011-03-27 02:00:00,72.59288
2011-03-27 03:00:00,49.87069
2011-03-27 04:00:00,46.376648
2011-03-27 06:00:00,44.697765
2011-03-27 07:00:00,44.585857
2011-03-27 08:00:00,51.183647
2011-03-27 09:00:00,84.22109
2011-03-27 10:00:00,71.89591
2011-03-27 11:00:00,93.87646
2011-03-27 12:00:00,112.51427
2011-03-27 13:00:00,139.14767
2011-03-27 14:00:00,174.7261
2011-03-27 15:00:00,177.11584
2011-03-27 16:00:00,211.58905
2011-03-27 17:00:00,217.9205
2011-03-27 18:00:00,176.45753
2011-03-27 19:00:00,198.63788
2011-03-27 20:00:00,141.82397
2011-03-27 21:00:00,116.99177
2011-03-27 22:00:00,116.99177
2011-03-27 23:00:00,112.57658
2011-03-28 00:00:00,98.57049
2011-03-28 01:00:00,115.2369
2011-03-28 02:00:00,114.070435
2011-03-28 03:00:00,114.070435
2011-03-28 05:00:00,101.585335
2011-03-28 06:00:00,122.06899
2011-03-28 07:00:00,137.95537
2011-03-28 08:00:00,130.6172
2011-03-28 09:00:00,135.83937
2011-03-28 10:00:00,147.69574
2011-03-28 11:00:00,157.39102
2011-03-28 12:00:00,163.34464
2011-03-28 13:00:00,197.84818
2011-03-28 14:00:00,238.19681
2011-03-28 15:00:00,240.46838
2011-03-28 16:00:00,244.2325
2011-03-28 17:00:00,254.35654
2011-03-28 18:00:00,257.50122
2011-03-28 19:00:00,215.54579
2011-03-28 20:00:00,221.86913
2011-03-28 21:00:00,231.22186
2011-03-28 22:00:00,226.33914
2011-03-28 23:00:00,207.96655
2011-03-29 00:00:00,180.12715
2011-03-29 01:00:00,153.72232
2011-03-29 02:00:00,153.72232
2011-03-29 03:00:00,153.72232
2011-03-29 04:00:00,105.45825
2011-03-29 05:00:00,133.17593
2011-03-29 06:00:00,127.23485
2011-03-29 07:00:00,123.62843
2011-03-29 08:00:00,143.84518
2011-03-29 09:00:00,200.93149
2011-03-29 10:00:00,218.6832
2011-03-29 11:00:00,230.12431
2011-03-29 12:00:00,227.16335
2011-03-29 13:00:00,242.86098
2011-03-29 14:00:00,253.14427
2011-03-29 15:00:00,270.82242
2011-03-29 16:00:00,270.76846
2011-03-29 17:00:00,293.36856
2011-03-29 18:00:00,250.51881
2011-03-29 19:00:00,241.49535
2011-03-29 20:00:00,250.51881
2011-03-29 21:00:00,138.5096
2011-03-29 22:00:00,113.909706
2011-03-29 23:00:00,93.849464
2011-03-30 00:00:00,98.09527
2011-03-30 01:00:00,143.66605
2011-03-30 02:00:00,98.09527
2011-03-30 03:00:00,122.67731
2011-03-30 04:00:00,98.09527
2011-03-30 05:00:00,104.7495
2011-03-30 06:00:00,129.90544
2011-03-30 07:00:00,158.1392
2011-03-30 08:00:00,134.26187
2011-03-30 09:00:00,140.84625
2011-03-30 10:00:00,145.11232
2011-03-30 11:00:00,142.4425
2011-03-30 12:00:00,159.67805
2011-03-30 13:00:00,153.09497
2011-03-30 14:00:00,150.9071
2011-03-30 15:00:00,64.92666
2011-03-30 16:00:00,62.05979
2011-03-30 17:00:00,65.65095
2011-03-30 18:00:00,61.63896
2011-03-30 19:00:00,61.63896
2011-03-30 20:00:00,56.111412
2011-03-30 21:00:00,60.678574
2011-03-30 22:00:00,58.359318
2011-03-30 23:00:00,56.826332
2011-03-31 00:00:00,58.359318
2011-03-31 01:00:00,59.88844
2011-03-31 02:00:00,59.88844
2011-03-31 03:00:00,58.359318
2011-03-31 04:00:00,56.92948
2011-03-31 05:00:00,58.359318
2011-03-31 06:00:00,56.111412
2011-03-31 07:00:00,56.92948
2011-03-31 08:00:00,56.45823
2011-03-31 09:00:00,57.50887
2011-03-31 10:00:00,57.50887
2011-03-31 11:00:00,61.293724
2011-03-31 12:00:00,61.293724
2011-03-31 13:00:00,72.69964
2011-03-31 14:00:00,72.69963
2011-03-31 15:00:00,62.55469
2011-03-31 16:00:00,68.5244
2011-03-31 17:00:00,68.5244
2011-03-31 18:00:00,70.61991
2011-03-31 19:00:00,70.61991
2011-03-31 20:00:00,57.159546
2011-03-31 21:00:00,58.569664
2011-03-31 22:00:00,57.840263
2011-03-31 23:00:00,59.36641
2011-04-20 00:00:00,85.94422
2011-04-20 01:00:00,71.50288
2011-04-20 02:00:00,71.50288
2011-04-20 03:00:00,62.437557
2011-04-20 04:00:00,54.828117
2011-04-20 05:00:00,69.13887
2011-04-20 06:00:00,71.50288
2011-04-20 07:00:00,68.237755
2011-04-20 08:00:00,250.88113
2011-04-20 09:00:00,290.15866
2011-04-20 10:00:00,171.64706
2011-04-20 11:00:00,171.64706
2011-04-20 12:00:00,351.25522
2011-04-20 13:00:00,351.25522
2011-04-20 14:00:00,422.82486
2011-04-20 15:00:00,412.89307
2011-04-20 16:00:00,412.89307
2011-04-20 17:00:00,423.97318
2011-04-20 18:00:00,374.0635
2011-04-20 19:00:00,368.42395
2011-04-20 20:00:00,317.769
2011-04-20 21:00:00,356.3085
2011-04-20 22:00:00,324.407
2011-04-20 23:00:00,357.63458
2011-04-21 00:00:00,287.38086
2011-04-21 01:00:00,234.19849
2011-04-21 02:00:00,265.5202
2011-04-21 03:00:00,195.16483
2011-04-21 04:00:00,183.76404
2011-04-21 05:00:00,180.8067
2011-04-21 06:00:00,173.08409
2011-04-21 07:00:00,188.08337
2011-04-21 08:00:00,175.37271
2011-04-21 09:00:00,169.6908
2011-04-21 10:00:00,200.03363
2011-04-21 11:00:00,208.88583
2011-04-21 12:00:00,226.77368
2011-04-21 13:00:00,302.3846
2011-04-21 14:00:00,324.6722
2011-04-21 15:00:00,356.4294
2011-04-21 16:00:00,375.94757
2011-04-21 17:00:00,293.27505
2011-04-21 18:00:00,356.80215
2011-04-21 19:00:00,316.54065
2011-04-21 20:00:00,250.00842
2011-04-21 21:00:00,174.54152
2011-04-21 22:00:00,182.42245
2011-04-21 23:00:00,163.32901
2011-04-22 00:00:00,117.278435
2011-04-22 01:00:00,140.06866
2011-04-22 02:00:00,147.88333
2011-04-22 03:00:00,147.88333
2011-04-22 04:00:00,141.87897
2011-04-22 05:00:00,130.86386
2011-04-22 06:00:00,141.87897
2011-04-22 07:00:00,131.0233
2011-04-22 08:00:00,126.87493
2011-04-22 09:00:00,110.383766
2011-04-22 10:00:00,106.27494
2011-04-22 11:00:00,91.94474
2011-04-22 12:00:00,86.035225
2011-04-22 13:00:00,76.54448
2011-04-22 14:00:00,69.70783
2011-04-22 15:00:00,76.54448
2011-04-22 16:00:00,83.38683
2011-04-22 17:00:00,63.888386
2011-04-22 18:00:00,63.888386
2011-04-22 19:00:00,63.888386
2011-04-22 20:00:00,68.766884
2011-04-22 21:00:00,65.924225
2011-04-22 22:00:00,66.23156
2011-04-22 23:00:00,78.87215
2011-04-23 00:00:00,37.375065
2011-04-23 01:00:00,37.375065
2011-04-23 02:00:00,58.00495
2011-04-23 03:00:00,60.158974
2011-04-23 04:00:00,61.343933
2011-04-23 05:00:00,61.343933
2011-04-23 06:00:00,39.832508
2011-04-23 07:00:00,56.723625
2011-04-23 08:00:00,40.55336
2011-04-23 09:00:00,68.527176
2011-04-23 10:00:00,89.06545
2011-04-23 11:00:00,103.80374
2011-04-23 12:00:00,155.46106
2011-04-23 13:00:00,148.95413
2011-04-23 14:00:00,192.68399
2011-04-23 15:00:00,228.66513
2011-04-23 16:00:00,194.73158
2011-04-23 17:00:00,215.82056
2011-04-23 18:00:00,129.66899
2011-04-23 19:00:00,144.71796
2011-04-23 20:00:00,136.4515
2011-04-23 21:00:00,154.09631
2011-04-23 22:00:00,156.35115
2011-04-23 23:00:00,108.17568
2011-04-24 00:00:00,111.95053
2011-04-24 01:00:00,82.35532
2011-04-24 02:00:00,82.35532
2011-04-24 03:00:00,66.59419
2011-04-24 04:00:00,66.59419
2011-04-24 05:00:00,66.59419
2011-04-24 06:00:00,71.76131
2011-04-24 07:00:00,71.76131
2011-04-24 08:00:00,80.681076
2011-04-24 09:00:00,121.4999
2011-04-24 10:00:00,134.23099
2011-04-24 11:00:00,205.34174
2011-04-24 12:00:00,276.1888
2011-04-24 13:00:00,338.6313
2011-04-24 14:00:00,349.22446
2011-04-24 15:00:00,294.0671
2011-04-24 16:00:00,405.3951
2011-04-24 17:00:00,282.5063
2011-04-24 18:00:00,175.5915
2011-04-24 19:00:00,147.56244
2011-04-24 20:00:00,147.56244
2011-04-24 21:00:00,118.96476
2011-04-24 22:00:00,114.33395
2011-04-24 23:00:00,104.14758
2011-04-25 00:00:00,109.9992
2011-04-25 01:00:00,98.52106
2011-04-25 02:00:00,98.52106
2011-04-25 03:00:00,102.93476
2011-04-25 04:00:00,102.580376
2011-04-25 05:00:00,81.51284
2011-04-25 06:00:00,95.70706
2011-04-25 07:00:00,109.671715
2011-04-25 08:00:00,118.80579
2011-04-25 09:00:00,137.92386
2011-04-25 10:00:00,202.64563
2011-04-25 11:00:00,202.64563
2011-04-25 12:00:00,218.14192
2011-04-25 13:00:00,290.77267
2011-04-25 14:00:00,345.9653
2011-04-25 15:00:00,350.75418
2011-04-25 16:00:00,330.97214
2011-04-25 17:00:00,334.97934
2011-04-25 18:00:00,309.67963
2011-04-25 19:00:00,295.6534
2011-04-25 20:00:00,290.15866
2011-04-25 21:00:00,227.53181
2011-04-25 22:00:00,209.81775
2011-04-25 23:00:00,180.09009
2011-04-26 00:00:00,231.29425
2011-04-26 01:00:00,212.96666
2011-04-26 02:00:00,179.47816
2011-04-26 03:00:00,144.78625
2011-04-26 04:00:00,157.61444
2011-04-26 05:00:00,137.83566
2011-04-26 06:00:00,138.9766
2011-04-26 07:00:00,176.2532
2011-04-26 08:00:00,176.2532
2011-04-26 09:00:00,232.71907
2011-04-26 10:00:00,254.98816
2011-04-26 11:00:00,283.52615
2011-04-26 12:00:00,314.0002
2011-04-26 13:00:00,364.40073
2011-04-26 14:00:00,336.39432
2011-04-26 15:00:00,312.96793
2011-04-26 16:00:00,321.09183
2011-04-26 17:00:00,298.6208
2011-04-26 18:00:00,288.5826
2011-04-26 19:00:00,239.10333
2011-04-26 20:00:00,232.71907
2011-04-26 21:00:00,200.27032
2011-04-26 22:00:00,161.02696
2011-04-26 23:00:00,164.52716
2011-04-27 00:00:00,160.69984
2011-04-27 01:00:00,169.35759
2011-04-27 02:00:00,153.88243
2011-04-27 03:00:00,164.4914
2011-04-27 04:00:00,122.492004
2011-04-27 05:00:00,151.3306
2011-04-27 06:00:00,129.37291
2011-04-27 07:00:00,164.4914
2011-04-27 08:00:00,170.71744
2011-04-27 09:00:00,181.5705
2011-04-27 10:00:00,179.07019
2011-04-27 11:00:00,189.30408
2011-04-27 12:00:00,221.87732
2011-04-27 13:00:00,203.96838
2011-04-27 14:00:00,240.88127
2011-04-27 15:00:00,307.17923
2011-04-27 16:00:00,280.0696
2011-04-27 17:00:00,190.841
2011-04-27 18:00:00,190.841
2011-04-27 19:00:00,200.27032
2011-04-27 20:00:00,198.27194
2011-04-27 21:00:00,169.8557
2011-04-27 22:00:00,180.04416
2011-04-27 23:00:00,186.28659
2011-04-28 00:00:00,223.0697
2011-04-28 01:00:00,195.59702
2011-04-28 02:00:00,204.63046
2011-04-28 03:00:00,205.13715
2011-04-28 04:00:00,200.10617
2011-04-28 05:00:00,195.59702
2011-04-28 06:00:00,219.39693
2011-04-28 07:00:00,216.48703
2011-04-28 08:00:00,223.789
2011-04-28 09:00:00,161.4896
2011-04-28 10:00:00,173.36026
2011-04-28 11:00:00,179.07019
2011-04-28 12:00:00,182.8088
2011-04-28 13:00:00,180.81445
2011-04-28 14:00:00,187.47868
2011-04-28 15:00:00,254.82495
2011-04-28 16:00:00,190.42038
2011-04-28 17:00:00,326.20667
2011-04-28 18:00:00,326.20667
2011-04-28 19:00:00,328.71622
2011-04-28 20:00:00,277.22427
2011-04-28 21:00:00,239.24052
2011-04-28 22:00:00,237.1159
2011-04-28 23:00:00,223.90607
2011-04-29 00:00:00,264.45874
2011-04-29 01:00:00,197.7807
2011-04-29 02:00:00,115.58426
2011-04-29 03:00:00,131.52106
2011-04-29 04:00:00,172.50284
2011-04-29 05:00:00,179.04132
2011-04-29 06:00:00,226.39389
2011-04-29 07:00:00,246.91884
2011-04-29 08:00:00,280.79016
2011-04-29 09:00:00,290.89255
2011-04-29 10:00:00,283.02536
2011-04-29 11:00:00,331.14243
2011-04-29 12:00:00,304.51688
2011-04-29 13:00:00,309.8972
2011-04-29 14:00:00,380.01312
2011-04-29 15:00:00,271.3541
2011-04-29 16:00:00,266.09918
2011-04-29 17:00:00,244.6423
2011-04-29 18:00:00,240.24623
2011-04-29 19:00:00,182.72215
2011-04-29 20:00:00,200.94272
2011-04-29 21:00:00,180.59601
2011-04-29 22:00:00,132.00696
2011-04-29 23:00:00,145.06903
2011-04-30 00:00:00,150.98477
2011-04-30 01:00:00,141.91742
2011-04-30 02:00:00,146.9383
2011-04-30 03:00:00,135.11943
2011-04-30 04:00:00,138.6834
2011-04-30 05:00:00,177.01013
2011-04-30 06:00:00,145.7449
2011-04-30 07:00:00,170.43753
2011-04-30 08:00:00,153.78885
2011-04-30 09:00:00,188.426
2011-04-30 10:00:00,258.9202
2011-04-30 11:00:00,279.67722
2011-04-30 12:00:00,299.6085
2011-04-30 13:00:00,330.18893
2011-04-30 14:00:00,338.61884
2011-04-30 15:00:00,352.96667
2011-04-30 16:00:00,382.2083
2011-04-30 17:00:00,283.24783
2011-04-30 18:00:00,268.8871
2011-04-30 19:00:00,268.8871
2011-04-30 20:00:00,99.27959
2011-04-30 21:00:00,99.27959
2011-04-30 22:00:00,82.41586
2011-04-30 23:00:00,82.41586
2011-05-20 00:00:00,80.506035
2011-05-20 01:00:00,66.113716
2011-05-20 02:00:00,64.53007
2011-05-20 03:00:00,59.852455
2011-05-20 04:00:00,73.32852
2011-05-20 05:00:00,73.80765
2011-05-20 06:00:00,90.90791
2011-05-20 07:00:00,121.84752
2011-05-20 08:00:00,110.93355
2011-05-20 09:00:00,168.3227
2011-05-20 10:00:00,188.58282
2011-05-20 11:00:00,202.7668
2011-05-20 12:00:00,260.26822
2011-05-20 13:00:00,243.95375
2011-05-20 14:00:00,298.95724
2011-05-20 15:00:00,247.23218
2011-05-20 16:00:00,252.61058
2011-05-20 17:00:00,202.96454
2011-05-20 18:00:00,269.73376
2011-05-20 19:00:00,158.3102
2011-05-20 20:00:00,164.34726
2011-05-20 21:00:00,154.75151
2011-05-20 22:00:00,107.34173
2011-05-20 23:00:00,134.30223
2011-05-21 00:00:00,91.47454
2011-05-21 01:00:00,81.79805
2011-05-21 02:00:00,94.99009
2011-05-21 03:00:00,77.705696
2011-05-21 04:00:00,63.357845
2011-05-21 05:00:00,62.593838
2011-05-21 06:00:00,87.284805
2011-05-21 07:00:00,108.073074
2011-05-21 08:00:00,182.00302
2011-05-21 09:00:00,236.47414
2011-05-21 10:00:00,206.46806
2011-05-21 11:00:00,291.18344
2011-05-21 12:00:00,272.92953
2011-05-21 13:00:00,325.2194
2011-05-21 14:00:00,364.6353
2011-05-21 15:00:00,417.9085
2011-05-21 16:00:00,476.05777
2011-05-21 17:00:00,404.89603
2011-05-21 18:00:00,365.10904
2011-05-21 19:00:00,352.46756
2011-05-21 20:00:00,188.72052
2011-05-21 21:00:00,206.46806
2011-05-21 22:00:00,149.92665
2011-05-21 23:00:00,105.01205
2011-05-22 00:00:00,94.00462
2011-05-22 01:00:00,74.5129
2011-05-22 02:00:00,73.46647
2011-05-22 03:00:00,59.447975
2011-05-22 04:00:00,54.30057
2011-05-22 05:00:00,59.447975
2011-05-22 06:00:00,73.46647
2011-05-22 07:00:00,89.52153
2011-05-22 08:00:00,128.0255
2011-05-22 09:00:00,149.45708
2011-05-22 10:00:00,190.72519
2011-05-22 11:00:00,334.75574
2011-05-22 12:00:00,347.16788
2011-05-22 13:00:00,300.28763
2011-05-22 14:00:00,184.49463
2011-05-22 15:00:00,256.67468
2011-05-22 16:00:00,250.66068
2011-05-22 17:00:00,334.2425
2011-05-22 18:00:00,278.5331
2011-05-22 19:00:00,264.78796
2011-05-22 20:00:00,205.22964
2011-05-22 21:00:00,156.34357
2011-05-22 22:00:00,114.38876
2011-05-22 23:00:00,117.51789
2011-05-23 00:00:00,129.72098
2011-05-23 01:00:00,118.80579
2011-05-23 02:00:00,123.94179
2011-05-23 03:00:00,122.67678
2011-05-23 04:00:00,107.89445
2011-05-23 05:00:00,107.89445
2011-05-23 06:00:00,107.10452
2011-05-23 07:00:00,123.090614
2011-05-23 08:00:00,138.6272
2011-05-23 09:00:00,147.314
2011-05-23 10:00:00,235.14325
2011-05-23 11:00:00,268.9007
2011-05-23 12:00:00,268.9007
2011-05-23 13:00:00,329.23813
2011-05-23 14:00:00,324.53946
2011-05-23 15:00:00,316.54562
2011-05-23 16:00:00,311.91776
2011-05-23 17:00:00,266.28656
2011-05-23 18:00:00,262.99963
2011-05-23 19:00:00,236.94484
2011-05-23 20:00:00,165.61766
2011-05-23 21:00:00,157.74501
2011-05-23 22:00:00,132.60217
2011-05-23 23:00:00,155.41464
2011-05-24 00:00:00,128.15079
2011-05-24 01:00:00,123.7869
2011-05-24 02:00:00,128.15079
2011-05-24 03:00:00,128.22426
2011-05-24 04:00:00,123.328354
2011-05-24 05:00:00,159.37708
2011-05-24 06:00:00,142.66937
2011-05-24 07:00:00,173.90245
2011-05-24 08:00:00,151.4664
2011-05-24 09:00:00,205.01028
2011-05-24 10:00:00,314.51706
2011-05-24 11:00:00,350.75418
2011-05-24 12:00:00,386.499
2011-05-24 13:00:00,359.63632
2011-05-24 14:00:00,360.42987
2011-05-24 15:00:00,321.61874
2011-05-24 16:00:00,222.11353
2011-05-24 17:00:00,255.09525
2011-05-24 18:00:00,239.57571
2011-05-24 19:00:00,197.01569
2011-05-24 20:00:00,161.79004
2011-05-24 21:00:00,146.15677
2011-05-24 22:00:00,144.08298
2011-05-24 23:00:00,198.21375
2011-05-25 00:00:00,145.3851
2011-05-25 01:00:00,134.65039
2011-05-25 02:00:00,112.61344
2011-05-25 03:00:00,100.26034
2011-05-25 04:00:00,99.10082
2011-05-25 05:00:00,116.764114
2011-05-25 06:00:00,113.57724
2011-05-25 07:00:00,161.15259
2011-05-25 08:00:00,224.0699
2011-05-25 09:00:00,216.58502
2011-05-25 10:00:00,244.20786
2011-05-25 11:00:00,282.12082
2011-05-25 12:00:00,310.58646
2011-05-25 13:00:00,310.58646
2011-05-25 14:00:00,329.12103
2011-05-25 15:00:00,374.01782
2011-05-25 16:00:00,363.2465
2011-05-25 17:00:00,350.75418
2011-05-25 18:00:00,334.60083
2011-05-25 19:00:00,272.36087
2011-05-25 20:00:00,287.24112
2011-05-25 21:00:00,198.48459
2011-05-25 22:00:00,247.76376
2011-05-25 23:00:00,169.0953
2011-05-26 00:00:00,169.0953
2011-05-26 01:00:00,169.0953
2011-05-26 02:00:00,138.73643
2011-05-26 03:00:00,121.10126
2011-05-26 04:00:00,111.42887
2011-05-26 05:00:00,127.93308
2011-05-26 06:00:00,107.062195
2011-05-26 07:00:00,158.06125
2011-05-26 08:00:00,172.7524
2011-05-26 09:00:00,251.63525
2011-05-26 10:00:00,262.99963
2011-05-26 11:00:00,321.5077
2011-05-26 12:00:00,386.63562
2011-05-26 13:00:00,393.71323
2011-05-26 14:00:00,393.71323
2011-05-26 15:00:00,381.91867
2011-05-26 16:00:00,386.516
2011-05-26 17:00:00,360.94223
2011-05-26 18:00:00,370.5748
2011-05-26 19:00:00,366.66354
2011-05-26 20:00:00,315.3669
2011-05-26 21:00:00,256.4769
2011-05-26 22:00:00,246.1817
2011-05-26 23:00:00,275.8926
2011-05-27 00:00:00,260.95483
2011-05-27 01:00:00,325.616
2011-05-27 02:00:00,294.11728
2011-05-27 03:00:00,205.32573
2011-05-27 04:00:00,188.97134
2011-05-27 05:00:00,254.93378
2011-05-27 06:00:00,170.99944
2011-05-27 07:00:00,180.77484
2011-05-27 08:00:00,228.84988
2011-05-27 09:00:00,304.1644
2011-05-27 10:00:00,341.90802
2011-05-27 11:00:00,332.16483
2011-05-27 12:00:00,350.5612
2011-05-27 13:00:00,339.7934
2011-05-27 14:00:00,374.76773
2011-05-27 15:00:00,371.26865
2011-05-27 16:00:00,346.17728
2011-05-27 17:00:00,345.5182
2011-05-27 18:00:00,311.91776
2011-05-27 19:00:00,163.44112
2011-05-27 20:00:00,194.51935
2011-05-27 21:00:00,133.04053
2011-05-27 22:00:00,148.09955
2011-05-27 23:00:00,128.76646
2011-05-28 00:00:00,105.33643
2011-05-28 01:00:00,114.77943
2011-05-28 02:00:00,92.45696
2011-05-28 03:00:00,113.68571
2011-05-28 04:00:00,121.4999
2011-05-28 05:00:00,113.68571
2011-05-28 06:00:00,140.99887
2011-05-28 07:00:00,146.0006
2011-05-28 08:00:00,147.94864
2011-05-28 09:00:00,190.2737
2011-05-28 10:00:00,275.77884
2011-05-28 11:00:00,275.77884
2011-05-28 12:00:00,345.89688
2011-05-28 13:00:00,323.7928
2011-05-28 14:00:00,345.32034
2011-05-28 15:00:00,361.23593
2011-05-28 16:00:00,382.88782
2011-05-28 17:00:00,374.26895
2011-05-28 18:00:00,334.14844
2011-05-28 19:00:00,262.19333
2011-05-28 20:00:00,275.77884
2011-05-28 21:00:00,218.06726
2011-05-28 22:00:00,161.08728
2011-05-28 23:00:00,133.3563
2011-05-29 00:00:00,141.37115
2011-05-29 01:00:00,114.88789
2011-05-29 02:00:00,105.303894
2011-05-29 03:00:00,105.303894
2011-05-29 04:00:00,97.3153
2011-05-29 05:00:00,85.97442
2011-05-29 06:00:00,132.94757
2011-05-29 07:00:00,150.02834
2011-05-29 08:00:00,141.65735
2011-05-29 09:00:00,135.12778
2011-05-29 10:00:00,167.4757
2011-05-29 11:00:00,187.27605
2011-05-29 12:00:00,241.45872
2011-05-29 13:00:00,291.39587
2011-05-29 14:00:00,305.24008
2011-05-29 15:00:00,312.8524
2011-05-29 16:00:00,305.24008
2011-05-29 17:00:00,305.24008
2011-05-29 18:00:00,271.7172
2011-05-29 19:00:00,259.40067
2011-05-29 20:00:00,181.35883
2011-05-29 21:00:00,150.46835
2011-05-29 22:00:00,120.61903
2011-05-29 23:00:00,125.29062
2011-05-30 00:00:00,79.03719
2011-05-30 01:00:00,66.83876
2011-05-30 02:00:00,79.03719
2011-05-30 03:00:00,79.03719
2011-05-30 04:00:00,70.087
2011-05-30 05:00:00,73.64311
2011-05-30 06:00:00,76.42641
2011-05-30 07:00:00,71.97151
2011-05-30 08:00:00,91.98439
2011-05-30 09:00:00,152.60855
2011-05-30 10:00:00,404.46652
2011-05-30 11:00:00,341.5651
2011-05-30 12:00:00,363.24326
2011-05-30 13:00:00,351.92682
2011-05-30 14:00:00,343.05637
2011-05-30 15:00:00,439.1889
2011-05-30 16:00:00,442.7273
2011-05-30 17:00:00,433.1385
2011-05-30 18:00:00,393.35028
2011-05-30 19:00:00,219.06747
2011-05-30 20:00:00,272.65292
2011-05-30 21:00:00,206.35126
2011-05-30 22:00:00,186.26239
2011-05-30 23:00:00,102.816025
2011-05-31 00:00:00,175.941
2011-05-31 01:00:00,155.34778
2011-05-31 02:00:00,147.45834
2011-05-31 03:00:00,120.80748
2011-05-31 04:00:00,148.00677
2011-05-31 05:00:00,148.00677
2011-05-31 06:00:00,163.64001
2011-05-31 07:00:00,261.46906
2011-05-31 08:00:00,328.5476
2011-05-31 09:00:00,348.33395
2011-05-31 10:00:00,357.855
2011-05-31 11:00:00,308.93832
2011-05-31 12:00:00,334.30005
2011-05-31 13:00:00,305.90787
2011-05-31 14:00:00,268.5802
2011-05-31 15:00:00,307.68204
2011-05-31 16:00:00,296.3866
2011-05-31 17:00:00,391.82742
2011-05-31 18:00:00,382.05283
2011-05-31 19:00:00,297.15286
2011-05-31 20:00:00,297.15286
2011-05-31 21:00:00,276.9734
2011-05-31 22:00:00,265.61374
2011-05-31 23:00:00,188.24194
2011-06-20 00:00:00,160.99258
2011-06-20 01:00:00,131.53687
2011-06-20 02:00:00,131.53687
2011-06-20 03:00:00,134.87152
2011-06-20 04:00:00,136.17245
2011-06-20 05:00:00,140.63083
2011-06-20 06:00:00,152.96075
2011-06-20 07:00:00,128.3982
2011-06-20 08:00:00,128.94556
2011-06-20 09:00:00,173.7587
2011-06-20 10:00:00,173.7587
2011-06-20 11:00:00,153.27026
2011-06-20 12:00:00,202.58936
2011-06-20 13:00:00,199.2052
2011-06-20 14:00:00,233.54343
2011-06-20 15:00:00,246.6879
2011-06-20 16:00:00,306.8752
2011-06-20 17:00:00,210.79794
2011-06-20 18:00:00,314.26678
2011-06-20 19:00:00,262.27298
2011-06-20 20:00:00,234.05359
2011-06-20 21:00:00,180.77481
2011-06-20 22:00:00,207.68573
2011-06-20 23:00:00,190.42038
2011-06-21 00:00:00,124.92193
2011-06-21 01:00:00,166.27574
2011-06-21 02:00:00,142.3385
2011-06-21 03:00:00,142.3385
2011-06-21 04:00:00,96.75508
2011-06-21 05:00:00,104.19308
2011-06-21 06:00:00,104.19308
2011-06-21 07:00:00,78.63379
2011-06-21 08:00:00,100.140205
2011-06-21 09:00:00,138.81404
2011-06-21 10:00:00,138.16064
2011-06-21 11:00:00,119.010826
2011-06-21 12:00:00,187.09518
2011-06-21 13:00:00,256.2431
2011-06-21 14:00:00,312.73654
2011-06-21 15:00:00,350.12442
2011-06-21 16:00:00,348.39328
2011-06-21 17:00:00,327.38373
2011-06-21 18:00:00,273.07245
2011-06-21 19:00:00,241.26761
2011-06-21 20:00:00,235.08124
2011-06-21 21:00:00,219.23311
2011-06-21 22:00:00,136.63795
2011-06-21 23:00:00,162.28757
2011-06-22 00:00:00,142.85016
2011-06-22 01:00:00,120.31046
2011-06-22 02:00:00,95.87417
2011-06-22 03:00:00,120.31046
2011-06-22 04:00:00,81.24011
2011-06-22 05:00:00,75.85676
2011-06-22 06:00:00,89.196884
2011-06-22 07:00:00,113.17336
2011-06-22 08:00:00,182.22041
2011-06-22 09:00:00,177.40564
2011-06-22 10:00:00,274.00046
2011-06-22 11:00:00,231.41568
2011-06-22 12:00:00,328.85025
2011-06-22 13:00:00,360.2399
2011-06-22 14:00:00,382.21893
2011-06-22 15:00:00,371.07065
2011-06-22 16:00:00,372.82288
2011-06-22 17:00:00,378.12167
2011-06-22 18:00:00,342.86478
2011-06-22 19:00:00,359.41104
2011-06-22 20:00:00,205.16037
2011-06-22 21:00:00,185.61661
2011-06-22 22:00:00,215.11113
2011-06-22 23:00:00,219.60541
2011-06-23 00:00:00,200.80008
2011-06-23 01:00:00,231.55295
2011-06-23 02:00:00,231.55295
2011-06-23 03:00:00,223.62845
2011-06-23 04:00:00,191.20969
2011-06-23 05:00:00,206.90932
2011-06-23 06:00:00,206.90933
2011-06-23 07:00:00,218.95454
2011-06-23 08:00:00,241.7277
2011-06-23 09:00:00,232.55927
2011-06-23 10:00:00,260.41086
2011-06-23 11:00:00,274.25626
2011-06-23 12:00:00,295.11508
2011-06-23 13:00:00,305.85184
2011-06-23 14:00:00,298.53528
2011-06-23 15:00:00,349.19458
2011-06-23 16:00:00,289.68396
2011-06-23 17:00:00,259.32553
2011-06-23 18:00:00,278.31882
2011-06-23 19:00:00,271.26376
2011-06-23 20:00:00,211.40605
2011-06-23 21:00:00,199.47824
2011-06-23 22:00:00,218.34286
2011-06-23 23:00:00,233.5945
2011-06-24 00:00:00,154.40977
2011-06-24 01:00:00,179.03545
2011-06-24 02:00:00,179.03545
2011-06-24 03:00:00,119.010826
2011-06-24 04:00:00,101.56097
2011-06-24 05:00:00,86.0357
2011-06-24 06:00:00,110.230705
2011-06-24 07:00:00,155.48459
2011-06-24 08:00:00,211.40605
2011-06-24 09:00:00,253.39473
2011-06-24 10:00:00,393.72058
2011-06-24 11:00:00,408.18015
2011-06-24 12:00:00,395.37198
2011-06-24 13:00:00,389.90036
2011-06-24 14:00:00,384.32574
2011-06-24 15:00:00,414.2888
2011-06-24 16:00:00,436.1058
2011-06-24 17:00:00,399.06894
2011-06-24 18:00:00,409.2076
2011-06-24 19:00:00,379.52078
2011-06-24 20:00:00,320.8998
2011-06-24 21:00:00,285.29074
2011-06-24 22:00:00,234.80621
2011-06-24 23:00:00,266.55215
2011-06-25 00:00:00,386.35706
2011-06-25 01:00:00,337.61594
2011-06-25 02:00:00,337.27304
2011-06-25 03:00:00,279.05374
2011-06-25 04:00:00,279.05374
2011-06-25 05:00:00,210.76227
2011-06-25 06:00:00,286.68668
2011-06-25 07:00:00,297.47858
2011-06-25 08:00:00,408.16443
2011-06-25 09:00:00,442.58548
2011-06-25 10:00:00,429.18704
2011-06-25 11:00:00,435.3132
2011-06-25 12:00:00,491.875
2011-06-25 13:00:00,491.875
2011-06-25 14:00:00,454.6269
2011-06-25 15:00:00,403.67947
2011-06-25 16:00:00,490.22067
2011-06-25 17:00:00,470.18198
2011-06-25 18:00:00,442.58548
2011-06-25 19:00:00,423.5035
2011-06-25 20:00:00,394.9349
2011-06-25 21:00:00,341.56143
2011-06-25 22:00:00,391.8859
2011-06-25 23:00:00,366.48148
2011-06-26 00:00:00,285.9709
2011-06-26 01:00:00,273.76205
2011-06-26 02:00:00,237.42194
2011-06-26 03:00:00,172.50508
2011-06-26 04:00:00,166.61044
2011-06-26 05:00:00,170.86574
2011-06-26 06:00:00,170.86574
2011-06-26 07:00:00,197.863
2011-06-26 08:00:00,247.28943
2011-06-26 09:00:00,259.1744
2011-06-26 10:00:00,361.44632
2011-06-26 11:00:00,400.43692
2011-06-26 12:00:00,449.1537
2011-06-26 13:00:00,439.86243
2011-06-26 14:00:00,436.94626
2011-06-26 15:00:00,439.86243
2011-06-26 16:00:00,455.81967
2011-06-26 17:00:00,436.97626
2011-06-26 18:00:00,450.58832
2011-06-26 19:00:00,376.97568
2011-06-26 20:00:00,348.69446
2011-06-26 21:00:00,297.41516
2011-06-26 22:00:00,319.71487
2011-06-26 23:00:00,283.42606
2011-06-27 00:00:00,202.3995
2011-06-27 01:00:00,154.59402
2011-06-27 02:00:00,161.80977
2011-06-27 03:00:00,161.80977
2011-06-27 04:00:00,127.18286
2011-06-27 05:00:00,132.59497
2011-06-27 06:00:00,157.04659
2011-06-27 07:00:00,189.00275
2011-06-27 08:00:00,173.51602
2011-06-27 09:00:00,237.00783
2011-06-27 10:00:00,261.3326
2011-06-27 11:00:00,222.91296
2011-06-27 12:00:00,237.00783
2011-06-27 13:00:00,280.42654
2011-06-27 14:00:00,235.16711
2011-06-27 15:00:00,242.36217
2011-06-27 16:00:00,261.40295
2011-06-27 17:00:00,278.80365
2011-06-27 18:00:00,226.65675
2011-06-27 19:00:00,277.91226
2011-06-27 20:00:00,204.10161
2011-06-27 21:00:00,161.60698
2011-06-27 22:00:00,137.8905
2011-06-27 23:00:00,137.8905
2011-06-28 00:00:00,167.50015
2011-06-28 01:00:00,109.14273
2011-06-28 02:00:00,154.98805
2011-06-28 03:00:00,154.98805
2011-06-28 04:00:00,109.14273
2011-06-28 05:00:00,95.87417
2011-06-28 06:00:00,119.010826
2011-06-28 07:00:00,138.08472
2011-06-28 08:00:00,159.8021
2011-06-28 09:00:00,162.37595
2011-06-28 10:00:00,339.19772
2011-06-28 11:00:00,309.3435
2011-06-28 12:00:00,378.1389
2011-06-28 13:00:00,320.33853
2011-06-28 14:00:00,386.59882
2011-06-28 15:00:00,325.55362
2011-06-28 16:00:00,402.0924
2011-06-28 17:00:00,361.9097
2011-06-28 18:00:00,352.73935
2011-06-28 19:00:00,330.69113
2011-06-28 20:00:00,184.16315
2011-06-28 21:00:00,298.20074
2011-06-28 22:00:00,248.15929
2011-06-28 23:00:00,245.34389
2011-06-29 00:00:00,192.64015
2011-06-29 01:00:00,195.29274
2011-06-29 02:00:00,138.06073
2011-06-29 03:00:00,130.06981
2011-06-29 04:00:00,103.79122
2011-06-29 05:00:00,118.28983
2011-06-29 06:00:00,226.84662
2011-06-29 07:00:00,302.8909
2011-06-29 08:00:00,338.36813
2011-06-29 09:00:00,389.16846
2011-06-29 10:00:00,383.6164
2011-06-29 11:00:00,399.2887
2011-06-29 12:00:00,403.8882
2011-06-29 13:00:00,398.78577
2011-06-29 14:00:00,380.59256
2011-06-29 15:00:00,371.55664
2011-06-29 16:00:00,422.907
2011-06-29 17:00:00,410.15308
2011-06-29 18:00:00,391.26663
2011-06-29 19:00:00,436.69455
2011-06-29 20:00:00,409.19604
2011-06-29 21:00:00,382.8869
2011-06-29 22:00:00,355.42484
2011-06-29 23:00:00,314.99026
2011-06-30 00:00:00,280.48978
2011-06-30 01:00:00,251.02885
2011-06-30 02:00:00,232.64372
2011-06-30 03:00:00,217.69818
2011-06-30 04:00:00,184.94183
2011-06-30 05:00:00,205.91531
2011-06-30 06:00:00,219.13922
2011-06-30 07:00:00,230.50464
2011-06-30 08:00:00,328.42422
2011-06-30 09:00:00,365.87875
2011-06-30 10:00:00,361.26233
2011-06-30 11:00:00,360.60373
2011-06-30 12:00:00,386.22305
2011-06-30 13:00:00,393.95633
2011-06-30 14:00:00,386.3837
2011-06-30 15:00:00,386.93915
2011-06-30 16:00:00,370.28018
2011-06-30 17:00:00,405.54056
2011-06-30 18:00:00,395.8724
2011-06-30 19:00:00,399.7474
2011-06-30 20:00:00,399.7474
2011-06-30 21:00:00,347.69925
2011-06-30 22:00:00,338.09647
2011-06-30 23:00:00,210.53702
2011-07-20 00:00:00,122.33229
2011-07-20 01:00:00,105.91529
2011-07-20 02:00:00,105.91529
2011-07-20 03:00:00,122.33229
2011-07-20 04:00:00,97.28152
2011-07-20 05:00:00,113.60093
2011-07-20 06:00:00,118.53668
2011-07-20 07:00:00,155.71375
2011-07-20 08:00:00,159.29694
2011-07-20 09:00:00,198.90457
2011-07-20 10:00:00,176.85023
2011-07-20 11:00:00,271.98053
2011-07-20 12:00:00,256.8653
2011-07-20 13:00:00,354.36447
2011-07-20 14:00:00,372.76474
2011-07-20 15:00:00,348.2073
2011-07-20 16:00:00,279.77325
2011-07-20 17:00:00,357.78513
2011-07-20 18:00:00,367.55972
2011-07-20 19:00:00,345.17023
2011-07-20 20:00:00,334.9343
2011-07-20 21:00:00,324.54706
2011-07-20 22:00:00,319.97635
2011-07-20 23:00:00,275.97076
2011-07-21 00:00:00,250.86166
2011-07-21 01:00:00,219.21371
2011-07-21 02:00:00,219.21371
2011-07-21 03:00:00,215.27765
2011-07-21 04:00:00,180.74658
2011-07-21 05:00:00,180.74658
2011-07-21 06:00:00,180.74658
2011-07-21 07:00:00,200.99338
2011-07-21 08:00:00,241.16008
2011-07-21 09:00:00,308.29868
2011-07-21 10:00:00,347.13293
2011-07-21 11:00:00,398.5875
2011-07-21 12:00:00,418.18915
2011-07-21 13:00:00,409.51767
2011-07-21 14:00:00,419.91684
2011-07-21 15:00:00,397.42297
2011-07-21 16:00:00,396.474
2011-07-21 17:00:00,397.8207
2011-07-21 18:00:00,401.49365
2011-07-21 19:00:00,414.8851
2011-07-21 20:00:00,389.76883
2011-07-21 21:00:00,379.09366
2011-07-21 22:00:00,340.4482
2011-07-21 23:00:00,316.61832
2011-07-22 00:00:00,327.7462
2011-07-22 01:00:00,230.32861
2011-07-22 02:00:00,245.42133
2011-07-22 03:00:00,244.86531
2011-07-22 04:00:00,210.653
2011-07-22 05:00:00,160.80896
2011-07-22 06:00:00,204.37688
2011-07-22 07:00:00,279.45935
2011-07-22 08:00:00,329.0214
2011-07-22 09:00:00,325.11136
2011-07-22 10:00:00,343.65067
2011-07-22 11:00:00,340.15894
2011-07-22 12:00:00,351.46802
2011-07-22 13:00:00,353.24875
2011-07-22 14:00:00,395.89474
2011-07-22 15:00:00,398.73166
2011-07-22 16:00:00,503.3063
2011-07-22 17:00:00,339.21036
2011-07-22 18:00:00,362.57315
2011-07-22 19:00:00,380.64816
2011-07-22 20:00:00,279.77325
2011-07-22 21:00:00,294.22348
2011-07-22 22:00:00,310.44156
2011-07-22 23:00:00,339.37686
2011-07-23 00:00:00,356.61273
2011-07-23 01:00:00,377.46664
2011-07-23 02:00:00,389.62296
2011-07-23 03:00:00,258.9186
2011-07-23 04:00:00,244.09796
2011-07-23 05:00:00,277.82297
2011-07-23 06:00:00,382.7561
2011-07-23 07:00:00,361.63834
2011-07-23 08:00:00,482.8461
2011-07-23 09:00:00,443.82004
2011-07-23 10:00:00,454.77298
2011-07-23 11:00:00,437.38184
2011-07-23 12:00:00,404.12378
2011-07-23 13:00:00,428.77597
2011-07-23 14:00:00,415.77777
2011-07-23 15:00:00,406.749
2011-07-23 16:00:00,416.0895
2011-07-23 17:00:00,416.0895
2011-07-23 18:00:00,452.01715
2011-07-23 19:00:00,365.1046
2011-07-23 20:00:00,416.5621
2011-07-23 21:00:00,416.5621
2011-07-23 22:00:00,376.90817
2011-07-23 23:00:00,321.82758
2011-07-24 00:00:00,321.82758
2011-07-24 01:00:00,266.48422
2011-07-24 02:00:00,298.2949
2011-07-24 03:00:00,298.2949
2011-07-24 04:00:00,266.48422
2011-07-24 05:00:00,258.9186
2011-07-24 06:00:00,325.52786
2011-07-24 07:00:00,346.7605
2011-07-24 08:00:00,453.98965
2011-07-24 09:00:00,452.79227
2011-07-24 10:00:00,524.9884
2011-07-24 11:00:00,479.19766
2011-07-24 12:00:00,431.6212
2011-07-24 13:00:00,460.1485
2011-07-24 14:00:00,504.76318
2011-07-24 15:00:00,467.6977
2011-07-24 16:00:00,467.6977
2011-07-24 17:00:00,405.254
2011-07-24 18:00:00,432.3936
2011-07-24 19:00:00,437.83862
2011-07-24 20:00:00,443.82004
2011-07-24 21:00:00,325.4961
2011-07-24 22:00:00,264.9415
2011-07-24 23:00:00,249.31656
2011-07-25 00:00:00,220.40239
2011-07-25 01:00:00,236.02852
2011-07-25 02:00:00,199.51057
2011-07-25 03:00:00,132.45226
2011-07-25 04:00:00,135.79758
2011-07-25 05:00:00,135.79758
2011-07-25 06:00:00,174.55505
2011-07-25 07:00:00,177.84033
2011-07-25 08:00:00,210.40215
2011-07-25 09:00:00,226.24449
2011-07-25 10:00:00,256.8653
2011-07-25 11:00:00,342.67166
2011-07-25 12:00:00,342.67166
2011-07-25 13:00:00,227.43968
2011-07-25 14:00:00,215.11113
2011-07-25 15:00:00,216.9927
2011-07-25 16:00:00,158.71896
2011-07-25 17:00:00,148.27711
2011-07-25 18:00:00,187.00961
2011-07-25 19:00:00,198.90457
2011-07-25 20:00:00,194.54419
2011-07-25 21:00:00,105.91529
2011-07-25 22:00:00,105.91529
2011-07-25 23:00:00,120.10204
2011-07-26 00:00:00,136.63794
2011-07-26 01:00:00,136.63794
2011-07-26 02:00:00,107.13086
2011-07-26 03:00:00,112.09391
2011-07-26 04:00:00,121.63268
2011-07-26 05:00:00,90.198326
2011-07-26 06:00:00,148.4852
2011-07-26 07:00:00,284.28085
2011-07-26 08:00:00,304.6569
2011-07-26 09:00:00,378.93082
2011-07-26 10:00:00,382.19644
2011-07-26 11:00:00,330.827
2011-07-26 12:00:00,328.3932
2011-07-26 13:00:00,384.64566
2011-07-26 14:00:00,376.18045
2011-07-26 15:00:00,377.3434
2011-07-26 16:00:00,387.4767
2011-07-26 17:00:00,396.49753
2011-07-26 18:00:00,416.09732
2011-07-26 19:00:00,400.67227
2011-07-26 20:00:00,376.99185
2011-07-26 21:00:00,355.2372
2011-07-26 22:00:00,287.0128
2011-07-26 23:00:00,264.33054
2011-07-27 00:00:00,300.47543
2011-07-27 01:00:00,343.46292
2011-07-27 02:00:00,353.17087
2011-07-27 03:00:00,276.96692
2011-07-27 04:00:00,308.30222
2011-07-27 05:00:00,304.92172
2011-07-27 06:00:00,302.8909
2011-07-27 07:00:00,342.5586
2011-07-27 08:00:00,376.84976
2011-07-27 09:00:00,403.8882
2011-07-27 10:00:00,340.48386
2011-07-27 11:00:00,334.52805
2011-07-27 12:00:00,384.14157
2011-07-27 13:00:00,391.67877
2011-07-27 14:00:00,370.1689
2011-07-27 15:00:00,366.9338
2011-07-27 16:00:00,359.97226
2011-07-27 17:00:00,369.38242
2011-07-27 18:00:00,349.88974
2011-07-27 19:00:00,349.88528
2011-07-27 20:00:00,362.3231
2011-07-27 21:00:00,278.5015
2011-07-27 22:00:00,241.57114
2011-07-27 23:00:00,285.8374
2011-07-28 00:00:00,273.8317
2011-07-28 01:00:00,226.38043
2011-07-28 02:00:00,258.67096
2011-07-28 03:00:00,211.85184
2011-07-28 04:00:00,224.74365
2011-07-28 05:00:00,204.10161
2011-07-28 06:00:00,170.1359
2011-07-28 07:00:00,221.72647
2011-07-28 08:00:00,256.2431
2011-07-28 09:00:00,322.74722
2011-07-28 10:00:00,363.8618
2011-07-28 11:00:00,379.6243
2011-07-28 12:00:00,379.42276
2011-07-28 13:00:00,396.1573
2011-07-28 14:00:00,406.1685
2011-07-28 15:00:00,363.0709
2011-07-28 16:00:00,356.89218
2011-07-28 17:00:00,352.63138
2011-07-28 18:00:00,363.0049
2011-07-28 19:00:00,349.41733
2011-07-28 20:00:00,339.3768
2011-07-28 21:00:00,341.0161
2011-07-28 22:00:00,295.50082
2011-07-28 23:00:00,247.15175
2011-07-29 00:00:00,185.61661
2011-07-29 01:00:00,173.192
2011-07-29 02:00:00,132.45226
2011-07-29 03:00:00,132.45226
2011-07-29 04:00:00,149.71602
2011-07-29 05:00:00,122.73258
2011-07-29 06:00:00,149.18384
2011-07-29 07:00:00,199.51057
2011-07-29 08:00:00,217.15108
2011-07-29 09:00:00,396.1573
2011-07-29 10:00:00,391.55704
2011-07-29 11:00:00,392.52426
2011-07-29 12:00:00,369.6401
2011-07-29 13:00:00,313.30637
2011-07-29 14:00:00,363.95294
2011-07-29 15:00:00,365.5081
2011-07-29 16:00:00,394.61398
2011-07-29 17:00:00,370.53525
2011-07-29 18:00:00,393.4254
2011-07-29 19:00:00,383.05188
2011-07-29 20:00:00,399.84274
2011-07-29 21:00:00,350.6511
2011-07-29 22:00:00,364.26892
2011-07-29 23:00:00,286.9053
2011-07-30 00:00:00,358.76147
2011-07-30 01:00:00,303.43878
2011-07-30 02:00:00,315.25754
2011-07-30 03:00:00,272.62628
2011-07-30 04:00:00,237.90479
2011-07-30 05:00:00,266.05676
2011-07-30 06:00:00,273.77527
2011-07-30 07:00:00,290.49973
2011-07-30 08:00:00,366.5585
2011-07-30 09:00:00,505.10413
2011-07-30 10:00:00,488.10837
2011-07-30 11:00:00,438.78723
2011-07-30 12:00:00,427.64658
2011-07-30 13:00:00,409.40567
2011-07-30 14:00:00,408.8784
2011-07-30 15:00:00,413.9241
2011-07-30 16:00:00,434.51083
2011-07-30 17:00:00,399.04886
2011-07-30 18:00:00,431.08188
2011-07-30 19:00:00,466.26144
2011-07-30 20:00:00,433.60062
2011-07-30 21:00:00,426.56137
2011-07-30 22:00:00,343.97513
2011-07-30 23:00:00,303.4388
2011-07-31 00:00:00,303.43878
2011-07-31 01:00:00,234.74281
2011-07-31 02:00:00,216.02753
2011-07-31 03:00:00,226.10742
2011-07-31 04:00:00,180.92957
2011-07-31 05:00:00,189.32289
2011-07-31 06:00:00,192.6901
2011-07-31 07:00:00,293.2924
2011-07-31 08:00:00,368.7814
2011-07-31 09:00:00,405.3615
2011-07-31 10:00:00,430.94867
2011-07-31 11:00:00,423.22116
2011-07-31 12:00:00,427.84412
2011-07-31 13:00:00,405.07507
2011-07-31 14:00:00,416.15564
2011-07-31 15:00:00,361.09512
2011-07-31 16:00:00,347.2607
2011-07-31 17:00:00,400.27615
2011-07-31 18:00:00,478.57748
2011-07-31 19:00:00,441.84567
2011-07-31 20:00:00,441.84567
2011-07-31 21:00:00,387.39395
2011-07-31 22:00:00,287.61075
2011-07-31 23:00:00,281.97055
2011-08-20 00:00:00,57.015717
2011-08-20 01:00:00,68.50288
2011-08-20 02:00:00,80.35663
2011-08-20 03:00:00,80.35663
2011-08-20 04:00:00,76.22033
2011-08-20 05:00:00,65.633675
2011-08-20 06:00:00,103.86785
2011-08-20 07:00:00,68.50286
2011-08-20 08:00:00,144.22888
2011-08-20 09:00:00,201.25781
2011-08-20 10:00:00,240.73221
2011-08-20 11:00:00,275.7354
2011-08-20 12:00:00,293.2924
2011-08-20 13:00:00,334.07565
2011-08-20 14:00:00,441.24542
2011-08-20 15:00:00,455.64685
2011-08-20 16:00:00,455.11502
2011-08-20 17:00:00,441.24542
2011-08-20 18:00:00,359.41782
2011-08-20 19:00:00,287.43002
2011-08-20 20:00:00,303.0406
2011-08-20 21:00:00,234.93652
2011-08-20 22:00:00,211.48657
2011-08-20 23:00:00,149.67316
2011-08-21 00:00:00,175.16081
2011-08-21 01:00:00,137.1166
2011-08-21 02:00:00,125.17089
2011-08-21 03:00:00,119.07105
2011-08-21 04:00:00,128.12224
2011-08-21 05:00:00,130.7986
2011-08-21 06:00:00,125.54749
2011-08-21 07:00:00,157.22684
2011-08-21 08:00:00,156.1438
2011-08-21 09:00:00,214.85773
2011-08-21 10:00:00,244.25479
2011-08-21 11:00:00,381.54178
2011-08-21 12:00:00,434.63412
2011-08-21 13:00:00,410.057
2011-08-21 14:00:00,212.41714
2011-08-21 15:00:00,159.41003
2011-08-21 16:00:00,149.1163
2011-08-21 17:00:00,137.63869
2011-08-21 18:00:00,192.24263
2011-08-21 19:00:00,250.4706
2011-08-21 20:00:00,169.78232
2011-08-21 21:00:00,169.78232
2011-08-21 22:00:00,183.01137
2011-08-21 23:00:00,161.81073
2011-08-22 00:00:00,142.80086
2011-08-22 01:00:00,116.67696
2011-08-22 02:00:00,219.61317
2011-08-22 03:00:00,216.05057
2011-08-22 04:00:00,235.31021
2011-08-22 05:00:00,246.2307
2011-08-22 06:00:00,258.66656
2011-08-22 07:00:00,259.48135
2011-08-22 08:00:00,259.48135
2011-08-22 09:00:00,296.91202
2011-08-22 10:00:00,338.36813
2011-08-22 11:00:00,427.1246
2011-08-22 12:00:00,439.79144
2011-08-22 13:00:00,466.654
2011-08-22 14:00:00,431.87302
2011-08-22 15:00:00,411.0931
2011-08-22 16:00:00,431.87302
2011-08-22 17:00:00,412.17184
2011-08-22 18:00:00,413.18808
2011-08-22 19:00:00,419.59903
2011-08-22 20:00:00,393.3671
2011-08-22 21:00:00,374.44785
2011-08-22 22:00:00,398.68658
2011-08-22 23:00:00,361.87338
2011-08-23 00:00:00,327.15872
2011-08-23 01:00:00,276.03574
2011-08-23 02:00:00,252.17262
2011-08-23 03:00:00,252.46484
2011-08-23 04:00:00,223.34851
2011-08-23 05:00:00,227.53806
2011-08-23 06:00:00,212.79639
2011-08-23 07:00:00,285.9905
2011-08-23 08:00:00,221.7378
2011-08-23 09:00:00,250.49261
2011-08-23 10:00:00,324.57663
2011-08-23 11:00:00,365.75974
2011-08-23 12:00:00,318.98746
2011-08-23 13:00:00,386.24722
2011-08-23 14:00:00,379.0806
2011-08-23 15:00:00,402.6464
2011-08-23 16:00:00,390.42197
2011-08-23 17:00:00,402.6464
2011-08-23 18:00:00,397.82596
2011-08-23 19:00:00,308.00626
2011-08-23 20:00:00,284.571
2011-08-23 21:00:00,183.15857
2011-08-23 22:00:00,232.64372
2011-08-23 23:00:00,211.83371
2011-08-24 00:00:00,232.64372
2011-08-24 01:00:00,205.60422
2011-08-24 02:00:00,159.80502
2011-08-24 03:00:00,159.80502
2011-08-24 04:00:00,112.27316
2011-08-24 05:00:00,112.27316
2011-08-24 06:00:00,90.51801
2011-08-24 07:00:00,177.34741
2011-08-24 08:00:00,169.10468
2011-08-24 09:00:00,209.125
2011-08-24 10:00:00,291.95834
2011-08-24 11:00:00,318.43967
2011-08-24 12:00:00,329.61288
2011-08-24 13:00:00,393.77863
2011-08-24 14:00:00,393.77863
2011-08-24 15:00:00,403.54514
2011-08-24 16:00:00,373.3914
2011-08-24 17:00:00,359.03372
2011-08-24 18:00:00,326.06958
2011-08-24 19:00:00,326.06958
2011-08-24 20:00:00,304.4885
2011-08-24 21:00:00,285.15887
2011-08-24 22:00:00,272.22037
2011-08-24 23:00:00,239.8592
2011-08-25 00:00:00,216.31183
2011-08-25 01:00:00,246.41312
2011-08-25 02:00:00,246.41312
2011-08-25 03:00:00,211.80144
2011-08-25 04:00:00,203.98262
2011-08-25 05:00:00,204.6262
2011-08-25 06:00:00,179.03545
2011-08-25 07:00:00,197.82841
2011-08-25 08:00:00,229.59369
2011-08-25 09:00:00,253.17953
2011-08-25 10:00:00,279.98566
2011-08-25 11:00:00,188.88782
2011-08-25 12:00:00,188.88782
2011-08-25 13:00:00,136.63794
2011-08-25 14:00:00,193.09023
2011-08-25 15:00:00,207.62482
2011-08-25 16:00:00,122.73258
2011-08-25 17:00:00,122.73258
2011-08-25 18:00:00,193.12962
2011-08-25 19:00:00,187.36427
2011-08-25 20:00:00,190.06625
2011-08-25 21:00:00,170.42194
2011-08-25 22:00:00,81.58478
2011-08-25 23:00:00,92.13332
2011-08-26 00:00:00,101.27992
2011-08-26 01:00:00,81.58478
2011-08-26 02:00:00,90.46053
2011-08-26 03:00:00,81.30074
2011-08-26 04:00:00,73.65407
2011-08-26 05:00:00,89.985405
2011-08-26 06:00:00,73.65407
2011-08-26 07:00:00,81.24011
2011-08-26 08:00:00,103.79122
2011-08-26 09:00:00,128.28487
2011-08-26 10:00:00,217.75034
2011-08-26 11:00:00,241.20369
2011-08-26 12:00:00,250.35059
2011-08-26 13:00:00,267.98096
2011-08-26 14:00:00,240.86551
2011-08-26 15:00:00,315.57205
2011-08-26 16:00:00,263.35806
2011-08-26 17:00:00,257.70444
2011-08-26 18:00:00,227.43968
2011-08-26 19:00:00,153.00237
2011-08-26 20:00:00,146.81082
2011-08-26 21:00:00,177.40564
2011-08-26 22:00:00,153.00237
2011-08-26 23:00:00,120.10204
2011-08-27 00:00:00,100.94321
2011-08-27 01:00:00,115.67521
2011-08-27 02:00:00,125.043816
2011-08-27 03:00:00,164.86374
2011-08-27 04:00:00,164.86374
2011-08-27 05:00:00,179.3895
2011-08-27 06:00:00,179.3895
2011-08-27 07:00:00,193.76624
2011-08-27 08:00:00,173.92735
2011-08-27 09:00:00,209.27467
2011-08-27 10:00:00,228.61438
2011-08-27 11:00:00,169.52806
2011-08-27 12:00:00,192.73682
2011-08-27 13:00:00,174.42882
2011-08-27 14:00:00,187.29904
2011-08-27 15:00:00,187.29904
2011-08-27 16:00:00,181.86374
2011-08-27 17:00:00,218.93097
2011-08-28 07:00:00,161.15547
2011-08-28 08:00:00,169.63199
2011-08-28 09:00:00,225.08119
2011-08-28 10:00:00,344.56094
2011-08-28 11:00:00,316.35056
2011-08-28 12:00:00,393.75568
2011-08-28 13:00:00,467.8796
2011-08-28 14:00:00,496.09192
2011-08-28 15:00:00,498.23483
2011-08-28 16:00:00,515.9247
2011-08-28 17:00:00,495.66675
2011-08-28 18:00:00,470.18198
2011-08-28 19:00:00,361.44626
2011-08-28 20:00:00,383.93118
2011-08-28 21:00:00,222.79785
2011-08-28 22:00:00,134.02774
2011-08-28 23:00:00,101.34537
2011-08-29 00:00:00,127.06092
2011-08-29 01:00:00,148.85793
2011-08-29 02:00:00,185.46172
2011-08-29 03:00:00,148.85793
2011-08-29 04:00:00,158.18121
2011-08-29 05:00:00,121.69028
2011-08-29 06:00:00,121.69028
2011-08-29 07:00:00,230.87961
2011-08-29 08:00:00,262.83328
2011-08-29 09:00:00,276.50192
2011-08-29 10:00:00,323.52313
2011-08-29 11:00:00,296.07227
2011-08-29 12:00:00,308.55508
2011-08-29 13:00:00,302.45828
2011-08-29 14:00:00,282.20505
2011-08-29 15:00:00,338.09647
2011-08-29 16:00:00,343.91345
2011-08-29 17:00:00,324.29636
2011-08-29 18:00:00,328.2071
2011-08-29 19:00:00,328.2071
2011-08-29 20:00:00,264.5274
2011-08-29 21:00:00,273.61435
2011-08-29 22:00:00,232.64372
2011-08-29 23:00:00,199.79053
2011-08-30 00:00:00,121.69028
2011-08-30 01:00:00,146.40985
2011-08-30 02:00:00,110.93489
2011-08-30 03:00:00,135.28087
2011-08-30 04:00:00,109.368416
2011-08-30 05:00:00,88.59504
2011-08-30 06:00:00,110.93489
2011-08-30 07:00:00,158.18121
2011-08-30 08:00:00,232.64372
2011-08-30 09:00:00,308.00626
2011-08-30 10:00:00,382.8695
2011-08-30 11:00:00,383.93875
2011-08-30 12:00:00,330.06778
2011-08-30 13:00:00,359.44937
2011-08-30 14:00:00,396.709
2011-08-30 15:00:00,399.33456
2011-08-30 16:00:00,373.45847
2011-08-30 17:00:00,361.26233
2011-08-30 18:00:00,316.68057
2011-08-30 19:00:00,245.04004
2011-08-30 20:00:00,210.53702
2011-08-30 21:00:00,170.9311
2011-08-30 22:00:00,159.29599
2011-08-30 23:00:00,159.29599
2011-08-31 00:00:00,115.29415
2011-08-31 01:00:00,115.29415
2011-08-31 02:00:00,90.51801
2011-08-31 03:00:00,77.93867
2011-08-31 04:00:00,90.51801
2011-08-31 05:00:00,79.9555
2011-08-31 06:00:00,79.494705
2011-08-31 07:00:00,87.52618
2011-08-31 08:00:00,121.90856
2011-08-31 09:00:00,149.65494
2011-08-31 10:00:00,284.9962
2011-08-31 11:00:00,326.14767
2011-08-31 12:00:00,322.50626
2011-08-31 13:00:00,348.82083
2011-08-31 14:00:00,343.19754
2011-08-31 15:00:00,343.19754
2011-08-31 16:00:00,329.4119
2011-08-31 17:00:00,305.43985
2011-08-31 18:00:00,313.82175
2011-08-31 19:00:00,386.76245
2011-08-31 20:00:00,241.60931
2011-08-31 21:00:00,201.32874
2011-08-31 22:00:00,122.68738
2011-08-31 23:00:00,101.49779
2011-09-20 00:00:00,163.34189
2011-09-20 01:00:00,113.29722
2011-09-20 02:00:00,113.29722
2011-09-20 03:00:00,131.42447
2011-09-20 04:00:00,101.21989
2011-09-20 05:00:00,121.035675
2011-09-20 06:00:00,121.035675
2011-09-20 07:00:00,113.29722
2011-09-20 08:00:00,123.402824
2011-09-20 09:00:00,117.73127
2011-09-20 10:00:00,112.97605
2011-09-20 11:00:00,112.97605
2011-09-20 12:00:00,103.53822
2011-09-20 13:00:00,96.47436
2011-09-20 14:00:00,123.51617
2011-09-20 15:00:00,151.68918
2011-09-20 16:00:00,127.18286
2011-09-20 17:00:00,90.35491
2011-09-20 18:00:00,90.35491
2011-09-20 19:00:00,71.30888
2011-09-20 20:00:00,67.76145
2011-09-20 21:00:00,67.76145
2011-09-20 22:00:00,67.76145
2011-09-20 23:00:00,67.76145
2011-09-21 00:00:00,64.778534
2011-09-21 01:00:00,65.828064
2011-09-21 02:00:00,65.828064
2011-09-21 03:00:00,89.59617
2011-09-21 04:00:00,90.59746
2011-09-21 05:00:00,95.25175
2011-09-21 06:00:00,102.340614
2011-09-21 07:00:00,102.340614
2011-09-21 08:00:00,86.86845
2011-09-21 09:00:00,86.565674
2011-09-21 10:00:00,87.01275
2011-09-21 11:00:00,132.59497
2011-09-21 12:00:00,146.24072
2011-09-21 13:00:00,188.00537
2011-09-21 14:00:00,191.10114
2011-09-21 15:00:00,181.80347
2011-09-21 16:00:00,181.80347
2011-09-21 17:00:00,191.73212
2011-09-21 18:00:00,145.51495
2011-09-21 19:00:00,99.6805
2011-09-21 20:00:00,99.6805
2011-09-21 21:00:00,78.96064
2011-09-21 22:00:00,83.03952
2011-09-21 23:00:00,70.897705
2011-09-22 00:00:00,70.897705
2011-09-22 01:00:00,85.03854
2011-09-22 02:00:00,86.69383
2011-09-22 03:00:00,85.03854
2011-09-22 04:00:00,85.03854
2011-09-22 05:00:00,86.69383
2011-09-22 06:00:00,83.65394
2011-09-22 07:00:00,80.3294
2011-09-22 08:00:00,87.569725
2011-09-22 09:00:00,108.98997
2011-09-22 10:00:00,134.24207
2011-09-22 11:00:00,123.896034
2011-09-22 12:00:00,150.6926
2011-09-22 13:00:00,153.29611
2011-09-22 14:00:00,155.48459
2011-09-22 15:00:00,180.60501
2011-09-22 16:00:00,193.27783
2011-09-22 17:00:00,153.44968
2011-09-22 18:00:00,115.67322
2011-09-22 19:00:00,100.68
2011-09-22 20:00:00,93.98223
2011-09-22 21:00:00,100.68
2011-09-22 22:00:00,80.56382
2011-09-22 23:00:00,83.03952
2011-09-23 00:00:00,125.81752
2011-09-23 01:00:00,98.87516
2011-09-23 02:00:00,103.503426
2011-09-23 03:00:00,98.87516
2011-09-23 04:00:00,132.31467
2011-09-23 05:00:00,117.564964
2011-09-23 06:00:00,125.81752
2011-09-23 07:00:00,167.62527
2011-09-23 08:00:00,167.62527
2011-09-23 09:00:00,144.22299
2011-09-23 10:00:00,141.94232
2011-09-23 11:00:00,141.94235
2011-09-23 12:00:00,170.7078
2011-09-23 13:00:00,137.59888
2011-09-23 14:00:00,137.59888
2011-09-23 15:00:00,170.70778
2011-09-23 16:00:00,154.38
2011-09-23 17:00:00,98.87516
2011-09-23 18:00:00,77.576706
2011-09-23 19:00:00,98.740906
2011-09-23 20:00:00,89.91474
2011-09-23 21:00:00,85.87147
2011-09-23 22:00:00,101.209526
2011-09-23 23:00:00,107.543175
2011-09-24 00:00:00,61.071003
2011-09-24 01:00:00,95.68531
2011-09-24 02:00:00,95.68531
2011-09-24 03:00:00,74.04159
2011-09-24 04:00:00,69.73925
2011-09-24 05:00:00,94.34548
2011-09-24 06:00:00,94.34548
2011-09-24 07:00:00,115.258255
2011-09-24 08:00:00,108.139946
2011-09-24 09:00:00,118.8388
2011-09-24 10:00:00,118.8388
2011-09-24 11:00:00,150.74213
2011-09-24 12:00:00,150.74213
2011-09-24 13:00:00,137.99544
2011-09-24 14:00:00,231.5585
2011-09-24 15:00:00,231.5585
2011-09-24 16:00:00,186.20659
2011-09-24 17:00:00,171.74063
2011-09-24 18:00:00,135.15274
2011-09-24 19:00:00,92.80261
2011-09-24 20:00:00,108.31701
2011-09-24 21:00:00,107.72245
2011-09-24 22:00:00,125.46899
2011-09-24 23:00:00,118.8388
2011-09-25 00:00:00,124.5958
2011-09-25 01:00:00,120.59723
2011-09-25 02:00:00,147.25812
2011-09-25 03:00:00,147.25812
2011-09-25 04:00:00,130.523
2011-09-25 05:00:00,88.34066
2011-09-25 06:00:00,120.59723
2011-09-25 07:00:00,102.39277
2011-09-25 08:00:00,125.46899
2011-09-25 09:00:00,160.93376
2011-09-25 10:00:00,160.93376
2011-09-25 11:00:00,203.48312
2011-09-25 12:00:00,203.0295
2011-09-25 13:00:00,238.64673
2011-09-25 14:00:00,203.0295
2011-09-25 15:00:00,203.0295
2011-09-25 16:00:00,226.29417
2011-09-25 17:00:00,184.73093
2011-09-25 18:00:00,184.73093
2011-09-25 19:00:00,116.501785
2011-09-25 20:00:00,108.29398
2011-09-25 21:00:00,73.60293
2011-09-25 22:00:00,90.45566
2011-09-25 23:00:00,100.042206
2011-09-26 00:00:00,117.564964
2011-09-26 01:00:00,170.09364
2011-09-26 02:00:00,170.09364
2011-09-26 03:00:00,117.564964
2011-09-26 04:00:00,125.81753
2011-09-26 05:00:00,137.57747
2011-09-26 06:00:00,125.81752
2011-09-26 07:00:00,117.564964
2011-09-26 08:00:00,117.564964
2011-09-26 09:00:00,180.71811
2011-09-26 10:00:00,180.71811
2011-09-26 11:00:00,220.99344
2011-09-26 12:00:00,240.52222
2011-09-26 13:00:00,258.53165
2011-09-26 14:00:00,259.1169
2011-09-26 15:00:00,309.19095
2011-09-26 16:00:00,293.88412
2011-09-26 17:00:00,247.60449
2011-09-26 18:00:00,152.15994
2011-09-26 19:00:00,153.85199
2011-09-26 20:00:00,119.519775
2011-09-26 21:00:00,119.519775
2011-09-26 22:00:00,98.740906
2011-09-26 23:00:00,98.740906
2011-09-27 00:00:00,98.740906
2011-09-27 01:00:00,103.687004
2011-09-27 02:00:00,93.81135
2011-09-27 03:00:00,117.564964
2011-09-27 04:00:00,172.71626
2011-09-27 05:00:00,172.71626
2011-09-27 06:00:00,126.72132
2011-09-27 07:00:00,126.72132
2011-09-27 08:00:00,165.5232
2011-09-27 09:00:00,197.99887
2011-09-27 10:00:00,171.00854
2011-09-27 11:00:00,167.65045
2011-09-27 12:00:00,177.46361
2011-09-27 13:00:00,266.52603
2011-09-27 14:00:00,233.22289
2011-09-27 15:00:00,202.81839
2011-09-27 16:00:00,225.22888
2011-09-27 17:00:00,187.02988
2011-09-27 18:00:00,179.13197
2011-09-27 19:00:00,172.28305
2011-09-27 20:00:00,143.7958
2011-09-27 21:00:00,118.91071
2011-09-27 22:00:00,113.09583
2011-09-27 23:00:00,113.09583
2011-09-28 00:00:00,103.59987
2011-09-28 01:00:00,103.59987
2011-09-28 02:00:00,147.41095
2011-09-28 03:00:00,123.598656
2011-09-28 04:00:00,103.59987
2011-09-28 05:00:00,119.35232
2011-09-28 06:00:00,160.97594
2011-09-28 07:00:00,160.97594
2011-09-28 08:00:00,160.58841
2011-09-28 09:00:00,160.58841
2011-09-28 10:00:00,117.564964
2011-09-28 11:00:00,208.44142
2011-09-28 12:00:00,200.56395
2011-09-28 13:00:00,263.51892
2011-09-28 14:00:00,339.8359
2011-09-28 15:00:00,247.60449
2011-09-28 16:00:00,270.24533
2011-09-28 17:00:00,281.23953
2011-09-28 18:00:00,235.8635
2011-09-28 19:00:00,235.8635
2011-09-28 20:00:00,208.41046
2011-09-28 21:00:00,182.79837
2011-09-28 22:00:00,113.09583
2011-09-28 23:00:00,96.26342
2011-09-29 00:00:00,108.64901
2011-09-29 01:00:00,119.91783
2011-09-29 02:00:00,119.91783
2011-09-29 03:00:00,135.46515
2011-09-29 04:00:00,173.86604
2011-09-29 05:00:00,163.87912
2011-09-29 06:00:00,161.7739
2011-09-29 07:00:00,118.29529
2011-09-29 08:00:00,118.91071
2011-09-29 09:00:00,216.27165
2011-09-29 10:00:00,285.94272
2011-09-29 11:00:00,299.50897
2011-09-29 12:00:00,306.3563
2011-09-29 13:00:00,305.8597
2011-09-29 14:00:00,401.01495
2011-09-29 15:00:00,438.26114
2011-09-29 16:00:00,472.5491
2011-09-29 17:00:00,424.5528
2011-09-29 18:00:00,450.81754
2011-09-29 19:00:00,325.2731
2011-09-29 20:00:00,304.79645
2011-09-29 21:00:00,283.77695
2011-09-29 22:00:00,205.91695
2011-09-29 23:00:00,170.46689
2011-09-30 00:00:00,127.78068
2011-09-30 01:00:00,168.36165
2011-09-30 02:00:00,127.78068
2011-09-30 03:00:00,127.78066
2011-09-30 04:00:00,141.79802
2011-09-30 05:00:00,141.79803
2011-09-30 06:00:00,151.2611
2011-09-30 07:00:00,151.2611
2011-09-30 08:00:00,180.9996
2011-09-30 09:00:00,229.50735
2011-09-30 10:00:00,232.79773
2011-09-30 11:00:00,302.64206
2011-09-30 12:00:00,320.16495
2011-09-30 13:00:00,419.25732
2011-09-30 14:00:00,411.45035
2011-09-30 15:00:00,388.08762
2011-09-30 16:00:00,358.63718
2011-09-30 17:00:00,350.30853
2011-09-30 18:00:00,339.43936
2011-09-30 19:00:00,305.54227
2011-09-30 20:00:00,305.54227
2011-09-30 21:00:00,304.3635
2011-09-30 22:00:00,265.41403
2011-09-30 23:00:00,265.41403
2011-10-20 00:00:00,149.87178
2011-10-20 01:00:00,187.34943
2011-10-20 02:00:00,202.99982
2011-10-20 03:00:00,199.69585
2011-10-20 04:00:00,199.69585
2011-10-20 05:00:00,185.57928
2011-10-20 06:00:00,175.76396
2011-10-20 07:00:00,180.53505
2011-10-20 08:00:00,215.31892
2011-10-20 09:00:00,221.4482
2011-10-20 10:00:00,234.31406
2011-10-20 11:00:00,283.70572
2011-10-20 12:00:00,332.5657
2011-10-20 13:00:00,352.8185
2011-10-20 14:00:00,328.3009
2011-10-20 15:00:00,291.91174
2011-10-20 16:00:00,291.91174
2011-10-20 17:00:00,293.2206
2011-10-20 18:00:00,270.2755
2011-10-20 19:00:00,264.54575
2011-10-20 20:00:00,256.32935
2011-10-20 21:00:00,247.27695
2011-10-20 22:00:00,249.38863
2011-10-20 23:00:00,236.82912
2011-10-21 00:00:00,211.48361
2011-10-21 01:00:00,220.47365
2011-10-21 02:00:00,203.87231
2011-10-21 03:00:00,145.91945
2011-10-21 04:00:00,149.56877
2011-10-21 05:00:00,141.00717
2011-10-21 06:00:00,149.56877
2011-10-21 07:00:00,149.56877
2011-10-21 08:00:00,227.80405
2011-10-21 09:00:00,283.73666
2011-10-21 10:00:00,297.95642
2011-10-21 11:00:00,326.62497
2011-10-21 12:00:00,325.2334
2011-10-21 13:00:00,280.09253
2011-10-21 14:00:00,361.68915
2011-10-21 15:00:00,325.51138
2011-10-21 16:00:00,326.0691
2011-10-21 17:00:00,290.0745
2011-10-21 18:00:00,281.8549
2011-10-21 19:00:00,244.52057
2011-10-21 20:00:00,296.65344
2011-10-21 21:00:00,266.29202
2011-10-21 22:00:00,282.32834
2011-10-21 23:00:00,220.47365
2011-10-22 00:00:00,187.17664
2011-10-22 01:00:00,187.17664
2011-10-22 02:00:00,183.29831
2011-10-22 03:00:00,193.90121
2011-10-22 04:00:00,157.30244
2011-10-22 05:00:00,186.84148
2011-10-22 06:00:00,117.21701
2011-10-22 07:00:00,107.33281
2011-10-22 08:00:00,150.24213
2011-10-22 09:00:00,168.61227
2011-10-22 10:00:00,249.77066
2011-10-22 11:00:00,249.77066
2011-10-22 12:00:00,257.7754
2011-10-22 13:00:00,396.32733
2011-10-22 14:00:00,333.08066
2011-10-22 15:00:00,314.706
2011-10-22 16:00:00,380.43668
2011-10-22 17:00:00,263.40445
2011-10-22 18:00:00,254.95993
2011-10-22 19:00:00,189.44324
2011-10-22 20:00:00,186.39246
2011-10-22 21:00:00,102.86802
2011-10-22 22:00:00,102.86802
2011-10-22 23:00:00,65.23067
2011-10-23 00:00:00,61.66677
2011-10-23 01:00:00,61.66677
2011-10-23 02:00:00,81.631294
2011-10-23 03:00:00,60.99849
2011-10-23 04:00:00,60.99849
2011-10-23 05:00:00,59.549103
2011-10-23 06:00:00,79.28183
2011-10-23 07:00:00,81.631294
2011-10-23 08:00:00,91.530235
2011-10-23 09:00:00,102.86802
2011-10-23 10:00:00,141.77069
2011-10-23 11:00:00,156.82938
2011-10-23 12:00:00,249.85373
2011-10-23 13:00:00,298.582
2011-10-23 14:00:00,299.75244
2011-10-23 15:00:00,321.67538
2011-10-23 16:00:00,298.582
2011-10-23 17:00:00,232.01819
2011-10-23 18:00:00,220.88419
2011-10-23 19:00:00,120.49174
2011-10-23 20:00:00,138.36107
2011-10-23 21:00:00,138.36107
2011-10-23 22:00:00,103.28934
2011-10-23 23:00:00,126.2359
2011-10-24 00:00:00,135.0664
2011-10-24 01:00:00,114.363754
2011-10-24 02:00:00,97.313545
2011-10-24 03:00:00,100.9955
2011-10-24 04:00:00,88.94879
2011-10-24 05:00:00,70.263916
2011-10-24 06:00:00,97.313545
2011-10-24 07:00:00,114.13969
2011-10-24 08:00:00,133.3659
2011-10-24 09:00:00,149.45412
2011-10-24 10:00:00,164.49986
2011-10-24 11:00:00,238.53908
2011-10-24 12:00:00,259.40988
2011-10-24 13:00:00,291.27338
2011-10-24 14:00:00,287.6713
2011-10-24 15:00:00,295.1616
2011-10-24 16:00:00,281.39352
2011-10-24 17:00:00,247.58838
2011-10-24 18:00:00,280.35297
2011-10-24 19:00:00,197.29964
2011-10-24 20:00:00,125.92209
2011-10-24 21:00:00,101.34665
2011-10-24 22:00:00,183.14848
2011-10-24 23:00:00,152.83725
2011-10-25 00:00:00,154.63641
2011-10-25 01:00:00,154.63641
2011-10-25 02:00:00,114.1425
2011-10-25 03:00:00,70.598785
2011-10-25 04:00:00,107.22131
2011-10-25 05:00:00,107.22131
2011-10-25 06:00:00,105.663536
2011-10-25 07:00:00,155.66048
2011-10-25 08:00:00,168.91962
2011-10-25 09:00:00,295.4556
2011-10-25 10:00:00,297.40347
2011-10-25 11:00:00,316.7576
2011-10-25 12:00:00,393.7255
2011-10-25 13:00:00,419.34506
2011-10-25 14:00:00,408.2636
2011-10-25 15:00:00,382.33203
2011-10-25 16:00:00,417.1752
2011-10-25 17:00:00,382.33203
2011-10-25 18:00:00,332.16727
2011-10-25 19:00:00,243.58746
2011-10-25 20:00:00,235.9146
2011-10-25 21:00:00,191.61122
2011-10-25 22:00:00,233.5515
2011-10-25 23:00:00,191.61122
2011-10-26 00:00:00,197.0118
2011-10-26 01:00:00,208.37283
2011-10-26 02:00:00,230.31494
2011-10-26 03:00:00,215.67871
2011-10-26 04:00:00,182.62871
2011-10-26 05:00:00,185.2659
2011-10-26 06:00:00,185.2659
2011-10-26 07:00:00,197.95349
2011-10-26 08:00:00,244.14618
2011-10-26 09:00:00,280.50314
2011-10-26 10:00:00,297.62708
2011-10-26 11:00:00,251.17892
2011-10-26 12:00:00,327.75003
2011-10-26 13:00:00,289.44864
2011-10-26 14:00:00,197.51576
2011-10-26 15:00:00,197.51576
2011-10-26 16:00:00,220.49406
2011-10-26 17:00:00,221.00917
2011-10-26 18:00:00,178.90184
2011-10-26 19:00:00,121.342865
2011-10-26 20:00:00,97.1988
2011-10-26 21:00:00,197.51576
2011-10-26 22:00:00,138.85994
2011-10-26 23:00:00,138.85994
2011-10-27 00:00:00,67.69782
2011-10-27 01:00:00,67.69782
2011-10-27 02:00:00,105.28486
2011-10-27 03:00:00,105.28485
2011-10-27 04:00:00,168.8234
2011-10-27 05:00:00,154.69894
2011-10-27 06:00:00,200.39806
2011-10-27 07:00:00,105.652176
2011-10-27 08:00:00,140.31973
2011-10-27 09:00:00,176.6701
2011-10-27 10:00:00,149.34668
2011-10-27 11:00:00,160.73639
2011-10-27 12:00:00,160.73639
2011-10-27 13:00:00,147.31882
2011-10-27 14:00:00,159.34204
2011-10-27 15:00:00,182.38925
2011-10-27 16:00:00,251.51486
2011-10-27 17:00:00,213.75928
2011-10-27 18:00:00,218.07753
2011-10-27 19:00:00,209.02655
2011-10-27 20:00:00,206.69958
2011-10-27 21:00:00,218.07622
2011-10-27 22:00:00,172.2975
2011-10-27 23:00:00,183.20009
2011-10-28 00:00:00,166.80121
2011-10-28 01:00:00,158.18877
2011-10-28 02:00:00,159.42342
2011-10-28 03:00:00,136.55981
2011-10-28 04:00:00,151.08006
2011-10-28 05:00:00,163.83223
2011-10-28 06:00:00,140.53972
2011-10-28 07:00:00,140.53972
2011-10-28 08:00:00,166.13483
2011-10-28 09:00:00,202.88992
2011-10-28 10:00:00,216.9501
2011-10-28 11:00:00,247.73108
2011-10-28 12:00:00,282.58765
2011-10-28 13:00:00,263.4896
2011-10-28 14:00:00,282.4044
2011-10-28 15:00:00,251.2244
2011-10-28 16:00:00,282.46286
2011-10-28 17:00:00,280.85764
2011-10-28 18:00:00,272.7809
2011-10-28 19:00:00,280.85764
2011-10-28 20:00:00,195.92435
2011-10-28 21:00:00,140.4052
2011-10-28 22:00:00,127.64445
2011-10-28 23:00:00,112.554184
2011-10-29 00:00:00,78.56119
2011-10-29 01:00:00,86.89547
2011-10-29 02:00:00,86.89547
2011-10-29 03:00:00,86.631714
2011-10-29 04:00:00,86.631714
2011-10-29 05:00:00,50.319336
2011-10-29 06:00:00,57.690453
2011-10-29 07:00:00,57.690453
2011-10-29 08:00:00,68.57814
2011-10-29 09:00:00,68.57814
2011-10-29 10:00:00,53.6759
2011-10-29 11:00:00,48.14396
2011-10-29 12:00:00,45.126667
2011-10-29 13:00:00,46.52507
2011-10-29 14:00:00,44.529533
2011-10-29 15:00:00,58.943745
2011-10-29 16:00:00,42.38047
2011-10-29 17:00:00,42.38047
2011-10-29 18:00:00,42.38047
2011-10-29 19:00:00,22.369974
2011-10-29 20:00:00,22.369974
2011-10-29 21:00:00,22.369984
2011-10-29 22:00:00,27.344822
2011-10-29 23:00:00,32.82611
2011-10-30 00:00:00,27.344822
2011-10-30 01:00:00,24.336351
2011-10-30 02:00:00,21.880585
2011-10-30 03:00:00,38.39707
2011-10-30 04:00:00,26.373526
2011-10-30 05:00:00,38.856316
2011-10-30 06:00:00,43.719677
2011-10-30 07:00:00,68.95794
2011-10-30 08:00:00,69.714264
2011-10-30 09:00:00,105.18776
2011-10-30 10:00:00,138.99521
2011-10-30 11:00:00,204.63686
2011-10-30 12:00:00,229.54425
2011-10-30 13:00:00,318.5756
2011-10-30 14:00:00,354.15714
2011-10-30 15:00:00,367.32404
2011-10-30 16:00:00,383.0566
2011-10-30 17:00:00,348.83493
2011-10-30 18:00:00,287.66116
2011-10-30 19:00:00,383.7239
2011-10-30 20:00:00,221.79085
2011-10-30 21:00:00,127.370674
2011-10-30 22:00:00,83.34679
2011-10-30 23:00:00,48.252956
2011-10-31 00:00:00,75.82438
2011-10-31 01:00:00,78.24355
2011-10-31 02:00:00,76.34685
2011-10-31 03:00:00,107.402245
2011-10-31 04:00:00,76.34684
2011-10-31 05:00:00,67.90465
2011-10-31 06:00:00,76.34685
2011-10-31 07:00:00,67.37932
2011-10-31 08:00:00,95.51402
2011-10-31 09:00:00,138.37613
2011-10-31 10:00:00,260.03793
2011-10-31 11:00:00,279.8478
2011-10-31 12:00:00,277.15195
2011-10-31 13:00:00,285.40604
2011-10-31 14:00:00,288.00366
2011-10-31 15:00:00,293.04202
2011-10-31 16:00:00,282.32834
2011-10-31 17:00:00,281.91736
2011-10-31 18:00:00,223.26663
2011-10-31 19:00:00,223.26663
2011-10-31 20:00:00,223.26663
2011-10-31 21:00:00,143.49628
2011-10-31 22:00:00,143.49628
2011-10-31 23:00:00,143.49628
2011-11-20 00:00:00,153.65341
2011-11-20 01:00:00,183.29831
2011-11-20 02:00:00,186.05742
2011-11-20 03:00:00,175.17186
2011-11-20 04:00:00,162.52911
2011-11-20 05:00:00,179.34036
2011-11-20 06:00:00,177.78606
2011-11-20 07:00:00,173.83405
2011-11-20 08:00:00,169.22673
2011-11-20 09:00:00,149.8101
2011-11-20 10:00:00,192.76822
2011-11-20 11:00:00,252.94743
2011-11-20 12:00:00,255.96796
2011-11-20 13:00:00,282.75427
2011-11-20 14:00:00,235.21725
2011-11-20 15:00:00,236.0931
2011-11-20 16:00:00,259.00797
2011-11-20 17:00:00,264.51346
2011-11-20 18:00:00,262.88858
2011-11-20 19:00:00,213.28387
2011-11-20 20:00:00,233.76157
2011-11-20 21:00:00,167.0158
2011-11-20 22:00:00,120.4215
2011-11-20 23:00:00,120.4215
2011-11-21 00:00:00,85.69378
2011-11-21 01:00:00,131.2445
2011-11-21 02:00:00,130.6295
2011-11-21 03:00:00,120.93663
2011-11-21 04:00:00,120.93663
2011-11-21 05:00:00,80.93674
2011-11-21 06:00:00,80.539345
2011-11-21 07:00:00,127.96251
2011-11-21 08:00:00,85.69378
2011-11-21 09:00:00,109.89632
2011-11-21 10:00:00,159.34204
2011-11-21 11:00:00,182.38925
2011-11-21 12:00:00,210.2714
2011-11-21 13:00:00,210.2714
2011-11-21 14:00:00,168.56293
2011-11-21 15:00:00,134.9421
2011-11-21 16:00:00,134.9421
2011-11-21 17:00:00,134.86719
2011-11-21 18:00:00,131.75563
2011-11-21 19:00:00,131.54944
2011-11-21 20:00:00,134.4195
2011-11-21 21:00:00,127.214714
2011-11-21 22:00:00,122.95164
2011-11-21 23:00:00,127.214714
2011-11-22 00:00:00,117.92204
2011-11-22 01:00:00,121.856575
2011-11-22 02:00:00,119.919075
2011-11-22 03:00:00,119.919075
2011-11-22 04:00:00,127.61492
2011-11-22 05:00:00,127.61492
2011-11-22 06:00:00,114.13969
2011-11-22 07:00:00,130.86925
2011-11-22 08:00:00,130.86925
2011-11-22 09:00:00,103.31487
2011-11-22 10:00:00,103.31487
2011-11-22 11:00:00,121.856575
2011-11-22 12:00:00,116.73561
2011-11-22 13:00:00,115.53399
2011-11-22 14:00:00,115.53399
2011-11-22 15:00:00,104.62796
2011-11-22 16:00:00,104.62796
2011-11-22 17:00:00,114.82342
2011-11-22 18:00:00,99.74068
2011-11-22 19:00:00,118.483765
2011-11-22 20:00:00,139.62608
2011-11-22 21:00:00,143.74878
2011-11-22 22:00:00,136.44147
2011-11-22 23:00:00,147.36783
2011-11-23 00:00:00,147.36783
2011-11-23 01:00:00,156.27618
2011-11-23 02:00:00,157.28409
2011-11-23 03:00:00,157.28407
2011-11-23 04:00:00,173.41476
2011-11-23 05:00:00,137.28427
2011-11-23 06:00:00,80.93674
2011-11-23 07:00:00,96.547874
2011-11-23 08:00:00,109.89632
2011-11-23 09:00:00,136.89055
2011-11-23 10:00:00,136.89055
2011-11-23 11:00:00,210.97382
2011-11-23 12:00:00,259.67966
2011-11-23 13:00:00,272.40872
2011-11-23 14:00:00,253.2951
2011-11-23 15:00:00,250.92558
2011-11-23 16:00:00,208.72852
2011-11-23 17:00:00,176.4974
2011-11-23 18:00:00,245.7785
2011-11-23 19:00:00,207.06912
2011-11-23 20:00:00,192.21979
2011-11-23 21:00:00,209.34915
2011-11-23 22:00:00,181.27348
2011-11-23 23:00:00,184.228
2011-11-24 00:00:00,174.62004
2011-11-24 01:00:00,195.14207
2011-11-24 02:00:00,132.88882
2011-11-24 03:00:00,109.57021
2011-11-24 04:00:00,147.17729
2011-11-24 05:00:00,144.84903
2011-11-24 06:00:00,147.17729
2011-11-24 07:00:00,78.172485
2011-11-24 08:00:00,115.229576
2011-11-24 09:00:00,214.67134
2011-11-24 10:00:00,240.89737
2011-11-24 11:00:00,327.93207
2011-11-24 12:00:00,370.75827
2011-11-24 13:00:00,393.20584
2011-11-24 14:00:00,410.97128
2011-11-24 15:00:00,411.52426
2011-11-24 16:00:00,404.06015
2011-11-24 17:00:00,417.24396
2011-11-24 18:00:00,304.30942
2011-11-24 19:00:00,290.06625
2011-11-24 20:00:00,120.49053
2011-11-24 21:00:00,135.58289
2011-11-24 22:00:00,135.58289
2011-11-24 23:00:00,103.43485
2011-11-25 00:00:00,133.22812
2011-11-25 01:00:00,88.09026
2011-11-25 02:00:00,114.65687
2011-11-25 03:00:00,117.8755
2011-11-25 04:00:00,118.49783
2011-11-25 05:00:00,84.25244
2011-11-25 06:00:00,115.08535
2011-11-25 07:00:00,78.24355
2011-11-25 08:00:00,118.47228
2011-11-25 09:00:00,82.02438
2011-11-25 10:00:00,149.56877
2011-11-25 11:00:00,225.23213
2011-11-25 12:00:00,295.4039
2011-11-25 13:00:00,326.62497
2011-11-25 14:00:00,383.44922
2011-11-25 15:00:00,397.87033
2011-11-25 16:00:00,368.1597
2011-11-25 17:00:00,366.13483
2011-11-25 18:00:00,297.2145
2011-11-25 19:00:00,198.10129
2011-11-25 20:00:00,268.24612
2011-11-25 21:00:00,162.15884
2011-11-25 22:00:00,133.37228
2011-11-25 23:00:00,116.913284
2011-11-26 00:00:00,107.29009
2011-11-26 01:00:00,103.34354
2011-11-26 02:00:00,86.87885
2011-11-26 03:00:00,71.01015
2011-11-26 04:00:00,71.01015
2011-11-26 05:00:00,101.96401
2011-11-26 06:00:00,134.7372
2011-11-26 07:00:00,57.519825
2011-11-26 08:00:00,103.34354
2011-11-26 09:00:00,103.389114
2011-11-26 10:00:00,68.393265
2011-11-26 11:00:00,194.00229
2011-11-26 12:00:00,302.32736
2011-11-26 13:00:00,390.5212
2011-11-26 14:00:00,306.67947
2011-11-26 15:00:00,360.2086
2011-11-26 16:00:00,299.30045
2011-11-26 17:00:00,299.30045
2011-11-26 18:00:00,227.96112
2011-11-26 19:00:00,170.75735
2011-11-26 20:00:00,296.48267
2011-11-26 21:00:00,96.48234
2011-11-26 22:00:00,128.87048
2011-11-26 23:00:00,68.393265
2011-11-27 00:00:00,68.393265
2011-11-27 01:00:00,68.393265
2011-11-27 02:00:00,69.86671
2011-11-27 03:00:00,60.99849
2011-11-27 04:00:00,84.697945
2011-11-27 05:00:00,95.60894
2011-11-27 06:00:00,114.70437
2011-11-27 07:00:00,112.05188
2011-11-27 08:00:00,134.59076
2011-11-27 09:00:00,180.2645
2011-11-27 10:00:00,180.2645
2011-11-27 11:00:00,221.70825
2011-11-27 12:00:00,303.12234
2011-11-27 13:00:00,280.37582
2011-11-27 14:00:00,464.542
2011-11-27 15:00:00,476.97162
2011-11-27 16:00:00,367.0491
2011-11-27 17:00:00,305.37064
2011-11-27 18:00:00,234.90466
2011-11-27 19:00:00,197.11581
2011-11-27 20:00:00,222.39108
2011-11-27 21:00:00,194.80675
2011-11-27 22:00:00,177.88298
2011-11-27 23:00:00,177.88298
2011-11-28 00:00:00,181.47687
2011-11-28 01:00:00,183.51402
2011-11-28 03:00:00,133.45782
2011-11-28 04:00:00,119.41514
2011-11-28 05:00:00,70.598785
2011-11-28 06:00:00,108.07559
2011-11-28 07:00:00,70.36231
2011-11-28 08:00:00,84.685135
2011-11-28 09:00:00,143.01701
2011-11-28 10:00:00,202.71191
2011-11-28 11:00:00,259.40988
2011-11-28 12:00:00,285.82196
2011-11-28 13:00:00,306.5187
2011-11-28 14:00:00,279.27017
2011-11-28 15:00:00,296.15802
2011-11-28 16:00:00,299.1395
2011-11-28 17:00:00,316.4438
2011-11-28 18:00:00,287.2474
2011-11-28 19:00:00,225.29932
2011-11-28 20:00:00,237.78456
2011-11-28 21:00:00,215.79889
2011-11-28 22:00:00,182.38925
2011-11-28 23:00:00,180.06732
2011-11-29 00:00:00,117.81891
2011-11-29 01:00:00,125.9464
2011-11-29 02:00:00,132.46512
2011-11-29 03:00:00,132.46512
2011-11-29 04:00:00,185.29852
2011-11-29 05:00:00,157.65424
2011-11-29 06:00:00,174.88919
2011-11-29 07:00:00,187.33618
2011-11-29 08:00:00,198.32288
2011-11-29 09:00:00,224.73776
2011-11-29 10:00:00,224.73776
2011-11-29 11:00:00,161.02449
2011-11-29 12:00:00,164.76787
2011-11-29 13:00:00,168.35939
2011-11-29 14:00:00,131.54944
2011-11-29 15:00:00,144.52325
2011-11-29 16:00:00,134.4195
2011-11-29 17:00:00,147.59276
2011-11-29 18:00:00,154.58705
2011-11-29 19:00:00,157.20537
2011-11-29 20:00:00,143.85522
2011-11-29 21:00:00,143.85522
2011-11-29 22:00:00,150.43172
2011-11-29 23:00:00,146.34079
2011-11-30 00:00:00,193.6007
2011-11-30 01:00:00,166.14186
2011-11-30 02:00:00,139.26627
2011-11-30 03:00:00,139.26627
2011-11-30 04:00:00,135.95625
2011-11-30 05:00:00,126.825066
2011-11-30 06:00:00,107.166725
2011-11-30 07:00:00,115.08535
2011-11-30 08:00:00,126.825066
2011-11-30 09:00:00,126.47556
2011-11-30 10:00:00,163.55731
2011-11-30 11:00:00,215.23079
2011-11-30 12:00:00,216.50778
2011-11-30 13:00:00,266.70334
2011-11-30 14:00:00,266.70334
2011-11-30 15:00:00,235.07516
2011-11-30 16:00:00,227.01508
2011-11-30 17:00:00,212.51147
2011-11-30 18:00:00,209.76701
2011-11-30 19:00:00,183.63681
2011-11-30 20:00:00,183.63681
2011-11-30 21:00:00,199.8744
2011-11-30 22:00:00,180.18927
2011-11-30 23:00:00,181.92123
2011-12-20 00:00:00,252.78256
2011-12-20 01:00:00,263.1136
2011-12-20 02:00:00,244.29475
2011-12-20 03:00:00,244.29475
2011-12-20 04:00:00,272.1332
2011-12-20 05:00:00,261.07324
2011-12-20 06:00:00,261.07324
2011-12-20 07:00:00,245.87712
2011-12-20 08:00:00,284.47876
2011-12-20 09:00:00,235.35448
2011-12-20 10:00:00,279.06677
2011-12-20 11:00:00,258.57742
2011-12-20 12:00:00,292.9667
2011-12-20 13:00:00,292.9667
2011-12-20 14:00:00,285.42642
2011-12-20 15:00:00,288.15884
2011-12-20 16:00:00,281.66022
2011-12-20 17:00:00,235.1099
2011-12-20 18:00:00,196.5665
2011-12-20 19:00:00,202.50273
2011-12-20 20:00:00,200.22885
2011-12-20 21:00:00,204.67235
2011-12-20 22:00:00,235.35448
2011-12-20 23:00:00,250.25385
2011-12-21 00:00:00,112.10517
2011-12-21 01:00:00,120.37769
2011-12-21 02:00:00,127.093575
2011-12-21 03:00:00,127.093575
2011-12-21 04:00:00,127.093575
2011-12-21 05:00:00,127.149376
2011-12-21 06:00:00,103.66944
2011-12-21 07:00:00,105.71702
2011-12-21 08:00:00,110.88755
2011-12-21 09:00:00,126.308876
2011-12-21 10:00:00,153.96074
2011-12-21 11:00:00,153.96074
2011-12-21 12:00:00,122.92692
2011-12-21 13:00:00,108.36234
2011-12-21 14:00:00,143.15842
2011-12-21 15:00:00,141.07611
2011-12-21 16:00:00,99.33112
2011-12-21 17:00:00,99.33112
2011-12-21 18:00:00,118.89425
2011-12-21 19:00:00,152.42532
2011-12-21 20:00:00,147.49222
2011-12-21 21:00:00,158.8825
2011-12-21 22:00:00,151.923
2011-12-21 23:00:00,144.22748
2011-12-22 00:00:00,167.6111
2011-12-22 01:00:00,110.488815
2011-12-22 02:00:00,142.70245
2011-12-22 03:00:00,164.84549
2011-12-22 04:00:00,110.480095
2011-12-22 05:00:00,102.052086
2011-12-22 06:00:00,86.053474
2011-12-22 07:00:00,72.7904
2011-12-22 08:00:00,103.66944
2011-12-22 09:00:00,118.27728
2011-12-22 10:00:00,133.88629
2011-12-22 11:00:00,144.75067
2011-12-22 12:00:00,182.53973
2011-12-22 13:00:00,159.3649
2011-12-22 14:00:00,159.3649
2011-12-22 15:00:00,174.93037
2011-12-22 16:00:00,159.3649
2011-12-22 17:00:00,153.47018
2011-12-22 18:00:00,147.61427
2011-12-22 19:00:00,152.71149
2011-12-22 20:00:00,129.15056
2011-12-22 21:00:00,129.15056
2011-12-22 22:00:00,110.7879
2011-12-22 23:00:00,136.43793
2011-12-23 00:00:00,115.334175
2011-12-23 01:00:00,115.334175
2011-12-23 02:00:00,118.23274
2011-12-23 03:00:00,118.23274
2011-12-23 04:00:00,88.51229
2011-12-23 05:00:00,80.49694
2011-12-23 06:00:00,118.332695
2011-12-23 07:00:00,117.50657
2011-12-23 08:00:00,144.82085
2011-12-23 09:00:00,153.6559
2011-12-23 10:00:00,165.20099
2011-12-23 11:00:00,194.96942
2011-12-23 12:00:00,198.564
2011-12-23 13:00:00,197.85397
2011-12-23 14:00:00,195.72697
2011-12-23 15:00:00,179.21313
2011-12-23 16:00:00,172.23419
2011-12-23 17:00:00,145.28632
2011-12-23 18:00:00,146.74689
2011-12-23 19:00:00,134.23175
2011-12-23 20:00:00,118.14228
2011-12-23 21:00:00,113.6701
2011-12-23 22:00:00,113.956665
2011-12-23 23:00:00,110.295044
2011-12-24 00:00:00,86.24118
2011-12-24 01:00:00,96.08412
2011-12-24 02:00:00,101.80332
2011-12-24 03:00:00,94.5136
2011-12-24 04:00:00,88.64533
2011-12-24 05:00:00,88.64533
2011-12-24 06:00:00,74.39573
2011-12-24 07:00:00,72.982925
2011-12-24 08:00:00,53.625637
2011-12-24 09:00:00,140.26599
2011-12-24 10:00:00,141.50491
2011-12-24 11:00:00,148.4129
2011-12-24 12:00:00,159.36215
2011-12-24 13:00:00,156.12556
2011-12-24 14:00:00,156.12556
2011-12-24 15:00:00,138.7658
2011-12-24 16:00:00,133.07408
2011-12-24 17:00:00,105.206474
2011-12-24 18:00:00,109.53588
2011-12-24 19:00:00,97.91662
2011-12-24 20:00:00,82.48366
2011-12-24 21:00:00,76.254875
2011-12-24 22:00:00,76.34806
2011-12-24 23:00:00,59.65889
2011-12-25 00:00:00,56.37349
2011-12-25 01:00:00,41.4522
2011-12-25 02:00:00,47.25679
2011-12-25 03:00:00,43.83699
2011-12-25 05:00:00,39.346848
2011-12-25 06:00:00,39.346848
2011-12-25 07:00:00,41.226734
2011-12-25 08:00:00,33.624557
2011-12-25 09:00:00,35.611897
2011-12-25 10:00:00,39.392467
2011-12-25 11:00:00,66.60844
2011-12-25 12:00:00,52.56852
2011-12-25 13:00:00,71.04113
2011-12-25 14:00:00,106.48059
2011-12-25 15:00:00,106.52326
2011-12-25 16:00:00,112.82665
2011-12-25 17:00:00,94.666245
2011-12-25 18:00:00,73.806274
2011-12-25 19:00:00,105.04773
2011-12-25 20:00:00,107.251526
2011-12-25 21:00:00,94.60603
2011-12-25 22:00:00,71.91387
2011-12-25 23:00:00,62.6522
2011-12-26 00:00:00,31.003307
2011-12-26 01:00:00,80.477234
2011-12-26 02:00:00,122.14831
2011-12-26 04:00:00,127.46117
2011-12-26 05:00:00,133.09473
2011-12-26 06:00:00,126.08988
2011-12-26 07:00:00,116.40142
2011-12-26 08:00:00,107.872025
2011-12-26 09:00:00,127.46117
2011-12-26 10:00:00,137.56866
2011-12-26 11:00:00,146.02155
2011-12-26 12:00:00,144.24118
2011-12-26 13:00:00,185.99277
2011-12-26 14:00:00,178.96164
2011-12-26 15:00:00,185.14627
2011-12-26 16:00:00,142.65564
2011-12-26 17:00:00,122.14831
2011-12-26 18:00:00,81.78367
2011-12-26 19:00:00,49.53685
2011-12-26 20:00:00,67.20989
2011-12-26 21:00:00,32.074627
2011-12-26 22:00:00,32.074623
2011-12-26 23:00:00,34.574776
2011-12-27 00:00:00,79.897255
2011-12-27 01:00:00,81.481926
2011-12-27 02:00:00,81.481926
2011-12-27 03:00:00,98.70484
2011-12-27 04:00:00,92.16608
2011-12-27 05:00:00,88.86149
2011-12-27 06:00:00,95.70934
2011-12-27 07:00:00,91.44515
2011-12-27 08:00:00,100.781136
2011-12-27 09:00:00,100.91326
2011-12-27 10:00:00,111.71247
2011-12-27 11:00:00,100.91326
2011-12-27 12:00:00,99.079506
2011-12-27 13:00:00,82.47486
2011-12-27 14:00:00,118.37232
2011-12-27 15:00:00,118.37232
2011-12-27 16:00:00,114.17726
2011-12-27 17:00:00,126.85991
2011-12-27 18:00:00,106.03217
2011-12-27 19:00:00,80.21418
2011-12-27 20:00:00,70.341225
2011-12-27 21:00:00,76.12742
2011-12-27 22:00:00,76.12742
2011-12-27 23:00:00,65.86804
2011-12-28 00:00:00,75.647896
2011-12-28 01:00:00,88.79766
2011-12-28 02:00:00,113.76101
2011-12-28 03:00:00,113.76101
2011-12-28 05:00:00,123.56594
2011-12-28 06:00:00,121.650276
2011-12-28 07:00:00,121.65029
2011-12-28 08:00:00,123.56594
2011-12-28 09:00:00,126.17504
2011-12-28 10:00:00,128.36923
2011-12-28 11:00:00,168.31015
2011-12-28 12:00:00,163.21321
2011-12-28 13:00:00,160.72269
2011-12-28 14:00:00,154.10944
2011-12-28 15:00:00,157.98532
2011-12-28 16:00:00,150.07724
2011-12-28 17:00:00,135.90656
2011-12-28 18:00:00,127.07542
2011-12-28 19:00:00,119.765076
2011-12-28 20:00:00,114.78103
2011-12-28 21:00:00,96.52276
2011-12-28 22:00:00,95.162605
2011-12-28 23:00:00,102.83895
2011-12-29 00:00:00,89.80336
2011-12-29 01:00:00,95.01186
2011-12-29 02:00:00,90.0214
2011-12-29 03:00:00,73.86293
2011-12-29 04:00:00,78.56368
2011-12-29 05:00:00,86.58262
2011-12-29 06:00:00,81.966484
2011-12-29 07:00:00,73.01563
2011-12-29 08:00:00,88.57283
2011-12-29 09:00:00,67.90686
2011-12-29 10:00:00,70.8886
2011-12-29 11:00:00,90.61284
2011-12-29 12:00:00,93.58315
2011-12-29 13:00:00,95.08434
2011-12-29 14:00:00,105.1534
2011-12-29 15:00:00,100.40716
2011-12-29 16:00:00,119.06884
2011-12-29 17:00:00,112.24067
2011-12-29 18:00:00,114.32217
2011-12-29 19:00:00,117.056786
2011-12-29 20:00:00,91.77044
2011-12-29 21:00:00,100.28341
2011-12-29 22:00:00,95.09704
2011-12-29 23:00:00,105.56102
2011-12-30 00:00:00,85.808525
2011-12-30 01:00:00,91.28607
2011-12-30 02:00:00,76.21926
2011-12-30 03:00:00,76.21926
2011-12-30 04:00:00,74.85027
2011-12-30 05:00:00,72.03794
2011-12-30 06:00:00,74.85027
2011-12-30 07:00:00,70.016975
2011-12-30 08:00:00,88.46981
2011-12-30 09:00:00,70.87945
2011-12-30 10:00:00,97.47965
2011-12-30 11:00:00,113.956665
2011-12-30 12:00:00,126.641396
2011-12-30 13:00:00,115.7152
2011-12-30 14:00:00,160.09259
2011-12-30 15:00:00,178.96089
2011-12-30 16:00:00,193.97867
2011-12-30 17:00:00,156.01807
2011-12-30 18:00:00,125.62363
2011-12-30 19:00:00,139.06529
2011-12-30 20:00:00,115.434654
2011-12-30 21:00:00,120.37769
2011-12-30 22:00:00,111.86454
2011-12-30 23:00:00,114.93177
2011-12-31 00:00:00,130.27551
2011-12-31 01:00:00,136.1131
2011-12-31 02:00:00,136.1131
2011-12-31 03:00:00,136.1131
2011-12-31 04:00:00,114.115555
2011-12-31 05:00:00,87.93967
2011-12-31 06:00:00,123.37384
2011-12-31 07:00:00,113.095055
2011-12-31 08:00:00,58.14186
2011-12-31 09:00:00,84.34258
2011-12-31 10:00:00,100.13961
2011-12-31 11:00:00,120.37969
2011-12-31 12:00:00,302.66922
2011-12-31 13:00:00,250.03487
2011-12-31 14:00:00,212.41365
2011-12-31 15:00:00,228.53152
2011-12-31 16:00:00,207.4709
2011-12-31 17:00:00,170.07733
2011-12-31 18:00:00,150.96582
2011-12-31 19:00:00,175.16461
2011-12-31 20:00:00,175.16461
2011-12-31 21:00:00,155.74794
2011-12-31 22:00:00,122.1446
2011-12-31 23:00:00,94.22305
2012-01-20 00:00:00,101.519844
2012-01-20 01:00:00,107.12763
2012-01-20 02:00:00,107.12763
2012-01-20 03:00:00,99.67368
2012-01-20 04:00:00,85.71662
2012-01-20 05:00:00,85.71662
2012-01-20 06:00:00,75.66975
2012-01-20 07:00:00,68.57319
2012-01-20 08:00:00,70.49749
2012-01-20 09:00:00,98.15273
2012-01-20 10:00:00,97.18415
2012-01-20 11:00:00,99.986145
2012-01-20 12:00:00,96.38843
2012-01-20 13:00:00,119.40047
2012-01-20 14:00:00,102.47714
2012-01-20 15:00:00,103.757355
2012-01-20 16:00:00,90.407875
2012-01-20 17:00:00,114.18553
2012-01-20 18:00:00,96.9639
2012-01-20 19:00:00,90.2983
2012-01-20 20:00:00,96.9639
2012-01-20 21:00:00,90.20594
2012-01-20 22:00:00,96.66656
2012-01-20 23:00:00,45.160347
2012-01-21 00:00:00,31.456224
2012-01-21 01:00:00,29.963774
2012-01-21 02:00:00,61.594803
2012-01-21 03:00:00,42.887337
2012-01-21 04:00:00,44.381794
2012-01-21 05:00:00,41.945007
2012-01-21 06:00:00,36.613297
2012-01-21 07:00:00,36.613297
2012-01-21 08:00:00,30.339973
2012-01-21 09:00:00,30.339973
2012-01-21 10:00:00,33.47472
2012-01-21 11:00:00,40.64722
2012-01-21 12:00:00,42.401688
2012-01-21 13:00:00,40.81774
2012-01-21 14:00:00,36.626
2012-01-21 15:00:00,36.626003
2012-01-21 16:00:00,40.117695
2012-01-21 17:00:00,41.204296
2012-01-21 18:00:00,40.999397
2012-01-21 19:00:00,38.653473
2012-01-21 20:00:00,38.48597
2012-01-21 21:00:00,40.814163
2012-01-21 22:00:00,37.825916
2012-01-21 23:00:00,36.97837
2012-01-22 00:00:00,29.105824
2012-01-22 01:00:00,37.825916
2012-01-22 02:00:00,37.68903
2012-01-22 03:00:00,37.138992
2012-01-22 04:00:00,30.415459
2012-01-22 05:00:00,31.977638
2012-01-22 06:00:00,36.051613
2012-01-22 07:00:00,36.051613
2012-01-22 08:00:00,36.051613
2012-01-22 09:00:00,36.051613
2012-01-22 10:00:00,35.05072
2012-01-22 11:00:00,31.665373
2012-01-22 12:00:00,37.0794
2012-01-22 13:00:00,37.93248
2012-01-22 14:00:00,35.72753
2012-01-22 15:00:00,36.259884
2012-01-22 16:00:00,36.259884
2012-01-22 17:00:00,37.969395
2012-01-22 18:00:00,41.945007
2012-01-22 19:00:00,41.945007
2012-01-22 20:00:00,35.744553
2012-01-22 21:00:00,41.945007
2012-01-22 22:00:00,37.056
2012-01-22 23:00:00,33.87369
2012-01-23 00:00:00,73.98519
2012-01-23 01:00:00,66.00683
2012-01-23 02:00:00,66.00683
2012-01-23 03:00:00,73.98519
2012-01-23 04:00:00,78.0055
2012-01-23 05:00:00,74.98475
2012-01-23 06:00:00,74.98475
2012-01-23 07:00:00,86.33955
2012-01-23 08:00:00,56.09599
2012-01-23 09:00:00,71.16416
2012-01-23 10:00:00,72.269844
2012-01-23 11:00:00,67.31021
2012-01-23 12:00:00,73.24897
2012-01-23 13:00:00,75.64033
2012-01-23 14:00:00,55.49639
2012-01-23 15:00:00,54.17622
2012-01-23 16:00:00,64.91075
2012-01-23 17:00:00,71.50974
2012-01-23 18:00:00,66.64648
2012-01-23 19:00:00,68.00674
2012-01-23 20:00:00,63.613583
2012-01-23 21:00:00,58.201355
2012-01-23 22:00:00,58.201355
2012-01-23 23:00:00,61.034527
2012-01-24 00:00:00,67.46818
2012-01-24 01:00:00,78.88351
2012-01-24 02:00:00,78.853935
2012-01-24 03:00:00,92.1968
2012-01-24 04:00:00,79.084335
2012-01-24 05:00:00,79.084335
2012-01-24 06:00:00,83.87377
2012-01-24 07:00:00,92.1968
2012-01-24 08:00:00,92.1968
2012-01-24 09:00:00,93.84323
2012-01-24 10:00:00,70.341225
2012-01-24 11:00:00,78.691414
2012-01-24 12:00:00,80.21418
2012-01-24 13:00:00,80.21418
2012-01-24 14:00:00,99.48001
2012-01-24 15:00:00,139.58751
2012-01-24 16:00:00,134.44965
2012-01-24 17:00:00,145.1402
2012-01-24 18:00:00,143.88933
2012-01-24 19:00:00,188.9443
2012-01-24 20:00:00,90.665436
2012-01-24 21:00:00,113.04677
2012-01-24 22:00:00,81.99139
2012-01-24 23:00:00,90.665436
2012-01-25 00:00:00,59.61788
2012-01-25 01:00:00,92.054924
2012-01-25 02:00:00,84.93393
2012-01-25 03:00:00,72.40486
2012-01-25 04:00:00,75.77314
2012-01-25 05:00:00,75.77314
2012-01-25 06:00:00,65.53117
2012-01-25 07:00:00,62.78086
2012-01-25 08:00:00,71.865654
2012-01-25 09:00:00,71.865654
2012-01-25 10:00:00,64.41604
2012-01-25 11:00:00,95.70934
2012-01-25 12:00:00,125.270195
2012-01-25 13:00:00,127.69836
2012-01-25 14:00:00,128.58812
2012-01-25 15:00:00,147.17737
2012-01-25 16:00:00,130.74329
2012-01-25 17:00:00,138.29762
2012-01-25 18:00:00,110.295044
2012-01-25 19:00:00,118.711716
2012-01-25 20:00:00,120.72599
2012-01-25 21:00:00,102.641266
2012-01-25 22:00:00,103.07333
2012-01-25 23:00:00,108.67178
2012-01-26 00:00:00,94.98963
2012-01-26 01:00:00,98.110146
2012-01-26 02:00:00,81.385765
2012-01-26 03:00:00,100.26371
2012-01-26 04:00:00,77.93283
2012-01-26 05:00:00,105.029366
2012-01-26 06:00:00,87.45368
2012-01-26 07:00:00,94.775215
2012-01-26 08:00:00,94.775215
2012-01-26 09:00:00,92.665245
2012-01-26 10:00:00,96.62388
2012-01-26 11:00:00,92.73408
2012-01-26 12:00:00,105.73167
2012-01-26 13:00:00,131.60074
2012-01-26 14:00:00,140.8209
2012-01-26 15:00:00,146.68015
2012-01-26 16:00:00,141.04529
2012-01-26 17:00:00,141.04626
2012-01-26 18:00:00,141.04626
2012-01-26 19:00:00,143.38377
2012-01-26 20:00:00,135.43233
2012-01-26 21:00:00,143.38377
2012-01-26 22:00:00,109.52184
2012-01-26 23:00:00,127.42526
2012-01-27 00:00:00,122.49968
2012-01-27 01:00:00,126.308876
2012-01-27 02:00:00,105.007805
2012-01-27 03:00:00,118.661316
2012-01-27 04:00:00,103.696045
2012-01-27 05:00:00,109.69639
2012-01-27 06:00:00,107.05223
2012-01-27 07:00:00,109.733795
2012-01-27 08:00:00,144.73193
2012-01-27 09:00:00,144.73193
2012-01-27 10:00:00,148.68123
2012-01-27 11:00:00,143.9679
2012-01-27 12:00:00,161.19185
2012-01-27 13:00:00,234.31561
2012-01-27 14:00:00,235.74162
2012-01-27 15:00:00,218.92416
2012-01-27 16:00:00,216.65884
2012-01-27 17:00:00,213.51831
2012-01-27 18:00:00,199.74545
2012-01-27 19:00:00,168.01929
2012-01-27 20:00:00,141.28674
2012-01-27 21:00:00,160.42105
2012-01-27 22:00:00,156.54225
2012-01-27 23:00:00,151.27002
2012-01-28 00:00:00,106.76598
2012-01-28 01:00:00,112.26623
2012-01-28 02:00:00,69.45103
2012-01-28 03:00:00,72.78126
2012-01-28 04:00:00,67.13297
2012-01-28 05:00:00,45.55101
2012-01-28 06:00:00,49.166183
2012-01-28 07:00:00,41.932747
2012-01-28 08:00:00,39.843636
2012-01-28 09:00:00,40.0259
2012-01-28 10:00:00,52.27676
2012-01-28 11:00:00,94.60603
2012-01-28 12:00:00,88.79036
2012-01-28 13:00:00,112.73213
2012-01-28 14:00:00,186.47545
2012-01-28 15:00:00,188.5809
2012-01-28 16:00:00,213.12918
2012-01-28 17:00:00,213.72726
2012-01-28 18:00:00,233.99033
2012-01-28 19:00:00,203.5662
2012-01-28 20:00:00,230.53888
2012-01-28 21:00:00,205.22867
2012-01-28 22:00:00,184.34613
2012-01-28 23:00:00,183.00735
2012-01-29 00:00:00,150.01927
2012-01-29 01:00:00,169.01207
2012-01-29 02:00:00,165.57103
2012-01-29 03:00:00,146.30081
2012-01-29 04:00:00,128.12157
2012-01-29 05:00:00,64.9246
2012-01-29 06:00:00,82.87284
2012-01-29 07:00:00,85.93137
2012-01-29 08:00:00,74.729774
2012-01-29 09:00:00,68.43717
2012-01-29 10:00:00,99.10339
2012-01-29 11:00:00,170.14597
2012-01-29 12:00:00,220.48804
2012-01-29 13:00:00,220.48804
2012-01-29 14:00:00,217.66225
2012-01-29 15:00:00,247.3591
2012-01-29 16:00:00,223.10492
2012-01-29 17:00:00,223.10492
2012-01-29 18:00:00,214.18394
2012-01-29 19:00:00,199.65247
2012-01-29 20:00:00,130.7976
2012-01-29 21:00:00,153.79341
2012-01-29 22:00:00,184.32669
2012-01-29 23:00:00,145.521
2012-01-30 00:00:00,173.07016
2012-01-30 01:00:00,87.705345
2012-01-30 02:00:00,103.28555
2012-01-30 03:00:00,100.57222
2012-01-30 04:00:00,85.786995
2012-01-30 05:00:00,85.786995
2012-01-30 06:00:00,102.83895
2012-01-30 07:00:00,104.104416
2012-01-30 08:00:00,86.71282
2012-01-30 09:00:00,86.71282
2012-01-30 10:00:00,111.89416
2012-01-30 11:00:00,101.556786
2012-01-30 12:00:00,131.9354
2012-01-30 13:00:00,150.4
2012-01-30 14:00:00,187.72641
2012-01-30 15:00:00,190.10919
2012-01-30 16:00:00,196.25508
2012-01-30 17:00:00,238.55927
2012-01-30 18:00:00,200.32721
2012-01-30 19:00:00,117.747765
2012-01-30 20:00:00,136.92114
2012-01-30 21:00:00,127.708336
2012-01-30 22:00:00,123.15305
2012-01-30 23:00:00,91.616615
2012-01-31 00:00:00,115.83649
2012-01-31 01:00:00,142.11368
2012-01-31 02:00:00,132.19075
2012-01-31 03:00:00,130.0301
2012-01-31 04:00:00,122.01462
2012-01-31 05:00:00,122.01462
2012-01-31 06:00:00,111.58465
2012-01-31 07:00:00,91.616615
2012-01-31 08:00:00,95.156
2012-01-31 09:00:00,120.41955
2012-01-31 10:00:00,113.88088
2012-01-31 11:00:00,215.84033
2012-01-31 12:00:00,196.16156
2012-01-31 13:00:00,245.99597
2012-01-31 14:00:00,328.1215
2012-01-31 15:00:00,301.83847
2012-01-31 16:00:00,301.83847
2012-01-31 17:00:00,322.7933
2012-01-31 18:00:00,328.90665
2012-01-31 19:00:00,316.66312
2012-01-31 20:00:00,150.82016
2012-01-31 21:00:00,269.24197
2012-01-31 22:00:00,249.98581
2012-01-31 23:00:00,231.59506
2012-02-20 00:00:00,41.108097
2012-02-20 01:00:00,41.108097
2012-02-20 02:00:00,41.108097
2012-02-20 03:00:00,42.25454
2012-02-20 05:00:00,56.53454
2012-02-20 06:00:00,101.34992
2012-02-20 07:00:00,58.265785
2012-02-20 08:00:00,57.315186
2012-02-20 09:00:00,57.315186
2012-02-20 10:00:00,91.611435
2012-02-20 11:00:00,104.93799
2012-02-20 12:00:00,107.37336
2012-02-20 13:00:00,121.40061
2012-02-20 14:00:00,150.19884
2012-02-20 15:00:00,171.77814
2012-02-20 16:00:00,240.67688
2012-02-20 17:00:00,256.16254
2012-02-20 18:00:00,171.77814
2012-02-20 19:00:00,171.77814
2012-02-20 20:00:00,178.00955
2012-02-20 21:00:00,123.068504
2012-02-20 22:00:00,92.30602
2012-02-20 23:00:00,109.12372
2012-02-21 00:00:00,88.24787
2012-02-21 01:00:00,99.89022
2012-02-21 02:00:00,90.81602
2012-02-21 04:00:00,78.28917
2012-02-21 05:00:00,68.12087
2012-02-21 06:00:00,63.348953
2012-02-21 07:00:00,78.28917
2012-02-21 08:00:00,70.73728
2012-02-21 09:00:00,66.64571
2012-02-21 10:00:00,69.418495
2012-02-21 11:00:00,67.72486
2012-02-21 12:00:00,109.3072
2012-02-21 13:00:00,157.72226
2012-02-21 14:00:00,124.41343
2012-02-21 15:00:00,157.72226
2012-02-21 16:00:00,170.1171
2012-02-21 17:00:00,199.47005
2012-02-21 18:00:00,199.47005
2012-02-21 19:00:00,158.73015
2012-02-21 20:00:00,138.05652
2012-02-21 21:00:00,127.236496
2012-02-21 22:00:00,106.13975
2012-02-21 23:00:00,106.61054
2012-02-22 00:00:00,106.61054
2012-02-22 01:00:00,103.408806
2012-02-22 02:00:00,113.465645
2012-02-22 03:00:00,99.25835
2012-02-22 04:00:00,104.895515
2012-02-22 05:00:00,102.2723
2012-02-22 06:00:00,88.79766
2012-02-22 07:00:00,91.68124
2012-02-22 08:00:00,86.1957
2012-02-22 09:00:00,101.752754
2012-02-22 10:00:00,107.290245
2012-02-22 11:00:00,121.7098
2012-02-22 12:00:00,162.71576
2012-02-22 13:00:00,181.82214
2012-02-22 14:00:00,194.96353
2012-02-22 15:00:00,299.06125
2012-02-22 16:00:00,313.7117
2012-02-22 17:00:00,314.8394
2012-02-22 18:00:00,234.87038
2012-02-22 19:00:00,208.34892
2012-02-22 20:00:00,190.47215
2012-02-22 21:00:00,260.27905
2012-02-22 22:00:00,190.31284
2012-02-22 23:00:00,218.04404
2012-02-23 00:00:00,190.31284
2012-02-23 01:00:00,166.43591
2012-02-23 02:00:00,160.30884
2012-02-23 03:00:00,133.39345
2012-02-23 04:00:00,137.9402
2012-02-23 05:00:00,137.9402
2012-02-23 06:00:00,86.32887
2012-02-23 07:00:00,99.48001
2012-02-23 08:00:00,81.73185
2012-02-23 09:00:00,91.29331
2012-02-23 10:00:00,163.65836
2012-02-23 11:00:00,224.4705
2012-02-23 12:00:00,258.4119
2012-02-23 13:00:00,289.19208
2012-02-23 14:00:00,299.4486
2012-02-23 15:00:00,280.4218
2012-02-23 16:00:00,247.89583
2012-02-23 17:00:00,290.60513
2012-02-23 18:00:00,278.81677
2012-02-23 19:00:00,242.19238
2012-02-23 20:00:00,221.07494
2012-02-23 21:00:00,194.85489
2012-02-23 22:00:00,186.6055
2012-02-23 23:00:00,152.52898
2012-02-24 00:00:00,157.47208
2012-02-24 01:00:00,181.22513
2012-02-24 02:00:00,126.93952
2012-02-24 03:00:00,124.71467
2012-02-24 04:00:00,109.303246
2012-02-24 05:00:00,131.7163
2012-02-24 06:00:00,127.964836
2012-02-24 07:00:00,133.32532
2012-02-24 08:00:00,118.261055
2012-02-24 09:00:00,87.11568
2012-02-24 10:00:00,99.99973
2012-02-24 11:00:00,115.78854
2012-02-24 12:00:00,140.31827
2012-02-24 13:00:00,146.68015
2012-02-24 14:00:00,155.99437
2012-02-24 15:00:00,115.334175
2012-02-24 16:00:00,115.334175
2012-02-24 17:00:00,134.16473
2012-02-24 18:00:00,113.262566
2012-02-24 19:00:00,138.68752
2012-02-24 20:00:00,197.24355
2012-02-24 21:00:00,147.70927
2012-02-24 22:00:00,209.8686
2012-02-24 23:00:00,192.92499
2012-02-25 00:00:00,167.5828
2012-02-25 01:00:00,155.33014
2012-02-25 02:00:00,135.4636
2012-02-25 03:00:00,135.76028
2012-02-25 04:00:00,140.88448
2012-02-25 05:00:00,120.948006
2012-02-25 06:00:00,120.948006
2012-02-25 07:00:00,131.56004
2012-02-25 08:00:00,91.88442
2012-02-25 09:00:00,34.733757
2012-02-25 10:00:00,71.255455
2012-02-25 11:00:00,152.62918
2012-02-25 12:00:00,137.90338
2012-02-25 13:00:00,173.74681
2012-02-25 14:00:00,164.59468
2012-02-25 15:00:00,176.57184
2012-02-25 16:00:00,143.61247
2012-02-25 17:00:00,150.06357
2012-02-25 18:00:00,156.26477
2012-02-25 19:00:00,132.49442
2012-02-25 20:00:00,136.62645
2012-02-25 21:00:00,114.34866
2012-02-25 22:00:00,120.4549
2012-02-25 23:00:00,114.72018
2012-02-26 00:00:00,114.290764
2012-02-26 01:00:00,99.59104
2012-02-26 02:00:00,99.59104
2012-02-26 03:00:00,95.02975
2012-02-26 04:00:00,95.02975
2012-02-26 05:00:00,80.71435
2012-02-26 06:00:00,86.5897
2012-02-26 07:00:00,59.33311
2012-02-26 08:00:00,60.899937
2012-02-26 09:00:00,74.788925
2012-02-26 10:00:00,104.21685
2012-02-26 11:00:00,131.84537
2012-02-26 12:00:00,116.66255
2012-02-26 13:00:00,154.83481
2012-02-26 14:00:00,199.29791
2012-02-26 15:00:00,222.8275
2012-02-26 16:00:00,200.90768
2012-02-26 17:00:00,207.15614
2012-02-26 18:00:00,168.5635
2012-02-26 19:00:00,185.34401
2012-02-26 20:00:00,125.54049
2012-02-26 21:00:00,110.241486
2012-02-26 22:00:00,126.73837
2012-02-26 23:00:00,76.254875
2012-02-27 00:00:00,85.88101
2012-02-27 01:00:00,83.727974
2012-02-27 02:00:00,73.12313
2012-02-27 03:00:00,67.93247
2012-02-27 04:00:00,60.773903
2012-02-27 05:00:00,60.773903
2012-02-27 06:00:00,71.865654
2012-02-27 07:00:00,78.98675
2012-02-27 08:00:00,73.29487
2012-02-27 09:00:00,91.616615
2012-02-27 10:00:00,140.18463
2012-02-27 11:00:00,154.8636
2012-02-27 12:00:00,217.32185
2012-02-27 13:00:00,195.19696
2012-02-27 14:00:00,254.64423
2012-02-27 15:00:00,306.39078
2012-02-27 16:00:00,301.83847
2012-02-27 17:00:00,274.14883
2012-02-27 18:00:00,327.9954
2012-02-27 19:00:00,315.38336
2012-02-27 20:00:00,288.2137
2012-02-27 21:00:00,254.64423
2012-02-27 22:00:00,210.43764
2012-02-27 23:00:00,184.2462
2012-02-28 00:00:00,170.93542
2012-02-28 01:00:00,154.1872
2012-02-28 02:00:00,157.48529
2012-02-28 03:00:00,232.5516
2012-02-28 04:00:00,150.95541
2012-02-28 05:00:00,150.95541
2012-02-28 06:00:00,140.60532
2012-02-28 07:00:00,129.64171
2012-02-28 08:00:00,112.513306
2012-02-28 09:00:00,133.59164
2012-02-28 10:00:00,142.11366
2012-02-28 11:00:00,163.68762
2012-02-28 12:00:00,173.633
2012-02-28 13:00:00,182.3638
2012-02-28 14:00:00,213.84575
2012-02-28 15:00:00,220.09657
2012-02-28 16:00:00,215.80222
2012-02-28 17:00:00,220.09657
2012-02-28 18:00:00,236.12512
2012-02-28 19:00:00,189.1915
2012-02-28 20:00:00,221.10898
2012-02-28 21:00:00,137.93562
2012-02-28 22:00:00,137.93562
2012-02-28 23:00:00,128.17526
2012-02-29 00:00:00,122.36931
2012-02-29 01:00:00,121.829475
2012-02-29 02:00:00,114.90712
2012-02-29 03:00:00,88.01566
2012-02-29 05:00:00,77.1397
2012-02-29 06:00:00,100.26371
2012-02-29 07:00:00,85.83824
2012-02-29 08:00:00,94.98963
2012-02-29 09:00:00,77.20327
2012-02-29 10:00:00,77.20327
2012-02-29 11:00:00,68.711754
2012-02-29 12:00:00,63.40791
2012-02-29 13:00:00,79.224525
2012-02-29 14:00:00,79.224525
2012-02-29 15:00:00,116.91291
2012-02-29 16:00:00,113.55395
2012-02-29 17:00:00,127.964836
2012-02-29 18:00:00,136.43793
2012-02-29 19:00:00,125.9725
2012-02-29 20:00:00,130.24583
2012-02-29 21:00:00,130.24583
2012-02-29 22:00:00,108.09869
2012-02-29 23:00:00,108.09869
2012-03-20 00:00:00,184.5281
2012-03-20 01:00:00,146.12752
2012-03-20 02:00:00,152.71677
2012-03-20 03:00:00,164.67865
2012-03-20 04:00:00,166.38037
2012-03-20 05:00:00,148.49066
2012-03-20 06:00:00,158.82266
2012-03-20 07:00:00,161.4302
2012-03-20 08:00:00,165.06802
2012-03-20 09:00:00,174.29951
2012-03-20 10:00:00,158.09795
2012-03-20 11:00:00,178.25127
2012-03-20 12:00:00,226.43767
2012-03-20 13:00:00,212.68486
2012-03-20 14:00:00,226.94968
2012-03-20 15:00:00,243.05255
2012-03-20 16:00:00,273.1483
2012-03-20 17:00:00,229.55226
2012-03-20 18:00:00,258.68585
2012-03-20 19:00:00,194.60736
2012-03-20 20:00:00,191.47855
2012-03-20 21:00:00,169.2698
2012-03-20 22:00:00,162.47238
2012-03-20 23:00:00,147.39958
2012-03-21 00:00:00,97.86953
2012-03-21 01:00:00,108.65833
2012-03-21 02:00:00,104.91233
2012-03-21 03:00:00,128.74335
2012-03-21 04:00:00,114.617966
2012-03-21 05:00:00,114.617966
2012-03-21 06:00:00,120.8071
2012-03-21 07:00:00,117.508156
2012-03-21 08:00:00,110.43
2012-03-21 09:00:00,120.55642
2012-03-21 10:00:00,130.54637
2012-03-21 11:00:00,130.54637
2012-03-21 12:00:00,112.227516
2012-03-21 13:00:00,110.01027
2012-03-21 14:00:00,117.01471
2012-03-21 15:00:00,117.01471
2012-03-21 16:00:00,118.97969
2012-03-21 17:00:00,162.15143
2012-03-21 18:00:00,143.66064
2012-03-21 19:00:00,168.8375
2012-03-21 20:00:00,122.75075
2012-03-21 21:00:00,116.03503
2012-03-21 22:00:00,120.122215
2012-03-21 23:00:00,105.416435
2012-03-22 00:00:00,108.65833
2012-03-22 01:00:00,108.65833
2012-03-22 02:00:00,108.65833
2012-03-22 03:00:00,108.65833
2012-03-22 04:00:00,95.27811
2012-03-22 05:00:00,95.27811
2012-03-22 06:00:00,95.27811
2012-03-22 07:00:00,95.27811
2012-03-22 08:00:00,106.66513
2012-03-22 09:00:00,106.66513
2012-03-22 10:00:00,102.45562
2012-03-22 11:00:00,103.191574
2012-03-22 12:00:00,138.7989
2012-03-22 13:00:00,128.44666
2012-03-22 14:00:00,153.71603
2012-03-22 15:00:00,212.87172
2012-03-22 16:00:00,234.92044
2012-03-22 17:00:00,235.20728
2012-03-22 18:00:00,235.20728
2012-03-22 19:00:00,180.16463
2012-03-22 20:00:00,212.96666
2012-03-22 21:00:00,144.06688
2012-03-22 22:00:00,140.26991
2012-03-22 23:00:00,119.248146
2012-03-23 00:00:00,108.34875
2012-03-23 01:00:00,102.64231
2012-03-23 02:00:00,111.66949
2012-03-23 03:00:00,108.57751
2012-03-23 04:00:00,108.39438
2012-03-23 05:00:00,98.648705
2012-03-23 06:00:00,99.59934
2012-03-23 07:00:00,112.58213
2012-03-23 08:00:00,112.26661
2012-03-23 09:00:00,112.518654
2012-03-23 10:00:00,125.63763
2012-03-23 11:00:00,185.65218
2012-03-23 12:00:00,250.82718
2012-03-23 13:00:00,241.36388
2012-03-23 14:00:00,277.91864
2012-03-23 15:00:00,289.7839
2012-03-23 16:00:00,302.11545
2012-03-23 17:00:00,302.11545
2012-03-23 18:00:00,311.62918
2012-03-23 19:00:00,309.83386
2012-03-23 20:00:00,286.4459
2012-03-23 21:00:00,263.45026
2012-03-23 22:00:00,244.18196
2012-03-23 23:00:00,215.83905
2012-03-24 00:00:00,106.88041
2012-03-24 01:00:00,102.94976
2012-03-24 02:00:00,97.05239
2012-03-24 03:00:00,97.05239
2012-03-24 04:00:00,85.21895
2012-03-24 05:00:00,108.98982
2012-03-24 06:00:00,108.98982
2012-03-24 07:00:00,91.78455
2012-03-24 08:00:00,94.05985
2012-03-24 09:00:00,100.28006
2012-03-24 10:00:00,112.113976
2012-03-24 11:00:00,94.05985
2012-03-24 12:00:00,118.3415
2012-03-24 13:00:00,113.82691
2012-03-24 14:00:00,127.38482
2012-03-24 15:00:00,108.90441
2012-03-24 16:00:00,104.84918
2012-03-24 17:00:00,114.38256
2012-03-24 18:00:00,94.53138
2012-03-24 19:00:00,107.68028
2012-03-24 20:00:00,89.04954
2012-03-24 21:00:00,89.04954
2012-03-24 22:00:00,77.36321
2012-03-24 23:00:00,85.52302
2012-03-25 00:00:00,85.52302
2012-03-25 01:00:00,63.977318
2012-03-25 02:00:00,68.16662
2012-03-25 03:00:00,74.41402
2012-03-25 04:00:00,81.38085
2012-03-25 05:00:00,58.618942
2012-03-25 06:00:00,58.618942
2012-03-25 07:00:00,74.963264
2012-03-25 08:00:00,74.963264
2012-03-25 09:00:00,69.9709
2012-03-25 10:00:00,84.76475
2012-03-25 11:00:00,69.9709
2012-03-25 12:00:00,68.2618
2012-03-25 13:00:00,82.299034
2012-03-25 14:00:00,86.811325
2012-03-25 15:00:00,92.604614
2012-03-25 16:00:00,67.1178
2012-03-25 17:00:00,86.96043
2012-03-25 18:00:00,86.96043
2012-03-25 19:00:00,138.55124
2012-03-25 20:00:00,114.4921
2012-03-25 21:00:00,94.49116
2012-03-25 22:00:00,73.40682
2012-03-25 23:00:00,80.1614
2012-03-26 00:00:00,121.24186
2012-03-26 01:00:00,131.15787
2012-03-26 02:00:00,100.135826
2012-03-26 03:00:00,110.23006
2012-03-26 04:00:00,98.882866
2012-03-26 05:00:00,108.22592
2012-03-26 06:00:00,99.903244
2012-03-26 07:00:00,125.45036
2012-03-26 08:00:00,143.61555
2012-03-26 09:00:00,198.07532
2012-03-26 10:00:00,290.55252
2012-03-26 11:00:00,303.6728
2012-03-26 12:00:00,296.38174
2012-03-26 13:00:00,246.83575
2012-03-26 14:00:00,300.53885
2012-03-26 15:00:00,289.87732
2012-03-26 16:00:00,228.65451
2012-03-26 17:00:00,331.49985
2012-03-26 18:00:00,313.74826
2012-03-26 19:00:00,327.96472
2012-03-26 20:00:00,289.89084
2012-03-26 21:00:00,285.79605
2012-03-26 22:00:00,261.78653
2012-03-26 23:00:00,215.75467
2012-03-27 00:00:00,213.23837
2012-03-27 01:00:00,210.71474
2012-03-27 02:00:00,170.43129
2012-03-27 03:00:00,171.92682
2012-03-27 04:00:00,156.53561
2012-03-27 05:00:00,134.94241
2012-03-27 06:00:00,129.34367
2012-03-27 07:00:00,129.34367
2012-03-27 08:00:00,133.6105
2012-03-27 09:00:00,132.36044
2012-03-27 10:00:00,145.78665
2012-03-27 11:00:00,177.67097
2012-03-27 12:00:00,186.58054
2012-03-27 13:00:00,176.94814
2012-03-27 14:00:00,263.92044
2012-03-27 15:00:00,255.86879
2012-03-27 16:00:00,255.86879
2012-03-27 17:00:00,296.6178
2012-03-27 18:00:00,311.29367
2012-03-27 19:00:00,279.23868
2012-03-27 20:00:00,311.29364
2012-03-27 21:00:00,190.53595
2012-03-27 22:00:00,188.6705
2012-03-27 23:00:00,186.39697
2012-03-28 00:00:00,175.64882
2012-03-28 01:00:00,160.93495
2012-03-28 02:00:00,148.34523
2012-03-28 03:00:00,166.77461
2012-03-28 04:00:00,167.63875
2012-03-28 05:00:00,167.63875
2012-03-28 06:00:00,170.32187
2012-03-28 07:00:00,165.60129
2012-03-28 08:00:00,181.62589
2012-03-28 09:00:00,203.1083
2012-03-28 10:00:00,246.40353
2012-03-28 11:00:00,265.5202
2012-03-28 12:00:00,288.06482
2012-03-28 13:00:00,277.8991
2012-03-28 14:00:00,380.51242
2012-03-28 15:00:00,329.65274
2012-03-28 16:00:00,224.70746
2012-03-28 17:00:00,257.37103
2012-03-28 18:00:00,257.37103
2012-03-28 19:00:00,275.56705
2012-03-28 20:00:00,278.21985
2012-03-28 21:00:00,221.98386
2012-03-28 22:00:00,166.42491
2012-03-28 23:00:00,137.09389
2012-03-29 00:00:00,157.86856
2012-03-29 01:00:00,187.45065
2012-03-29 02:00:00,386.85715
2012-03-29 03:00:00,356.74393
2012-03-29 04:00:00,275.1348
2012-03-29 05:00:00,221.91846
2012-03-29 06:00:00,160.40594
2012-03-29 07:00:00,197.23517
2012-03-29 08:00:00,218.6548
2012-03-29 09:00:00,224.74608
2012-03-29 10:00:00,217.81282
2012-03-29 11:00:00,253.40605
2012-03-29 12:00:00,265.90738
2012-03-29 13:00:00,217.53815
2012-03-29 14:00:00,256.94855
2012-03-29 15:00:00,288.84985
2012-03-29 16:00:00,303.19922
2012-03-29 17:00:00,308.443
2012-03-29 18:00:00,256.8041
2012-03-29 19:00:00,240.34375
2012-03-29 20:00:00,239.61905
2012-03-29 21:00:00,198.02531
2012-03-29 22:00:00,189.94794
2012-03-29 23:00:00,183.3653
2012-03-30 00:00:00,175.19409
2012-03-30 01:00:00,158.09177
2012-03-30 02:00:00,147.88333
2012-03-30 03:00:00,101.238625
2012-03-30 04:00:00,107.2745
2012-03-30 05:00:00,89.057625
2012-03-30 06:00:00,103.7268
2012-03-30 07:00:00,109.958435
2012-03-30 08:00:00,102.40948
2012-03-30 09:00:00,112.33228
2012-03-30 10:00:00,102.65157
2012-03-30 11:00:00,113.183136
2012-03-30 12:00:00,116.23671
2012-03-30 13:00:00,137.65317
2012-03-30 14:00:00,127.81609
2012-03-30 15:00:00,133.12442
2012-03-30 16:00:00,125.30229
2012-03-30 17:00:00,124.94626
2012-03-30 18:00:00,148.58224
2012-03-30 19:00:00,135.67563
2012-03-30 20:00:00,122.281105
2012-03-30 21:00:00,106.04023
2012-03-30 22:00:00,96.48516
2012-03-30 23:00:00,74.47291
2012-03-31 00:00:00,64.69617
2012-03-31 01:00:00,104.59015
2012-03-31 02:00:00,110.55174
2012-03-31 03:00:00,81.68605
2012-03-31 04:00:00,126.833954
2012-03-31 05:00:00,76.891
2012-03-31 06:00:00,60.91095
2012-03-31 07:00:00,60.91095
2012-03-31 08:00:00,60.735714
2012-03-31 09:00:00,104.59015
2012-03-31 10:00:00,97.082985
2012-03-31 11:00:00,88.42081
2012-03-31 12:00:00,77.17376
2012-03-31 13:00:00,145.04787
2012-03-31 14:00:00,147.82944
2012-03-31 15:00:00,178.21445
2012-03-31 16:00:00,157.92673
2012-03-31 17:00:00,185.65248
2012-03-31 18:00:00,146.52573
2012-03-31 19:00:00,150.80702
2012-03-31 20:00:00,115.82104
2012-03-31 21:00:00,115.82104
2012-03-31 22:00:00,105.2514
2012-03-31 23:00:00,74.24042
2012-04-20 00:00:00,113.57691
2012-04-20 01:00:00,110.23006
2012-04-20 02:00:00,90.022835
2012-04-20 03:00:00,84.91234
2012-04-20 04:00:00,66.83745
2012-04-20 05:00:00,62.437557
2012-04-20 06:00:00,73.48971
2012-04-20 07:00:00,62.437557
2012-04-20 08:00:00,68.237755
2012-04-20 09:00:00,90.266945
2012-04-20 10:00:00,130.50526
2012-04-20 11:00:00,147.44937
2012-04-20 12:00:00,239.65367
2012-04-20 13:00:00,305.65
2012-04-20 14:00:00,314.41428
2012-04-20 15:00:00,307.432
2012-04-20 16:00:00,312.22055
2012-04-20 17:00:00,316.40634
2012-04-20 18:00:00,301.6658
2012-04-20 19:00:00,287.3631
2012-04-20 20:00:00,222.02432
2012-04-20 21:00:00,145.57812
2012-04-20 22:00:00,172.9182
2012-04-20 23:00:00,125.61545
2012-04-21 00:00:00,124.31929
2012-04-21 01:00:00,124.31929
2012-04-21 02:00:00,97.05196
2012-04-21 03:00:00,107.20641
2012-04-21 04:00:00,115.96642
2012-04-21 05:00:00,115.96642
2012-04-21 06:00:00,107.20643
2012-04-21 07:00:00,125.664665
2012-04-21 08:00:00,126.482
2012-04-21 09:00:00,111.52273
2012-04-21 10:00:00,254.44225
2012-04-21 11:00:00,281.14413
2012-04-21 12:00:00,305.1779
2012-04-21 13:00:00,319.34177
2012-04-21 14:00:00,403.7985
2012-04-21 15:00:00,453.64716
2012-04-21 16:00:00,430.44363
2012-04-21 17:00:00,511.7433
2012-04-21 18:00:00,392.40732
2012-04-21 19:00:00,189.58209
2012-04-21 20:00:00,127.409615
2012-04-21 21:00:00,131.39995
2012-04-21 22:00:00,122.1997
2012-04-21 23:00:00,119.14888
2012-04-22 00:00:00,110.85987
2012-04-22 01:00:00,120.3323
2012-04-22 02:00:00,142.46529
2012-04-22 03:00:00,99.77134
2012-04-22 04:00:00,106.0745
2012-04-22 05:00:00,118.181816
2012-04-22 06:00:00,132.07828
2012-04-22 07:00:00,106.02844
2012-04-22 08:00:00,87.171364
2012-04-22 09:00:00,87.171364
2012-04-22 10:00:00,78.29845
2012-04-22 11:00:00,70.145996
2012-04-22 12:00:00,68.91443
2012-04-22 13:00:00,78.80459
2012-04-22 14:00:00,68.91443
2012-04-22 15:00:00,71.40019
2012-04-22 16:00:00,75.7945
2012-04-22 17:00:00,47.75302
2012-04-22 18:00:00,47.75302
2012-04-22 19:00:00,59.949295
2012-04-22 20:00:00,49.14508
2012-04-22 21:00:00,54.275715
2012-04-22 22:00:00,55.360195
2012-04-22 23:00:00,66.589836
2012-04-23 00:00:00,83.23072
2012-04-23 01:00:00,65.47347
2012-04-23 02:00:00,69.77514
2012-04-23 03:00:00,76.02423
2012-04-23 04:00:00,68.066185
2012-04-23 05:00:00,68.066185
2012-04-23 06:00:00,71.70667
2012-04-23 07:00:00,69.7365
2012-04-23 08:00:00,76.16676
2012-04-23 09:00:00,80.73344
2012-04-23 10:00:00,96.400345
2012-04-23 11:00:00,95.69152
2012-04-23 12:00:00,94.0855
2012-04-23 13:00:00,107.4597
2012-04-23 14:00:00,127.49432
2012-04-23 15:00:00,136.22601
2012-04-23 16:00:00,65.033516
2012-04-23 17:00:00,65.08809
2012-04-23 18:00:00,85.147095
2012-04-23 19:00:00,91.892876
2012-04-23 20:00:00,91.72023
2012-04-23 21:00:00,78.65229
2012-04-23 22:00:00,82.88643
2012-04-23 23:00:00,77.239655
2012-04-24 00:00:00,89.838
2012-04-24 01:00:00,85.964455
2012-04-24 02:00:00,69.52985
2012-04-24 03:00:00,71.76354
2012-04-24 04:00:00,93.42036
2012-04-24 05:00:00,93.42036
2012-04-24 06:00:00,94.90385
2012-04-24 07:00:00,110.77856
2012-04-24 08:00:00,127.531654
2012-04-24 09:00:00,185.64938
2012-04-24 10:00:00,183.3653
2012-04-24 11:00:00,312.47806
2012-04-24 12:00:00,335.28012
2012-04-24 13:00:00,348.91336
2012-04-24 14:00:00,363.50922
2012-04-24 15:00:00,351.78696
2012-04-24 16:00:00,344.25903
2012-04-24 17:00:00,358.3611
2012-04-24 18:00:00,308.58087
2012-04-24 19:00:00,364.39798
2012-04-24 20:00:00,363.38605
2012-04-24 21:00:00,258.7425
2012-04-24 22:00:00,204.99408
2012-04-24 23:00:00,182.42245
2012-04-25 00:00:00,158.28017
2012-04-25 01:00:00,146.01927
2012-04-25 02:00:00,77.162025
2012-04-25 03:00:00,78.79316
2012-04-25 04:00:00,83.69012
2012-04-25 05:00:00,73.98858
2012-04-25 06:00:00,73.98858
2012-04-25 07:00:00,72.85767
2012-04-25 08:00:00,78.89982
2012-04-25 09:00:00,108.28474
2012-04-25 10:00:00,202.96484
2012-04-25 11:00:00,269.05304
2012-04-25 12:00:00,355.201
2012-04-25 13:00:00,354.49515
2012-04-25 14:00:00,378.50504
2012-04-25 15:00:00,370.277
2012-04-25 16:00:00,354.87222
2012-04-25 17:00:00,371.48886
2012-04-25 18:00:00,380.90445
2012-04-25 19:00:00,374.02463
2012-04-25 20:00:00,340.02405
2012-04-25 21:00:00,194.48312
2012-04-25 22:00:00,147.29788
2012-04-25 23:00:00,170.03067
2012-04-26 00:00:00,127.48351
2012-04-26 01:00:00,167.03432
2012-04-26 02:00:00,159.0762
2012-04-26 03:00:00,156.47144
2012-04-26 04:00:00,146.8613
2012-04-26 05:00:00,141.02185
2012-04-26 06:00:00,153.49225
2012-04-26 07:00:00,132.01158
2012-04-26 08:00:00,111.50544
2012-04-26 09:00:00,109.26947
2012-04-26 10:00:00,104.50912
2012-04-26 11:00:00,116.11497
2012-04-26 12:00:00,122.12075
2012-04-26 13:00:00,125.10801
2012-04-26 14:00:00,141.27576
2012-04-26 15:00:00,158.42387
2012-04-26 16:00:00,138.75224
2012-04-26 17:00:00,133.63586
2012-04-26 18:00:00,141.27576
2012-04-26 19:00:00,146.16678
2012-04-26 20:00:00,142.29361
2012-04-26 21:00:00,136.66699
2012-04-26 22:00:00,120.122215
2012-04-26 23:00:00,106.254585
2012-04-27 00:00:00,234.36072
2012-04-27 01:00:00,212.20068
2012-04-27 02:00:00,200.3154
2012-04-27 03:00:00,207.38669
2012-04-27 04:00:00,183.27457
2012-04-27 05:00:00,200.03363
2012-04-27 06:00:00,180.65756
2012-04-27 07:00:00,158.09177
2012-04-27 08:00:00,118.63124
2012-04-27 09:00:00,210.49051
2012-04-27 10:00:00,249.82074
2012-04-27 11:00:00,237.38588
2012-04-27 12:00:00,273.76773
2012-04-27 13:00:00,299.73083
2012-04-27 14:00:00,289.43158
2012-04-27 15:00:00,338.83493
2012-04-27 16:00:00,332.8419
2012-04-27 17:00:00,378.96353
2012-04-27 18:00:00,374.84952
2012-04-27 19:00:00,357.83188
2012-04-27 20:00:00,290.06558
2012-04-27 21:00:00,266.51022
2012-04-27 22:00:00,205.87695
2012-04-27 23:00:00,190.09683
2012-04-28 00:00:00,166.3128
2012-04-28 01:00:00,140.64444
2012-04-28 02:00:00,145.80978
2012-04-28 03:00:00,125.68305
2012-04-28 04:00:00,115.37257
2012-04-28 05:00:00,118.499725
2012-04-28 06:00:00,120.917915
2012-04-28 07:00:00,115.37257
2012-04-28 08:00:00,184.73451
2012-04-28 09:00:00,200.19366
2012-04-28 10:00:00,184.60136
2012-04-28 11:00:00,171.90991
2012-04-28 12:00:00,180.54283
2012-04-28 13:00:00,215.84535
2012-04-28 14:00:00,219.70926
2012-04-28 15:00:00,217.75592
2012-04-28 16:00:00,255.80458
2012-04-28 17:00:00,195.22992
2012-04-28 18:00:00,177.9623
2012-04-28 19:00:00,84.66541
2012-04-28 20:00:00,82.570564
2012-04-28 21:00:00,87.485275
2012-04-28 22:00:00,90.75471
2012-04-28 23:00:00,85.8941
2012-04-29 00:00:00,80.145485
2012-04-29 01:00:00,71.598045
2012-04-29 02:00:00,59.822456
2012-04-29 03:00:00,60.735733
2012-04-29 04:00:00,59.250183
2012-04-29 05:00:00,31.873215
2012-04-29 06:00:00,31.036411
2012-04-29 07:00:00,56.098824
2012-04-29 08:00:00,64.61254
2012-04-29 09:00:00,80.414406
2012-04-29 10:00:00,74.30177
2012-04-29 11:00:00,142.14865
2012-04-29 12:00:00,214.1058
2012-04-29 13:00:00,220.63953
2012-04-29 14:00:00,363.7671
2012-04-29 15:00:00,352.96667
2012-04-29 16:00:00,448.20993
2012-04-29 17:00:00,467.3366
2012-04-29 18:00:00,465.4097
2012-04-29 19:00:00,374.82907
2012-04-29 20:00:00,379.06412
2012-04-29 21:00:00,227.52077
2012-04-29 22:00:00,214.01886
2012-04-29 23:00:00,92.57186
2012-04-30 00:00:00,99.3592
2012-04-30 01:00:00,90.48144
2012-04-30 02:00:00,104.27424
2012-04-30 03:00:00,104.14742
2012-04-30 04:00:00,138.82278
2012-04-30 05:00:00,138.82278
2012-04-30 06:00:00,165.88026
2012-04-30 07:00:00,154.38327
2012-04-30 08:00:00,176.92159
2012-04-30 09:00:00,175.39929
2012-04-30 10:00:00,180.33205
2012-04-30 11:00:00,168.57896
2012-04-30 12:00:00,168.20406
2012-04-30 13:00:00,162.71509
2012-04-30 14:00:00,171.37012
2012-04-30 15:00:00,174.21681
2012-04-30 16:00:00,201.77719
2012-04-30 17:00:00,199.12851
2012-04-30 18:00:00,199.5845
2012-04-30 19:00:00,177.40579
2012-04-30 20:00:00,180.344
2012-04-30 21:00:00,180.344
2012-04-30 22:00:00,183.54933
2012-04-30 23:00:00,193.60529
2012-05-20 00:00:00,214.33856
2012-05-20 01:00:00,191.86385
2012-05-20 02:00:00,191.86385
2012-05-20 03:00:00,155.44077
2012-05-20 04:00:00,95.866234
2012-05-20 05:00:00,89.41225
2012-05-20 06:00:00,110.56483
2012-05-20 07:00:00,127.49978
2012-05-20 08:00:00,205.83139
2012-05-20 09:00:00,465.28003
2012-05-20 10:00:00,471.41525
2012-05-20 11:00:00,463.85678
2012-05-20 12:00:00,472.01083
2012-05-20 13:00:00,463.9452
2012-05-20 14:00:00,465.94058
2012-05-20 15:00:00,452.92993
2012-05-20 16:00:00,445.22446
2012-05-20 17:00:00,417.8127
2012-05-20 18:00:00,358.94485
2012-05-20 19:00:00,301.08554
2012-05-20 20:00:00,301.08554
2012-05-20 21:00:00,258.2328
2012-05-20 22:00:00,217.1354
2012-05-20 23:00:00,168.88852
2012-05-21 00:00:00,150.72516
2012-05-21 01:00:00,161.12448
2012-05-21 02:00:00,138.24442
2012-05-21 03:00:00,159.22897
2012-05-21 04:00:00,146.1557
2012-05-21 05:00:00,146.1557
2012-05-21 06:00:00,146.1557
2012-05-21 07:00:00,146.1557
2012-05-21 08:00:00,138.90123
2012-05-21 09:00:00,133.65851
2012-05-21 10:00:00,147.81126
2012-05-21 11:00:00,154.29381
2012-05-21 12:00:00,168.01564
2012-05-21 13:00:00,150.25977
2012-05-21 14:00:00,140.56174
2012-05-21 15:00:00,205.01028
2012-05-21 16:00:00,207.8878
2012-05-21 17:00:00,231.1253
2012-05-21 18:00:00,159.38182
2012-05-21 19:00:00,180.37338
2012-05-21 20:00:00,188.97134
2012-05-21 21:00:00,171.64706
2012-05-21 22:00:00,191.0133
2012-05-21 23:00:00,212.96666
2012-05-22 00:00:00,163.5086
2012-05-22 01:00:00,139.75803
2012-05-22 02:00:00,133.83
2012-05-22 03:00:00,133.83
2012-05-22 04:00:00,135.99011
2012-05-22 05:00:00,128.3982
2012-05-22 06:00:00,121.61169
2012-05-22 07:00:00,121.61169
2012-05-22 08:00:00,129.72098
2012-05-22 09:00:00,139.48482
2012-05-22 10:00:00,148.82219
2012-05-22 11:00:00,135.30019
2012-05-22 12:00:00,162.8942
2012-05-22 13:00:00,165.3193
2012-05-22 14:00:00,196.651
2012-05-22 15:00:00,244.20786
2012-05-22 16:00:00,244.73187
2012-05-22 17:00:00,219.58292
2012-05-22 18:00:00,259.56256
2012-05-22 19:00:00,234.05359
2012-05-22 20:00:00,213.18407
2012-05-22 21:00:00,153.9485
2012-05-22 22:00:00,150.634
2012-05-22 23:00:00,153.06277
2012-05-23 00:00:00,153.9485
2012-05-23 01:00:00,143.35529
2012-05-23 02:00:00,154.29381
2012-05-23 03:00:00,142.7938
2012-05-23 04:00:00,134.65039
2012-05-23 05:00:00,138.90123
2012-05-23 06:00:00,118.80579
2012-05-23 07:00:00,113.41852
2012-05-23 08:00:00,113.41852
2012-05-23 09:00:00,141.83032
2012-05-23 10:00:00,146.46861
2012-05-23 11:00:00,143.7887
2012-05-23 12:00:00,215.98499
2012-05-23 13:00:00,210.83047
2012-05-23 14:00:00,234.85107
2012-05-23 15:00:00,228.16556
2012-05-23 16:00:00,225.20853
2012-05-23 17:00:00,191.63538
2012-05-23 18:00:00,191.63538
2012-05-23 19:00:00,160.18796
2012-05-23 20:00:00,142.94096
2012-05-23 21:00:00,130.58783
2012-05-23 22:00:00,160.18796
2012-05-23 23:00:00,137.92386
2012-05-24 00:00:00,130.59885
2012-05-24 01:00:00,121.10126
2012-05-24 02:00:00,111.42887
2012-05-24 03:00:00,129.97475
2012-05-24 04:00:00,140.90796
2012-05-24 05:00:00,140.90796
2012-05-24 06:00:00,140.90796
2012-05-24 07:00:00,133.04053
2012-05-24 08:00:00,161.15259
2012-05-24 09:00:00,171.83766
2012-05-24 10:00:00,211.21582
2012-05-24 11:00:00,223.59802
2012-05-24 12:00:00,264.8564
2012-05-24 13:00:00,321.12845
2012-05-24 14:00:00,354.01663
2012-05-24 15:00:00,365.80972
2012-05-24 16:00:00,352.28436
2012-05-24 17:00:00,363.90802
2012-05-24 18:00:00,345.8651
2012-05-24 19:00:00,317.9612
2012-05-24 20:00:00,234.77164
2012-05-24 21:00:00,170.12863
2012-05-24 22:00:00,162.3798
2012-05-24 23:00:00,174.0532
2012-05-25 00:00:00,143.61978
2012-05-25 01:00:00,136.29477
2012-05-25 02:00:00,130.58783
2012-05-25 03:00:00,135.42743
2012-05-25 04:00:00,123.08634
2012-05-25 05:00:00,133.02771
2012-05-25 06:00:00,135.42743
2012-05-25 07:00:00,146.75693
2012-05-25 08:00:00,140.42284
2012-05-25 09:00:00,145.30617
2012-05-25 10:00:00,179.25034
2012-05-25 11:00:00,171.13338
2012-05-25 12:00:00,250.32892
2012-05-25 13:00:00,287.75345
2012-05-25 14:00:00,300.80087
2012-05-25 15:00:00,345.60483
2012-05-25 16:00:00,369.0979
2012-05-25 17:00:00,367.5671
2012-05-25 18:00:00,345.60483
2012-05-25 19:00:00,339.02222
2012-05-25 20:00:00,261.06216
2012-05-25 21:00:00,246.1817
2012-05-25 22:00:00,164.16656
2012-05-25 23:00:00,185.72687
2012-05-26 00:00:00,125.36824
2012-05-26 01:00:00,119.30093
2012-05-26 02:00:00,115.08227
2012-05-26 03:00:00,105.30389
2012-05-26 04:00:00,110.20754
2012-05-26 05:00:00,151.03915
2012-05-26 06:00:00,120.81101
2012-05-26 07:00:00,124.266945
2012-05-26 08:00:00,130.16745
2012-05-26 09:00:00,133.3563
2012-05-26 10:00:00,174.60693
2012-05-26 11:00:00,207.0467
2012-05-26 12:00:00,308.99725
2012-05-26 13:00:00,321.8992
2012-05-26 14:00:00,334.43362
2012-05-26 15:00:00,355.60498
2012-05-26 16:00:00,396.0355
2012-05-26 17:00:00,397.57407
2012-05-26 18:00:00,369.04062
2012-05-26 19:00:00,313.72513
2012-05-26 20:00:00,342.90952
2012-05-26 21:00:00,309.53058
2012-05-26 22:00:00,233.5176
2012-05-26 23:00:00,233.5176
2012-05-27 00:00:00,232.08212
2012-05-27 01:00:00,183.29025
2012-05-27 02:00:00,177.51387
2012-05-27 03:00:00,155.42464
2012-05-27 04:00:00,134.40227
2012-05-27 05:00:00,134.40227
2012-05-27 06:00:00,126.41422
2012-05-27 07:00:00,114.88789
2012-05-27 08:00:00,133.3563
2012-05-27 09:00:00,153.9212
2012-05-27 10:00:00,208.50417
2012-05-27 11:00:00,294.70163
2012-05-27 12:00:00,322.5373
2012-05-27 13:00:00,355.536
2012-05-27 14:00:00,376.23685
2012-05-27 15:00:00,407.90884
2012-05-27 16:00:00,407.90884
2012-05-27 17:00:00,440.62546
2012-05-27 18:00:00,383.5076
2012-05-27 19:00:00,355.536
2012-05-27 20:00:00,341.43167
2012-05-27 21:00:00,228.74503
2012-05-27 22:00:00,136.02983
2012-05-27 23:00:00,132.38852
2012-05-28 00:00:00,111.37857
2012-05-28 01:00:00,165.29788
2012-05-28 02:00:00,108.06628
2012-05-28 03:00:00,117.96009
2012-05-28 04:00:00,93.69668
2012-05-28 05:00:00,93.69668
2012-05-28 06:00:00,117.96009
2012-05-28 07:00:00,90.26954
2012-05-28 08:00:00,109.07032
2012-05-28 09:00:00,198.02133
2012-05-28 10:00:00,198.02133
2012-05-28 11:00:00,224.76788
2012-05-28 12:00:00,275.2727
2012-05-28 13:00:00,382.9435
2012-05-28 14:00:00,382.9435
2012-05-28 15:00:00,422.2589
2012-05-28 16:00:00,416.47107
2012-05-28 17:00:00,422.2589
2012-05-28 18:00:00,395.68768
2012-05-28 19:00:00,406.45883
2012-05-28 20:00:00,364.2888
2012-05-28 21:00:00,325.1237
2012-05-28 22:00:00,220.52423
2012-05-28 23:00:00,186.26239
2012-05-29 00:00:00,203.16527
2012-05-29 01:00:00,203.16527
2012-05-29 02:00:00,166.99216
2012-05-29 03:00:00,217.57336
2012-05-29 04:00:00,185.72687
2012-05-29 05:00:00,185.72687
2012-05-29 06:00:00,185.72687
2012-05-29 07:00:00,185.72687
2012-05-29 08:00:00,225.13954
2012-05-29 09:00:00,294.5004
2012-05-29 10:00:00,322.05295
2012-05-29 11:00:00,368.2816
2012-05-29 12:00:00,396.68442
2012-05-29 13:00:00,402.69803
2012-05-29 14:00:00,412.35733
2012-05-29 15:00:00,401.03433
2012-05-29 16:00:00,447.10294
2012-05-29 17:00:00,416.76797
2012-05-29 18:00:00,432.59552
2012-05-29 19:00:00,379.48727
2012-05-29 20:00:00,287.82635
2012-05-29 21:00:00,177.52274
2012-05-29 22:00:00,133.02771
2012-05-29 23:00:00,122.59295
2012-05-30 00:00:00,141.07251
2012-05-30 01:00:00,146.28479
2012-05-30 02:00:00,131.42137
2012-05-30 03:00:00,134.35835
2012-05-30 04:00:00,140.31079
2012-05-30 05:00:00,174.43912
2012-05-30 06:00:00,153.27026
2012-05-30 07:00:00,158.50423
2012-05-30 08:00:00,186.79999
2012-05-30 09:00:00,211.73125
2012-05-30 10:00:00,217.26724
2012-05-30 11:00:00,232.67023
2012-05-30 12:00:00,210.79794
2012-05-30 13:00:00,223.3777
2012-05-30 14:00:00,309.7161
2012-05-30 15:00:00,310.26633
2012-05-30 16:00:00,322.5776
2012-05-30 17:00:00,291.4059
2012-05-30 18:00:00,327.36618
2012-05-30 19:00:00,321.12845
2012-05-30 20:00:00,178.2174
2012-05-30 21:00:00,261.00494
2012-05-30 22:00:00,186.41046
2012-05-30 23:00:00,211.55354
2012-05-31 00:00:00,188.97134
2012-05-31 01:00:00,170.99945
2012-05-31 02:00:00,193.19995
2012-05-31 03:00:00,171.64706
2012-05-31 04:00:00,150.97777
2012-05-31 05:00:00,227.53181
2012-05-31 06:00:00,193.28029
2012-05-31 07:00:00,244.18196
2012-05-31 08:00:00,289.31656
2012-05-31 09:00:00,324.45572
2012-05-31 10:00:00,391.77948
2012-05-31 11:00:00,358.80487
2012-05-31 12:00:00,336.32373
2012-05-31 13:00:00,319.26718
2012-05-31 14:00:00,346.43137
2012-05-31 15:00:00,361.78055
2012-05-31 16:00:00,360.02063
2012-05-31 17:00:00,341.10736
2012-05-31 18:00:00,351.1489
2012-05-31 19:00:00,342.35934
2012-05-31 20:00:00,308.4315
2012-05-31 21:00:00,308.4315
2012-05-31 22:00:00,297.564
2012-05-31 23:00:00,307.27017
2012-06-20 00:00:00,203.16527
2012-06-20 01:00:00,187.61824
2012-06-20 02:00:00,160.99258
2012-06-20 03:00:00,154.97047
2012-06-20 04:00:00,148.00677
2012-06-20 05:00:00,148.00677
2012-06-20 06:00:00,137.98116
2012-06-20 07:00:00,132.82672
2012-06-20 08:00:00,206.92114
2012-06-20 09:00:00,214.06732
2012-06-20 10:00:00,354.361
2012-06-20 11:00:00,362.9022
2012-06-20 12:00:00,339.22498
2012-06-20 13:00:00,315.3714
2012-06-20 14:00:00,319.59525
2012-06-20 15:00:00,271.63226
2012-06-20 16:00:00,288.666
2012-06-20 17:00:00,268.5802
2012-06-20 18:00:00,268.58017
2012-06-20 19:00:00,337.198
2012-06-20 20:00:00,333.42706
2012-06-20 21:00:00,317.01132
2012-06-20 22:00:00,324.1912
2012-06-20 23:00:00,306.81705
2012-06-21 00:00:00,198.90457
2012-06-21 01:00:00,165.3854
2012-06-21 02:00:00,153.00237
2012-06-21 03:00:00,148.27711
2012-06-21 04:00:00,120.10204
2012-06-21 05:00:00,122.33229
2012-06-21 06:00:00,150.56667
2012-06-21 07:00:00,150.56667
2012-06-21 08:00:00,162.37595
2012-06-21 09:00:00,336.97775
2012-06-21 10:00:00,323.76938
2012-06-21 11:00:00,356.76315
2012-06-21 12:00:00,375.19586
2012-06-21 13:00:00,320.20282
2012-06-21 14:00:00,364.89816
2012-06-21 15:00:00,359.7476
2012-06-21 16:00:00,350.756
2012-06-21 17:00:00,320.2203
2012-06-21 18:00:00,379.30353
2012-06-21 19:00:00,382.9915
2012-06-21 20:00:00,375.15106
2012-06-21 21:00:00,348.99884
2012-06-21 22:00:00,326.00717
2012-06-21 23:00:00,279.4702
2012-06-22 00:00:00,244.64958
2012-06-22 01:00:00,234.98941
2012-06-22 02:00:00,132.45224
2012-06-22 03:00:00,132.45224
2012-06-22 04:00:00,233.88719
2012-06-22 05:00:00,236.50597
2012-06-22 06:00:00,221.34027
2012-06-22 07:00:00,285.0297
2012-06-22 08:00:00,287.0128
2012-06-22 09:00:00,324.41043
2012-06-22 10:00:00,383.0685
2012-06-22 11:00:00,339.19772
2012-06-22 12:00:00,332.1233
2012-06-22 13:00:00,382.9915
2012-06-22 14:00:00,382.9915
2012-06-22 15:00:00,396.51962
2012-06-22 16:00:00,370.45914
2012-06-22 17:00:00,409.46817
2012-06-22 18:00:00,321.7986
2012-06-22 19:00:00,382.19174
2012-06-22 20:00:00,382.19174
2012-06-22 21:00:00,235.05621
2012-06-22 22:00:00,184.8169
2012-06-22 23:00:00,154.98805
2012-06-23 00:00:00,68.70963
2012-06-23 01:00:00,101.21276
2012-06-23 02:00:00,124.58198
2012-06-23 03:00:00,93.828896
2012-06-23 04:00:00,113.578865
2012-06-23 05:00:00,124.58198
2012-06-23 06:00:00,76.20661
2012-06-23 07:00:00,93.35932
2012-06-23 08:00:00,205.03072
2012-06-23 09:00:00,285.79123
2012-06-23 10:00:00,347.835
2012-06-23 11:00:00,431.6008
2012-06-23 12:00:00,455.64685
2012-06-23 13:00:00,441.3663
2012-06-23 14:00:00,455.54788
2012-06-23 15:00:00,472.84348
2012-06-23 16:00:00,451.3915
2012-06-23 17:00:00,441.9888
2012-06-23 18:00:00,456.68417
2012-06-23 19:00:00,440.598
2012-06-23 20:00:00,444.36252
2012-06-23 21:00:00,431.81445
2012-06-23 22:00:00,431.5512
2012-06-23 23:00:00,404.1519
2012-06-24 00:00:00,319.71487
2012-06-24 01:00:00,280.51126
2012-06-24 02:00:00,343.33368
2012-06-24 03:00:00,212.85796
2012-06-24 04:00:00,234.02235
2012-06-24 05:00:00,144.13939
2012-06-24 06:00:00,190.28033
2012-06-24 07:00:00,134.02774
2012-06-24 08:00:00,267.14536
2012-06-24 09:00:00,329.90295
2012-06-24 10:00:00,437.6231
2012-06-24 11:00:00,443.7789
2012-06-24 12:00:00,450.73282
2012-06-24 13:00:00,462.81802
2012-06-24 14:00:00,459.65115
2012-06-24 15:00:00,436.9199
2012-06-24 16:00:00,443.93924
2012-06-24 17:00:00,445.92148
2012-06-24 18:00:00,453.3027
2012-06-24 19:00:00,482.6007
2012-06-24 20:00:00,472.89954
2012-06-24 21:00:00,368.7814
2012-06-24 22:00:00,306.221
2012-06-24 23:00:00,277.7205
2012-06-25 00:00:00,292.77417
2012-06-25 01:00:00,254.77313
2012-06-25 02:00:00,227.21057
2012-06-25 03:00:00,231.34601
2012-06-25 04:00:00,166.36275
2012-06-25 05:00:00,161.8384
2012-06-25 06:00:00,123.98299
2012-06-25 07:00:00,185.53763
2012-06-25 08:00:00,200.99944
2012-06-25 09:00:00,245.55795
2012-06-25 10:00:00,298.69955
2012-06-25 11:00:00,402.79813
2012-06-25 12:00:00,380.86093
2012-06-25 13:00:00,335.71133
2012-06-25 14:00:00,378.26727
2012-06-25 15:00:00,458.72852
2012-06-25 16:00:00,415.27823
2012-06-25 17:00:00,351.21295
2012-06-25 18:00:00,442.76688
2012-06-25 19:00:00,447.80063
2012-06-25 20:00:00,464.41315
2012-06-25 21:00:00,432.19858
2012-06-25 22:00:00,445.75766
2012-06-25 23:00:00,424.427
2012-06-26 00:00:00,420.55893
2012-06-26 01:00:00,427.04724
2012-06-26 02:00:00,307.1705
2012-06-26 03:00:00,282.81525
2012-06-26 04:00:00,280.29956
2012-06-26 05:00:00,269.11603
2012-06-26 06:00:00,231.97284
2012-06-26 07:00:00,238.89136
2012-06-26 08:00:00,267.99527
2012-06-26 09:00:00,321.9783
2012-06-26 10:00:00,382.23123
2012-06-26 11:00:00,437.84055
2012-06-26 12:00:00,457.25662
2012-06-26 13:00:00,474.76276
2012-06-26 14:00:00,474.76276
2012-06-26 15:00:00,459.8096
2012-06-26 16:00:00,411.00546
2012-06-26 17:00:00,441.9127
2012-06-26 18:00:00,420.47153
2012-06-26 19:00:00,401.346
2012-06-26 20:00:00,419.59903
2012-06-26 21:00:00,394.79013
2012-06-26 22:00:00,406.658
2012-06-26 23:00:00,315.35287
2012-06-27 00:00:00,347.06894
2012-06-27 01:00:00,311.0089
2012-06-27 02:00:00,255.38673
2012-06-27 03:00:00,254.98651
2012-06-27 04:00:00,365.48227
2012-06-27 05:00:00,348.81265
2012-06-27 06:00:00,296.83194
2012-06-27 07:00:00,363.57425
2012-06-27 08:00:00,359.72818
2012-06-27 09:00:00,393.8987
2012-06-27 10:00:00,398.14194
2012-06-27 11:00:00,416.24008
2012-06-27 12:00:00,403.46368
2012-06-27 13:00:00,394.46295
2012-06-27 14:00:00,396.62247
2012-06-27 15:00:00,406.47842
2012-06-27 16:00:00,354.40475
2012-06-27 17:00:00,376.01834
2012-06-27 18:00:00,394.46295
2012-06-27 19:00:00,402.34695
2012-06-27 20:00:00,392.1659
2012-06-27 21:00:00,372.65677
2012-06-27 22:00:00,322.532
2012-06-27 23:00:00,285.00095
2012-06-28 00:00:00,252.35991
2012-06-28 01:00:00,193.32372
2012-06-28 02:00:00,245.04004
2012-06-28 03:00:00,245.04004
2012-06-28 04:00:00,199.6319
2012-06-28 05:00:00,222.6676
2012-06-28 06:00:00,222.6676
2012-06-28 07:00:00,199.6319
2012-06-28 08:00:00,266.94827
2012-06-28 09:00:00,279.5331
2012-06-28 10:00:00,325.4554
2012-06-28 11:00:00,380.59256
2012-06-28 12:00:00,375.86545
2012-06-28 13:00:00,365.37872
2012-06-28 14:00:00,377.05856
2012-06-28 15:00:00,377.05856
2012-06-28 16:00:00,355.4159
2012-06-28 17:00:00,354.83505
2012-06-28 18:00:00,363.67264
2012-06-28 19:00:00,381.7413
2012-06-28 20:00:00,381.1969
2012-06-28 21:00:00,312.44278
2012-06-28 22:00:00,307.46024
2012-06-28 23:00:00,295.74435
2012-06-29 00:00:00,295.74435
2012-06-29 01:00:00,298.12845
2012-06-29 02:00:00,286.78006
2012-06-29 03:00:00,286.78006
2012-06-29 04:00:00,231.09436
2012-06-29 05:00:00,224.74365
2012-06-29 06:00:00,241.89285
2012-06-29 07:00:00,224.74365
2012-06-29 08:00:00,252.72833
2012-06-29 09:00:00,298.69955
2012-06-29 10:00:00,390.65424
2012-06-29 11:00:00,459.44623
2012-06-29 12:00:00,452.6
2012-06-29 13:00:00,370.1222
2012-06-29 14:00:00,374.6829
2012-06-29 15:00:00,319.48032
2012-06-29 16:00:00,319.48032
2012-06-29 17:00:00,365.79575
2012-06-29 18:00:00,313.9288
2012-06-29 19:00:00,367.1416
2012-06-29 20:00:00,388.27643
2012-06-29 21:00:00,364.1668
2012-06-29 22:00:00,312.65402
2012-06-29 23:00:00,312.65402
2012-06-30 00:00:00,121.27876
2012-06-30 01:00:00,132.89716
2012-06-30 02:00:00,79.394775
2012-06-30 03:00:00,79.394775
2012-06-30 04:00:00,68.01728
2012-06-30 05:00:00,82.82612
2012-06-30 06:00:00,82.82612
2012-06-30 07:00:00,82.82612
2012-06-30 08:00:00,82.82612
2012-06-30 09:00:00,82.82612
2012-06-30 10:00:00,443.29388
2012-06-30 11:00:00,443.29388
2012-06-30 12:00:00,443.29388
2012-06-30 13:00:00,443.29388
2012-06-30 14:00:00,443.29388
2012-06-30 15:00:00,443.29388
2012-06-30 16:00:00,421.18866
2012-06-30 17:00:00,413.95804
2012-06-30 18:00:00,410.88895
2012-06-30 19:00:00,471.88016
2012-06-30 20:00:00,418.24265
2012-06-30 21:00:00,418.24265
2012-06-30 22:00:00,316.61215
2012-06-30 23:00:00,275.9872
2012-07-20 00:00:00,124.72259
2012-07-20 01:00:00,97.9623
2012-07-20 02:00:00,104.65229
2012-07-20 03:00:00,106.25013
2012-07-20 04:00:00,119.864876
2012-07-20 05:00:00,112.20597
2012-07-20 06:00:00,119.864876
2012-07-20 07:00:00,127.87977
2012-07-20 08:00:00,166.57869
2012-07-20 09:00:00,191.20969
2012-07-20 10:00:00,195.64735
2012-07-20 11:00:00,221.92383
2012-07-20 12:00:00,170.66689
2012-07-20 13:00:00,164.96036
2012-07-20 14:00:00,181.2356
2012-07-20 15:00:00,193.75539
2012-07-20 16:00:00,186.89
2012-07-20 17:00:00,185.11868
2012-07-20 18:00:00,187.36427
2012-07-20 19:00:00,154.47221
2012-07-20 20:00:00,169.39725
2012-07-20 21:00:00,158.54419
2012-07-20 22:00:00,136.33261
2012-07-20 23:00:00,153.51717
2012-07-21 00:00:00,149.15877
2012-07-21 01:00:00,147.09839
2012-07-21 02:00:00,138.9014
2012-07-21 03:00:00,133.08246
2012-07-21 04:00:00,138.22992
2012-07-21 05:00:00,132.55789
2012-07-21 06:00:00,132.55789
2012-07-21 07:00:00,134.17235
2012-07-21 08:00:00,140.63257
2012-07-21 09:00:00,122.56031
2012-07-21 10:00:00,132.55789
2012-07-21 11:00:00,143.85655
2012-07-21 12:00:00,134.24069
2012-07-21 13:00:00,123.746086
2012-07-21 14:00:00,131.96431
2012-07-21 15:00:00,133.08246
2012-07-21 16:00:00,121.46407
2012-07-21 17:00:00,115.90873
2012-07-21 18:00:00,111.585205
2012-07-21 19:00:00,101.412735
2012-07-21 20:00:00,115.90873
2012-07-21 21:00:00,101.41273
2012-07-21 22:00:00,82.60339
2012-07-21 23:00:00,76.22033
2012-07-22 00:00:00,82.60339
2012-07-22 01:00:00,101.41273
2012-07-22 02:00:00,82.60339
2012-07-22 03:00:00,82.60339
2012-07-22 04:00:00,57.015717
2012-07-22 05:00:00,57.015717
2012-07-22 06:00:00,94.24563
2012-07-22 07:00:00,92.01368
2012-07-22 08:00:00,116.438286
2012-07-22 09:00:00,200.76437
2012-07-22 10:00:00,158.86363
2012-07-22 11:00:00,158.86363
2012-07-22 12:00:00,205.103
2012-07-22 13:00:00,231.29776
2012-07-22 14:00:00,209.96121
2012-07-22 15:00:00,209.96121
2012-07-22 16:00:00,222.41907
2012-07-22 17:00:00,281.97055
2012-07-22 18:00:00,250.23413
2012-07-22 19:00:00,205.64279
2012-07-22 20:00:00,161.81073
2012-07-22 21:00:00,113.69048
2012-07-22 22:00:00,175.16081
2012-07-22 23:00:00,116.42101
2012-07-23 00:00:00,90.198326
2012-07-23 01:00:00,113.5498
2012-07-23 02:00:00,98.98557
2012-07-23 03:00:00,98.98557
2012-07-23 04:00:00,104.85235
2012-07-23 05:00:00,104.85235
2012-07-23 06:00:00,116.869606
2012-07-23 07:00:00,130.0054
2012-07-23 08:00:00,153.00237
2012-07-23 09:00:00,227.43968
2012-07-23 10:00:00,252.24567
2012-07-23 11:00:00,312.5554
2012-07-23 12:00:00,312.5554
2012-07-23 13:00:00,283.8945
2012-07-23 14:00:00,291.14554
2012-07-23 15:00:00,336.97775
2012-07-23 16:00:00,327.4971
2012-07-23 17:00:00,327.4971
2012-07-23 18:00:00,324.18558
2012-07-23 19:00:00,364.4518
2012-07-23 20:00:00,289.8795
2012-07-23 21:00:00,306.19104
2012-07-23 22:00:00,283.499
2012-07-23 23:00:00,245.28412
2012-07-24 00:00:00,174.67062
2012-07-24 01:00:00,142.80086
2012-07-24 02:00:00,119.010826
2012-07-24 03:00:00,119.010826
2012-07-24 04:00:00,101.56097
2012-07-24 05:00:00,103.79122
2012-07-24 06:00:00,110.230705
2012-07-24 07:00:00,187.09518
2012-07-24 08:00:00,245.82614
2012-07-24 09:00:00,287.80258
2012-07-24 10:00:00,373.30203
2012-07-24 11:00:00,402.94443
2012-07-24 12:00:00,345.19464
2012-07-24 13:00:00,397.96988
2012-07-24 14:00:00,367.33517
2012-07-24 15:00:00,390.22
2012-07-24 16:00:00,366.1481
2012-07-24 17:00:00,374.41208
2012-07-24 18:00:00,324.45645
2012-07-24 19:00:00,289.8795
2012-07-24 20:00:00,256.2431
2012-07-24 21:00:00,282.52005
2012-07-24 22:00:00,290.34726
2012-07-24 23:00:00,317.2253
2012-07-25 00:00:00,304.4885
2012-07-25 01:00:00,275.42853
2012-07-25 02:00:00,258.3712
2012-07-25 03:00:00,231.3983
2012-07-25 04:00:00,218.45438
2012-07-25 05:00:00,202.00029
2012-07-25 06:00:00,212.64673
2012-07-25 07:00:00,312.84634
2012-07-25 08:00:00,372.2938
2012-07-25 09:00:00,408.298
2012-07-25 10:00:00,333.78754
2012-07-25 11:00:00,347.87994
2012-07-25 12:00:00,347.87994
2012-07-25 13:00:00,383.89136
2012-07-25 14:00:00,369.54288
2012-07-25 15:00:00,357.69107
2012-07-25 16:00:00,377.30698
2012-07-25 17:00:00,334.52805
2012-07-25 18:00:00,370.03763
2012-07-25 19:00:00,381.77225
2012-07-25 20:00:00,357.88724
2012-07-25 21:00:00,305.43985
2012-07-25 22:00:00,255.74861
2012-07-25 23:00:00,283.0889
2012-07-26 00:00:00,224.70161
2012-07-26 01:00:00,231.3983
2012-07-26 02:00:00,219.93239
2012-07-26 03:00:00,213.59686
2012-07-26 04:00:00,173.51602
2012-07-26 05:00:00,173.51602
2012-07-26 06:00:00,166.36275
2012-07-26 07:00:00,223.83339
2012-07-26 08:00:00,222.79076
2012-07-26 09:00:00,223.03166
2012-07-26 10:00:00,260.28494
2012-07-26 11:00:00,355.34818
2012-07-26 12:00:00,373.82114
2012-07-26 13:00:00,397.09708
2012-07-26 14:00:00,391.18515
2012-07-26 15:00:00,395.126
2012-07-26 16:00:00,408.27084
2012-07-26 17:00:00,436.50616
2012-07-26 18:00:00,402.62332
2012-07-26 19:00:00,400.70358
2012-07-26 20:00:00,392.5316
2012-07-26 21:00:00,476.61328
2012-07-26 22:00:00,476.61328
2012-07-26 23:00:00,209.18169
2012-07-27 00:00:00,155.8309
2012-07-27 01:00:00,196.32741
2012-07-27 02:00:00,148.0853
2012-07-27 03:00:00,187.09521
2012-07-27 04:00:00,113.17336
2012-07-27 05:00:00,105.91529
2012-07-27 06:00:00,113.17336
2012-07-27 07:00:00,235.37248
2012-07-27 08:00:00,231.37515
2012-07-27 09:00:00,387.6987
2012-07-27 10:00:00,309.00555
2012-07-27 11:00:00,401.89847
2012-07-27 12:00:00,410.45078
2012-07-27 13:00:00,392.8209
2012-07-27 14:00:00,404.70114
2012-07-27 15:00:00,386.1797
2012-07-27 16:00:00,378.1389
2012-07-27 17:00:00,392.82233
2012-07-27 18:00:00,350.6511
2012-07-27 19:00:00,348.99884
2012-07-27 20:00:00,274.93906
2012-07-27 21:00:00,274.93906
2012-07-27 22:00:00,294.36353
2012-07-27 23:00:00,189.7342
2012-07-28 00:00:00,257.60864
2012-07-28 01:00:00,173.7336
2012-07-28 02:00:00,180.92957
2012-07-28 03:00:00,180.92957
2012-07-28 04:00:00,142.13113
2012-07-28 05:00:00,116.42101
2012-07-28 06:00:00,158.95963
2012-07-28 07:00:00,193.45047
2012-07-28 08:00:00,250.23413
2012-07-28 09:00:00,309.8008
2012-07-28 10:00:00,453.733
2012-07-28 11:00:00,453.90298
2012-07-28 12:00:00,456.86142
2012-07-28 13:00:00,478.57748
2012-07-28 14:00:00,461.79968
2012-07-28 15:00:00,455.90884
2012-07-28 16:00:00,451.4616
2012-07-28 17:00:00,454.0355
2012-07-28 18:00:00,487.2111
2012-07-28 19:00:00,86.83352
2012-07-28 20:00:00,119.07105
2012-07-28 21:00:00,91.067116
2012-07-28 22:00:00,91.067116
2012-07-28 23:00:00,84.16601
2012-07-29 00:00:00,79.275215
2012-07-29 01:00:00,85.74796
2012-07-29 02:00:00,120.96881
2012-07-29 03:00:00,193.35965
2012-07-29 04:00:00,168.91196
2012-07-29 05:00:00,115.929855
2012-07-29 06:00:00,129.12434
2012-07-29 07:00:00,205.73221
2012-07-29 08:00:00,251.62749
2012-07-29 09:00:00,313.10364
2012-07-29 10:00:00,252.29668
2012-07-29 11:00:00,368.7814
2012-07-29 12:00:00,389.2642
2012-07-29 13:00:00,457.65103
2012-07-29 14:00:00,455.11502
2012-07-29 15:00:00,438.827
2012-07-29 16:00:00,438.827
2012-07-29 17:00:00,441.4033
2012-07-29 18:00:00,488.92722
2012-07-29 19:00:00,348.92172
2012-07-29 20:00:00,222.41907
2012-07-29 21:00:00,193.45047
2012-07-29 22:00:00,158.95963
2012-07-29 23:00:00,159.29123
2012-07-30 00:00:00,156.09604
2012-07-30 01:00:00,128.28487
2012-07-30 02:00:00,114.75286
2012-07-30 03:00:00,89.196884
2012-07-30 04:00:00,89.196884
2012-07-30 05:00:00,103.79122
2012-07-30 06:00:00,119.010826
2012-07-30 07:00:00,131.42506
2012-07-30 08:00:00,214.44608
2012-07-30 09:00:00,207.62482
2012-07-30 10:00:00,262.86148
2012-07-30 11:00:00,281.6193
2012-07-30 12:00:00,258.63382
2012-07-30 13:00:00,339.19772
2012-07-30 14:00:00,364.26892
2012-07-30 15:00:00,373.0976
2012-07-30 16:00:00,377.324
2012-07-30 17:00:00,342.77585
2012-07-30 18:00:00,348.62003
2012-07-30 19:00:00,336.40128
2012-07-30 20:00:00,249.3844
2012-07-30 21:00:00,235.37248
2012-07-30 22:00:00,218.34286
2012-07-30 23:00:00,199.47824
2012-07-31 00:00:00,131.22144
2012-07-31 01:00:00,110.230705
2012-07-31 02:00:00,110.23071
2012-07-31 03:00:00,101.56097
2012-07-31 04:00:00,101.56097
2012-07-31 05:00:00,119.010826
2012-07-31 06:00:00,100.2426
2012-07-31 07:00:00,148.4852
2012-07-31 08:00:00,148.0853
2012-07-31 09:00:00,196.32741
2012-07-31 10:00:00,170.0137
2012-07-31 11:00:00,213.80414
2012-07-31 12:00:00,295.09177
2012-07-31 13:00:00,363.8618
2012-07-31 14:00:00,363.8618
2012-07-31 15:00:00,268.10043
2012-07-31 16:00:00,324.41043
2012-07-31 17:00:00,342.57498
2012-07-31 18:00:00,340.3221
2012-07-31 19:00:00,271.85742
2012-07-31 20:00:00,216.38971
2012-07-31 21:00:00,154.40977
2012-07-31 22:00:00,205.8967
2012-07-31 23:00:00,150.6926
2012-08-20 00:00:00,110.18137
2012-08-20 01:00:00,105.86667
2012-08-20 02:00:00,105.86667
2012-08-20 03:00:00,81.30074
2012-08-20 04:00:00,106.4242
2012-08-20 05:00:00,96.59597
2012-08-20 06:00:00,146.05412
2012-08-20 07:00:00,154.59402
2012-08-20 08:00:00,168.11292
2012-08-20 09:00:00,171.60472
2012-08-20 10:00:00,186.35919
2012-08-20 11:00:00,186.04001
2012-08-20 12:00:00,212.97357
2012-08-20 13:00:00,255.74861
2012-08-20 14:00:00,286.90982
2012-08-20 15:00:00,321.98795
2012-08-20 16:00:00,321.98795
2012-08-20 17:00:00,291.95834
2012-08-20 18:00:00,163.80894
2012-08-20 19:00:00,159.17404
2012-08-20 20:00:00,153.51717
2012-08-20 21:00:00,77.91082
2012-08-20 22:00:00,96.59597
2012-08-20 23:00:00,96.59597
2012-08-21 00:00:00,106.4242
2012-08-21 01:00:00,118.70487
2012-08-21 02:00:00,142.61676
2012-08-21 03:00:00,69.01553
2012-08-21 04:00:00,69.01553
2012-08-21 05:00:00,82.436226
2012-08-21 06:00:00,84.478096
2012-08-21 07:00:00,101.49779
2012-08-21 08:00:00,109.8298
2012-08-21 09:00:00,122.68738
2012-08-21 10:00:00,207.18503
2012-08-21 11:00:00,204.89597
2012-08-21 12:00:00,260.08572
2012-08-21 13:00:00,306.652
2012-08-21 14:00:00,340.7929
2012-08-21 15:00:00,337.73782
2012-08-21 16:00:00,337.73782
2012-08-21 17:00:00,339.28854
2012-08-21 18:00:00,312.23352
2012-08-21 19:00:00,172.85666
2012-08-21 20:00:00,106.77082
2012-08-21 21:00:00,106.77082
2012-08-21 22:00:00,91.29891
2012-08-21 23:00:00,81.58478
2012-08-22 00:00:00,94.55034
2012-08-22 01:00:00,91.443985
2012-08-22 02:00:00,91.443985
2012-08-22 03:00:00,91.443985
2012-08-22 04:00:00,86.97488
2012-08-22 05:00:00,87.52618
2012-08-22 06:00:00,101.34283
2012-08-22 07:00:00,91.443985
2012-08-22 08:00:00,129.09123
2012-08-22 09:00:00,155.87282
2012-08-22 10:00:00,215.13536
2012-08-22 11:00:00,233.38225
2012-08-22 12:00:00,226.65675
2012-08-22 13:00:00,286.1574
2012-08-22 14:00:00,301.49646
2012-08-22 15:00:00,303.46152
2012-08-22 16:00:00,293.6414
2012-08-22 17:00:00,293.6414
2012-08-22 18:00:00,228.48569
2012-08-22 19:00:00,154.98805
2012-08-22 20:00:00,170.74338
2012-08-22 21:00:00,106.77082
2012-08-22 22:00:00,106.77082
2012-08-22 23:00:00,81.24011
2012-08-23 00:00:00,91.29891
2012-08-23 01:00:00,81.58478
2012-08-23 02:00:00,81.58478
2012-08-23 03:00:00,92.13331
2012-08-23 04:00:00,81.58478
2012-08-23 05:00:00,81.58478
2012-08-23 06:00:00,94.74671
2012-08-23 07:00:00,112.230125
2012-08-23 08:00:00,180.22638
2012-08-23 09:00:00,188.69595
2012-08-23 10:00:00,239.95705
2012-08-23 11:00:00,277.53348
2012-08-23 12:00:00,332.2136
2012-08-23 13:00:00,346.0254
2012-08-23 14:00:00,362.8245
2012-08-23 15:00:00,321.42993
2012-08-23 16:00:00,319.99185
2012-08-23 17:00:00,362.3231
2012-08-23 18:00:00,339.4935
2012-08-23 19:00:00,259.80527
2012-08-23 20:00:00,224.74365
2012-08-23 21:00:00,240.89174
2012-08-23 22:00:00,222.34428
2012-08-23 23:00:00,178.04922
2012-08-24 00:00:00,178.04922
2012-08-24 01:00:00,152.43822
2012-08-24 02:00:00,129.95354
2012-08-24 03:00:00,106.77082
2012-08-24 04:00:00,152.43822
2012-08-24 05:00:00,91.29891
2012-08-24 06:00:00,100.47152
2012-08-24 07:00:00,120.148796
2012-08-24 08:00:00,154.98805
2012-08-24 09:00:00,230.03615
2012-08-24 10:00:00,268.9794
2012-08-24 11:00:00,276.21274
2012-08-24 12:00:00,282.0511
2012-08-24 13:00:00,341.53558
2012-08-24 14:00:00,318.8701
2012-08-24 15:00:00,292.82602
2012-08-24 16:00:00,292.82602
2012-08-24 17:00:00,313.5636
2012-08-24 18:00:00,260.9492
2012-08-24 19:00:00,264.086
2012-08-24 20:00:00,236.51236
2012-08-24 21:00:00,241.89285
2012-08-24 22:00:00,217.6842
2012-08-24 23:00:00,200.06131
2012-08-25 00:00:00,284.56412
2012-08-25 01:00:00,212.49918
2012-08-25 02:00:00,151.68018
2012-08-25 03:00:00,138.53317
2012-08-25 04:00:00,192.68112
2012-08-25 05:00:00,170.55055
2012-08-25 06:00:00,138.46388
2012-08-25 07:00:00,149.19145
2012-08-25 08:00:00,186.87564
2012-08-25 09:00:00,232.95966
2012-08-25 10:00:00,274.90536
2012-08-25 11:00:00,306.4686
2012-08-25 12:00:00,371.3075
2012-08-25 13:00:00,393.45422
2012-08-25 14:00:00,240.20459
2012-08-25 15:00:00,194.65254
2012-08-25 16:00:00,194.22284
2012-08-25 17:00:00,200.00394
2012-08-25 18:00:00,237.53847
2012-08-25 19:00:00,166.16391
2012-08-25 20:00:00,143.96661
2012-08-25 21:00:00,163.48769
2012-08-25 22:00:00,163.48769
2012-08-25 23:00:00,147.09839
2012-08-26 00:00:00,110.96924
2012-08-26 01:00:00,91.95662
2012-08-26 02:00:00,123.43751
2012-08-26 03:00:00,133.60997
2012-08-26 04:00:00,113.23088
2012-08-26 05:00:00,91.95662
2012-08-26 06:00:00,125.979485
2012-08-26 07:00:00,91.95662
2012-08-26 08:00:00,163.7217
2012-08-26 09:00:00,150.26338
2012-08-26 10:00:00,317.61563
2012-08-26 11:00:00,323.77307
2012-08-26 12:00:00,251.83078
2012-08-26 13:00:00,190.95593
2012-08-26 14:00:00,72.27267
2012-08-26 15:00:00,144.51553
2012-08-26 16:00:00,144.51553
2012-08-26 17:00:00,101.172585
2012-08-26 18:00:00,85.30941
2012-08-26 19:00:00,103.0584
2012-08-26 20:00:00,82.82612
2012-08-26 21:00:00,84.37805
2012-08-26 22:00:00,67.997826
2012-08-26 23:00:00,76.543274
2012-08-27 00:00:00,81.58478
2012-08-27 01:00:00,82.69654
2012-08-27 02:00:00,90.460526
2012-08-27 03:00:00,82.69654
2012-08-27 04:00:00,81.58478
2012-08-27 05:00:00,73.65407
2012-08-27 06:00:00,73.65407
2012-08-27 07:00:00,89.196884
2012-08-27 08:00:00,101.56097
2012-08-27 09:00:00,103.79122
2012-08-27 10:00:00,194.54419
2012-08-27 11:00:00,271.0734
2012-08-27 12:00:00,197.13759
2012-08-27 13:00:00,300.1442
2012-08-27 14:00:00,301.1012
2012-08-27 15:00:00,366.1481
2012-08-27 16:00:00,360.84283
2012-08-27 17:00:00,371.2741
2012-08-27 18:00:00,355.59174
2012-08-27 19:00:00,260.28494
2012-08-27 20:00:00,245.82614
2012-08-27 21:00:00,219.23311
2012-08-27 22:00:00,147.86221
2012-08-27 23:00:00,138.12657
2012-08-28 00:00:00,169.84027
2012-08-28 01:00:00,129.1152
2012-08-28 02:00:00,160.19055
2012-08-28 03:00:00,97.9623
2012-08-28 04:00:00,110.230705
2012-08-28 05:00:00,124.92274
2012-08-28 06:00:00,106.25013
2012-08-28 07:00:00,130.06981
2012-08-28 08:00:00,126.72236
2012-08-28 09:00:00,195.64737
2012-08-28 10:00:00,299.0634
2012-08-28 11:00:00,351.58075
2012-08-28 12:00:00,377.324
2012-08-28 13:00:00,400.67227
2012-08-28 14:00:00,397.79303
2012-08-28 15:00:00,393.57724
2012-08-28 16:00:00,395.23416
2012-08-28 17:00:00,421.7706
2012-08-28 18:00:00,388.9376
2012-08-28 19:00:00,326.52902
2012-08-28 20:00:00,275.72293
2012-08-28 21:00:00,267.67316
2012-08-28 22:00:00,204.89597
2012-08-28 23:00:00,187.01773
2012-08-29 00:00:00,129.95354
2012-08-29 01:00:00,168.28552
2012-08-29 02:00:00,138.73854
2012-08-29 03:00:00,127.06092
2012-08-29 04:00:00,171.61848
2012-08-29 05:00:00,161.61382
2012-08-29 06:00:00,161.61382
2012-08-29 07:00:00,170.9311
2012-08-29 08:00:00,233.06703
2012-08-29 09:00:00,300.51633
2012-08-29 10:00:00,309.2401
2012-08-29 11:00:00,260.08572
2012-08-29 12:00:00,317.0587
2012-08-29 13:00:00,295.5003
2012-08-29 14:00:00,325.42682
2012-08-29 15:00:00,371.31992
2012-08-29 16:00:00,361.35086
2012-08-29 17:00:00,393.19733
2012-08-29 18:00:00,347.79227
2012-08-29 19:00:00,291.9695
2012-08-29 20:00:00,187.01773
2012-08-29 21:00:00,238.60571
2012-08-29 22:00:00,193.32372
2012-08-29 23:00:00,181.20932
2012-08-30 00:00:00,122.68738
2012-08-30 01:00:00,141.8103
2012-08-30 02:00:00,101.34283
2012-08-30 03:00:00,101.34283
2012-08-30 04:00:00,101.34283
2012-08-30 05:00:00,101.34283
2012-08-30 06:00:00,105.86667
2012-08-30 07:00:00,106.77082
2012-08-30 08:00:00,150.09738
2012-08-30 09:00:00,188.74344
2012-08-30 10:00:00,211.85184
2012-08-30 11:00:00,325.42682
2012-08-30 12:00:00,318.7886
2012-08-30 13:00:00,286.1574
2012-08-30 14:00:00,303.46152
2012-08-30 15:00:00,344.20212
2012-08-30 16:00:00,357.5632
2012-08-30 17:00:00,382.85013
2012-08-30 18:00:00,365.3489
2012-08-30 19:00:00,303.46152
2012-08-30 20:00:00,285.0297
2012-08-30 21:00:00,230.82529
2012-08-30 22:00:00,141.39996
2012-08-30 23:00:00,162.28757
2012-08-31 00:00:00,129.10606
2012-08-31 01:00:00,129.10606
2012-08-31 02:00:00,97.96232
2012-08-31 03:00:00,92.78633
2012-08-31 04:00:00,93.79969
2012-08-31 05:00:00,100.2426
2012-08-31 06:00:00,116.26274
2012-08-31 07:00:00,100.68
2012-08-31 08:00:00,177.47374
2012-08-31 09:00:00,162.37595
2012-08-31 10:00:00,239.04213
2012-08-31 11:00:00,375.67487
2012-08-31 12:00:00,366.9338
2012-08-31 13:00:00,375.89124
2012-08-31 14:00:00,358.91415
2012-08-31 15:00:00,370.4987
2012-08-31 16:00:00,365.21786
2012-08-31 17:00:00,364.4567
2012-08-31 18:00:00,382.66312
2012-08-31 19:00:00,323.881
2012-08-31 20:00:00,323.881
2012-08-31 21:00:00,309.81
2012-08-31 22:00:00,309.81
2012-08-31 23:00:00,234.17834
2012-09-20 00:00:00,131.5765
2012-09-20 01:00:00,103.0235
2012-09-20 02:00:00,100.58384
2012-09-20 03:00:00,76.89904
2012-09-20 04:00:00,87.999275
2012-09-20 05:00:00,87.999275
2012-09-20 06:00:00,76.89904
2012-09-20 07:00:00,80.83347
2012-09-20 08:00:00,135.51324
2012-09-20 09:00:00,189.32906
2012-09-20 10:00:00,230.35736
2012-09-20 11:00:00,247.93892
2012-09-20 12:00:00,296.87894
2012-09-20 13:00:00,294.1412
2012-09-20 14:00:00,305.92807
2012-09-20 15:00:00,310.79318
2012-09-20 16:00:00,291.1783
2012-09-20 17:00:00,301.28238
2012-09-20 18:00:00,260.61728
2012-09-20 19:00:00,223.67912
2012-09-20 20:00:00,184.00407
2012-09-20 21:00:00,198.93587
2012-09-20 22:00:00,110.93489
2012-09-20 23:00:00,144.77243
2012-09-21 00:00:00,107.816605
2012-09-21 01:00:00,92.6533
2012-09-21 02:00:00,92.6533
2012-09-21 03:00:00,86.87435
2012-09-21 04:00:00,79.80882
2012-09-21 05:00:00,69.337036
2012-09-21 06:00:00,86.87435
2012-09-21 07:00:00,79.634865
2012-09-21 08:00:00,117.058754
2012-09-21 09:00:00,159.80502
2012-09-21 10:00:00,230.50464
2012-09-21 11:00:00,265.74707
2012-09-21 12:00:00,261.64096
2012-09-21 13:00:00,279.5331
2012-09-21 14:00:00,305.27667
2012-09-21 15:00:00,302.8909
2012-09-21 16:00:00,291.9695
2012-09-21 17:00:00,282.83887
2012-09-21 18:00:00,253.58472
2012-09-21 19:00:00,224.79808
2012-09-21 20:00:00,193.92574
2012-09-21 21:00:00,179.2052
2012-09-21 22:00:00,161.61382
2012-09-21 23:00:00,192.02237
2012-09-22 00:00:00,168.63223
2012-09-22 01:00:00,133.95251
2012-09-22 02:00:00,107.87654
2012-09-22 03:00:00,126.82737
2012-09-22 04:00:00,126.82737
2012-09-22 05:00:00,142.97989
2012-09-22 06:00:00,131.89777
2012-09-22 07:00:00,127.14157
2012-09-22 08:00:00,175.84596
2012-09-22 09:00:00,192.81741
2012-09-22 10:00:00,255.324
2012-09-22 11:00:00,320.25583
2012-09-22 12:00:00,370.6586
2012-09-22 13:00:00,393.7061
2012-09-22 14:00:00,442.9943
2012-09-22 15:00:00,422.21832
2012-09-22 16:00:00,397.06863
2012-09-22 17:00:00,397.06863
2012-09-22 18:00:00,367.74277
2012-09-22 19:00:00,298.15262
2012-09-22 20:00:00,345.42355
2012-09-22 21:00:00,293.0082
2012-09-22 22:00:00,273.45605
2012-09-22 23:00:00,340.5347
2012-09-23 00:00:00,494.71658
2012-09-23 01:00:00,323.08978
2012-09-23 02:00:00,375.54004
2012-09-23 03:00:00,248.40483
2012-09-23 04:00:00,254.5108
2012-09-23 05:00:00,222.39691
2012-09-23 06:00:00,196.8928
2012-09-23 07:00:00,226.94019
2012-09-23 08:00:00,251.56673
2012-09-23 09:00:00,309.1168
2012-09-23 10:00:00,410.20886
2012-09-23 11:00:00,418.53653
2012-09-23 12:00:00,424.06406
2012-09-23 13:00:00,492.64606
2012-09-23 14:00:00,497.23553
2012-09-23 15:00:00,487.952
2012-09-23 16:00:00,489.9435
2012-09-23 17:00:00,444.41446
2012-09-23 18:00:00,452.746
2012-09-23 19:00:00,414.47665
2012-09-23 20:00:00,414.47665
2012-09-23 21:00:00,329.3204
2012-09-23 22:00:00,376.30093
2012-09-23 23:00:00,268.68314
2012-09-24 00:00:00,254.25151
2012-09-24 01:00:00,240.12473
2012-09-24 02:00:00,275.1572
2012-09-24 03:00:00,261.55734
2012-09-24 04:00:00,229.6028
2012-09-24 05:00:00,228.26862
2012-09-24 06:00:00,255.83891
2012-09-24 07:00:00,240.12473
2012-09-24 08:00:00,300.3563
2012-09-24 09:00:00,310.22604
2012-09-24 10:00:00,334.18546
2012-09-24 11:00:00,417.17517
2012-09-24 12:00:00,438.71948
2012-09-24 13:00:00,441.31113
2012-09-24 14:00:00,450.2212
2012-09-24 15:00:00,447.69125
2012-09-24 16:00:00,455.2695
2012-09-24 17:00:00,450.7056
2012-09-24 18:00:00,400.82758
2012-09-24 19:00:00,364.22134
2012-09-24 20:00:00,306.559
2012-09-24 21:00:00,306.6951
2012-09-24 22:00:00,306.3801
2012-09-24 23:00:00,267.58737
2012-09-25 00:00:00,239.22035
2012-09-25 01:00:00,191.61122
2012-09-25 02:00:00,150.25513
2012-09-25 03:00:00,187.41411
2012-09-25 04:00:00,193.72926
2012-09-25 05:00:00,144.08011
2012-09-25 06:00:00,170.49916
2012-09-25 07:00:00,164.13419
2012-09-25 08:00:00,243.58748
2012-09-25 09:00:00,304.58478
2012-09-25 10:00:00,315.2807
2012-09-25 11:00:00,405.16812
2012-09-25 12:00:00,438.66367
2012-09-25 13:00:00,419.0552
2012-09-25 14:00:00,471.66095
2012-09-25 15:00:00,482.98038
2012-09-25 16:00:00,468.96582
2012-09-25 17:00:00,467.8062
2012-09-25 18:00:00,450.81757
2012-09-25 19:00:00,381.22617
2012-09-25 20:00:00,320.3751
2012-09-25 21:00:00,320.3751
2012-09-25 22:00:00,323.0919
2012-09-25 23:00:00,314.92322
2012-09-26 00:00:00,280.78195
2012-09-26 01:00:00,263.8972
2012-09-26 02:00:00,303.56003
2012-09-26 03:00:00,303.56003
2012-09-26 04:00:00,229.67345
2012-09-26 05:00:00,232.85876
2012-09-26 06:00:00,223.19557
2012-09-26 07:00:00,180.9996
2012-09-26 08:00:00,224.88477
2012-09-26 09:00:00,279.70602
2012-09-26 10:00:00,239.45633
2012-09-26 11:00:00,319.2747
2012-09-26 12:00:00,326.11646
2012-09-26 13:00:00,351.05295
2012-09-26 14:00:00,453.75653
2012-09-26 15:00:00,455.40848
2012-09-26 16:00:00,470.3803
2012-09-26 17:00:00,455.40848
2012-09-26 18:00:00,440.07294
2012-09-26 19:00:00,359.17227
2012-09-26 20:00:00,272.08505
2012-09-26 21:00:00,290.70007
2012-09-26 22:00:00,275.1009
2012-09-26 23:00:00,227.92223
2012-09-27 00:00:00,174.90692
2012-09-27 01:00:00,174.90692
2012-09-27 02:00:00,174.90692
2012-09-27 03:00:00,141.69833
2012-09-27 04:00:00,94.356926
2012-09-27 05:00:00,118.161095
2012-09-27 06:00:00,107.73119
2012-09-27 07:00:00,141.69833
2012-09-27 08:00:00,219.41833
2012-09-27 09:00:00,235.46848
2012-09-27 10:00:00,406.9612
2012-09-27 11:00:00,365.86917
2012-09-27 12:00:00,372.94812
2012-09-27 13:00:00,354.44193
2012-09-27 14:00:00,375.46066
2012-09-27 15:00:00,387.07156
2012-09-27 16:00:00,359.39178
2012-09-27 17:00:00,293.8019
2012-09-27 18:00:00,282.39636
2012-09-27 19:00:00,274.30746
2012-09-27 20:00:00,281.35132
2012-09-27 21:00:00,215.96288
2012-09-27 22:00:00,215.96288
2012-09-27 23:00:00,225.46132
2012-09-28 00:00:00,192.36505
2012-09-28 01:00:00,189.83911
2012-09-28 02:00:00,182.01324
2012-09-28 03:00:00,210.28856
2012-09-28 04:00:00,182.57115
2012-09-28 05:00:00,103.17039
2012-09-28 06:00:00,119.20493
2012-09-28 07:00:00,114.33527
2012-09-28 08:00:00,141.42178
2012-09-28 09:00:00,204.18309
2012-09-28 10:00:00,238.90858
2012-09-28 11:00:00,263.08743
2012-09-28 12:00:00,381.55612
2012-09-28 13:00:00,404.65283
2012-09-28 14:00:00,381.55612
2012-09-28 15:00:00,370.0992
2012-09-28 16:00:00,386.26883
2012-09-28 17:00:00,359.41245
2012-09-28 18:00:00,380.42667
2012-09-28 19:00:00,359.84836
2012-09-28 20:00:00,305.4298
2012-09-28 21:00:00,312.00504
2012-09-28 22:00:00,331.87967
2012-09-28 23:00:00,313.02972
2012-09-29 00:00:00,280.61298
2012-09-29 01:00:00,280.61298
2012-09-29 02:00:00,308.91776
2012-09-29 03:00:00,280.12366
2012-09-29 04:00:00,265.86588
2012-09-29 05:00:00,234.67891
2012-09-29 06:00:00,222.39108
2012-09-29 07:00:00,194.80675
2012-09-29 08:00:00,197.67392
2012-09-29 09:00:00,234.67891
2012-09-29 10:00:00,307.0347
2012-09-29 11:00:00,362.12753
2012-09-29 12:00:00,479.99557
2012-09-29 13:00:00,479.99557
2012-09-29 14:00:00,472.6395
2012-09-29 15:00:00,466.1857
2012-09-29 16:00:00,488.5269
2012-09-29 17:00:00,477.08847
2012-09-29 18:00:00,419.55533
2012-09-29 19:00:00,296.40714
2012-09-29 20:00:00,298.582
2012-09-29 21:00:00,294.6039
2012-09-29 22:00:00,220.88419
2012-09-29 23:00:00,245.24731
2012-09-30 00:00:00,264.72922
2012-09-30 01:00:00,264.72922
2012-09-30 02:00:00,227.7504
2012-09-30 03:00:00,181.78606
2012-09-30 04:00:00,181.78606
2012-09-30 05:00:00,151.27313
2012-09-30 06:00:00,138.36107
2012-09-30 07:00:00,117.13784
2012-09-30 08:00:00,190.0907
2012-09-30 09:00:00,222.39238
2012-09-30 10:00:00,430.06113
2012-09-30 11:00:00,477.8965
2012-09-30 12:00:00,479.99557
2012-09-30 13:00:00,488.5269
2012-09-30 14:00:00,488.5269
2012-09-30 15:00:00,518.7906
2012-09-30 16:00:00,523.0199
2012-09-30 17:00:00,497.49283
2012-09-30 18:00:00,255.78223
2012-09-30 19:00:00,224.00488
2012-09-30 20:00:00,224.00488
2012-09-30 21:00:00,190.63564
2012-09-30 22:00:00,155.74141
2012-09-30 23:00:00,145.71817
2012-10-20 00:00:00,102.77894
2012-10-20 01:00:00,151.10773
2012-10-20 02:00:00,110.67101
2012-10-20 03:00:00,114.82528
2012-10-20 04:00:00,151.27313
2012-10-20 05:00:00,63.769653
2012-10-20 06:00:00,154.5738
2012-10-20 07:00:00,63.769653
2012-10-20 08:00:00,187.72055
2012-10-20 09:00:00,255.78955
2012-10-20 10:00:00,316.4657
2012-10-20 11:00:00,349.76648
2012-10-20 12:00:00,399.14313
2012-10-20 13:00:00,440.80026
2012-10-20 14:00:00,497.81113
2012-10-20 15:00:00,464.1227
2012-10-20 16:00:00,411.22195
2012-10-20 17:00:00,441.86823
2012-10-20 18:00:00,419.86276
2012-10-20 19:00:00,363.07678
2012-10-20 20:00:00,402.3616
2012-10-20 21:00:00,340.01624
2012-10-20 22:00:00,268.24698
2012-10-20 23:00:00,256.48517
2012-10-21 00:00:00,257.18185
2012-10-21 01:00:00,210.59103
2012-10-21 02:00:00,193.70445
2012-10-21 03:00:00,157.30244
2012-10-21 04:00:00,128.73933
2012-10-21 05:00:00,157.30244
2012-10-21 06:00:00,223.17972
2012-10-21 07:00:00,223.17972
2012-10-21 08:00:00,186.39246
2012-10-21 09:00:00,261.8707
2012-10-21 10:00:00,352.3467
2012-10-21 11:00:00,390.98294
2012-10-21 12:00:00,418.87155
2012-10-21 13:00:00,446.00198
2012-10-21 14:00:00,477.15906
2012-10-21 15:00:00,444.04544
2012-10-21 16:00:00,441.86823
2012-10-21 17:00:00,408.81848
2012-10-21 18:00:00,428.33472
2012-10-21 19:00:00,396.7664
2012-10-21 20:00:00,370.69745
2012-10-21 21:00:00,244.79866
2012-10-21 22:00:00,274.11676
2012-10-21 23:00:00,284.96832
2012-10-22 00:00:00,227.01614
2012-10-22 01:00:00,170.96884
2012-10-22 02:00:00,166.15295
2012-10-22 03:00:00,227.01614
2012-10-22 04:00:00,202.50273
2012-10-22 05:00:00,126.89934
2012-10-22 06:00:00,109.78151
2012-10-22 07:00:00,215.88
2012-10-22 08:00:00,199.69891
2012-10-22 09:00:00,258.57864
2012-10-22 10:00:00,284.35742
2012-10-22 11:00:00,412.55704
2012-10-22 12:00:00,404.11023
2012-10-22 13:00:00,447.47757
2012-10-22 14:00:00,440.68265
2012-10-22 15:00:00,454.02896
2012-10-22 16:00:00,458.9906
2012-10-22 17:00:00,445.22263
2012-10-22 18:00:00,262.45743
2012-10-22 19:00:00,306.559
2012-10-22 20:00:00,284.997
2012-10-22 21:00:00,235.13832
2012-10-22 22:00:00,125.85841
2012-10-22 23:00:00,122.30057
2012-10-23 00:00:00,112.885735
2012-10-23 01:00:00,163.56415
2012-10-23 02:00:00,104.16491
2012-10-23 03:00:00,154.63641
2012-10-23 04:00:00,145.71686
2012-10-23 05:00:00,148.20886
2012-10-23 06:00:00,100.9955
2012-10-23 07:00:00,190.78531
2012-10-23 08:00:00,231.34842
2012-10-23 09:00:00,241.12823
2012-10-23 10:00:00,258.0244
2012-10-23 11:00:00,297.2939
2012-10-23 12:00:00,322.38373
2012-10-23 13:00:00,340.2964
2012-10-23 14:00:00,447.0504
2012-10-23 15:00:00,465.96365
2012-10-23 16:00:00,377.59167
2012-10-23 17:00:00,404.37134
2012-10-23 18:00:00,309.60062
2012-10-23 19:00:00,298.85257
2012-10-23 20:00:00,275.7532
2012-10-23 21:00:00,205.91695
2012-10-23 22:00:00,239.7809
2012-10-23 23:00:00,206.40015
2012-10-24 00:00:00,201.38669
2012-10-24 01:00:00,203.61337
2012-10-24 02:00:00,203.61334
2012-10-24 03:00:00,162.10016
2012-10-24 04:00:00,162.10017
2012-10-24 05:00:00,121.342865
2012-10-24 06:00:00,125.92209
2012-10-24 07:00:00,102.906166
2012-10-24 08:00:00,182.38925
2012-10-24 09:00:00,220.49406
2012-10-24 10:00:00,227.39612
2012-10-24 11:00:00,236.0925
2012-10-24 12:00:00,278.33862
2012-10-24 13:00:00,298.7091
2012-10-24 14:00:00,467.04953
2012-10-24 15:00:00,432.1548
2012-10-24 16:00:00,466.38397
2012-10-24 17:00:00,343.5071
2012-10-24 18:00:00,364.45944
2012-10-24 19:00:00,305.15973
2012-10-24 20:00:00,278.83722
2012-10-24 21:00:00,281.35507
2012-10-24 22:00:00,273.69162
2012-10-24 23:00:00,264.2609
2012-10-25 00:00:00,268.8319
2012-10-25 01:00:00,208.2165
2012-10-25 02:00:00,142.82977
2012-10-25 03:00:00,150.51115
2012-10-25 04:00:00,147.11337
2012-10-25 05:00:00,152.56226
2012-10-25 06:00:00,150.93742
2012-10-25 07:00:00,150.93742
2012-10-25 08:00:00,177.3065
2012-10-25 09:00:00,174.94844
2012-10-25 10:00:00,187.61978
2012-10-25 11:00:00,188.71152
2012-10-25 12:00:00,223.90349
2012-10-25 13:00:00,194.52716
2012-10-25 14:00:00,223.01866
2012-10-25 15:00:00,270.53543
2012-10-25 16:00:00,257.8082
2012-10-25 17:00:00,257.8082
2012-10-25 18:00:00,136.09914
2012-10-25 19:00:00,145.68669
2012-10-25 20:00:00,150.51115
2012-10-25 21:00:00,150.51115
2012-10-25 22:00:00,186.60637
2012-10-25 23:00:00,187.61978
2012-10-26 00:00:00,199.27527
2012-10-26 01:00:00,145.9203
2012-10-26 02:00:00,147.11337
2012-10-26 03:00:00,152.56226
2012-10-26 04:00:00,152.56226
2012-10-26 05:00:00,147.11337
2012-10-26 06:00:00,145.9203
2012-10-26 07:00:00,147.11337
2012-10-26 08:00:00,155.01285
2012-10-26 09:00:00,155.01285
2012-10-26 10:00:00,150.72781
2012-10-26 11:00:00,223.44699
2012-10-26 12:00:00,257.29352
2012-10-26 13:00:00,270.0668
2012-10-26 14:00:00,273.69162
2012-10-26 15:00:00,281.35507
2012-10-26 16:00:00,254.48839
2012-10-26 17:00:00,232.84717
2012-10-26 18:00:00,226.32086
2012-10-26 19:00:00,184.42374
2012-10-26 20:00:00,184.42374
2012-10-26 21:00:00,225.37627
2012-10-26 22:00:00,180.06732
2012-10-26 23:00:00,136.67172
2012-10-27 00:00:00,89.725075
2012-10-27 01:00:00,116.40474
2012-10-27 02:00:00,140.25197
2012-10-27 03:00:00,100.699684
2012-10-27 04:00:00,128.34831
2012-10-27 05:00:00,155.45636
2012-10-27 06:00:00,155.45636
2012-10-27 07:00:00,123.63175
2012-10-27 08:00:00,164.18188
2012-10-27 09:00:00,164.18188
2012-10-27 10:00:00,194.51723
2012-10-27 11:00:00,255.37195
2012-10-27 12:00:00,399.08347
2012-10-27 13:00:00,466.1857
2012-10-27 14:00:00,458.65552
2012-10-27 15:00:00,298.33566
2012-10-27 16:00:00,268.58566
2012-10-27 17:00:00,268.58566
2012-10-27 18:00:00,268.58566
2012-10-27 19:00:00,208.6282
2012-10-27 20:00:00,208.6282
2012-10-27 21:00:00,208.6282
2012-10-27 22:00:00,205.7288
2012-10-27 23:00:00,213.72592
2012-10-28 00:00:00,229.00056
2012-10-28 01:00:00,196.43442
2012-10-28 02:00:00,208.23444
2012-10-28 03:00:00,223.29352
2012-10-28 04:00:00,221.78773
2012-10-28 05:00:00,233.86794
2012-10-28 06:00:00,237.94939
2012-10-28 07:00:00,258.99356
2012-10-28 08:00:00,284.86502
2012-10-28 09:00:00,281.2621
2012-10-28 10:00:00,306.70224
2012-10-28 11:00:00,311.22055
2012-10-28 12:00:00,257.81207
2012-10-28 13:00:00,236.20107
2012-10-28 14:00:00,251.48291
2012-10-28 15:00:00,240.0171
2012-10-28 16:00:00,209.80705
2012-10-28 17:00:00,171.9043
2012-10-28 18:00:00,114.27803
2012-10-28 19:00:00,114.67881
2012-10-28 20:00:00,114.50585
2012-10-28 21:00:00,134.48709
2012-10-28 22:00:00,136.03891
2012-10-28 23:00:00,114.67881
2012-10-29 00:00:00,154.96133
2012-10-30 13:00:00,110.65688
2012-10-30 14:00:00,110.65688
2012-10-30 15:00:00,118.4037
2012-10-30 16:00:00,118.4037
2012-10-30 17:00:00,121.03965
2012-10-30 18:00:00,127.77772
2012-10-30 19:00:00,260.52478
2012-10-30 20:00:00,139.1109
2012-10-30 21:00:00,131.41687
2012-10-30 22:00:00,121.25873
2012-10-30 23:00:00,121.25873
2012-10-31 00:00:00,129.8702
2012-10-31 01:00:00,127.45102
2012-10-31 02:00:00,136.55292
2012-10-31 03:00:00,129.8702
2012-10-31 04:00:00,138.60779
2012-10-31 05:00:00,136.55292
2012-10-31 06:00:00,124.82666
2012-10-31 07:00:00,138.66019
2012-10-31 08:00:00,121.74059
2012-10-31 09:00:00,125.42298
2012-10-31 10:00:00,161.28598
2012-10-31 11:00:00,186.26648
2012-10-31 12:00:00,248.50404
2012-10-31 13:00:00,276.52615
2012-10-31 14:00:00,285.9784
2012-10-31 15:00:00,282.32834
2012-10-31 16:00:00,286.70718
2012-10-31 17:00:00,272.92426
2012-10-31 18:00:00,272.92426
2012-10-31 19:00:00,284.47665
2012-10-31 20:00:00,284.47665
2012-10-31 21:00:00,284.47665
2012-10-31 22:00:00,248.71625
2012-10-31 23:00:00,255.78497
2012-11-20 00:00:00,135.16898
2012-11-20 01:00:00,191.80142
2012-11-20 02:00:00,125.82984
2012-11-20 03:00:00,151.47856
2012-11-20 04:00:00,169.02365
2012-11-20 05:00:00,189.89551
2012-11-20 06:00:00,144.96107
2012-11-20 07:00:00,113.47707
2012-11-20 08:00:00,134.19873
2012-11-20 09:00:00,211.89798
2012-11-20 10:00:00,246.36691
2012-11-20 11:00:00,247.62361
2012-11-20 12:00:00,241.57501
2012-11-20 13:00:00,280.04138
2012-11-20 14:00:00,285.42642
2012-11-20 15:00:00,292.51617
2012-11-20 16:00:00,268.75842
2012-11-20 17:00:00,207.0485
2012-11-20 18:00:00,246.36691
2012-11-20 19:00:00,223.59428
2012-11-20 20:00:00,176.53818
2012-11-20 21:00:00,162.15884
2012-11-20 22:00:00,162.15884
2012-11-20 23:00:00,111.1454
2012-11-21 00:00:00,74.85998
2012-11-21 01:00:00,111.1454
2012-11-21 02:00:00,105.897675
2012-11-21 03:00:00,105.897675
2012-11-21 04:00:00,105.897675
2012-11-21 05:00:00,105.897675
2012-11-21 06:00:00,102.292274
2012-11-21 07:00:00,103.55949
2012-11-21 08:00:00,128.3548
2012-11-21 09:00:00,113.47707
2012-11-21 10:00:00,223.77258
2012-11-21 11:00:00,279.2228
2012-11-21 12:00:00,306.1084
2012-11-21 13:00:00,346.28775
2012-11-21 14:00:00,375.4119
2012-11-21 15:00:00,325.25055
2012-11-21 16:00:00,353.87405
2012-11-21 17:00:00,285.5696
2012-11-21 18:00:00,298.56595
2012-11-21 19:00:00,268.39313
2012-11-21 20:00:00,224.0416
2012-11-21 21:00:00,269.22852
2012-11-21 22:00:00,262.4901
2012-11-21 23:00:00,218.9183
2012-11-22 00:00:00,128.7697
2012-11-22 01:00:00,103.17039
2012-11-22 02:00:00,71.578026
2012-11-22 03:00:00,73.64296
2012-11-22 04:00:00,57.552044
2012-11-22 05:00:00,73.64296
2012-11-22 06:00:00,89.65825
2012-11-22 07:00:00,65.268974
2012-11-22 08:00:00,71.79455
2012-11-22 09:00:00,119.61576
2012-11-22 10:00:00,262.78024
2012-11-22 11:00:00,333.01263
2012-11-22 12:00:00,416.53964
2012-11-22 13:00:00,462.257
2012-11-22 14:00:00,476.92123
2012-11-22 15:00:00,476.92123
2012-11-22 16:00:00,449.1797
2012-11-22 17:00:00,416.53964
2012-11-22 18:00:00,333.23587
2012-11-22 19:00:00,90.93605
2012-11-22 20:00:00,114.9568
2012-11-22 21:00:00,229.03879
2012-11-22 22:00:00,201.3322
2012-11-22 23:00:00,81.286125
2012-11-23 00:00:00,138.36417
2012-11-23 01:00:00,110.081696
2012-11-23 02:00:00,114.25373
2012-11-23 03:00:00,91.26598
2012-11-23 04:00:00,119.34229
2012-11-23 05:00:00,81.79599
2012-11-23 06:00:00,81.79599
2012-11-23 07:00:00,81.79599
2012-11-23 08:00:00,105.106415
2012-11-23 09:00:00,117.8755
2012-11-23 10:00:00,210.1483
2012-11-23 11:00:00,279.2228
2012-11-23 12:00:00,325.36334
2012-11-23 13:00:00,340.27444
2012-11-23 14:00:00,387.17474
2012-11-23 15:00:00,337.15457
2012-11-23 16:00:00,310.20374
2012-11-23 17:00:00,311.13885
2012-11-23 18:00:00,306.6989
2012-11-23 19:00:00,300.89798
2012-11-23 20:00:00,303.67035
2012-11-23 21:00:00,290.3896
2012-11-23 22:00:00,377.33344
2012-11-23 23:00:00,356.51703
2012-11-24 00:00:00,343.98523
2012-11-24 01:00:00,280.98364
2012-11-24 02:00:00,244.17892
2012-11-24 03:00:00,226.83228
2012-11-24 04:00:00,224.63377
2012-11-24 05:00:00,196.11807
2012-11-24 06:00:00,138.12814
2012-11-24 07:00:00,207.36006
2012-11-24 08:00:00,202.40393
2012-11-24 09:00:00,212.80984
2012-11-24 10:00:00,181.45921
2012-11-24 11:00:00,213.36853
2012-11-24 12:00:00,205.60849
2012-11-24 13:00:00,258.4548
2012-11-24 14:00:00,268.84314
2012-11-24 15:00:00,263.14633
2012-11-24 16:00:00,253.52434
2012-11-24 17:00:00,223.54489
2012-11-24 18:00:00,238.60963
2012-11-24 19:00:00,172.92665
2012-11-24 20:00:00,138.12813
2012-11-24 21:00:00,142.24142
2012-11-24 22:00:00,142.36908
2012-11-24 23:00:00,142.24142
2012-11-25 00:00:00,107.16275
2012-11-25 01:00:00,131.34161
2012-11-25 02:00:00,152.13708
2012-11-25 03:00:00,200.9862
2012-11-25 04:00:00,200.9862
2012-11-25 05:00:00,138.49515
2012-11-25 06:00:00,133.88135
2012-11-25 07:00:00,123.43815
2012-11-25 08:00:00,127.57788
2012-11-25 09:00:00,148.16542
2012-11-25 10:00:00,121.41068
2012-11-25 11:00:00,187.48012
2012-11-25 12:00:00,187.48012
2012-11-25 13:00:00,202.27637
2012-11-25 14:00:00,212.63391
2012-11-25 15:00:00,204.14293
2012-11-25 16:00:00,221.51553
2012-11-25 17:00:00,213.94565
2012-11-25 18:00:00,163.03253
2012-11-25 19:00:00,243.30495
2012-11-25 20:00:00,88.275665
2012-11-25 21:00:00,227.8681
2012-11-25 22:00:00,88.275665
2012-11-25 23:00:00,75.38874
2012-11-26 00:00:00,89.89408
2012-11-26 01:00:00,89.073586
2012-11-26 02:00:00,89.073586
2012-11-26 03:00:00,89.073586
2012-11-26 04:00:00,89.89408
2012-11-26 05:00:00,127.239555
2012-11-26 06:00:00,89.89408
2012-11-26 07:00:00,97.41154
2012-11-26 08:00:00,97.41154
2012-11-26 09:00:00,208.8942
2012-11-26 10:00:00,253.6846
2012-11-26 11:00:00,303.0604
2012-11-26 12:00:00,316.42032
2012-11-26 13:00:00,316.42032
2012-11-26 14:00:00,307.64658
2012-11-26 15:00:00,308.82913
2012-11-26 16:00:00,349.63745
2012-11-26 17:00:00,324.09067
2012-11-26 18:00:00,268.90598
2012-11-26 19:00:00,254.33685
2012-11-26 20:00:00,262.4901
2012-11-26 21:00:00,262.4901
2012-11-26 22:00:00,218.91829
2012-11-26 23:00:00,176.2581
2012-11-27 00:00:00,181.94016
2012-11-27 01:00:00,139.06793
2012-11-27 02:00:00,139.85558
2012-11-27 03:00:00,139.72852
2012-11-27 04:00:00,128.11499
2012-11-27 05:00:00,130.27664
2012-11-27 06:00:00,141.40747
2012-11-27 07:00:00,127.42038
2012-11-27 08:00:00,128.61127
2012-11-27 09:00:00,133.81686
2012-11-27 10:00:00,128.54582
2012-11-27 11:00:00,113.1761
2012-11-27 12:00:00,98.60882
2012-11-27 13:00:00,114.94547
2012-11-27 14:00:00,101.41992
2012-11-27 15:00:00,124.09909
2012-11-27 16:00:00,124.09909
2012-11-27 17:00:00,120.49285
2012-11-27 18:00:00,97.31161
2012-11-27 19:00:00,115.610085
2012-11-27 20:00:00,110.52099
2012-11-27 21:00:00,96.50207
2012-11-27 22:00:00,120.48275
2012-11-27 23:00:00,113.78451
2012-11-28 00:00:00,117.32511
2012-11-28 01:00:00,121.47614
2012-11-28 02:00:00,121.47614
2012-11-28 03:00:00,126.07571
2012-11-28 04:00:00,129.1507
2012-11-28 05:00:00,127.46841
2012-11-28 06:00:00,133.21288
2012-11-28 07:00:00,154.43976
2012-11-28 08:00:00,129.08636
2012-11-28 09:00:00,202.51468
2012-11-28 10:00:00,244.04156
2012-11-28 11:00:00,260.68826
2012-11-28 12:00:00,261.75192
2012-11-28 13:00:00,261.50916
2012-11-28 14:00:00,255.16537
2012-11-28 15:00:00,315.26212
2012-11-28 16:00:00,310.62656
2012-11-28 17:00:00,290.64102
2012-11-28 18:00:00,273.76462
2012-11-28 19:00:00,264.14032
2012-11-28 20:00:00,268.63693
2012-11-28 21:00:00,256.7018
2012-11-28 22:00:00,241.58577
2012-11-28 23:00:00,221.991
2012-11-29 00:00:00,139.10611
2012-11-29 01:00:00,117.84059
2012-11-29 02:00:00,95.84395
2012-11-29 04:00:00,116.220055
2012-11-29 05:00:00,89.073586
2012-11-29 06:00:00,89.89408
2012-11-29 07:00:00,92.743095
2012-11-29 08:00:00,124.18292
2012-11-29 09:00:00,134.41644
2012-11-29 10:00:00,133.90785
2012-11-29 11:00:00,271.92017
2012-11-29 12:00:00,279.11874
2012-11-29 13:00:00,319.807
2012-11-29 14:00:00,256.19928
2012-11-29 15:00:00,238.42085
2012-11-29 16:00:00,258.75717
2012-11-29 17:00:00,260.7666
2012-11-29 18:00:00,249.28888
2012-11-29 19:00:00,222.12244
2012-11-29 20:00:00,225.50528
2012-11-29 21:00:00,129.65501
2012-11-29 22:00:00,118.06341
2012-11-29 23:00:00,186.10277
2012-11-30 00:00:00,133.24928
2012-11-30 01:00:00,117.441055
2012-11-30 02:00:00,87.97418
2012-11-30 03:00:00,87.97418
2012-11-30 04:00:00,89.383064
2012-11-30 05:00:00,89.771774
2012-11-30 06:00:00,78.88924
2012-11-30 07:00:00,86.21933
2012-11-30 08:00:00,133.58937
2012-11-30 09:00:00,115.3426
2012-11-30 10:00:00,193.30966
2012-11-30 11:00:00,264.32874
2012-11-30 12:00:00,288.19287
2012-11-30 13:00:00,290.0674
2012-11-30 14:00:00,279.76776
2012-11-30 15:00:00,294.14105
2012-11-30 16:00:00,280.3715
2012-11-30 17:00:00,263.68744
2012-11-30 18:00:00,244.29475
2012-11-30 19:00:00,186.76956
2012-11-30 20:00:00,186.76956
2012-11-30 21:00:00,114.608315
2012-11-30 22:00:00,83.87504
2012-11-30 23:00:00,126.57557
2012-12-20 00:00:00,206.19818
2012-12-20 01:00:00,186.76956
2012-12-20 02:00:00,186.76956
2012-12-20 03:00:00,132.06488
2012-12-20 04:00:00,132.06488
2012-12-20 05:00:00,132.26791
2012-12-20 06:00:00,193.30966
2012-12-20 07:00:00,137.92267
2012-12-20 08:00:00,137.92267
2012-12-20 09:00:00,137.92267
2012-12-20 10:00:00,209.08289
2012-12-20 11:00:00,235.51924
2012-12-20 12:00:00,272.7809
2012-12-20 13:00:00,253.73949
2012-12-20 14:00:00,267.82837
2012-12-20 15:00:00,241.36769
2012-12-20 16:00:00,201.23997
2012-12-20 17:00:00,169.02365
2012-12-20 18:00:00,147.16158
2012-12-20 19:00:00,148.05841
2012-12-20 20:00:00,131.90204
2012-12-20 21:00:00,131.90204
2012-12-20 22:00:00,130.00473
2012-12-20 23:00:00,147.41202
2012-12-21 00:00:00,108.23137
2012-12-21 01:00:00,114.420494
2012-12-21 02:00:00,111.37555
2012-12-21 03:00:00,111.37555
2012-12-21 04:00:00,111.134254
2012-12-21 05:00:00,89.10308
2012-12-21 06:00:00,149.19542
2012-12-21 07:00:00,113.8809
2012-12-21 08:00:00,117.284325
2012-12-21 09:00:00,144.71571
2012-12-21 10:00:00,155.25314
2012-12-21 11:00:00,135.94388
2012-12-21 12:00:00,133.29451
2012-12-21 13:00:00,138.04337
2012-12-21 14:00:00,141.13022
2012-12-21 15:00:00,127.388725
2012-12-21 16:00:00,124.7766
2012-12-21 17:00:00,85.55491
2012-12-21 18:00:00,84.57437
2012-12-21 19:00:00,129.64171
2012-12-21 20:00:00,133.51428
2012-12-21 21:00:00,131.57523
2012-12-21 22:00:00,117.75526
2012-12-21 23:00:00,122.80817
2012-12-22 00:00:00,133.98338
2012-12-22 01:00:00,121.28289
2012-12-22 02:00:00,127.43199
2012-12-22 03:00:00,115.30536
2012-12-22 04:00:00,93.76005
2012-12-22 05:00:00,114.802986
2012-12-22 06:00:00,123.68186
2012-12-22 07:00:00,123.68186
2012-12-22 08:00:00,137.6755
2012-12-22 09:00:00,109.098854
2012-12-22 10:00:00,97.895164
2012-12-22 11:00:00,133.50436
2012-12-22 12:00:00,149.32559
2012-12-22 13:00:00,157.54825
2012-12-22 14:00:00,158.13702
2012-12-22 15:00:00,158.03455
2012-12-22 16:00:00,144.21661
2012-12-22 17:00:00,133.94305
2012-12-22 18:00:00,122.18121
2012-12-22 19:00:00,90.621124
2012-12-22 20:00:00,84.65371
2012-12-22 21:00:00,70.77538
2012-12-22 22:00:00,70.77538
2012-12-22 23:00:00,70.63744
2012-12-23 00:00:00,78.02383
2012-12-23 01:00:00,78.296005
2012-12-23 02:00:00,62.464424
2012-12-23 03:00:00,64.9246
2012-12-23 04:00:00,69.10641
2012-12-23 05:00:00,69.5866
2012-12-23 06:00:00,39.181507
2012-12-23 07:00:00,39.181507
2012-12-23 08:00:00,31.445438
2012-12-23 09:00:00,53.384262
2012-12-23 10:00:00,48.611794
2012-12-23 11:00:00,72.56316
2012-12-23 12:00:00,119.88667
2012-12-23 13:00:00,138.7658
2012-12-23 14:00:00,182.60841
2012-12-23 15:00:00,181.29552
2012-12-23 16:00:00,184.34613
2012-12-23 17:00:00,125.017166
2012-12-23 18:00:00,117.202545
2012-12-23 19:00:00,107.805824
2012-12-23 20:00:00,60.947098
2012-12-23 21:00:00,49.166183
2012-12-23 22:00:00,64.82647
2012-12-23 23:00:00,64.15831
2012-12-24 00:00:00,70.7606
2012-12-24 01:00:00,70.7606
2012-12-24 02:00:00,63.348953
2012-12-24 03:00:00,63.348953
2012-12-24 05:00:00,53.747757
2012-12-24 06:00:00,63.348953
2012-12-24 07:00:00,68.12087
2012-12-24 08:00:00,70.7606
2012-12-24 09:00:00,86.32514
2012-12-24 10:00:00,105.874275
2012-12-24 11:00:00,88.78832
2012-12-24 12:00:00,99.407234
2012-12-24 13:00:00,70.652405
2012-12-24 14:00:00,72.5815
2012-12-24 15:00:00,54.92923
2012-12-24 16:00:00,54.92923
2012-12-24 17:00:00,60.147068
2012-12-24 18:00:00,74.98475
2012-12-24 19:00:00,66.64648
2012-12-24 20:00:00,65.3385
2012-12-24 21:00:00,78.25556
2012-12-24 22:00:00,74.24851
2012-12-24 23:00:00,91.89716
2012-12-25 00:00:00,53.41671
2012-12-25 01:00:00,40.61104
2012-12-25 02:00:00,40.61104
2012-12-25 04:00:00,41.108097
2012-12-25 05:00:00,33.566105
2012-12-25 06:00:00,33.566105
2012-12-25 07:00:00,32.062572
2012-12-25 08:00:00,39.051556
2012-12-25 09:00:00,35.172134
2012-12-25 10:00:00,24.479027
2012-12-25 11:00:00,33.552906
2012-12-25 12:00:00,35.67896
2012-12-25 13:00:00,167.00896
2012-12-25 14:00:00,164.58162
2012-12-25 15:00:00,126.069466
2012-12-25 16:00:00,118.42685
2012-12-25 17:00:00,92.55071
2012-12-25 18:00:00,73.74439
2012-12-25 19:00:00,73.32845
2012-12-25 20:00:00,74.161736
2012-12-25 21:00:00,67.93264
2012-12-25 22:00:00,70.385956
2012-12-25 23:00:00,59.716145
2012-12-26 00:00:00,83.19854
2012-12-26 01:00:00,67.70861
2012-12-26 02:00:00,67.70861
2012-12-26 03:00:00,60.93868
2012-12-26 04:00:00,65.79874
2012-12-26 05:00:00,59.60218
2012-12-26 06:00:00,61.339096
2012-12-26 07:00:00,46.016388
2012-12-26 08:00:00,46.016388
2012-12-26 09:00:00,46.016388
2012-12-26 10:00:00,46.510864
2012-12-26 11:00:00,45.759216
2012-12-26 12:00:00,47.749817
2012-12-26 13:00:00,47.749817
2012-12-26 14:00:00,51.65316
2012-12-26 15:00:00,50.994263
2012-12-26 16:00:00,50.994263
2012-12-26 17:00:00,51.430428
2012-12-26 18:00:00,55.939552
2012-12-26 19:00:00,68.711754
2012-12-26 20:00:00,66.665565
2012-12-26 21:00:00,67.38402
2012-12-26 22:00:00,49.82091
2012-12-26 23:00:00,52.61534
2012-12-27 00:00:00,52.61534
2012-12-27 01:00:00,49.82091
2012-12-27 02:00:00,56.449585
2012-12-27 03:00:00,61.26604
2012-12-27 04:00:00,55.11045
2012-12-27 05:00:00,67.93247
2012-12-27 06:00:00,76.94701
2012-12-27 07:00:00,70.49687
2012-12-27 08:00:00,81.06119
2012-12-27 09:00:00,93.95629
2012-12-27 10:00:00,114.38783
2012-12-27 11:00:00,101.07934
2012-12-27 12:00:00,148.77603
2012-12-27 13:00:00,148.77603
2012-12-27 14:00:00,95.062836
2012-12-27 15:00:00,89.37414
2012-12-27 16:00:00,97.24232
2012-12-27 17:00:00,97.24232
2012-12-27 18:00:00,71.64878
2012-12-27 19:00:00,75.66975
2012-12-27 20:00:00,87.66208
2012-12-27 21:00:00,71.64878
2012-12-27 22:00:00,67.21719
2012-12-27 23:00:00,71.64878
2012-12-28 00:00:00,81.53155
2012-12-28 01:00:00,80.82536
2012-12-28 02:00:00,77.67992
2012-12-28 03:00:00,81.53155
2012-12-28 04:00:00,91.220985
2012-12-28 05:00:00,90.61284
2012-12-28 06:00:00,70.36912
2012-12-28 07:00:00,78.70786
2012-12-28 08:00:00,84.0072
2012-12-28 09:00:00,67.21719
2012-12-28 10:00:00,87.26038
2012-12-28 11:00:00,106.14146
2012-12-28 12:00:00,104.377495
2012-12-28 13:00:00,104.377495
2012-12-28 14:00:00,104.377495
2012-12-28 15:00:00,104.13698
2012-12-28 16:00:00,114.55148
2012-12-28 17:00:00,90.00189
2012-12-28 18:00:00,90.00189
2012-12-28 19:00:00,70.455864
2012-12-28 20:00:00,86.32514
2012-12-28 21:00:00,74.65564
2012-12-28 22:00:00,87.155464
2012-12-28 23:00:00,88.330505
2012-12-29 00:00:00,56.487595
2012-12-29 01:00:00,52.191353
2012-12-29 02:00:00,56.487595
2012-12-29 03:00:00,50.99003
2012-12-29 04:00:00,52.191353
2012-12-29 05:00:00,52.191353
2012-12-29 06:00:00,58.857937
2012-12-29 07:00:00,58.01519
2012-12-29 08:00:00,45.806366
2012-12-29 09:00:00,45.806362
2012-12-29 10:00:00,46.59821
2012-12-29 11:00:00,51.936348
2012-12-29 12:00:00,58.84227
2012-12-29 13:00:00,58.84227
2012-12-29 14:00:00,46.67356
2012-12-29 15:00:00,44.69629
2012-12-29 16:00:00,38.233143
2012-12-29 17:00:00,40.34935
2012-12-29 18:00:00,45.567596
2012-12-29 19:00:00,65.23552
2012-12-29 20:00:00,119.92137
2012-12-29 21:00:00,99.77551
2012-12-29 22:00:00,75.21072
2012-12-29 23:00:00,74.213905
2012-12-30 00:00:00,67.03949
2012-12-30 01:00:00,74.282196
2012-12-30 02:00:00,68.182274
2012-12-30 03:00:00,74.282196
2012-12-30 04:00:00,71.35891
2012-12-30 05:00:00,80.50317
2012-12-30 06:00:00,70.461494
2012-12-30 07:00:00,70.94211
2012-12-30 08:00:00,91.369896
2012-12-30 09:00:00,82.2229
2012-12-30 10:00:00,137.30573
2012-12-30 11:00:00,123.894585
2012-12-30 12:00:00,145.9452
2012-12-30 13:00:00,149.32559
2012-12-30 14:00:00,149.58627
2012-12-30 15:00:00,133.61566
2012-12-30 16:00:00,130.54831
2012-12-30 17:00:00,119.3466
2012-12-30 18:00:00,80.577614
2012-12-30 19:00:00,94.52869
2012-12-30 20:00:00,76.23678
2012-12-30 21:00:00,62.464424
2012-12-30 22:00:00,53.560795
2012-12-30 23:00:00,59.215485
2012-12-31 00:00:00,68.99557
2012-12-31 01:00:00,68.99557
2012-12-31 02:00:00,63.156296
2012-12-31 03:00:00,71.43992
2012-12-31 04:00:00,55.74721
2012-12-31 05:00:00,58.761383
2012-12-31 06:00:00,60.575798
2012-12-31 07:00:00,63.978806
2012-12-31 08:00:00,51.817482
2012-12-31 09:00:00,68.11239
2012-12-31 10:00:00,65.465485
2012-12-31 11:00:00,72.15914
2012-12-31 12:00:00,80.304695
2012-12-31 13:00:00,98.5116
2012-12-31 14:00:00,112.40188
2012-12-31 15:00:00,105.27553
2012-12-31 16:00:00,99.460236
2012-12-31 17:00:00,93.538734
2012-12-31 18:00:00,95.69063
2012-12-31 19:00:00,88.78832
2012-12-31 20:00:00,88.78832
2012-12-31 21:00:00,96.241104
2012-12-31 22:00:00,103.12245
2012-12-31 23:00:00,90.404915
