datetime,count
2011-01-20 00:00:00,116.21607
2011-01-20 01:00:00,89.604164
2011-01-20 02:00:00,89.604164
2011-01-20 03:00:00,103.49696
2011-01-20 04:00:00,103.49696
2011-01-20 05:00:00,93.43453
2011-01-20 06:00:00,89.39066
2011-01-20 07:00:00,90.299965
2011-01-20 08:00:00,94.164955
2011-01-20 09:00:00,82.31899
2011-01-20 10:00:00,115.10938
2011-01-20 11:00:00,96.02403
2011-01-20 12:00:00,120.43578
2011-01-20 13:00:00,101.9489
2011-01-20 14:00:00,105.90678
2011-01-20 15:00:00,109.480934
2011-01-20 16:00:00,103.65484
2011-01-20 17:00:00,107.059395
2011-01-20 18:00:00,88.254326
2011-01-20 19:00:00,110.65995
2011-01-20 20:00:00,84.21002
2011-01-20 21:00:00,78.60223
2011-01-20 22:00:00,76.27415
2011-01-20 23:00:00,76.255806
2011-01-21 00:00:00,74.56151
2011-01-21 01:00:00,74.56151
2011-01-21 02:00:00,67.19297
2011-01-21 03:00:00,52.390923
2011-01-21 04:00:00,73.00886
2011-01-21 05:00:00,94.534584
2011-01-21 06:00:00,92.04078
2011-01-21 07:00:00,91.3713
2011-01-21 08:00:00,101.59959
2011-01-21 09:00:00,93.49589
2011-01-21 10:00:00,96.586815
2011-01-21 11:00:00,110.796074
2011-01-21 12:00:00,102.55193
2011-01-21 13:00:00,110.317245
2011-01-21 14:00:00,94.77771
2011-01-21 15:00:00,87.016045
2011-01-21 16:00:00,106.89716
2011-01-21 17:00:00,95.02735
2011-01-21 18:00:00,88.576416
2011-01-21 19:00:00,84.16762
2011-01-21 20:00:00,70.14069
2011-01-21 21:00:00,59.879368
2011-01-21 22:00:00,42.427544
2011-01-21 23:00:00,45.94434
2011-01-22 00:00:00,15.056395
2011-01-22 01:00:00,13.283568
2011-01-22 02:00:00,13.320695
2011-01-22 03:00:00,12.499522
2011-01-22 04:00:00,7.5887327
2011-01-22 06:00:00,12.766833
2011-01-22 07:00:00,11.437003
2011-01-22 08:00:00,9.680242
2011-01-22 09:00:00,15.822351
2011-01-22 10:00:00,21.333254
2011-01-22 11:00:00,29.32717
2011-01-22 12:00:00,43.101448
2011-01-22 13:00:00,66.144226
2011-01-22 14:00:00,60.566395
2011-01-22 15:00:00,82.18014
2011-01-22 16:00:00,76.115974
2011-01-22 17:00:00,106.596825
2011-01-22 18:00:00,32.615444
2011-01-22 19:00:00,44.01474
2011-01-22 20:00:00,27.436026
2011-01-22 21:00:00,46.447327
2011-01-22 22:00:00,43.38522
2011-01-22 23:00:00,30.948828
2011-01-23 00:00:00,30.948828
2011-01-23 01:00:00,30.948828
2011-01-23 02:00:00,22.480196
2011-01-23 03:00:00,22.480196
2011-01-23 05:00:00,31.839348
2011-01-23 06:00:00,31.839348
2011-01-23 07:00:00,27.309801
2011-01-23 08:00:00,24.282303
2011-01-23 09:00:00,21.021296
2011-01-23 10:00:00,40.205498
2011-01-23 11:00:00,41.143044
2011-01-23 12:00:00,75.56056
2011-01-23 13:00:00,65.503456
2011-01-23 14:00:00,79.83332
2011-01-23 15:00:00,79.83332
2011-01-23 16:00:00,87.22903
2011-01-23 17:00:00,77.59505
2011-01-23 18:00:00,61.172737
2011-01-23 19:00:00,59.992
2011-01-23 20:00:00,37.799812
2011-01-23 21:00:00,35.77392
2011-01-23 22:00:00,29.219805
2011-01-23 23:00:00,21.843845
2011-01-24 00:00:00,60.21546
2011-01-24 01:00:00,54.46601
2011-01-24 03:00:00,40.973324
2011-01-24 04:00:00,67.44425
2011-01-24 05:00:00,67.44425
2011-01-24 06:00:00,73.10798
2011-01-24 07:00:00,77.74736
2011-01-24 08:00:00,76.34769
2011-01-24 09:00:00,74.46413
2011-01-24 10:00:00,71.703865
2011-01-24 11:00:00,71.40241
2011-01-24 12:00:00,61.31695
2011-01-24 13:00:00,63.875305
2011-01-24 14:00:00,61.978325
2011-01-24 15:00:00,76.179306
2011-01-24 16:00:00,81.0815
2011-01-24 17:00:00,71.28086
2011-01-24 18:00:00,75.28732
2011-01-24 19:00:00,77.249176
2011-01-24 20:00:00,75.28732
2011-01-24 21:00:00,78.28298
2011-01-24 22:00:00,58.375538
2011-01-24 23:00:00,60.00206
2011-01-25 00:00:00,54.645283
2011-01-25 01:00:00,69.496994
2011-01-25 02:00:00,75.87374
2011-01-25 04:00:00,71.81274
2011-01-25 05:00:00,69.080345
2011-01-25 06:00:00,73.80522
2011-01-25 07:00:00,71.78392
2011-01-25 08:00:00,70.38639
2011-01-25 09:00:00,80.14601
2011-01-25 10:00:00,84.19775
2011-01-25 11:00:00,85.38155
2011-01-25 12:00:00,94.74285
2011-01-25 13:00:00,92.01123
2011-01-25 14:00:00,120.78234
2011-01-25 15:00:00,124.899925
2011-01-25 16:00:00,124.899925
2011-01-25 17:00:00,118.44907
2011-01-25 18:00:00,109.70132
2011-01-25 19:00:00,86.16702
2011-01-25 20:00:00,94.09496
2011-01-25 21:00:00,94.09496
2011-01-25 22:00:00,90.990265
2011-01-25 23:00:00,77.523705
2011-01-26 00:00:00,81.02401
2011-01-26 01:00:00,83.94282
2011-01-26 02:00:00,60.325256
2011-01-26 05:00:00,49.210922
2011-01-26 06:00:00,49.210922
2011-01-26 07:00:00,50.840015
2011-01-26 08:00:00,50.840015
2011-01-26 09:00:00,50.840015
2011-01-26 10:00:00,50.5933
2011-01-26 11:00:00,46.11938
2011-01-26 12:00:00,46.11938
2011-01-26 13:00:00,46.11938
2011-01-26 14:00:00,45.78526
2011-01-26 15:00:00,43.006744
2011-01-26 16:00:00,39.899124
2011-01-26 17:00:00,43.65266
2011-01-27 16:00:00,89.485115
2011-01-27 17:00:00,97.461464
2011-01-27 18:00:00,81.59519
2011-01-27 19:00:00,81.59519
2011-01-27 20:00:00,75.95626
2011-01-27 21:00:00,75.95626
2011-01-27 22:00:00,75.95626
2011-01-27 23:00:00,71.45934
2011-01-28 00:00:00,74.36232
2011-01-28 01:00:00,74.36232
2011-01-28 02:00:00,74.017586
2011-01-28 03:00:00,75.03243
2011-01-28 05:00:00,69.33546
2011-01-28 06:00:00,68.79087
2011-01-28 07:00:00,65.29959
2011-01-28 08:00:00,65.29959
2011-01-28 09:00:00,68.02915
2011-01-28 10:00:00,65.91885
2011-01-28 11:00:00,62.7812
2011-01-28 12:00:00,62.7812
2011-01-28 13:00:00,62.7812
2011-01-28 14:00:00,88.198944
2011-01-28 15:00:00,80.310165
2011-01-28 16:00:00,77.97927
2011-01-28 17:00:00,84.48496
2011-01-28 18:00:00,84.82233
2011-01-28 19:00:00,81.15594
2011-01-28 20:00:00,79.291046
2011-01-28 21:00:00,77.154495
2011-01-28 22:00:00,89.31554
2011-01-28 23:00:00,93.43453
2011-01-29 00:00:00,47.31831
2011-01-29 01:00:00,49.916298
2011-01-29 02:00:00,48.65854
2011-01-29 03:00:00,45.813404
2011-01-29 04:00:00,35.845303
2011-01-29 06:00:00,38.728096
2011-01-29 07:00:00,42.61356
2011-01-29 08:00:00,50.10219
2011-01-29 09:00:00,48.200584
2011-01-29 10:00:00,45.05623
2011-01-29 11:00:00,42.308205
2011-01-29 12:00:00,42.61698
2011-01-29 13:00:00,53.12607
2011-01-29 14:00:00,53.44643
2011-01-29 15:00:00,47.364147
2011-01-29 16:00:00,58.50173
2011-01-29 17:00:00,64.04086
2011-01-29 18:00:00,44.66586
2011-01-29 19:00:00,40.753773
2011-01-29 20:00:00,35.863674
2011-01-29 21:00:00,35.863674
2011-01-29 22:00:00,33.1341
2011-01-29 23:00:00,33.1341
2011-01-30 00:00:00,33.213646
2011-01-30 01:00:00,33.01003
2011-01-30 02:00:00,37.44209
2011-01-30 03:00:00,27.932627
2011-01-30 04:00:00,27.932627
2011-01-30 05:00:00,30.258259
2011-01-30 07:00:00,30.258259
2011-01-30 08:00:00,35.85978
2011-01-30 09:00:00,46.956696
2011-01-30 10:00:00,51.138496
2011-01-30 11:00:00,49.267925
2011-01-30 12:00:00,106.60853
2011-01-30 13:00:00,80.28972
2011-01-30 14:00:00,82.32444
2011-01-30 15:00:00,86.830284
2011-01-30 16:00:00,86.830284
2011-01-30 17:00:00,102.3422
2011-01-30 18:00:00,57.055496
2011-01-30 19:00:00,58.78044
2011-01-30 20:00:00,68.29009
2011-01-30 21:00:00,46.655037
2011-01-30 22:00:00,44.201267
2011-01-30 23:00:00,43.81579
2011-01-31 00:00:00,76.85404
2011-01-31 01:00:00,88.9006
2011-01-31 02:00:00,89.51731
2011-01-31 03:00:00,89.51731
2011-01-31 04:00:00,85.48144
2011-01-31 05:00:00,77.282646
2011-01-31 06:00:00,62.93388
2011-01-31 07:00:00,54.845646
2011-01-31 08:00:00,55.19021
2011-01-31 09:00:00,53.19361
2011-01-31 10:00:00,63.99842
2011-01-31 11:00:00,63.99842
2011-01-31 12:00:00,74.91493
2011-01-31 13:00:00,80.75543
2011-01-31 14:00:00,71.314835
2011-01-31 15:00:00,69.443115
2011-01-31 16:00:00,63.226902
2011-01-31 17:00:00,63.99842
2011-01-31 18:00:00,61.817703
2011-01-31 19:00:00,112.31982
2011-01-31 20:00:00,56.266872
2011-01-31 21:00:00,64.653885
2011-01-31 22:00:00,71.80924
2011-01-31 23:00:00,73.85209
2011-02-20 00:00:00,119.834724
2011-02-20 01:00:00,97.36515
2011-02-20 02:00:00,100.86035
2011-02-20 03:00:00,94.54467
2011-02-20 04:00:00,94.54467
2011-02-20 06:00:00,63.99254
2011-02-20 07:00:00,47.40583
2011-02-20 08:00:00,65.94396
2011-02-20 09:00:00,79.52293
2011-02-20 10:00:00,86.04308
2011-02-20 11:00:00,123.77334
2011-02-20 12:00:00,143.18532
2011-02-20 13:00:00,223.53488
2011-02-20 14:00:00,246.75665
2011-02-20 15:00:00,252.31082
2011-02-20 16:00:00,230.18701
2011-02-20 17:00:00,174.08398
2011-02-20 18:00:00,146.14676
2011-02-20 19:00:00,146.14676
2011-02-20 20:00:00,165.69261
2011-02-20 21:00:00,110.022156
2011-02-20 22:00:00,92.516106
2011-02-20 23:00:00,84.13857
2011-02-21 00:00:00,111.34321
2011-02-21 01:00:00,111.34321
2011-02-21 02:00:00,111.34321
2011-02-21 03:00:00,107.926025
2011-02-21 04:00:00,109.401024
2011-02-21 05:00:00,146.50357
2011-02-21 06:00:00,265.47244
2011-02-21 07:00:00,266.78244
2011-02-21 08:00:00,84.06144
2011-02-21 09:00:00,82.63604
2011-02-21 10:00:00,79.875725
2011-02-21 11:00:00,86.00223
2011-02-21 12:00:00,72.28681
2011-02-21 13:00:00,40.93235
2011-02-21 14:00:00,50.525677
2011-02-21 15:00:00,59.839615
2011-02-21 16:00:00,37.67096
2011-02-21 17:00:00,44.397633
2011-02-21 18:00:00,34.755424
2011-02-21 19:00:00,34.755424
2011-02-21 20:00:00,30.010355
2011-02-21 21:00:00,25.817913
2011-02-21 22:00:00,22.223055
2011-02-21 23:00:00,22.223055
2011-02-22 06:00:00,45.488842
2011-02-22 07:00:00,45.488842
2011-02-22 08:00:00,50.552177
2011-02-22 09:00:00,54.230312
2011-02-22 10:00:00,76.5919
2011-02-22 11:00:00,75.12844
2011-02-22 12:00:00,90.11773
2011-02-22 13:00:00,91.74271
2011-02-22 14:00:00,89.485115
2011-02-22 15:00:00,96.214745
2011-02-22 16:00:00,92.59789
2011-02-22 17:00:00,91.73141
2011-02-22 18:00:00,93.51908
2011-02-22 19:00:00,96.717094
2011-02-22 20:00:00,89.510254
2011-02-22 21:00:00,93.513145
2011-02-22 22:00:00,85.291176
2011-02-22 23:00:00,85.291176
2011-02-23 00:00:00,75.16537
2011-02-23 01:00:00,75.22104
2011-02-23 02:00:00,74.960205
2011-02-23 03:00:00,72.88649
2011-02-23 05:00:00,77.6651
2011-02-23 06:00:00,77.6651
2011-02-23 07:00:00,76.09739
2011-02-23 08:00:00,77.249176
2011-02-23 09:00:00,88.47057
2011-02-23 10:00:00,94.48609
2011-02-23 11:00:00,99.159294
2011-02-23 12:00:00,110.297386
2011-02-23 13:00:00,136.06989
2011-02-23 14:00:00,146.09486
2011-02-23 15:00:00,161.35858
2011-02-23 16:00:00,132.87366
2011-02-23 17:00:00,161.35858
2011-02-23 18:00:00,149.19556
2011-02-23 19:00:00,119.64216
2011-02-23 20:00:00,95.457054
2011-02-23 21:00:00,97.008675
2011-02-23 22:00:00,97.008675
2011-02-23 23:00:00,96.87936
2011-02-24 00:00:00,96.87936
2011-02-24 01:00:00,94.76582
2011-02-24 02:00:00,85.477745
2011-02-24 03:00:00,87.170074
2011-02-24 05:00:00,83.50948
2011-02-24 06:00:00,83.41245
2011-02-24 07:00:00,80.22811
2011-02-24 08:00:00,91.980354
2011-02-24 09:00:00,72.93748
2011-02-24 10:00:00,79.4009
2011-02-24 11:00:00,124.95035
2011-02-24 12:00:00,135.13884
2011-02-24 13:00:00,132.85504
2011-02-24 14:00:00,143.29865
2011-02-24 15:00:00,140.41464
2011-02-24 16:00:00,112.453476
2011-02-24 17:00:00,104.08436
2011-02-24 18:00:00,89.09844
2011-02-24 19:00:00,70.4232
2011-02-24 20:00:00,85.71935
2011-02-24 21:00:00,89.09844
2011-02-24 22:00:00,74.50467
2011-02-24 23:00:00,80.01624
2011-02-25 00:00:00,100.333466
2011-02-25 01:00:00,91.6662
2011-02-25 02:00:00,91.6662
2011-02-25 03:00:00,87.49587
2011-02-25 05:00:00,87.49587
2011-02-25 06:00:00,97.01134
2011-02-25 07:00:00,83.62338
2011-02-25 08:00:00,97.301735
2011-02-25 09:00:00,70.037056
2011-02-25 10:00:00,96.502686
2011-02-25 11:00:00,200.23198
2011-02-25 12:00:00,189.70865
2011-02-25 13:00:00,189.70865
2011-02-25 14:00:00,218.26547
2011-02-25 15:00:00,220.35516
2011-02-25 16:00:00,154.99283
2011-02-25 17:00:00,143.58221
2011-02-25 18:00:00,155.87146
2011-02-25 19:00:00,145.27081
2011-02-25 20:00:00,140.81012
2011-02-25 21:00:00,135.17276
2011-02-25 22:00:00,123.511284
2011-02-25 23:00:00,120.11758
2011-02-26 00:00:00,76.326256
2011-02-26 01:00:00,74.58271
2011-02-26 02:00:00,52.27253
2011-02-26 03:00:00,60.695347
2011-02-26 04:00:00,65.87617
2011-02-26 05:00:00,54.5354
2011-02-26 06:00:00,60.240974
2011-02-26 07:00:00,60.618103
2011-02-26 08:00:00,73.873665
2011-02-26 09:00:00,69.32796
2011-02-26 10:00:00,93.077576
2011-02-26 11:00:00,106.74053
2011-02-26 12:00:00,105.92943
2011-02-26 13:00:00,118.23522
2011-02-26 14:00:00,136.54471
2011-02-26 15:00:00,131.91919
2011-02-26 16:00:00,141.01167
2011-02-26 17:00:00,145.20908
2011-02-26 18:00:00,131.30112
2011-02-26 19:00:00,123.42271
2011-02-26 20:00:00,104.14055
2011-02-26 21:00:00,75.46166
2011-02-26 22:00:00,52.989685
2011-02-26 23:00:00,58.01947
2011-02-27 00:00:00,40.90854
2011-02-27 01:00:00,37.26601
2011-02-27 02:00:00,39.894005
2011-02-27 03:00:00,43.294125
2011-02-27 04:00:00,36.504414
2011-02-27 06:00:00,46.994205
2011-02-27 07:00:00,36.504414
2011-02-27 08:00:00,48.97177
2011-02-27 09:00:00,47.793278
2011-02-27 10:00:00,52.723747
2011-02-27 11:00:00,120.43875
2011-02-27 12:00:00,148.6037
2011-02-27 13:00:00,189.4357
2011-02-27 14:00:00,198.14731
2011-02-27 15:00:00,233.11353
2011-02-27 16:00:00,256.2093
2011-02-27 17:00:00,174.0874
2011-02-27 18:00:00,162.98853
2011-02-27 19:00:00,158.15977
2011-02-27 20:00:00,148.6037
2011-02-27 21:00:00,139.34465
2011-02-27 22:00:00,124.661705
2011-02-27 23:00:00,111.84345
2011-02-28 00:00:00,123.41219
2011-02-28 01:00:00,74.20894
2011-02-28 03:00:00,81.87304
2011-02-28 05:00:00,95.90199
2011-02-28 06:00:00,90.23842
2011-02-28 07:00:00,99.256905
2011-02-28 08:00:00,85.55028
2011-02-28 09:00:00,141.96797
2011-02-28 10:00:00,191.8746
2011-02-28 11:00:00,213.58612
2011-02-28 12:00:00,213.58612
2011-02-28 13:00:00,126.84942
2011-02-28 14:00:00,91.699715
2011-02-28 15:00:00,91.699715
2011-02-28 16:00:00,115.48121
2011-02-28 17:00:00,85.87442
2011-02-28 18:00:00,131.51718
2011-02-28 19:00:00,127.00815
2011-02-28 20:00:00,127.00815
2011-02-28 21:00:00,108.14869
2011-02-28 22:00:00,70.71801
2011-02-28 23:00:00,90.27999
2011-03-20 00:00:00,146.4006
2011-03-20 01:00:00,132.08025
2011-03-20 02:00:00,118.782845
2011-03-20 03:00:00,95.17222
2011-03-20 04:00:00,82.50747
2011-03-20 05:00:00,69.249084
2011-03-20 06:00:00,74.13948
2011-03-20 07:00:00,64.26133
2011-03-20 08:00:00,89.32634
2011-03-20 09:00:00,108.17097
2011-03-20 10:00:00,143.50711
2011-03-20 11:00:00,150.94423
2011-03-20 12:00:00,163.55978
2011-03-20 13:00:00,231.72998
2011-03-20 14:00:00,284.80792
2011-03-20 15:00:00,248.927
2011-03-20 16:00:00,287.20148
2011-03-20 17:00:00,216.03252
2011-03-20 18:00:00,172.14009
2011-03-20 19:00:00,143.1495
2011-03-20 20:00:00,141.01167
2011-03-20 21:00:00,112.39971
2011-03-20 22:00:00,117.574104
2011-03-20 23:00:00,88.65448
2011-03-21 00:00:00,99.45612
2011-03-21 01:00:00,95.4228
2011-03-21 02:00:00,92.234726
2011-03-21 03:00:00,92.234726
2011-03-21 05:00:00,91.90027
2011-03-21 06:00:00,75.632935
2011-03-21 07:00:00,54.466923
2011-03-21 08:00:00,61.70543
2011-03-21 09:00:00,79.516685
2011-03-21 10:00:00,115.570244
2011-03-21 11:00:00,119.84441
2011-03-21 12:00:00,115.34399
2011-03-21 13:00:00,152.05527
2011-03-21 14:00:00,175.63266
2011-03-21 15:00:00,194.27838
2011-03-21 16:00:00,170.4372
2011-03-21 17:00:00,174.22571
2011-03-21 18:00:00,140.57486
2011-03-21 19:00:00,211.9155
2011-03-21 20:00:00,193.69766
2011-03-21 21:00:00,113.230354
2011-03-21 22:00:00,128.46956
2011-03-21 23:00:00,93.91259
2011-03-22 00:00:00,118.91253
2011-03-22 01:00:00,88.92754
2011-03-22 02:00:00,90.65821
2011-03-22 03:00:00,126.97942
2011-03-22 04:00:00,107.72824
2011-03-22 05:00:00,99.99854
2011-03-22 06:00:00,112.012184
2011-03-22 07:00:00,102.51561
2011-03-22 08:00:00,129.18152
2011-03-22 09:00:00,151.32352
2011-03-22 10:00:00,146.58182
2011-03-22 11:00:00,161.59886
2011-03-22 12:00:00,174.66028
2011-03-22 13:00:00,201.08554
2011-03-22 14:00:00,217.42612
2011-03-22 15:00:00,212.29338
2011-03-22 16:00:00,195.39528
2011-03-22 17:00:00,195.39528
2011-03-22 18:00:00,182.00774
2011-03-22 19:00:00,140.04292
2011-03-22 20:00:00,154.49348
2011-03-22 21:00:00,138.89906
2011-03-22 22:00:00,123.02172
2011-03-22 23:00:00,123.02172
2011-03-23 00:00:00,93.89067
2011-03-23 01:00:00,84.3276
2011-03-23 02:00:00,84.3276
2011-03-23 03:00:00,88.463455
2011-03-23 05:00:00,77.02809
2011-03-23 06:00:00,79.649055
2011-03-23 07:00:00,75.39045
2011-03-23 08:00:00,82.71237
2011-03-23 09:00:00,78.98498
2011-03-23 10:00:00,81.96385
2011-03-23 11:00:00,85.09281
2011-03-23 12:00:00,82.62086
2011-03-23 13:00:00,92.42722
2011-03-23 14:00:00,91.29964
2011-03-23 15:00:00,103.24935
2011-03-23 16:00:00,107.79542
2011-03-23 17:00:00,107.79542
2011-03-23 18:00:00,93.54476
2011-03-23 19:00:00,93.54476
2011-03-23 20:00:00,72.0663
2011-03-23 21:00:00,55.182667
2011-03-23 22:00:00,77.57653
2011-03-23 23:00:00,94.59391
2011-03-24 00:00:00,75.39045
2011-03-24 01:00:00,68.00922
2011-03-24 02:00:00,67.4308
2011-03-24 03:00:00,66.11795
2011-03-24 04:00:00,66.11795
2011-03-24 05:00:00,72.11512
2011-03-24 06:00:00,72.11512
2011-03-24 07:00:00,65.503746
2011-03-24 08:00:00,51.40487
2011-03-24 09:00:00,70.45446
2011-03-24 10:00:00,59.899162
2011-03-24 11:00:00,73.63721
2011-03-24 12:00:00,80.75552
2011-03-24 13:00:00,89.90127
2011-03-24 14:00:00,94.732124
2011-03-24 15:00:00,85.089874
2011-03-24 16:00:00,88.362564
2011-03-24 17:00:00,85.90902
2011-03-24 18:00:00,95.22906
2011-03-24 19:00:00,118.60346
2011-03-24 20:00:00,98.37266
2011-03-24 21:00:00,89.55348
2011-03-24 22:00:00,90.96763
2011-03-24 23:00:00,86.94939
2011-03-25 00:00:00,86.76306
2011-03-25 01:00:00,84.54993
2011-03-25 02:00:00,80.08536
2011-03-25 03:00:00,85.06068
2011-03-25 04:00:00,81.25115
2011-03-25 05:00:00,80.15881
2011-03-25 06:00:00,74.19965
2011-03-25 07:00:00,71.09846
2011-03-25 08:00:00,104.88224
2011-03-25 09:00:00,113.14395
2011-03-25 10:00:00,123.09506
2011-03-25 11:00:00,133.69437
2011-03-25 12:00:00,141.33498
2011-03-25 13:00:00,149.69197
2011-03-25 14:00:00,195.64755
2011-03-25 15:00:00,157.78879
2011-03-25 16:00:00,165.81113
2011-03-25 17:00:00,160.80746
2011-03-25 18:00:00,146.91988
2011-03-25 19:00:00,152.9482
2011-03-25 20:00:00,158.06262
2011-03-25 21:00:00,150.52206
2011-03-25 22:00:00,145.19772
2011-03-25 23:00:00,138.88153
2011-03-26 00:00:00,126.557686
2011-03-26 01:00:00,127.297325
2011-03-26 02:00:00,102.61742
2011-03-26 03:00:00,89.617775
2011-03-26 04:00:00,102.61741
2011-03-26 05:00:00,73.26792
2011-03-26 06:00:00,57.527996
2011-03-26 07:00:00,73.267914
2011-03-26 08:00:00,110.022804
2011-03-26 09:00:00,122.3933
2011-03-26 10:00:00,123.18237
2011-03-26 11:00:00,136.45619
2011-03-26 12:00:00,148.17593
2011-03-26 13:00:00,173.5457
2011-03-26 14:00:00,222.0903
2011-03-26 15:00:00,227.26657
2011-03-26 16:00:00,263.64752
2011-03-26 17:00:00,241.15091
2011-03-26 18:00:00,256.46973
2011-03-26 19:00:00,110.45433
2011-03-26 20:00:00,110.45433
2011-03-26 21:00:00,109.285164
2011-03-26 22:00:00,121.09669
2011-03-26 23:00:00,107.7342
2011-03-27 00:00:00,118.58999
2011-03-27 01:00:00,79.97849
2011-03-27 02:00:00,64.720634
2011-03-27 03:00:00,37.301567
2011-03-27 04:00:00,46.96324
2011-03-27 06:00:00,39.9272
2011-03-27 07:00:00,35.871525
2011-03-27 08:00:00,39.75731
2011-03-27 09:00:00,84.273155
2011-03-27 10:00:00,59.82755
2011-03-27 11:00:00,92.79347
2011-03-27 12:00:00,109.15922
2011-03-27 13:00:00,134.48276
2011-03-27 14:00:00,166.80281
2011-03-27 15:00:00,159.64984
2011-03-27 16:00:00,231.2812
2011-03-27 17:00:00,190.31894
2011-03-27 18:00:00,169.22792
2011-03-27 19:00:00,178.52228
2011-03-27 20:00:00,146.59277
2011-03-27 21:00:00,123.18237
2011-03-27 22:00:00,123.18237
2011-03-27 23:00:00,114.33503
2011-03-28 00:00:00,92.72524
2011-03-28 01:00:00,113.63621
2011-03-28 02:00:00,114.55201
2011-03-28 03:00:00,114.55201
2011-03-28 05:00:00,103.323204
2011-03-28 06:00:00,136.64748
2011-03-28 07:00:00,148.68765
2011-03-28 08:00:00,142.11403
2011-03-28 09:00:00,145.24036
2011-03-28 10:00:00,158.87775
2011-03-28 11:00:00,164.98837
2011-03-28 12:00:00,194.53609
2011-03-28 13:00:00,200.49373
2011-03-28 14:00:00,230.72495
2011-03-28 15:00:00,224.84238
2011-03-28 16:00:00,236.31567
2011-03-28 17:00:00,237.18866
2011-03-28 18:00:00,244.41919
2011-03-28 19:00:00,216.6413
2011-03-28 20:00:00,226.34604
2011-03-28 21:00:00,232.9089
2011-03-28 22:00:00,220.02466
2011-03-28 23:00:00,206.19675
2011-03-29 00:00:00,181.21518
2011-03-29 01:00:00,155.62798
2011-03-29 02:00:00,155.62798
2011-03-29 03:00:00,155.62798
2011-03-29 04:00:00,109.211914
2011-03-29 05:00:00,137.92307
2011-03-29 06:00:00,130.91649
2011-03-29 07:00:00,122.896255
2011-03-29 08:00:00,150.4794
2011-03-29 09:00:00,194.01244
2011-03-29 10:00:00,213.7084
2011-03-29 11:00:00,217.57254
2011-03-29 12:00:00,226.4703
2011-03-29 13:00:00,224.24161
2011-03-29 14:00:00,234.84386
2011-03-29 15:00:00,265.55518
2011-03-29 16:00:00,267.66412
2011-03-29 17:00:00,282.64938
2011-03-29 18:00:00,243.31558
2011-03-29 19:00:00,236.892
2011-03-29 20:00:00,243.31558
2011-03-29 21:00:00,171.67899
2011-03-29 22:00:00,140.21506
2011-03-29 23:00:00,114.45182
2011-03-30 00:00:00,137.1161
2011-03-30 01:00:00,178.23923
2011-03-30 02:00:00,137.1161
2011-03-30 03:00:00,158.935
2011-03-30 04:00:00,137.1161
2011-03-30 05:00:00,94.92251
2011-03-30 06:00:00,122.9065
2011-03-30 07:00:00,155.95316
2011-03-30 08:00:00,121.14926
2011-03-30 09:00:00,125.655525
2011-03-30 10:00:00,125.820915
2011-03-30 11:00:00,128.97844
2011-03-30 12:00:00,136.67288
2011-03-30 13:00:00,132.13754
2011-03-30 14:00:00,137.62706
2011-03-30 15:00:00,62.22652
2011-03-30 16:00:00,65.10775
2011-03-30 17:00:00,79.32842
2011-03-30 18:00:00,70.45446
2011-03-30 19:00:00,70.45446
2011-03-30 20:00:00,50.622406
2011-03-30 21:00:00,67.005745
2011-03-30 22:00:00,64.94824
2011-03-30 23:00:00,53.204185
2011-03-31 00:00:00,64.94824
2011-03-31 01:00:00,69.08718
2011-03-31 02:00:00,69.08718
2011-03-31 03:00:00,64.94824
2011-03-31 04:00:00,61.380257
2011-03-31 05:00:00,64.94824
2011-03-31 06:00:00,50.622406
2011-03-31 07:00:00,61.380257
2011-03-31 08:00:00,60.913666
2011-03-31 09:00:00,63.054657
2011-03-31 10:00:00,63.054657
2011-03-31 11:00:00,71.62763
2011-03-31 12:00:00,71.62763
2011-03-31 13:00:00,85.05656
2011-03-31 14:00:00,85.05655
2011-03-31 15:00:00,62.698456
2011-03-31 16:00:00,75.76606
2011-03-31 17:00:00,75.76606
2011-03-31 18:00:00,82.28385
2011-03-31 19:00:00,82.28385
2011-03-31 20:00:00,61.15092
2011-03-31 21:00:00,72.63404
2011-03-31 22:00:00,64.77717
2011-03-31 23:00:00,67.91755
2011-04-20 00:00:00,104.19753
2011-04-20 01:00:00,99.29488
2011-04-20 02:00:00,99.29488
2011-04-20 03:00:00,72.73759
2011-04-20 04:00:00,82.77607
2011-04-20 05:00:00,98.77215
2011-04-20 06:00:00,99.29488
2011-04-20 07:00:00,73.58806
2011-04-20 08:00:00,222.40784
2011-04-20 09:00:00,264.04767
2011-04-20 10:00:00,174.03958
2011-04-20 11:00:00,174.03958
2011-04-20 12:00:00,351.80435
2011-04-20 13:00:00,351.80435
2011-04-20 14:00:00,432.094
2011-04-20 15:00:00,420.63605
2011-04-20 16:00:00,420.63605
2011-04-20 17:00:00,421.64807
2011-04-20 18:00:00,397.74374
2011-04-20 19:00:00,363.88013
2011-04-20 20:00:00,327.1687
2011-04-20 21:00:00,358.40634
2011-04-20 22:00:00,309.4395
2011-04-20 23:00:00,322.5954
2011-04-21 00:00:00,259.90576
2011-04-21 01:00:00,212.99051
2011-04-21 02:00:00,219.43
2011-04-21 03:00:00,177.61053
2011-04-21 04:00:00,165.63087
2011-04-21 05:00:00,170.83466
2011-04-21 06:00:00,161.89099
2011-04-21 07:00:00,175.67703
2011-04-21 08:00:00,167.14838
2011-04-21 09:00:00,154.4655
2011-04-21 10:00:00,179.59778
2011-04-21 11:00:00,190.42601
2011-04-21 12:00:00,212.23148
2011-04-21 13:00:00,273.474
2011-04-21 14:00:00,277.86353
2011-04-21 15:00:00,330.50677
2011-04-21 16:00:00,348.70798
2011-04-21 17:00:00,288.58194
2011-04-21 18:00:00,345.62268
2011-04-21 19:00:00,300.23874
2011-04-21 20:00:00,247.3771
2011-04-21 21:00:00,161.9244
2011-04-21 22:00:00,200.83163
2011-04-21 23:00:00,178.85596
2011-04-22 00:00:00,109.821106
2011-04-22 01:00:00,121.2337
2011-04-22 02:00:00,127.91233
2011-04-22 03:00:00,127.91233
2011-04-22 04:00:00,122.159164
2011-04-22 05:00:00,113.51476
2011-04-22 06:00:00,122.15916
2011-04-22 07:00:00,115.66285
2011-04-22 08:00:00,112.04638
2011-04-22 09:00:00,97.30653
2011-04-22 10:00:00,105.09074
2011-04-22 11:00:00,94.521095
2011-04-22 12:00:00,96.58274
2011-04-22 13:00:00,80.82977
2011-04-22 14:00:00,70.11378
2011-04-22 15:00:00,80.82977
2011-04-22 16:00:00,92.42722
2011-04-22 17:00:00,71.24981
2011-04-22 18:00:00,71.24981
2011-04-22 19:00:00,71.24981
2011-04-22 20:00:00,72.487816
2011-04-22 21:00:00,78.49941
2011-04-22 22:00:00,75.14465
2011-04-22 23:00:00,87.20053
2011-04-23 00:00:00,39.71616
2011-04-23 01:00:00,39.71616
2011-04-23 02:00:00,47.52968
2011-04-23 03:00:00,49.450474
2011-04-23 04:00:00,66.15901
2011-04-23 05:00:00,66.15901
2011-04-23 06:00:00,41.1037
2011-04-23 07:00:00,47.456432
2011-04-23 08:00:00,40.90338
2011-04-23 09:00:00,57.107643
2011-04-23 10:00:00,74.16027
2011-04-23 11:00:00,89.08742
2011-04-23 12:00:00,166.18552
2011-04-23 13:00:00,163.16379
2011-04-23 14:00:00,183.66931
2011-04-23 15:00:00,197.54044
2011-04-23 16:00:00,195.51544
2011-04-23 17:00:00,201.10811
2011-04-23 18:00:00,139.20917
2011-04-23 19:00:00,147.27219
2011-04-23 20:00:00,120.980675
2011-04-23 21:00:00,134.74161
2011-04-23 22:00:00,153.16055
2011-04-23 23:00:00,103.026146
2011-04-24 00:00:00,114.83225
2011-04-24 01:00:00,95.82377
2011-04-24 02:00:00,95.82377
2011-04-24 03:00:00,63.415127
2011-04-24 04:00:00,63.415127
2011-04-24 05:00:00,63.415127
2011-04-24 06:00:00,62.376442
2011-04-24 07:00:00,62.376442
2011-04-24 08:00:00,99.76418
2011-04-24 09:00:00,130.58636
2011-04-24 10:00:00,138.93846
2011-04-24 11:00:00,211.17331
2011-04-24 12:00:00,273.48575
2011-04-24 13:00:00,338.85147
2011-04-24 14:00:00,360.03418
2011-04-24 15:00:00,281.01263
2011-04-24 16:00:00,457.56647
2011-04-24 17:00:00,258.35303
2011-04-24 18:00:00,188.41249
2011-04-24 19:00:00,140.09026
2011-04-24 20:00:00,140.09026
2011-04-24 21:00:00,100.28068
2011-04-24 22:00:00,98.29156
2011-04-24 23:00:00,82.09973
2011-04-25 00:00:00,95.18745
2011-04-25 01:00:00,99.40255
2011-04-25 02:00:00,99.40255
2011-04-25 03:00:00,106.18845
2011-04-25 04:00:00,87.38215
2011-04-25 05:00:00,83.13066
2011-04-25 06:00:00,85.118065
2011-04-25 07:00:00,103.45173
2011-04-25 08:00:00,119.68354
2011-04-25 09:00:00,150.13611
2011-04-25 10:00:00,226.98355
2011-04-25 11:00:00,226.98355
2011-04-25 12:00:00,238.95242
2011-04-25 13:00:00,280.28857
2011-04-25 14:00:00,320.15308
2011-04-25 15:00:00,333.94128
2011-04-25 16:00:00,321.4751
2011-04-25 17:00:00,314.45242
2011-04-25 18:00:00,298.2556
2011-04-25 19:00:00,281.07605
2011-04-25 20:00:00,264.04767
2011-04-25 21:00:00,226.82016
2011-04-25 22:00:00,206.8169
2011-04-25 23:00:00,188.18558
2011-04-26 00:00:00,228.55823
2011-04-26 01:00:00,219.0321
2011-04-26 02:00:00,177.56613
2011-04-26 03:00:00,164.48738
2011-04-26 04:00:00,174.55016
2011-04-26 05:00:00,158.8003
2011-04-26 06:00:00,158.67694
2011-04-26 07:00:00,183.99329
2011-04-26 08:00:00,183.99327
2011-04-26 09:00:00,226.80713
2011-04-26 10:00:00,251.26959
2011-04-26 11:00:00,272.38837
2011-04-26 12:00:00,300.68497
2011-04-26 13:00:00,369.0241
2011-04-26 14:00:00,316.79544
2011-04-26 15:00:00,299.30615
2011-04-26 16:00:00,311.36115
2011-04-26 17:00:00,285.263
2011-04-26 18:00:00,269.51385
2011-04-26 19:00:00,222.38779
2011-04-26 20:00:00,226.80713
2011-04-26 21:00:00,212.5117
2011-04-26 22:00:00,167.56804
2011-04-26 23:00:00,173.13892
2011-04-27 00:00:00,185.61795
2011-04-27 01:00:00,195.17188
2011-04-27 02:00:00,176.44244
2011-04-27 03:00:00,161.77974
2011-04-27 04:00:00,149.00969
2011-04-27 05:00:00,149.50525
2011-04-27 06:00:00,158.08049
2011-04-27 07:00:00,161.77974
2011-04-27 08:00:00,160.97333
2011-04-27 09:00:00,174.21736
2011-04-27 10:00:00,186.08585
2011-04-27 11:00:00,205.41754
2011-04-27 12:00:00,231.40948
2011-04-27 13:00:00,222.40077
2011-04-27 14:00:00,252.7818
2011-04-27 15:00:00,278.18967
2011-04-27 16:00:00,274.93823
2011-04-27 17:00:00,176.63438
2011-04-27 18:00:00,176.63438
2011-04-27 19:00:00,212.5117
2011-04-27 20:00:00,212.83646
2011-04-27 21:00:00,197.66376
2011-04-27 22:00:00,177.99591
2011-04-27 23:00:00,175.35513
2011-04-28 00:00:00,217.14551
2011-04-28 01:00:00,181.06102
2011-04-28 02:00:00,187.10298
2011-04-28 03:00:00,194.03207
2011-04-28 04:00:00,183.39728
2011-04-28 05:00:00,181.06102
2011-04-28 06:00:00,197.87866
2011-04-28 07:00:00,196.11948
2011-04-28 08:00:00,204.13857
2011-04-28 09:00:00,154.84822
2011-04-28 10:00:00,180.358
2011-04-28 11:00:00,186.08585
2011-04-28 12:00:00,194.30676
2011-04-28 13:00:00,184.98033
2011-04-28 14:00:00,205.05766
2011-04-28 15:00:00,253.61823
2011-04-28 16:00:00,210.39911
2011-04-28 17:00:00,309.8836
2011-04-28 18:00:00,309.8836
2011-04-28 19:00:00,308.21368
2011-04-28 20:00:00,262.37656
2011-04-28 21:00:00,222.27414
2011-04-28 22:00:00,220.0886
2011-04-28 23:00:00,209.21025
2011-04-29 00:00:00,249.74052
2011-04-29 01:00:00,183.98785
2011-04-29 02:00:00,120.55982
2011-04-29 03:00:00,130.05714
2011-04-29 04:00:00,158.53639
2011-04-29 05:00:00,170.47606
2011-04-29 06:00:00,204.2142
2011-04-29 07:00:00,221.17117
2011-04-29 08:00:00,264.53528
2011-04-29 09:00:00,265.95923
2011-04-29 10:00:00,269.87177
2011-04-29 11:00:00,311.90488
2011-04-29 12:00:00,288.54053
2011-04-29 13:00:00,291.63666
2011-04-29 14:00:00,358.35516
2011-04-29 15:00:00,254.26733
2011-04-29 16:00:00,228.84583
2011-04-29 17:00:00,198.42233
2011-04-29 18:00:00,208.21838
2011-04-29 19:00:00,161.69754
2011-04-29 20:00:00,183.27632
2011-04-29 21:00:00,165.67494
2011-04-29 22:00:00,126.94191
2011-04-29 23:00:00,147.95361
2011-04-30 00:00:00,141.66818
2011-04-30 01:00:00,141.81769
2011-04-30 02:00:00,141.19667
2011-04-30 03:00:00,130.40926
2011-04-30 04:00:00,130.78784
2011-04-30 05:00:00,150.47461
2011-04-30 06:00:00,130.00983
2011-04-30 07:00:00,146.16315
2011-04-30 08:00:00,135.71716
2011-04-30 09:00:00,157.49808
2011-04-30 10:00:00,212.17926
2011-04-30 11:00:00,244.49455
2011-04-30 12:00:00,260.41766
2011-04-30 13:00:00,305.47977
2011-04-30 14:00:00,320.26013
2011-04-30 15:00:00,337.80753
2011-04-30 16:00:00,385.6927
2011-04-30 17:00:00,271.8009
2011-04-30 18:00:00,250.0842
2011-04-30 19:00:00,250.0842
2011-04-30 20:00:00,96.50903
2011-04-30 21:00:00,96.50903
2011-04-30 22:00:00,76.18683
2011-04-30 23:00:00,76.18683
2011-05-20 00:00:00,92.325676
2011-05-20 01:00:00,75.7611
2011-05-20 02:00:00,86.18447
2011-05-20 03:00:00,74.53885
2011-05-20 04:00:00,90.65821
2011-05-20 05:00:00,94.52683
2011-05-20 06:00:00,98.48574
2011-05-20 07:00:00,131.1029
2011-05-20 08:00:00,112.34368
2011-05-20 09:00:00,178.12552
2011-05-20 10:00:00,193.69766
2011-05-20 11:00:00,200.33075
2011-05-20 12:00:00,232.67863
2011-05-20 13:00:00,230.54797
2011-05-20 14:00:00,263.689
2011-05-20 15:00:00,226.39941
2011-05-20 16:00:00,228.24051
2011-05-20 17:00:00,178.68137
2011-05-20 18:00:00,237.4083
2011-05-20 19:00:00,169.05737
2011-05-20 20:00:00,180.5436
2011-05-20 21:00:00,168.96233
2011-05-20 22:00:00,106.50327
2011-05-20 23:00:00,148.79425
2011-05-21 00:00:00,86.77395
2011-05-21 01:00:00,92.331795
2011-05-21 02:00:00,92.5561
2011-05-21 03:00:00,71.782074
2011-05-21 04:00:00,73.27677
2011-05-21 05:00:00,66.4338
2011-05-21 06:00:00,85.13926
2011-05-21 07:00:00,109.600365
2011-05-21 08:00:00,177.99524
2011-05-21 09:00:00,213.95482
2011-05-21 10:00:00,193.57559
2011-05-21 11:00:00,277.3151
2011-05-21 12:00:00,279.26447
2011-05-21 13:00:00,359.58212
2011-05-21 14:00:00,419.47104
2011-05-21 15:00:00,457.8647
2011-05-21 16:00:00,489.78345
2011-05-21 17:00:00,410.60678
2011-05-21 18:00:00,365.85425
2011-05-21 19:00:00,374.11343
2011-05-21 20:00:00,208.94366
2011-05-21 21:00:00,193.57559
2011-05-21 22:00:00,154.33215
2011-05-21 23:00:00,97.13476
2011-05-22 00:00:00,99.370224
2011-05-22 01:00:00,82.735435
2011-05-22 02:00:00,72.708595
2011-05-22 03:00:00,59.78041
2011-05-22 04:00:00,55.208458
2011-05-22 05:00:00,59.78041
2011-05-22 06:00:00,72.708595
2011-05-22 07:00:00,82.193596
2011-05-22 08:00:00,117.997795
2011-05-22 09:00:00,148.66548
2011-05-22 10:00:00,196.87383
2011-05-22 11:00:00,339.81146
2011-05-22 12:00:00,353.09308
2011-05-22 13:00:00,275.66232
2011-05-22 14:00:00,196.25406
2011-05-22 15:00:00,237.39682
2011-05-22 16:00:00,253.6864
2011-05-22 17:00:00,335.5351
2011-05-22 18:00:00,274.02045
2011-05-22 19:00:00,266.47614
2011-05-22 20:00:00,211.49403
2011-05-22 21:00:00,172.06448
2011-05-22 22:00:00,117.273926
2011-05-22 23:00:00,112.60378
2011-05-23 00:00:00,132.54657
2011-05-23 01:00:00,119.68354
2011-05-23 02:00:00,133.67368
2011-05-23 03:00:00,126.61518
2011-05-23 04:00:00,96.31901
2011-05-23 05:00:00,96.31901
2011-05-23 06:00:00,91.35314
2011-05-23 07:00:00,119.86927
2011-05-23 08:00:00,162.48563
2011-05-23 09:00:00,173.98328
2011-05-23 10:00:00,241.83716
2011-05-23 11:00:00,263.4122
2011-05-23 12:00:00,263.4122
2011-05-23 13:00:00,316.68243
2011-05-23 14:00:00,276.5681
2011-05-23 15:00:00,288.896
2011-05-23 16:00:00,287.91165
2011-05-23 17:00:00,256.7566
2011-05-23 18:00:00,265.58087
2011-05-23 19:00:00,262.42953
2011-05-23 20:00:00,202.7012
2011-05-23 21:00:00,189.09464
2011-05-23 22:00:00,171.11041
2011-05-23 23:00:00,169.54195
2011-05-24 00:00:00,152.09357
2011-05-24 01:00:00,144.01855
2011-05-24 02:00:00,152.09357
2011-05-24 03:00:00,125.577065
2011-05-24 04:00:00,128.7199
2011-05-24 05:00:00,157.84859
2011-05-24 06:00:00,146.78168
2011-05-24 07:00:00,179.72864
2011-05-24 08:00:00,160.97264
2011-05-24 09:00:00,205.99648
2011-05-24 10:00:00,294.471
2011-05-24 11:00:00,333.94128
2011-05-24 12:00:00,403.48587
2011-05-24 13:00:00,370.52118
2011-05-24 14:00:00,380.1985
2011-05-24 15:00:00,303.55667
2011-05-24 16:00:00,245.99463
2011-05-24 17:00:00,249.40524
2011-05-24 18:00:00,267.97974
2011-05-24 19:00:00,232.6868
2011-05-24 20:00:00,172.65594
2011-05-24 21:00:00,151.67853
2011-05-24 22:00:00,154.12936
2011-05-24 23:00:00,197.37892
2011-05-25 00:00:00,150.9035
2011-05-25 01:00:00,142.35791
2011-05-25 02:00:00,102.16213
2011-05-25 03:00:00,113.97953
2011-05-25 04:00:00,103.99857
2011-05-25 05:00:00,114.50497
2011-05-25 06:00:00,109.2586
2011-05-25 07:00:00,186.58522
2011-05-25 08:00:00,236.57513
2011-05-25 09:00:00,219.2156
2011-05-25 10:00:00,236.78397
2011-05-25 11:00:00,270.61484
2011-05-25 12:00:00,294.23608
2011-05-25 13:00:00,294.23608
2011-05-25 14:00:00,307.5039
2011-05-25 15:00:00,353.58536
2011-05-25 16:00:00,348.43213
2011-05-25 17:00:00,333.94128
2011-05-25 18:00:00,310.0149
2011-05-25 19:00:00,269.1422
2011-05-25 20:00:00,278.3692
2011-05-25 21:00:00,228.7286
2011-05-25 22:00:00,249.98145
2011-05-25 23:00:00,199.07077
2011-05-26 00:00:00,199.07079
2011-05-26 01:00:00,199.07079
2011-05-26 02:00:00,141.30768
2011-05-26 03:00:00,123.544205
2011-05-26 04:00:00,112.53693
2011-05-26 05:00:00,129.56529
2011-05-26 06:00:00,115.66241
2011-05-26 07:00:00,173.24466
2011-05-26 08:00:00,189.54564
2011-05-26 09:00:00,275.00134
2011-05-26 10:00:00,265.58087
2011-05-26 11:00:00,302.02612
2011-05-26 12:00:00,359.54224
2011-05-26 13:00:00,389.2534
2011-05-26 14:00:00,389.2534
2011-05-26 15:00:00,391.21765
2011-05-26 16:00:00,389.7572
2011-05-26 17:00:00,386.67084
2011-05-26 18:00:00,399.6668
2011-05-26 19:00:00,390.85495
2011-05-26 20:00:00,291.8296
2011-05-26 21:00:00,242.40584
2011-05-26 22:00:00,263.6466
2011-05-26 23:00:00,277.6505
2011-05-27 00:00:00,262.2622
2011-05-27 01:00:00,300.81152
2011-05-27 02:00:00,275.7925
2011-05-27 03:00:00,209.39381
2011-05-27 04:00:00,217.21149
2011-05-27 05:00:00,246.93808
2011-05-27 06:00:00,183.17601
2011-05-27 07:00:00,212.13724
2011-05-27 08:00:00,240.87769
2011-05-27 09:00:00,281.77426
2011-05-27 10:00:00,338.84836
2011-05-27 11:00:00,320.34204
2011-05-27 12:00:00,332.44202
2011-05-27 13:00:00,313.19507
2011-05-27 14:00:00,347.76062
2011-05-27 15:00:00,374.6308
2011-05-27 16:00:00,340.90744
2011-05-27 17:00:00,338.58105
2011-05-27 18:00:00,287.91165
2011-05-27 19:00:00,164.78333
2011-05-27 20:00:00,199.84956
2011-05-27 21:00:00,134.37048
2011-05-27 22:00:00,163.1287
2011-05-27 23:00:00,136.1611
2011-05-28 00:00:00,104.22888
2011-05-28 01:00:00,122.56448
2011-05-28 02:00:00,107.794365
2011-05-28 03:00:00,123.55182
2011-05-28 04:00:00,130.58636
2011-05-28 05:00:00,123.55182
2011-05-28 06:00:00,149.7973
2011-05-28 07:00:00,159.41391
2011-05-28 08:00:00,159.70514
2011-05-28 09:00:00,207.81366
2011-05-28 10:00:00,285.6409
2011-05-28 11:00:00,285.6409
2011-05-28 12:00:00,351.37192
2011-05-28 13:00:00,327.34897
2011-05-28 14:00:00,362.4768
2011-05-28 15:00:00,374.3996
2011-05-28 16:00:00,404.95087
2011-05-28 17:00:00,388.1618
2011-05-28 18:00:00,335.04123
2011-05-28 19:00:00,275.3996
2011-05-28 20:00:00,285.6409
2011-05-28 21:00:00,228.28659
2011-05-28 22:00:00,191.12973
2011-05-28 23:00:00,153.5136
2011-05-29 00:00:00,164.9321
2011-05-29 01:00:00,126.21006
2011-05-29 02:00:00,105.628944
2011-05-29 03:00:00,105.628944
2011-05-29 04:00:00,94.59734
2011-05-29 05:00:00,106.64631
2011-05-29 06:00:00,139.29233
2011-05-29 07:00:00,154.82713
2011-05-29 08:00:00,148.83325
2011-05-29 09:00:00,141.06949
2011-05-29 10:00:00,180.86136
2011-05-29 11:00:00,192.94427
2011-05-29 12:00:00,236.59717
2011-05-29 13:00:00,290.7962
2011-05-29 14:00:00,311.43997
2011-05-29 15:00:00,314.49374
2011-05-29 16:00:00,311.43997
2011-05-29 17:00:00,311.43997
2011-05-29 18:00:00,272.15884
2011-05-29 19:00:00,267.45227
2011-05-29 20:00:00,204.66199
2011-05-29 21:00:00,169.29778
2011-05-29 22:00:00,132.28377
2011-05-29 23:00:00,141.911
2011-05-30 00:00:00,100.5855
2011-05-30 01:00:00,86.63113
2011-05-30 02:00:00,100.5855
2011-05-30 03:00:00,100.5855
2011-05-30 04:00:00,87.41604
2011-05-30 05:00:00,79.42872
2011-05-30 06:00:00,79.81898
2011-05-30 07:00:00,66.976326
2011-05-30 08:00:00,93.94133
2011-05-30 09:00:00,140.32591
2011-05-30 10:00:00,385.5974
2011-05-30 11:00:00,322.7761
2011-05-30 12:00:00,406.31628
2011-05-30 13:00:00,401.53552
2011-05-30 14:00:00,404.56503
2011-05-30 15:00:00,464.8283
2011-05-30 16:00:00,466.5343
2011-05-30 17:00:00,463.52838
2011-05-30 18:00:00,439.71622
2011-05-30 19:00:00,206.09624
2011-05-30 20:00:00,229.35318
2011-05-30 21:00:00,202.1319
2011-05-30 22:00:00,187.74788
2011-05-30 23:00:00,112.05708
2011-05-31 00:00:00,178.03067
2011-05-31 01:00:00,146.95497
2011-05-31 02:00:00,155.019
2011-05-31 03:00:00,125.683464
2011-05-31 04:00:00,148.70845
2011-05-31 05:00:00,148.70845
2011-05-31 06:00:00,167.49512
2011-05-31 07:00:00,255.03506
2011-05-31 08:00:00,305.51825
2011-05-31 09:00:00,324.09366
2011-05-31 10:00:00,332.07144
2011-05-31 11:00:00,312.47095
2011-05-31 12:00:00,348.38324
2011-05-31 13:00:00,382.65448
2011-05-31 14:00:00,341.71582
2011-05-31 15:00:00,376.27548
2011-05-31 16:00:00,370.13013
2011-05-31 17:00:00,381.05444
2011-05-31 18:00:00,372.26315
2011-05-31 19:00:00,278.5608
2011-05-31 20:00:00,278.5608
2011-05-31 21:00:00,263.1164
2011-05-31 22:00:00,286.45724
2011-05-31 23:00:00,189.2649
2011-06-20 00:00:00,190.33669
2011-06-20 01:00:00,133.10385
2011-06-20 02:00:00,133.10385
2011-06-20 03:00:00,138.19235
2011-06-20 04:00:00,151.14838
2011-06-20 05:00:00,149.57118
2011-06-20 06:00:00,152.84161
2011-06-20 07:00:00,132.3546
2011-06-20 08:00:00,134.51334
2011-06-20 09:00:00,182.26668
2011-06-20 10:00:00,182.26668
2011-06-20 11:00:00,150.19128
2011-06-20 12:00:00,190.97412
2011-06-20 13:00:00,210.40953
2011-06-20 14:00:00,234.41296
2011-06-20 15:00:00,249.8718
2011-06-20 16:00:00,282.2247
2011-06-20 17:00:00,201.71039
2011-06-20 18:00:00,290.11972
2011-06-20 19:00:00,256.9072
2011-06-20 20:00:00,249.25824
2011-06-20 21:00:00,212.13725
2011-06-20 22:00:00,210.9921
2011-06-20 23:00:00,210.39911
2011-06-21 00:00:00,136.23663
2011-06-21 01:00:00,176.48103
2011-06-21 02:00:00,159.01346
2011-06-21 03:00:00,159.01346
2011-06-21 04:00:00,109.3798
2011-06-21 05:00:00,115.1261
2011-06-21 06:00:00,115.1261
2011-06-21 07:00:00,80.764946
2011-06-21 08:00:00,111.28894
2011-06-21 09:00:00,132.06947
2011-06-21 10:00:00,148.66248
2011-06-21 11:00:00,126.38841
2011-06-21 12:00:00,199.93433
2011-06-21 13:00:00,242.5798
2011-06-21 14:00:00,274.87775
2011-06-21 15:00:00,305.61002
2011-06-21 16:00:00,306.7916
2011-06-21 17:00:00,279.72363
2011-06-21 18:00:00,256.08005
2011-06-21 19:00:00,235.25201
2011-06-21 20:00:00,240.67305
2011-06-21 21:00:00,219.42545
2011-06-21 22:00:00,134.90234
2011-06-21 23:00:00,163.29535
2011-06-22 00:00:00,154.9419
2011-06-22 01:00:00,135.01495
2011-06-22 02:00:00,106.15603
2011-06-22 03:00:00,135.01495
2011-06-22 04:00:00,86.51844
2011-06-22 05:00:00,75.35383
2011-06-22 06:00:00,92.0108
2011-06-22 07:00:00,116.32276
2011-06-22 08:00:00,175.95815
2011-06-22 09:00:00,188.45308
2011-06-22 10:00:00,246.32681
2011-06-22 11:00:00,231.63524
2011-06-22 12:00:00,296.65985
2011-06-22 13:00:00,321.57523
2011-06-22 14:00:00,349.97357
2011-06-22 15:00:00,332.69843
2011-06-22 16:00:00,340.07187
2011-06-22 17:00:00,360.38156
2011-06-22 18:00:00,306.0758
2011-06-22 19:00:00,325.01544
2011-06-22 20:00:00,205.9197
2011-06-22 21:00:00,200.6401
2011-06-22 22:00:00,209.2767
2011-06-22 23:00:00,213.30066
2011-06-23 00:00:00,206.65648
2011-06-23 01:00:00,223.7428
2011-06-23 02:00:00,223.7428
2011-06-23 03:00:00,219.13669
2011-06-23 04:00:00,186.60678
2011-06-23 05:00:00,214.5653
2011-06-23 06:00:00,214.5653
2011-06-23 07:00:00,213.87616
2011-06-23 08:00:00,237.48059
2011-06-23 09:00:00,227.75076
2011-06-23 10:00:00,244.06166
2011-06-23 11:00:00,265.10663
2011-06-23 12:00:00,269.07474
2011-06-23 13:00:00,275.36542
2011-06-23 14:00:00,270.78748
2011-06-23 15:00:00,338.8546
2011-06-23 16:00:00,266.2611
2011-06-23 17:00:00,251.62566
2011-06-23 18:00:00,258.22955
2011-06-23 19:00:00,257.4499
2011-06-23 20:00:00,210.24213
2011-06-23 21:00:00,206.21805
2011-06-23 22:00:00,215.27225
2011-06-23 23:00:00,218.65643
2011-06-24 00:00:00,165.46722
2011-06-24 01:00:00,169.81412
2011-06-24 02:00:00,169.81412
2011-06-24 03:00:00,126.38841
2011-06-24 04:00:00,101.69694
2011-06-24 05:00:00,85.756546
2011-06-24 06:00:00,116.43485
2011-06-24 07:00:00,160.11108
2011-06-24 08:00:00,210.24213
2011-06-24 09:00:00,237.91429
2011-06-24 10:00:00,392.37973
2011-06-24 11:00:00,418.4747
2011-06-24 12:00:00,390.8478
2011-06-24 13:00:00,396.2654
2011-06-24 14:00:00,388.46686
2011-06-24 15:00:00,438.9532
2011-06-24 16:00:00,454.803
2011-06-24 17:00:00,395.3308
2011-06-24 18:00:00,412.2752
2011-06-24 19:00:00,373.97577
2011-06-24 20:00:00,315.83752
2011-06-24 21:00:00,284.86157
2011-06-24 22:00:00,238.7067
2011-06-24 23:00:00,267.80307
2011-06-25 00:00:00,387.24234
2011-06-25 01:00:00,330.98956
2011-06-25 02:00:00,325.04785
2011-06-25 03:00:00,252.43643
2011-06-25 04:00:00,252.43643
2011-06-25 05:00:00,198.32787
2011-06-25 06:00:00,257.7346
2011-06-25 07:00:00,272.77325
2011-06-25 08:00:00,416.52875
2011-06-25 09:00:00,458.86865
2011-06-25 10:00:00,431.0962
2011-06-25 11:00:00,462.4864
2011-06-25 12:00:00,520.1574
2011-06-25 13:00:00,520.1574
2011-06-25 14:00:00,479.71652
2011-06-25 15:00:00,410.79846
2011-06-25 16:00:00,516.88763
2011-06-25 17:00:00,491.35895
2011-06-25 18:00:00,458.86865
2011-06-25 19:00:00,436.48917
2011-06-25 20:00:00,397.46008
2011-06-25 21:00:00,328.7908
2011-06-25 22:00:00,399.14493
2011-06-25 23:00:00,344.72452
2011-06-26 00:00:00,270.12457
2011-06-26 01:00:00,265.48926
2011-06-26 02:00:00,227.69641
2011-06-26 03:00:00,167.93126
2011-06-26 04:00:00,158.8724
2011-06-26 05:00:00,185.29962
2011-06-26 06:00:00,185.29962
2011-06-26 07:00:00,204.60107
2011-06-26 08:00:00,221.58646
2011-06-26 09:00:00,238.65794
2011-06-26 10:00:00,347.10016
2011-06-26 11:00:00,394.71323
2011-06-26 12:00:00,470.20074
2011-06-26 13:00:00,482.9795
2011-06-26 14:00:00,457.0284
2011-06-26 15:00:00,482.9795
2011-06-26 16:00:00,474.96783
2011-06-26 17:00:00,440.84918
2011-06-26 18:00:00,445.2882
2011-06-26 19:00:00,351.40436
2011-06-26 20:00:00,326.4155
2011-06-26 21:00:00,254.97069
2011-06-26 22:00:00,297.2232
2011-06-26 23:00:00,252.02893
2011-06-27 00:00:00,192.58676
2011-06-27 01:00:00,164.56335
2011-06-27 02:00:00,176.6471
2011-06-27 03:00:00,176.6471
2011-06-27 04:00:00,140.90308
2011-06-27 05:00:00,145.10175
2011-06-27 06:00:00,164.56357
2011-06-27 07:00:00,190.74442
2011-06-27 08:00:00,182.35841
2011-06-27 09:00:00,216.3623
2011-06-27 10:00:00,247.86633
2011-06-27 11:00:00,206.73518
2011-06-27 12:00:00,216.3623
2011-06-27 13:00:00,260.02066
2011-06-27 14:00:00,220.80249
2011-06-27 15:00:00,212.09113
2011-06-27 16:00:00,238.11888
2011-06-27 17:00:00,256.16388
2011-06-27 18:00:00,211.6736
2011-06-27 19:00:00,250.55585
2011-06-27 20:00:00,205.30566
2011-06-27 21:00:00,152.29048
2011-06-27 22:00:00,141.26051
2011-06-27 23:00:00,141.26051
2011-06-28 00:00:00,172.17287
2011-06-28 01:00:00,123.63142
2011-06-28 02:00:00,163.64067
2011-06-28 03:00:00,163.64067
2011-06-28 04:00:00,123.63142
2011-06-28 05:00:00,106.15603
2011-06-28 06:00:00,126.38841
2011-06-28 07:00:00,147.46161
2011-06-28 08:00:00,170.73848
2011-06-28 09:00:00,147.42334
2011-06-28 10:00:00,320.14734
2011-06-28 11:00:00,293.83344
2011-06-28 12:00:00,358.47498
2011-06-28 13:00:00,304.61035
2011-06-28 14:00:00,371.50693
2011-06-28 15:00:00,338.49896
2011-06-28 16:00:00,383.82245
2011-06-28 17:00:00,324.26035
2011-06-28 18:00:00,321.24216
2011-06-28 19:00:00,302.8239
2011-06-28 20:00:00,167.35042
2011-06-28 21:00:00,258.46616
2011-06-28 22:00:00,230.42322
2011-06-28 23:00:00,227.07306
2011-06-29 00:00:00,196.16774
2011-06-29 01:00:00,190.91783
2011-06-29 02:00:00,146.66014
2011-06-29 03:00:00,139.51382
2011-06-29 04:00:00,106.21081
2011-06-29 05:00:00,127.76952
2011-06-29 06:00:00,220.63344
2011-06-29 07:00:00,284.73
2011-06-29 08:00:00,343.35043
2011-06-29 09:00:00,389.898
2011-06-29 10:00:00,389.57748
2011-06-29 11:00:00,399.08377
2011-06-29 12:00:00,403.50586
2011-06-29 13:00:00,415.62506
2011-06-29 14:00:00,395.42972
2011-06-29 15:00:00,391.09067
2011-06-29 16:00:00,449.11005
2011-06-29 17:00:00,449.76968
2011-06-29 18:00:00,413.32617
2011-06-29 19:00:00,453.0515
2011-06-29 20:00:00,416.95667
2011-06-29 21:00:00,384.5591
2011-06-29 22:00:00,346.76675
2011-06-29 23:00:00,312.2976
2011-06-30 00:00:00,280.3822
2011-06-30 01:00:00,262.0169
2011-06-30 02:00:00,251.36885
2011-06-30 03:00:00,238.82797
2011-06-30 04:00:00,197.87611
2011-06-30 05:00:00,205.5393
2011-06-30 06:00:00,230.54068
2011-06-30 07:00:00,236.08481
2011-06-30 08:00:00,323.34546
2011-06-30 09:00:00,358.61176
2011-06-30 10:00:00,351.25415
2011-06-30 11:00:00,371.46573
2011-06-30 12:00:00,388.24716
2011-06-30 13:00:00,399.7586
2011-06-30 14:00:00,399.84558
2011-06-30 15:00:00,410.9703
2011-06-30 16:00:00,393.99026
2011-06-30 17:00:00,437.6201
2011-06-30 18:00:00,418.167
2011-06-30 19:00:00,402.4507
2011-06-30 20:00:00,402.4507
2011-06-30 21:00:00,366.37775
2011-06-30 22:00:00,334.87378
2011-06-30 23:00:00,220.86078
2011-07-20 00:00:00,118.65865
2011-07-20 01:00:00,102.74392
2011-07-20 02:00:00,102.74392
2011-07-20 03:00:00,118.65865
2011-07-20 04:00:00,98.13535
2011-07-20 05:00:00,112.54157
2011-07-20 06:00:00,121.72752
2011-07-20 07:00:00,149.89595
2011-07-20 08:00:00,142.6065
2011-07-20 09:00:00,186.27953
2011-07-20 10:00:00,156.24617
2011-07-20 11:00:00,235.34311
2011-07-20 12:00:00,222.23135
2011-07-20 13:00:00,323.87433
2011-07-20 14:00:00,356.97015
2011-07-20 15:00:00,339.86505
2011-07-20 16:00:00,250.97481
2011-07-20 17:00:00,319.00937
2011-07-20 18:00:00,329.85364
2011-07-20 19:00:00,287.81497
2011-07-20 20:00:00,276.86884
2011-07-20 21:00:00,277.31543
2011-07-20 22:00:00,270.51846
2011-07-20 23:00:00,250.02222
2011-07-21 00:00:00,240.49304
2011-07-21 01:00:00,209.39166
2011-07-21 02:00:00,209.39166
2011-07-21 03:00:00,206.7773
2011-07-21 04:00:00,167.39418
2011-07-21 05:00:00,167.39418
2011-07-21 06:00:00,167.39418
2011-07-21 07:00:00,194.98116
2011-07-21 08:00:00,228.7612
2011-07-21 09:00:00,275.17377
2011-07-21 10:00:00,295.80627
2011-07-21 11:00:00,353.61688
2011-07-21 12:00:00,402.10876
2011-07-21 13:00:00,390.7038
2011-07-21 14:00:00,424.35855
2011-07-21 15:00:00,389.72375
2011-07-21 16:00:00,417.7757
2011-07-21 17:00:00,422.4806
2011-07-21 18:00:00,396.62473
2011-07-21 19:00:00,356.9173
2011-07-21 20:00:00,316.5342
2011-07-21 21:00:00,300.39484
2011-07-21 22:00:00,281.66455
2011-07-21 23:00:00,269.40796
2011-07-22 00:00:00,275.88263
2011-07-22 01:00:00,197.15378
2011-07-22 02:00:00,218.78061
2011-07-22 03:00:00,209.36899
2011-07-22 04:00:00,193.35153
2011-07-22 05:00:00,160.55103
2011-07-22 06:00:00,182.20836
2011-07-22 07:00:00,243.17154
2011-07-22 08:00:00,292.52676
2011-07-22 09:00:00,266.57996
2011-07-22 10:00:00,327.98285
2011-07-22 11:00:00,339.85272
2011-07-22 12:00:00,406.55353
2011-07-22 13:00:00,403.35245
2011-07-22 14:00:00,440.49704
2011-07-22 15:00:00,430.96606
2011-07-22 16:00:00,499.2784
2011-07-22 17:00:00,342.69495
2011-07-22 18:00:00,388.03662
2011-07-22 19:00:00,389.95764
2011-07-22 20:00:00,250.97481
2011-07-22 21:00:00,251.14978
2011-07-22 22:00:00,301.44794
2011-07-22 23:00:00,290.54736
2011-07-23 00:00:00,342.2947
2011-07-23 01:00:00,363.72296
2011-07-23 02:00:00,383.05612
2011-07-23 03:00:00,216.5029
2011-07-23 04:00:00,207.70575
2011-07-23 05:00:00,253.67647
2011-07-23 06:00:00,364.51816
2011-07-23 07:00:00,342.25244
2011-07-23 08:00:00,497.71033
2011-07-23 09:00:00,449.33698
2011-07-23 10:00:00,486.01605
2011-07-23 11:00:00,451.37073
2011-07-23 12:00:00,419.5255
2011-07-23 13:00:00,436.8499
2011-07-23 14:00:00,480.60403
2011-07-23 15:00:00,469.88788
2011-07-23 16:00:00,427.32175
2011-07-23 17:00:00,427.32175
2011-07-23 18:00:00,468.00882
2011-07-23 19:00:00,317.8866
2011-07-23 20:00:00,397.4219
2011-07-23 21:00:00,397.4219
2011-07-23 22:00:00,356.30328
2011-07-23 23:00:00,286.71783
2011-07-24 00:00:00,286.71783
2011-07-24 01:00:00,228.00937
2011-07-24 02:00:00,248.54091
2011-07-24 03:00:00,248.54091
2011-07-24 04:00:00,228.00937
2011-07-24 05:00:00,216.5029
2011-07-24 06:00:00,264.68588
2011-07-24 07:00:00,315.9081
2011-07-24 08:00:00,445.361
2011-07-24 09:00:00,461.24426
2011-07-24 10:00:00,551.4195
2011-07-24 11:00:00,473.9682
2011-07-24 12:00:00,469.8972
2011-07-24 13:00:00,499.5647
2011-07-24 14:00:00,524.02167
2011-07-24 15:00:00,490.90106
2011-07-24 16:00:00,490.90106
2011-07-24 17:00:00,427.4432
2011-07-24 18:00:00,462.36078
2011-07-24 19:00:00,472.27417
2011-07-24 20:00:00,449.33698
2011-07-24 21:00:00,294.57028
2011-07-24 22:00:00,228.16183
2011-07-24 23:00:00,209.16982
2011-07-25 00:00:00,192.84279
2011-07-25 01:00:00,209.39348
2011-07-25 02:00:00,183.65022
2011-07-25 03:00:00,132.39316
2011-07-25 04:00:00,124.985634
2011-07-25 05:00:00,124.985634
2011-07-25 06:00:00,157.66692
2011-07-25 07:00:00,163.7087
2011-07-25 08:00:00,183.73091
2011-07-25 09:00:00,189.83691
2011-07-25 10:00:00,222.23135
2011-07-25 11:00:00,307.60617
2011-07-25 12:00:00,307.60617
2011-07-25 13:00:00,221.18274
2011-07-25 14:00:00,209.2767
2011-07-25 15:00:00,203.08127
2011-07-25 16:00:00,170.46335
2011-07-25 17:00:00,140.4404
2011-07-25 18:00:00,173.48514
2011-07-25 19:00:00,186.27953
2011-07-25 20:00:00,197.55109
2011-07-25 21:00:00,102.74392
2011-07-25 22:00:00,102.74392
2011-07-25 23:00:00,113.25855
2011-07-26 00:00:00,134.90234
2011-07-26 01:00:00,134.90234
2011-07-26 02:00:00,100.7588
2011-07-26 03:00:00,110.69723
2011-07-26 04:00:00,122.42215
2011-07-26 05:00:00,89.179596
2011-07-26 06:00:00,159.37576
2011-07-26 07:00:00,250.33127
2011-07-26 08:00:00,276.94907
2011-07-26 09:00:00,380.5039
2011-07-26 10:00:00,397.66376
2011-07-26 11:00:00,347.38617
2011-07-26 12:00:00,345.02582
2011-07-26 13:00:00,392.54816
2011-07-26 14:00:00,387.66855
2011-07-26 15:00:00,394.60553
2011-07-26 16:00:00,389.21152
2011-07-26 17:00:00,410.61346
2011-07-26 18:00:00,433.5607
2011-07-26 19:00:00,392.85684
2011-07-26 20:00:00,369.1958
2011-07-26 21:00:00,331.9171
2011-07-26 22:00:00,260.66592
2011-07-26 23:00:00,236.86389
2011-07-27 00:00:00,276.79507
2011-07-27 01:00:00,319.50107
2011-07-27 02:00:00,334.50214
2011-07-27 03:00:00,251.07968
2011-07-27 04:00:00,293.1599
2011-07-27 05:00:00,295.42508
2011-07-27 06:00:00,284.73
2011-07-27 07:00:00,336.26166
2011-07-27 08:00:00,379.22263
2011-07-27 09:00:00,403.50586
2011-07-27 10:00:00,352.68024
2011-07-27 11:00:00,350.24728
2011-07-27 12:00:00,400.81775
2011-07-27 13:00:00,411.63184
2011-07-27 14:00:00,392.20303
2011-07-27 15:00:00,392.24982
2011-07-27 16:00:00,379.7771
2011-07-27 17:00:00,386.37927
2011-07-27 18:00:00,375.65793
2011-07-27 19:00:00,370.33978
2011-07-27 20:00:00,349.59866
2011-07-27 21:00:00,267.84323
2011-07-27 22:00:00,243.51492
2011-07-27 23:00:00,282.3078
2011-07-28 00:00:00,270.23276
2011-07-28 01:00:00,217.6203
2011-07-28 02:00:00,241.60994
2011-07-28 03:00:00,197.12605
2011-07-28 04:00:00,216.30215
2011-07-28 05:00:00,205.30566
2011-07-28 06:00:00,168.06569
2011-07-28 07:00:00,222.6676
2011-07-28 08:00:00,242.5798
2011-07-28 09:00:00,285.7751
2011-07-28 10:00:00,334.32648
2011-07-28 11:00:00,358.93164
2011-07-28 12:00:00,358.32648
2011-07-28 13:00:00,373.10034
2011-07-28 14:00:00,363.98273
2011-07-28 15:00:00,350.1586
2011-07-28 16:00:00,351.5744
2011-07-28 17:00:00,332.5781
2011-07-28 18:00:00,335.133
2011-07-28 19:00:00,307.118
2011-07-28 20:00:00,290.54733
2011-07-28 21:00:00,290.3261
2011-07-28 22:00:00,259.41943
2011-07-28 23:00:00,240.63605
2011-07-29 00:00:00,200.6401
2011-07-29 01:00:00,181.30179
2011-07-29 02:00:00,132.39316
2011-07-29 03:00:00,132.39316
2011-07-29 04:00:00,148.42575
2011-07-29 05:00:00,114.41207
2011-07-29 06:00:00,149.17535
2011-07-29 07:00:00,183.65022
2011-07-29 08:00:00,188.03624
2011-07-29 09:00:00,373.10034
2011-07-29 10:00:00,405.67584
2011-07-29 11:00:00,413.64822
2011-07-29 12:00:00,390.8423
2011-07-29 13:00:00,341.79892
2011-07-29 14:00:00,389.14804
2011-07-29 15:00:00,391.06323
2011-07-29 16:00:00,408.68277
2011-07-29 17:00:00,393.2276
2011-07-29 18:00:00,411.49103
2011-07-29 19:00:00,398.90335
2011-07-29 20:00:00,409.47952
2011-07-29 21:00:00,343.67374
2011-07-29 22:00:00,344.99323
2011-07-29 23:00:00,256.12067
2011-07-30 00:00:00,342.5082
2011-07-30 01:00:00,264.33057
2011-07-30 02:00:00,279.84863
2011-07-30 03:00:00,249.82355
2011-07-30 04:00:00,218.05301
2011-07-30 05:00:00,230.56627
2011-07-30 06:00:00,234.29433
2011-07-30 07:00:00,261.6781
2011-07-30 08:00:00,341.90955
2011-07-30 09:00:00,526.1922
2011-07-30 10:00:00,527.1047
2011-07-30 11:00:00,467.02423
2011-07-30 12:00:00,452.77032
2011-07-30 13:00:00,458.2491
2011-07-30 14:00:00,454.7518
2011-07-30 15:00:00,429.06073
2011-07-30 16:00:00,448.49097
2011-07-30 17:00:00,413.548
2011-07-30 18:00:00,445.7088
2011-07-30 19:00:00,514.4434
2011-07-30 20:00:00,460.46594
2011-07-30 21:00:00,414.45605
2011-07-30 22:00:00,322.25128
2011-07-30 23:00:00,264.3306
2011-07-31 00:00:00,264.33057
2011-07-31 01:00:00,203.69461
2011-07-31 02:00:00,179.57433
2011-07-31 03:00:00,203.11432
2011-07-31 04:00:00,175.83499
2011-07-31 05:00:00,182.48941
2011-07-31 06:00:00,187.28693
2011-07-31 07:00:00,266.31464
2011-07-31 08:00:00,355.04352
2011-07-31 09:00:00,401.94928
2011-07-31 10:00:00,458.29617
2011-07-31 11:00:00,444.05923
2011-07-31 12:00:00,437.701
2011-07-31 13:00:00,420.90054
2011-07-31 14:00:00,428.85254
2011-07-31 15:00:00,461.577
2011-07-31 16:00:00,455.0144
2011-07-31 17:00:00,415.84912
2011-07-31 18:00:00,510.10056
2011-07-31 19:00:00,438.4281
2011-07-31 20:00:00,438.4281
2011-07-31 21:00:00,368.19733
2011-07-31 22:00:00,249.04335
2011-07-31 23:00:00,251.84506
2011-08-20 00:00:00,55.3727
2011-08-20 01:00:00,73.97476
2011-08-20 02:00:00,93.108955
2011-08-20 03:00:00,93.108955
2011-08-20 04:00:00,84.22234
2011-08-20 05:00:00,70.64822
2011-08-20 06:00:00,97.70078
2011-08-20 07:00:00,73.97474
2011-08-20 08:00:00,149.51692
2011-08-20 09:00:00,190.99869
2011-08-20 10:00:00,209.15613
2011-08-20 11:00:00,228.59686
2011-08-20 12:00:00,266.31464
2011-08-20 13:00:00,308.33063
2011-08-20 14:00:00,431.5723
2011-08-20 15:00:00,490.57355
2011-08-20 16:00:00,455.80423
2011-08-20 17:00:00,431.5723
2011-08-20 18:00:00,339.3764
2011-08-20 19:00:00,262.14853
2011-08-20 20:00:00,272.7788
2011-08-20 21:00:00,216.32828
2011-08-20 22:00:00,198.00117
2011-08-20 23:00:00,144.97406
2011-08-21 00:00:00,170.37894
2011-08-21 01:00:00,141.52232
2011-08-21 02:00:00,129.8567
2011-08-21 03:00:00,116.58123
2011-08-21 04:00:00,128.58879
2011-08-21 05:00:00,118.437454
2011-08-21 06:00:00,114.57689
2011-08-21 07:00:00,159.08406
2011-08-21 08:00:00,155.96869
2011-08-21 09:00:00,200.56714
2011-08-21 10:00:00,222.01186
2011-08-21 11:00:00,356.39774
2011-08-21 12:00:00,420.56073
2011-08-21 13:00:00,399.78253
2011-08-21 14:00:00,199.19647
2011-08-21 15:00:00,161.83101
2011-08-21 16:00:00,148.54245
2011-08-21 17:00:00,133.80527
2011-08-21 18:00:00,186.29996
2011-08-21 19:00:00,222.93143
2011-08-21 20:00:00,169.38432
2011-08-21 21:00:00,169.38432
2011-08-21 22:00:00,176.93208
2011-08-21 23:00:00,157.45126
2011-08-22 00:00:00,153.3732
2011-08-22 01:00:00,116.10062
2011-08-22 02:00:00,215.82793
2011-08-22 03:00:00,222.12054
2011-08-22 04:00:00,224.22795
2011-08-22 05:00:00,239.82332
2011-08-22 06:00:00,247.74309
2011-08-22 07:00:00,254.55751
2011-08-22 08:00:00,254.55751
2011-08-22 09:00:00,283.34213
2011-08-22 10:00:00,343.35043
2011-08-22 11:00:00,438.2554
2011-08-22 12:00:00,451.12152
2011-08-22 13:00:00,478.04916
2011-08-22 14:00:00,452.03094
2011-08-22 15:00:00,427.51532
2011-08-22 16:00:00,452.03094
2011-08-22 17:00:00,436.12384
2011-08-22 18:00:00,435.78967
2011-08-22 19:00:00,430.5456
2011-08-22 20:00:00,399.3643
2011-08-22 21:00:00,379.38928
2011-08-22 22:00:00,398.99115
2011-08-22 23:00:00,366.37686
2011-08-23 00:00:00,340.71036
2011-08-23 01:00:00,267.0628
2011-08-23 02:00:00,250.15892
2011-08-23 03:00:00,249.62933
2011-08-23 04:00:00,236.42361
2011-08-23 05:00:00,232.42972
2011-08-23 06:00:00,216.83694
2011-08-23 07:00:00,302.92474
2011-08-23 08:00:00,253.31812
2011-08-23 09:00:00,266.7514
2011-08-23 10:00:00,327.97433
2011-08-23 11:00:00,380.53754
2011-08-23 12:00:00,338.00323
2011-08-23 13:00:00,393.63446
2011-08-23 14:00:00,384.58466
2011-08-23 15:00:00,414.97278
2011-08-23 16:00:00,401.3828
2011-08-23 17:00:00,414.97278
2011-08-23 18:00:00,407.4566
2011-08-23 19:00:00,297.24188
2011-08-23 20:00:00,285.27997
2011-08-23 21:00:00,204.6378
2011-08-23 22:00:00,251.36885
2011-08-23 23:00:00,225.60774
2011-08-24 00:00:00,251.36885
2011-08-24 01:00:00,231.45001
2011-08-24 02:00:00,171.15097
2011-08-24 03:00:00,171.15097
2011-08-24 04:00:00,127.540794
2011-08-24 05:00:00,127.540794
2011-08-24 06:00:00,106.670006
2011-08-24 07:00:00,202.62202
2011-08-24 08:00:00,182.66415
2011-08-24 09:00:00,203.2128
2011-08-24 10:00:00,270.45828
2011-08-24 11:00:00,305.2208
2011-08-24 12:00:00,312.37817
2011-08-24 13:00:00,392.151
2011-08-24 14:00:00,392.151
2011-08-24 15:00:00,394.51645
2011-08-24 16:00:00,367.93924
2011-08-24 17:00:00,352.2853
2011-08-24 18:00:00,304.43097
2011-08-24 19:00:00,304.43097
2011-08-24 20:00:00,281.0874
2011-08-24 21:00:00,276.41785
2011-08-24 22:00:00,261.09402
2011-08-24 23:00:00,227.19186
2011-08-25 00:00:00,208.44312
2011-08-25 01:00:00,236.70923
2011-08-25 02:00:00,236.70923
2011-08-25 03:00:00,206.2032
2011-08-25 04:00:00,194.01732
2011-08-25 05:00:00,194.44386
2011-08-25 06:00:00,169.81412
2011-08-25 07:00:00,195.88716
2011-08-25 08:00:00,225.31773
2011-08-25 09:00:00,242.2535
2011-08-25 10:00:00,259.2358
2011-08-25 11:00:00,195.42068
2011-08-25 12:00:00,195.42068
2011-08-25 13:00:00,134.90234
2011-08-25 14:00:00,176.84103
2011-08-25 15:00:00,185.47272
2011-08-25 16:00:00,114.41207
2011-08-25 17:00:00,114.41207
2011-08-25 18:00:00,186.83884
2011-08-25 19:00:00,183.33743
2011-08-25 20:00:00,179.87349
2011-08-25 21:00:00,169.06783
2011-08-25 22:00:00,86.829506
2011-08-25 23:00:00,95.86793
2011-08-26 00:00:00,109.19316
2011-08-26 01:00:00,86.829506
2011-08-26 02:00:00,95.75567
2011-08-26 03:00:00,86.064514
2011-08-26 04:00:00,72.84803
2011-08-26 05:00:00,103.838394
2011-08-26 06:00:00,72.84803
2011-08-26 07:00:00,86.51844
2011-08-26 08:00:00,106.21081
2011-08-26 09:00:00,132.54668
2011-08-26 10:00:00,202.27559
2011-08-26 11:00:00,209.66449
2011-08-26 12:00:00,229.82858
2011-08-26 13:00:00,241.02802
2011-08-26 14:00:00,209.37885
2011-08-26 15:00:00,286.43954
2011-08-26 16:00:00,234.7647
2011-08-26 17:00:00,238.7521
2011-08-26 18:00:00,221.18274
2011-08-26 19:00:00,149.72742
2011-08-26 20:00:00,139.74242
2011-08-26 21:00:00,188.45308
2011-08-26 22:00:00,149.7274
2011-08-26 23:00:00,113.25856
2011-08-27 00:00:00,94.413445
2011-08-27 01:00:00,115.50048
2011-08-27 02:00:00,126.69192
2011-08-27 03:00:00,160.48206
2011-08-27 04:00:00,160.48206
2011-08-27 05:00:00,171.76811
2011-08-27 06:00:00,171.76811
2011-08-27 07:00:00,174.91371
2011-08-27 08:00:00,166.01772
2011-08-27 09:00:00,177.84381
2011-08-27 10:00:00,200.34326
2011-08-27 11:00:00,143.33679
2011-08-27 12:00:00,177.38719
2011-08-27 13:00:00,150.24884
2011-08-27 14:00:00,171.14075
2011-08-27 15:00:00,171.14075
2011-08-27 16:00:00,167.71245
2011-08-27 17:00:00,183.36694
2011-08-28 07:00:00,134.80954
2011-08-28 08:00:00,150.57104
2011-08-28 09:00:00,195.32808
2011-08-28 10:00:00,291.60632
2011-08-28 11:00:00,309.85223
2011-08-28 12:00:00,389.22964
2011-08-28 13:00:00,494.1917
2011-08-28 14:00:00,520.32965
2011-08-28 15:00:00,533.0932
2011-08-28 16:00:00,549.78217
2011-08-28 17:00:00,539.4258
2011-08-28 18:00:00,491.35895
2011-08-28 19:00:00,347.10016
2011-08-28 20:00:00,376.71155
2011-08-28 21:00:00,198.44272
2011-08-28 22:00:00,126.24806
2011-08-28 23:00:00,100.12795
2011-08-29 00:00:00,141.1947
2011-08-29 01:00:00,167.68625
2011-08-29 02:00:00,185.12494
2011-08-29 03:00:00,167.68625
2011-08-29 04:00:00,170.20052
2011-08-29 05:00:00,136.13846
2011-08-29 06:00:00,136.13846
2011-08-29 07:00:00,244.709
2011-08-29 08:00:00,262.72495
2011-08-29 09:00:00,282.78067
2011-08-29 10:00:00,318.14114
2011-08-29 11:00:00,295.65256
2011-08-29 12:00:00,314.01685
2011-08-29 13:00:00,313.28058
2011-08-29 14:00:00,282.50772
2011-08-29 15:00:00,334.87378
2011-08-29 16:00:00,339.01715
2011-08-29 17:00:00,307.67786
2011-08-29 18:00:00,328.3241
2011-08-29 19:00:00,328.3241
2011-08-29 20:00:00,271.37875
2011-08-29 21:00:00,277.18045
2011-08-29 22:00:00,251.36885
2011-08-29 23:00:00,225.36575
2011-08-30 00:00:00,136.13846
2011-08-30 01:00:00,161.36798
2011-08-30 02:00:00,123.95931
2011-08-30 03:00:00,146.39778
2011-08-30 04:00:00,122.44872
2011-08-30 05:00:00,99.51971
2011-08-30 06:00:00,123.95931
2011-08-30 07:00:00,170.20052
2011-08-30 08:00:00,251.36885
2011-08-30 09:00:00,297.24188
2011-08-30 10:00:00,382.24652
2011-08-30 11:00:00,391.88416
2011-08-30 12:00:00,331.82434
2011-08-30 13:00:00,372.34317
2011-08-30 14:00:00,396.3401
2011-08-30 15:00:00,402.19818
2011-08-30 16:00:00,378.88947
2011-08-30 17:00:00,351.25415
2011-08-30 18:00:00,311.35635
2011-08-30 19:00:00,247.8437
2011-08-30 20:00:00,220.86078
2011-08-30 21:00:00,178.26918
2011-08-30 22:00:00,179.19025
2011-08-30 23:00:00,179.19025
2011-08-31 00:00:00,137.90247
2011-08-31 01:00:00,137.90247
2011-08-31 02:00:00,106.66999
2011-08-31 03:00:00,91.9811
2011-08-31 04:00:00,106.66999
2011-08-31 05:00:00,88.71577
2011-08-31 06:00:00,92.09916
2011-08-31 07:00:00,100.15468
2011-08-31 08:00:00,138.75613
2011-08-31 09:00:00,157.97803
2011-08-31 10:00:00,283.60345
2011-08-31 11:00:00,328.69788
2011-08-31 12:00:00,324.71408
2011-08-31 13:00:00,360.8815
2011-08-31 14:00:00,343.81735
2011-08-31 15:00:00,343.81735
2011-08-31 16:00:00,334.79376
2011-08-31 17:00:00,303.4264
2011-08-31 18:00:00,300.34256
2011-08-31 19:00:00,368.91913
2011-08-31 20:00:00,241.4383
2011-08-31 21:00:00,205.90674
2011-08-31 22:00:00,137.62576
2011-08-31 23:00:00,114.47582
2011-09-20 00:00:00,163.86464
2011-09-20 01:00:00,117.225296
2011-09-20 02:00:00,117.225296
2011-09-20 03:00:00,126.89312
2011-09-20 04:00:00,102.11349
2011-09-20 05:00:00,119.63393
2011-09-20 06:00:00,119.63393
2011-09-20 07:00:00,117.225296
2011-09-20 08:00:00,114.96996
2011-09-20 09:00:00,113.90567
2011-09-20 10:00:00,129.72197
2011-09-20 11:00:00,129.72197
2011-09-20 12:00:00,107.74412
2011-09-20 13:00:00,102.216095
2011-09-20 14:00:00,129.81671
2011-09-20 15:00:00,161.21378
2011-09-20 16:00:00,140.90308
2011-09-20 17:00:00,97.93051
2011-09-20 18:00:00,97.93051
2011-09-20 19:00:00,71.03493
2011-09-20 20:00:00,57.63847
2011-09-20 21:00:00,57.638477
2011-09-20 22:00:00,57.638477
2011-09-20 23:00:00,57.638477
2011-09-21 00:00:00,47.65143
2011-09-21 01:00:00,53.994007
2011-09-21 02:00:00,53.994007
2011-09-21 03:00:00,89.319885
2011-09-21 04:00:00,91.01587
2011-09-21 05:00:00,95.50396
2011-09-21 06:00:00,99.51762
2011-09-21 07:00:00,99.51762
2011-09-21 08:00:00,84.126366
2011-09-21 09:00:00,80.911415
2011-09-21 10:00:00,101.117165
2011-09-21 11:00:00,145.10175
2011-09-21 12:00:00,153.34158
2011-09-21 13:00:00,189.26672
2011-09-21 14:00:00,191.70425
2011-09-21 15:00:00,184.11662
2011-09-21 16:00:00,184.11662
2011-09-21 17:00:00,194.9235
2011-09-21 18:00:00,161.78154
2011-09-21 19:00:00,119.81038
2011-09-21 20:00:00,119.81038
2011-09-21 21:00:00,74.14656
2011-09-21 22:00:00,85.72016
2011-09-21 23:00:00,79.070045
2011-09-22 00:00:00,79.070045
2011-09-22 01:00:00,88.63999
2011-09-22 02:00:00,92.82726
2011-09-22 03:00:00,88.63997
2011-09-22 04:00:00,88.63997
2011-09-22 05:00:00,92.82726
2011-09-22 06:00:00,85.16328
2011-09-22 07:00:00,78.80125
2011-09-22 08:00:00,90.08297
2011-09-22 09:00:00,113.28492
2011-09-22 10:00:00,139.2424
2011-09-22 11:00:00,133.77885
2011-09-22 12:00:00,154.73523
2011-09-22 13:00:00,156.58391
2011-09-22 14:00:00,160.11108
2011-09-22 15:00:00,178.93765
2011-09-22 16:00:00,191.46759
2011-09-22 17:00:00,157.23065
2011-09-22 18:00:00,132.24966
2011-09-22 19:00:00,106.78051
2011-09-22 20:00:00,102.22921
2011-09-22 21:00:00,106.78051
2011-09-22 22:00:00,77.55752
2011-09-22 23:00:00,85.72016
2011-09-23 00:00:00,114.84671
2011-09-23 01:00:00,80.802574
2011-09-23 02:00:00,92.1421
2011-09-23 03:00:00,80.802574
2011-09-23 04:00:00,113.58758
2011-09-23 05:00:00,112.64225
2011-09-23 06:00:00,114.84671
2011-09-23 07:00:00,160.72385
2011-09-23 08:00:00,160.72385
2011-09-23 09:00:00,123.75959
2011-09-23 10:00:00,118.204094
2011-09-23 11:00:00,118.20411
2011-09-23 12:00:00,155.22162
2011-09-23 13:00:00,110.25851
2011-09-23 14:00:00,110.25851
2011-09-23 15:00:00,155.22157
2011-09-23 16:00:00,151.13525
2011-09-23 17:00:00,80.802574
2011-09-23 18:00:00,54.71985
2011-09-23 19:00:00,101.24818
2011-09-23 20:00:00,77.297195
2011-09-23 21:00:00,86.21405
2011-09-23 22:00:00,103.86811
2011-09-23 23:00:00,109.30285
2011-09-24 00:00:00,45.63226
2011-09-24 01:00:00,87.97145
2011-09-24 02:00:00,87.97145
2011-09-24 03:00:00,66.18014
2011-09-24 04:00:00,67.43394
2011-09-24 05:00:00,88.161476
2011-09-24 06:00:00,88.161476
2011-09-24 07:00:00,120.95608
2011-09-24 08:00:00,106.4208
2011-09-24 09:00:00,109.13528
2011-09-24 10:00:00,109.13528
2011-09-24 11:00:00,149.88104
2011-09-24 12:00:00,149.88104
2011-09-24 13:00:00,168.69617
2011-09-24 14:00:00,236.83002
2011-09-24 15:00:00,236.83002
2011-09-24 16:00:00,186.89525
2011-09-24 17:00:00,183.93214
2011-09-24 18:00:00,146.47278
2011-09-24 19:00:00,91.8505
2011-09-24 20:00:00,125.04177
2011-09-24 21:00:00,106.87179
2011-09-24 22:00:00,125.91936
2011-09-24 23:00:00,109.13528
2011-09-25 00:00:00,123.84881
2011-09-25 01:00:00,112.71749
2011-09-25 02:00:00,116.981125
2011-09-25 03:00:00,116.981125
2011-09-25 04:00:00,109.023605
2011-09-25 05:00:00,78.82905
2011-09-25 06:00:00,112.71749
2011-09-25 07:00:00,83.501434
2011-09-25 08:00:00,125.91936
2011-09-25 09:00:00,165.11919
2011-09-25 10:00:00,165.11919
2011-09-25 11:00:00,198.00378
2011-09-25 12:00:00,221.47084
2011-09-25 13:00:00,268.67416
2011-09-25 14:00:00,221.47084
2011-09-25 15:00:00,221.47084
2011-09-25 16:00:00,255.97937
2011-09-25 17:00:00,217.92023
2011-09-25 18:00:00,217.92023
2011-09-25 19:00:00,115.05018
2011-09-25 20:00:00,100.05027
2011-09-25 21:00:00,56.487816
2011-09-25 22:00:00,78.619934
2011-09-25 23:00:00,84.60606
2011-09-26 00:00:00,112.64225
2011-09-26 01:00:00,165.07585
2011-09-26 02:00:00,165.07585
2011-09-26 03:00:00,112.64226
2011-09-26 04:00:00,114.84672
2011-09-26 05:00:00,145.60544
2011-09-26 06:00:00,114.84671
2011-09-26 07:00:00,112.64225
2011-09-26 08:00:00,112.64225
2011-09-26 09:00:00,179.06898
2011-09-26 10:00:00,179.06898
2011-09-26 11:00:00,234.0792
2011-09-26 12:00:00,251.0041
2011-09-26 13:00:00,279.09296
2011-09-26 14:00:00,287.85077
2011-09-26 15:00:00,326.49557
2011-09-26 16:00:00,312.698
2011-09-26 17:00:00,286.16058
2011-09-26 18:00:00,165.14088
2011-09-26 19:00:00,165.53484
2011-09-26 20:00:00,129.97513
2011-09-26 21:00:00,129.97513
2011-09-26 22:00:00,101.24818
2011-09-26 23:00:00,101.24818
2011-09-27 00:00:00,101.24818
2011-09-27 01:00:00,107.09916
2011-09-27 02:00:00,92.78863
2011-09-27 03:00:00,112.64225
2011-09-27 04:00:00,152.27483
2011-09-27 05:00:00,152.27483
2011-09-27 06:00:00,120.38392
2011-09-27 07:00:00,120.38392
2011-09-27 08:00:00,158.80045
2011-09-27 09:00:00,191.27051
2011-09-27 10:00:00,165.37021
2011-09-27 11:00:00,159.05612
2011-09-27 12:00:00,166.71501
2011-09-27 13:00:00,278.37488
2011-09-27 14:00:00,248.85922
2011-09-27 15:00:00,210.14832
2011-09-27 16:00:00,219.59906
2011-09-27 17:00:00,179.4163
2011-09-27 18:00:00,177.32224
2011-09-27 19:00:00,166.11705
2011-09-27 20:00:00,183.69948
2011-09-27 21:00:00,141.23091
2011-09-27 22:00:00,121.36516
2011-09-27 23:00:00,121.36516
2011-09-28 00:00:00,110.58279
2011-09-28 01:00:00,110.58279
2011-09-28 02:00:00,164.71422
2011-09-28 03:00:00,110.391365
2011-09-28 04:00:00,110.58279
2011-09-28 05:00:00,107.54888
2011-09-28 06:00:00,148.92267
2011-09-28 07:00:00,148.92267
2011-09-28 08:00:00,150.13368
2011-09-28 09:00:00,150.13368
2011-09-28 10:00:00,112.64225
2011-09-28 11:00:00,211.66574
2011-09-28 12:00:00,222.81203
2011-09-28 13:00:00,269.89676
2011-09-28 14:00:00,331.3197
2011-09-28 15:00:00,286.16058
2011-09-28 16:00:00,287.9084
2011-09-28 17:00:00,287.17914
2011-09-28 18:00:00,223.53162
2011-09-28 19:00:00,223.53162
2011-09-28 20:00:00,205.95055
2011-09-28 21:00:00,178.11005
2011-09-28 22:00:00,121.36516
2011-09-28 23:00:00,97.866066
2011-09-29 00:00:00,110.87176
2011-09-29 01:00:00,105.73139
2011-09-29 02:00:00,105.73139
2011-09-29 03:00:00,129.71082
2011-09-29 04:00:00,182.57642
2011-09-29 05:00:00,164.18161
2011-09-29 06:00:00,159.23294
2011-09-29 07:00:00,137.64752
2011-09-29 08:00:00,141.23091
2011-09-29 09:00:00,240.70227
2011-09-29 10:00:00,312.01926
2011-09-29 11:00:00,327.50235
2011-09-29 12:00:00,331.45316
2011-09-29 13:00:00,329.9742
2011-09-29 14:00:00,377.23987
2011-09-29 15:00:00,423.50458
2011-09-29 16:00:00,444.93826
2011-09-29 17:00:00,390.06845
2011-09-29 18:00:00,413.58856
2011-09-29 19:00:00,356.20847
2011-09-29 20:00:00,353.83087
2011-09-29 21:00:00,323.2214
2011-09-29 22:00:00,254.80034
2011-09-29 23:00:00,217.53427
2011-09-30 00:00:00,173.0048
2011-09-30 01:00:00,210.71768
2011-09-30 02:00:00,173.0048
2011-09-30 03:00:00,173.00479
2011-09-30 04:00:00,194.36096
2011-09-30 05:00:00,194.36096
2011-09-30 06:00:00,196.05887
2011-09-30 07:00:00,196.05887
2011-09-30 08:00:00,225.22018
2011-09-30 09:00:00,257.6194
2011-09-30 10:00:00,300.50748
2011-09-30 11:00:00,341.8723
2011-09-30 12:00:00,347.90762
2011-09-30 13:00:00,386.90985
2011-09-30 14:00:00,381.0553
2011-09-30 15:00:00,365.478
2011-09-30 16:00:00,349.12897
2011-09-30 17:00:00,353.37466
2011-09-30 18:00:00,333.16333
2011-09-30 19:00:00,303.7423
2011-09-30 20:00:00,303.7423
2011-09-30 21:00:00,305.90494
2011-09-30 22:00:00,284.1207
2011-09-30 23:00:00,284.1207
2011-10-20 00:00:00,159.75012
2011-10-20 01:00:00,188.16957
2011-10-20 02:00:00,190.6846
2011-10-20 03:00:00,197.31429
2011-10-20 04:00:00,197.31429
2011-10-20 05:00:00,192.77235
2011-10-20 06:00:00,189.58882
2011-10-20 07:00:00,194.35312
2011-10-20 08:00:00,229.29965
2011-10-20 09:00:00,226.31146
2011-10-20 10:00:00,259.5205
2011-10-20 11:00:00,280.14682
2011-10-20 12:00:00,315.75323
2011-10-20 13:00:00,345.9406
2011-10-20 14:00:00,308.46204
2011-10-20 15:00:00,288.75458
2011-10-20 16:00:00,288.75458
2011-10-20 17:00:00,298.3131
2011-10-20 18:00:00,282.57037
2011-10-20 19:00:00,277.9268
2011-10-20 20:00:00,281.27518
2011-10-20 21:00:00,269.8553
2011-10-20 22:00:00,271.14874
2011-10-20 23:00:00,248.04843
2011-10-21 00:00:00,227.57344
2011-10-21 01:00:00,230.83072
2011-10-21 02:00:00,218.44296
2011-10-21 03:00:00,167.34238
2011-10-21 04:00:00,173.02295
2011-10-21 05:00:00,165.46318
2011-10-21 06:00:00,173.02295
2011-10-21 07:00:00,173.02295
2011-10-21 08:00:00,234.97833
2011-10-21 09:00:00,284.88916
2011-10-21 10:00:00,301.7427
2011-10-21 11:00:00,325.48056
2011-10-21 12:00:00,316.03644
2011-10-21 13:00:00,295.08765
2011-10-21 14:00:00,342.172
2011-10-21 15:00:00,315.9062
2011-10-21 16:00:00,319.46475
2011-10-21 17:00:00,288.714
2011-10-21 18:00:00,274.1245
2011-10-21 19:00:00,267.006
2011-10-21 20:00:00,278.41794
2011-10-21 21:00:00,265.472
2011-10-21 22:00:00,280.14136
2011-10-21 23:00:00,230.83072
2011-10-22 00:00:00,208.45573
2011-10-22 01:00:00,208.45573
2011-10-22 02:00:00,200.207
2011-10-22 03:00:00,223.14168
2011-10-22 04:00:00,197.18729
2011-10-22 05:00:00,220.41132
2011-10-22 06:00:00,150.90396
2011-10-22 07:00:00,138.44495
2011-10-22 08:00:00,190.5303
2011-10-22 09:00:00,213.44528
2011-10-22 10:00:00,272.68716
2011-10-22 11:00:00,272.68716
2011-10-22 12:00:00,280.96973
2011-10-22 13:00:00,418.31036
2011-10-22 14:00:00,311.1261
2011-10-22 15:00:00,287.3715
2011-10-22 16:00:00,337.07947
2011-10-22 17:00:00,276.90268
2011-10-22 18:00:00,279.54694
2011-10-22 19:00:00,241.9289
2011-10-22 20:00:00,239.0579
2011-10-22 21:00:00,138.38956
2011-10-22 22:00:00,138.38956
2011-10-22 23:00:00,99.63558
2011-10-23 00:00:00,86.78334
2011-10-23 01:00:00,86.78334
2011-10-23 02:00:00,118.453926
2011-10-23 03:00:00,84.89329
2011-10-23 04:00:00,84.89329
2011-10-23 05:00:00,79.909294
2011-10-23 06:00:00,110.99346
2011-10-23 07:00:00,118.453926
2011-10-23 08:00:00,129.14656
2011-10-23 09:00:00,138.38956
2011-10-23 10:00:00,190.21922
2011-10-23 11:00:00,193.07567
2011-10-23 12:00:00,247.72691
2011-10-23 13:00:00,289.33643
2011-10-23 14:00:00,284.94678
2011-10-23 15:00:00,308.5536
2011-10-23 16:00:00,289.33643
2011-10-23 17:00:00,252.23874
2011-10-23 18:00:00,254.2831
2011-10-23 19:00:00,163.46251
2011-10-23 20:00:00,188.93765
2011-10-23 21:00:00,188.93765
2011-10-23 22:00:00,147.71399
2011-10-23 23:00:00,158.69507
2011-10-24 00:00:00,181.89551
2011-10-24 01:00:00,163.62337
2011-10-24 02:00:00,150.71124
2011-10-24 03:00:00,154.30974
2011-10-24 04:00:00,128.33315
2011-10-24 05:00:00,113.573265
2011-10-24 06:00:00,150.71124
2011-10-24 07:00:00,136.42332
2011-10-24 08:00:00,163.59436
2011-10-24 09:00:00,184.2603
2011-10-24 10:00:00,187.16884
2011-10-24 11:00:00,261.8582
2011-10-24 12:00:00,295.01224
2011-10-24 13:00:00,289.74872
2011-10-24 14:00:00,299.20572
2011-10-24 15:00:00,311.48355
2011-10-24 16:00:00,286.31488
2011-10-24 17:00:00,272.91492
2011-10-24 18:00:00,313.3302
2011-10-24 19:00:00,244.52924
2011-10-24 20:00:00,180.77963
2011-10-24 21:00:00,142.55853
2011-10-24 22:00:00,224.60254
2011-10-24 23:00:00,212.16763
2011-10-25 00:00:00,201.74178
2011-10-25 01:00:00,201.74178
2011-10-25 02:00:00,166.98267
2011-10-25 03:00:00,109.10848
2011-10-25 04:00:00,154.86969
2011-10-25 05:00:00,154.86969
2011-10-25 06:00:00,154.02344
2011-10-25 07:00:00,187.04907
2011-10-25 08:00:00,225.55516
2011-10-25 09:00:00,284.45343
2011-10-25 10:00:00,296.09857
2011-10-25 11:00:00,311.57544
2011-10-25 12:00:00,371.12543
2011-10-25 13:00:00,394.02966
2011-10-25 14:00:00,376.78784
2011-10-25 15:00:00,374.53128
2011-10-25 16:00:00,393.26154
2011-10-25 17:00:00,374.53128
2011-10-25 18:00:00,351.3636
2011-10-25 19:00:00,249.98509
2011-10-25 20:00:00,256.10635
2011-10-25 21:00:00,224.129
2011-10-25 22:00:00,241.58348
2011-10-25 23:00:00,224.129
2011-10-26 00:00:00,217.34903
2011-10-26 01:00:00,225.51192
2011-10-26 02:00:00,239.68472
2011-10-26 03:00:00,229.64871
2011-10-26 04:00:00,213.1788
2011-10-26 05:00:00,210.54007
2011-10-26 06:00:00,210.54007
2011-10-26 07:00:00,217.35422
2011-10-26 08:00:00,246.20099
2011-10-26 09:00:00,269.0708
2011-10-26 10:00:00,280.5996
2011-10-26 11:00:00,273.87164
2011-10-26 12:00:00,344.56735
2011-10-26 13:00:00,328.43872
2011-10-26 14:00:00,233.03433
2011-10-26 15:00:00,233.03433
2011-10-26 16:00:00,248.72989
2011-10-26 17:00:00,251.78625
2011-10-26 18:00:00,228.75674
2011-10-26 19:00:00,152.1887
2011-10-26 20:00:00,111.92421
2011-10-26 21:00:00,233.03433
2011-10-26 22:00:00,155.28078
2011-10-26 23:00:00,155.28078
2011-10-27 00:00:00,85.314735
2011-10-27 01:00:00,85.314735
2011-10-27 02:00:00,132.11313
2011-10-27 03:00:00,132.11313
2011-10-27 04:00:00,185.37173
2011-10-27 05:00:00,184.23457
2011-10-27 06:00:00,244.37784
2011-10-27 07:00:00,120.716385
2011-10-27 08:00:00,165.92738
2011-10-27 09:00:00,212.98186
2011-10-27 10:00:00,173.7007
2011-10-27 11:00:00,182.07663
2011-10-27 12:00:00,182.07663
2011-10-27 13:00:00,171.60022
2011-10-27 14:00:00,189.37198
2011-10-27 15:00:00,206.80942
2011-10-27 16:00:00,272.3714
2011-10-27 17:00:00,217.24536
2011-10-27 18:00:00,230.62724
2011-10-27 19:00:00,225.38455
2011-10-27 20:00:00,225.50021
2011-10-27 21:00:00,233.78137
2011-10-27 22:00:00,174.47687
2011-10-27 23:00:00,198.34296
2011-10-28 00:00:00,189.07718
2011-10-28 01:00:00,177.85274
2011-10-28 02:00:00,177.18886
2011-10-28 03:00:00,158.76613
2011-10-28 04:00:00,168.6771
2011-10-28 05:00:00,191.28467
2011-10-28 06:00:00,157.89413
2011-10-28 07:00:00,157.89413
2011-10-28 08:00:00,182.52461
2011-10-28 09:00:00,204.209
2011-10-28 10:00:00,211.20572
2011-10-28 11:00:00,245.52972
2011-10-28 12:00:00,302.77356
2011-10-28 13:00:00,288.69543
2011-10-28 14:00:00,265.51642
2011-10-28 15:00:00,263.67596
2011-10-28 16:00:00,272.70676
2011-10-28 17:00:00,271.45004
2011-10-28 18:00:00,256.20773
2011-10-28 19:00:00,271.45004
2011-10-28 20:00:00,211.27164
2011-10-28 21:00:00,176.52866
2011-10-28 22:00:00,138.86603
2011-10-28 23:00:00,103.17776
2011-10-29 00:00:00,62.839447
2011-10-29 01:00:00,68.245155
2011-10-29 02:00:00,68.245155
2011-10-29 03:00:00,67.514084
2011-10-29 04:00:00,67.514084
2011-10-29 05:00:00,40.185806
2011-10-29 06:00:00,45.57987
2011-10-29 07:00:00,45.57987
2011-10-29 08:00:00,55.808723
2011-10-29 09:00:00,55.808723
2011-10-29 10:00:00,45.357204
2011-10-29 11:00:00,34.00357
2011-10-29 12:00:00,30.095272
2011-10-29 13:00:00,31.709957
2011-10-29 14:00:00,28.05077
2011-10-29 15:00:00,52.87958
2011-10-29 16:00:00,33.66503
2011-10-29 17:00:00,33.66503
2011-10-29 18:00:00,33.66503
2011-10-29 19:00:00,44.29786
2011-10-29 20:00:00,44.29786
2011-10-29 21:00:00,44.297848
2011-10-29 22:00:00,54.660294
2011-10-29 23:00:00,60.96278
2011-10-30 00:00:00,54.660294
2011-10-30 01:00:00,50.422012
2011-10-30 02:00:00,46.484333
2011-10-30 03:00:00,61.807564
2011-10-30 04:00:00,49.503456
2011-10-30 05:00:00,59.99877
2011-10-30 06:00:00,63.417587
2011-10-30 07:00:00,52.337543
2011-10-30 08:00:00,86.25102
2011-10-30 09:00:00,123.23799
2011-10-30 10:00:00,150.53056
2011-10-30 11:00:00,208.78491
2011-10-30 12:00:00,250.64452
2011-10-30 13:00:00,289.89734
2011-10-30 14:00:00,337.78595
2011-10-30 15:00:00,357.10638
2011-10-30 16:00:00,368.87646
2011-10-30 17:00:00,339.00388
2011-10-30 18:00:00,292.85822
2011-10-30 19:00:00,329.81653
2011-10-30 20:00:00,232.63852
2011-10-30 21:00:00,134.2402
2011-10-30 22:00:00,79.54611
2011-10-30 23:00:00,53.408165
2011-10-31 00:00:00,81.73824
2011-10-31 01:00:00,81.118225
2011-10-31 02:00:00,77.272064
2011-10-31 03:00:00,119.82086
2011-10-31 04:00:00,77.27205
2011-10-31 05:00:00,75.370705
2011-10-31 06:00:00,77.272064
2011-10-31 07:00:00,79.75321
2011-10-31 08:00:00,101.44004
2011-10-31 09:00:00,159.47379
2011-10-31 10:00:00,243.64766
2011-10-31 11:00:00,289.72467
2011-10-31 12:00:00,292.8417
2011-10-31 13:00:00,307.467
2011-10-31 14:00:00,296.4605
2011-10-31 15:00:00,304.95328
2011-10-31 16:00:00,280.14136
2011-10-31 17:00:00,285.58505
2011-10-31 18:00:00,238.97623
2011-10-31 19:00:00,238.97623
2011-10-31 20:00:00,238.97623
2011-10-31 21:00:00,170.95618
2011-10-31 22:00:00,170.95618
2011-10-31 23:00:00,170.95618
2011-11-20 00:00:00,180.7979
2011-11-20 01:00:00,200.207
2011-11-20 02:00:00,205.56633
2011-11-20 03:00:00,202.01128
2011-11-20 04:00:00,188.47229
2011-11-20 05:00:00,203.93405
2011-11-20 06:00:00,201.23727
2011-11-20 07:00:00,190.64798
2011-11-20 08:00:00,195.1999
2011-11-20 09:00:00,183.70172
2011-11-20 10:00:00,230.07169
2011-11-20 11:00:00,286.85242
2011-11-20 12:00:00,280.5503
2011-11-20 13:00:00,293.0127
2011-11-20 14:00:00,240.12117
2011-11-20 15:00:00,251.21796
2011-11-20 16:00:00,287.35303
2011-11-20 17:00:00,272.51044
2011-11-20 18:00:00,277.13766
2011-11-20 19:00:00,239.1447
2011-11-20 20:00:00,269.10403
2011-11-20 21:00:00,197.76863
2011-11-20 22:00:00,129.47672
2011-11-20 23:00:00,129.47672
2011-11-21 00:00:00,103.147804
2011-11-21 01:00:00,151.55246
2011-11-21 02:00:00,142.48938
2011-11-21 03:00:00,133.00679
2011-11-21 04:00:00,133.00679
2011-11-21 05:00:00,94.724236
2011-11-21 06:00:00,98.58892
2011-11-21 07:00:00,146.95786
2011-11-21 08:00:00,103.147804
2011-11-21 09:00:00,122.37997
2011-11-21 10:00:00,189.37198
2011-11-21 11:00:00,206.80942
2011-11-21 12:00:00,245.2119
2011-11-21 13:00:00,245.2119
2011-11-21 14:00:00,201.47873
2011-11-21 15:00:00,149.7473
2011-11-21 16:00:00,149.7473
2011-11-21 17:00:00,143.18544
2011-11-21 18:00:00,157.39978
2011-11-21 19:00:00,146.97916
2011-11-21 20:00:00,156.13152
2011-11-21 21:00:00,157.25803
2011-11-21 22:00:00,155.8986
2011-11-21 23:00:00,157.25803
2011-11-22 00:00:00,138.11385
2011-11-22 01:00:00,145.56723
2011-11-22 02:00:00,128.79298
2011-11-22 03:00:00,128.79298
2011-11-22 04:00:00,146.66125
2011-11-22 05:00:00,146.66125
2011-11-22 06:00:00,136.42332
2011-11-22 07:00:00,143.21751
2011-11-22 08:00:00,143.21751
2011-11-22 09:00:00,128.33582
2011-11-22 10:00:00,128.33582
2011-11-22 11:00:00,145.56723
2011-11-22 12:00:00,125.87821
2011-11-22 13:00:00,124.22793
2011-11-22 14:00:00,124.22793
2011-11-22 15:00:00,127.66684
2011-11-22 16:00:00,127.66684
2011-11-22 17:00:00,120.60437
2011-11-22 18:00:00,112.016045
2011-11-22 19:00:00,135.41501
2011-11-22 20:00:00,147.67847
2011-11-22 21:00:00,150.0609
2011-11-22 22:00:00,148.15256
2011-11-22 23:00:00,163.03687
2011-11-23 00:00:00,163.03687
2011-11-23 01:00:00,157.41565
2011-11-23 02:00:00,146.4498
2011-11-23 03:00:00,146.44977
2011-11-23 04:00:00,165.75383
2011-11-23 05:00:00,156.14772
2011-11-23 06:00:00,94.724236
2011-11-23 07:00:00,105.28713
2011-11-23 08:00:00,122.37997
2011-11-23 09:00:00,144.3977
2011-11-23 10:00:00,144.3977
2011-11-23 11:00:00,217.5632
2011-11-23 12:00:00,276.29605
2011-11-23 13:00:00,269.267
2011-11-23 14:00:00,270.8423
2011-11-23 15:00:00,264.1271
2011-11-23 16:00:00,235.04456
2011-11-23 17:00:00,196.80013
2011-11-23 18:00:00,242.29265
2011-11-23 19:00:00,252.94412
2011-11-23 20:00:00,214.5232
2011-11-23 21:00:00,219.03278
2011-11-23 22:00:00,194.96985
2011-11-23 23:00:00,202.86362
2011-11-24 00:00:00,159.19656
2011-11-24 01:00:00,165.834
2011-11-24 02:00:00,126.46689
2011-11-24 03:00:00,85.42831
2011-11-24 04:00:00,136.22353
2011-11-24 05:00:00,135.57059
2011-11-24 06:00:00,136.22353
2011-11-24 07:00:00,60.87949
2011-11-24 08:00:00,103.777626
2011-11-24 09:00:00,171.40381
2011-11-24 10:00:00,227.13998
2011-11-24 11:00:00,322.77982
2011-11-24 12:00:00,387.27573
2011-11-24 13:00:00,424.21167
2011-11-24 14:00:00,424.42688
2011-11-24 15:00:00,444.9055
2011-11-24 16:00:00,413.32397
2011-11-24 17:00:00,444.39917
2011-11-24 18:00:00,327.1237
2011-11-24 19:00:00,301.86197
2011-11-24 20:00:00,133.18065
2011-11-24 21:00:00,140.37927
2011-11-24 22:00:00,140.37927
2011-11-24 23:00:00,110.97799
2011-11-25 00:00:00,159.32742
2011-11-25 01:00:00,123.59442
2011-11-25 02:00:00,130.3833
2011-11-25 03:00:00,130.30032
2011-11-25 04:00:00,141.29544
2011-11-25 05:00:00,91.86321
2011-11-25 06:00:00,123.856834
2011-11-25 07:00:00,81.118225
2011-11-25 08:00:00,141.88507
2011-11-25 09:00:00,108.19123
2011-11-25 10:00:00,173.02295
2011-11-25 11:00:00,238.15765
2011-11-25 12:00:00,312.703
2011-11-25 13:00:00,325.48056
2011-11-25 14:00:00,363.75864
2011-11-25 15:00:00,380.667
2011-11-25 16:00:00,357.45444
2011-11-25 17:00:00,363.18356
2011-11-25 18:00:00,326.5388
2011-11-25 19:00:00,250.8468
2011-11-25 20:00:00,272.4179
2011-11-25 21:00:00,191.44519
2011-11-25 22:00:00,155.85756
2011-11-25 23:00:00,149.68436
2011-11-26 00:00:00,130.80476
2011-11-26 01:00:00,117.84551
2011-11-26 02:00:00,112.50935
2011-11-26 03:00:00,74.90121
2011-11-26 04:00:00,74.90121
2011-11-26 05:00:00,113.53921
2011-11-26 06:00:00,121.71442
2011-11-26 07:00:00,76.11883
2011-11-26 08:00:00,117.84551
2011-11-26 09:00:00,127.64265
2011-11-26 10:00:00,102.4416
2011-11-26 11:00:00,228.3281
2011-11-26 12:00:00,349.50232
2011-11-26 13:00:00,411.7905
2011-11-26 14:00:00,329.9279
2011-11-26 15:00:00,373.88586
2011-11-26 16:00:00,327.46243
2011-11-26 17:00:00,327.46243
2011-11-26 18:00:00,240.84946
2011-11-26 19:00:00,204.75203
2011-11-26 20:00:00,331.92224
2011-11-26 21:00:00,120.9105
2011-11-26 22:00:00,172.18982
2011-11-26 23:00:00,102.4416
2011-11-27 00:00:00,102.4416
2011-11-27 01:00:00,102.4416
2011-11-27 02:00:00,97.72235
2011-11-27 03:00:00,84.89329
2011-11-27 04:00:00,122.047264
2011-11-27 05:00:00,132.90636
2011-11-27 06:00:00,146.64471
2011-11-27 07:00:00,147.03423
2011-11-27 08:00:00,164.97647
2011-11-27 09:00:00,195.48354
2011-11-27 10:00:00,195.48354
2011-11-27 11:00:00,234.09857
2011-11-27 12:00:00,278.14447
2011-11-27 13:00:00,273.1518
2011-11-27 14:00:00,433.96957
2011-11-27 15:00:00,448.51776
2011-11-27 16:00:00,316.76965
2011-11-27 17:00:00,291.60257
2011-11-27 18:00:00,249.56131
2011-11-27 19:00:00,215.71863
2011-11-27 20:00:00,232.5698
2011-11-27 21:00:00,208.60252
2011-11-27 22:00:00,193.39786
2011-11-27 23:00:00,193.39786
2011-11-28 00:00:00,205.15897
2011-11-28 01:00:00,204.14987
2011-11-28 03:00:00,170.98969
2011-11-28 04:00:00,165.67436
2011-11-28 05:00:00,109.10848
2011-11-28 06:00:00,161.6068
2011-11-28 07:00:00,103.62374
2011-11-28 08:00:00,109.035065
2011-11-28 09:00:00,168.68935
2011-11-28 10:00:00,240.48941
2011-11-28 11:00:00,295.01227
2011-11-28 12:00:00,317.5737
2011-11-28 13:00:00,338.65878
2011-11-28 14:00:00,335.7507
2011-11-28 15:00:00,318.38458
2011-11-28 16:00:00,306.06705
2011-11-28 17:00:00,322.93243
2011-11-28 18:00:00,289.2187
2011-11-28 19:00:00,247.50583
2011-11-28 20:00:00,242.76215
2011-11-28 21:00:00,232.43896
2011-11-28 22:00:00,206.80942
2011-11-28 23:00:00,211.71571
2011-11-29 00:00:00,144.44295
2011-11-29 01:00:00,166.07538
2011-11-29 02:00:00,147.38174
2011-11-29 03:00:00,147.38174
2011-11-29 04:00:00,186.39116
2011-11-29 05:00:00,181.43152
2011-11-29 06:00:00,191.86443
2011-11-29 07:00:00,223.00745
2011-11-29 08:00:00,212.28162
2011-11-29 09:00:00,216.3364
2011-11-29 10:00:00,216.3364
2011-11-29 11:00:00,165.99878
2011-11-29 12:00:00,163.1291
2011-11-29 13:00:00,188.71336
2011-11-29 14:00:00,146.97916
2011-11-29 15:00:00,148.9414
2011-11-29 16:00:00,156.1315
2011-11-29 17:00:00,162.21667
2011-11-29 18:00:00,172.36725
2011-11-29 19:00:00,170.48439
2011-11-29 20:00:00,163.34995
2011-11-29 21:00:00,163.34995
2011-11-29 22:00:00,180.7351
2011-11-29 23:00:00,157.61792
2011-11-30 00:00:00,211.1143
2011-11-30 01:00:00,182.24362
2011-11-30 02:00:00,163.86053
2011-11-30 03:00:00,163.86053
2011-11-30 04:00:00,152.80553
2011-11-30 05:00:00,145.58528
2011-11-30 06:00:00,125.9262
2011-11-30 07:00:00,123.856834
2011-11-30 08:00:00,145.58528
2011-11-30 09:00:00,149.8424
2011-11-30 10:00:00,185.39374
2011-11-30 11:00:00,243.42734
2011-11-30 12:00:00,233.2676
2011-11-30 13:00:00,285.71967
2011-11-30 14:00:00,285.71967
2011-11-30 15:00:00,253.32162
2011-11-30 16:00:00,245.75449
2011-11-30 17:00:00,239.58691
2011-11-30 18:00:00,235.42279
2011-11-30 19:00:00,216.2786
2011-11-30 20:00:00,216.2786
2011-11-30 21:00:00,222.52498
2011-11-30 22:00:00,193.80658
2011-11-30 23:00:00,194.30292
2011-12-20 00:00:00,252.78394
2011-12-20 01:00:00,269.5552
2011-12-20 02:00:00,264.75113
2011-12-20 03:00:00,264.75113
2011-12-20 04:00:00,274.73145
2011-12-20 05:00:00,281.21997
2011-12-20 06:00:00,281.21994
2011-12-20 07:00:00,277.99094
2011-12-20 08:00:00,299.05115
2011-12-20 09:00:00,265.11014
2011-12-20 10:00:00,266.82855
2011-12-20 11:00:00,254.21066
2011-12-20 12:00:00,302.35022
2011-12-20 13:00:00,302.35022
2011-12-20 14:00:00,296.96423
2011-12-20 15:00:00,322.2216
2011-12-20 16:00:00,308.53656
2011-12-20 17:00:00,240.27753
2011-12-20 18:00:00,213.9862
2011-12-20 19:00:00,243.04068
2011-12-20 20:00:00,229.017
2011-12-20 21:00:00,212.98651
2011-12-20 22:00:00,265.11014
2011-12-20 23:00:00,289.7377
2011-12-21 00:00:00,115.433815
2011-12-21 01:00:00,123.41219
2011-12-21 02:00:00,111.587776
2011-12-21 03:00:00,111.587776
2011-12-21 04:00:00,111.587776
2011-12-21 05:00:00,119.953285
2011-12-21 06:00:00,103.35164
2011-12-21 07:00:00,106.19447
2011-12-21 08:00:00,108.66367
2011-12-21 09:00:00,118.303215
2011-12-21 10:00:00,161.09268
2011-12-21 11:00:00,161.09268
2011-12-21 12:00:00,122.61309
2011-12-21 13:00:00,107.66004
2011-12-21 14:00:00,142.8846
2011-12-21 15:00:00,145.72354
2011-12-21 16:00:00,96.98873
2011-12-21 17:00:00,96.98873
2011-12-21 18:00:00,113.08208
2011-12-21 19:00:00,144.60135
2011-12-21 20:00:00,143.37524
2011-12-21 21:00:00,164.19173
2011-12-21 22:00:00,164.44165
2011-12-21 23:00:00,161.42836
2011-12-22 00:00:00,160.32755
2011-12-22 01:00:00,117.487305
2011-12-22 02:00:00,151.52208
2011-12-22 03:00:00,162.06963
2011-12-22 04:00:00,119.04749
2011-12-22 05:00:00,102.5572
2011-12-22 06:00:00,94.04459
2011-12-22 07:00:00,87.562004
2011-12-22 08:00:00,103.35164
2011-12-22 09:00:00,113.40272
2011-12-22 10:00:00,126.10587
2011-12-22 11:00:00,131.28072
2011-12-22 12:00:00,173.40477
2011-12-22 13:00:00,154.65443
2011-12-22 14:00:00,154.65443
2011-12-22 15:00:00,168.86517
2011-12-22 16:00:00,154.65443
2011-12-22 17:00:00,150.21193
2011-12-22 18:00:00,149.61952
2011-12-22 19:00:00,148.82959
2011-12-22 20:00:00,143.02966
2011-12-22 21:00:00,143.02966
2011-12-22 22:00:00,101.84415
2011-12-22 23:00:00,116.090416
2011-12-23 00:00:00,112.29136
2011-12-23 01:00:00,112.29136
2011-12-23 02:00:00,107.57163
2011-12-23 03:00:00,107.57163
2011-12-23 04:00:00,84.97951
2011-12-23 05:00:00,95.98162
2011-12-23 06:00:00,125.65131
2011-12-23 07:00:00,123.884056
2011-12-23 08:00:00,141.01984
2011-12-23 09:00:00,148.16864
2011-12-23 10:00:00,159.51411
2011-12-23 11:00:00,175.18814
2011-12-23 12:00:00,187.37958
2011-12-23 13:00:00,181.56541
2011-12-23 14:00:00,172.27898
2011-12-23 15:00:00,157.44554
2011-12-23 16:00:00,149.85686
2011-12-23 17:00:00,132.84589
2011-12-23 18:00:00,134.74728
2011-12-23 19:00:00,126.6786
2011-12-23 20:00:00,128.66873
2011-12-23 21:00:00,117.7844
2011-12-23 22:00:00,118.28422
2011-12-23 23:00:00,118.01031
2011-12-24 00:00:00,79.65786
2011-12-24 01:00:00,82.748375
2011-12-24 02:00:00,93.38593
2011-12-24 03:00:00,87.99749
2011-12-24 04:00:00,88.3197
2011-12-24 05:00:00,88.3197
2011-12-24 06:00:00,60.19638
2011-12-24 07:00:00,73.09398
2011-12-24 08:00:00,57.616364
2011-12-24 09:00:00,130.27193
2011-12-24 10:00:00,128.80728
2011-12-24 11:00:00,138.96967
2011-12-24 12:00:00,139.7273
2011-12-24 13:00:00,139.54947
2011-12-24 14:00:00,139.54947
2011-12-24 15:00:00,126.85819
2011-12-24 16:00:00,124.42103
2011-12-24 17:00:00,106.626564
2011-12-24 18:00:00,118.8706
2011-12-24 19:00:00,101.83683
2011-12-24 20:00:00,80.72872
2011-12-24 21:00:00,77.767914
2011-12-24 22:00:00,65.79104
2011-12-24 23:00:00,63.894318
2011-12-25 00:00:00,59.09223
2011-12-25 01:00:00,44.66586
2011-12-25 02:00:00,44.04133
2011-12-25 03:00:00,50.363895
2011-12-25 05:00:00,38.95786
2011-12-25 06:00:00,38.95786
2011-12-25 07:00:00,38.95018
2011-12-25 08:00:00,34.16632
2011-12-25 09:00:00,35.04692
2011-12-25 10:00:00,43.7042
2011-12-25 11:00:00,66.985695
2011-12-25 12:00:00,65.74087
2011-12-25 13:00:00,78.584145
2011-12-25 14:00:00,115.51299
2011-12-25 15:00:00,114.20313
2011-12-25 16:00:00,123.967094
2011-12-25 17:00:00,111.96076
2011-12-25 18:00:00,77.601295
2011-12-25 19:00:00,111.70932
2011-12-25 20:00:00,115.82005
2011-12-25 21:00:00,102.77636
2011-12-25 22:00:00,74.44582
2011-12-25 23:00:00,59.845
2011-12-26 00:00:00,36.72832
2011-12-26 01:00:00,74.40421
2011-12-26 02:00:00,108.639534
2011-12-26 04:00:00,114.554596
2011-12-26 05:00:00,127.53229
2011-12-26 06:00:00,108.804115
2011-12-26 07:00:00,105.18682
2011-12-26 08:00:00,111.41578
2011-12-26 09:00:00,114.554596
2011-12-26 10:00:00,133.51157
2011-12-26 11:00:00,125.9101
2011-12-26 12:00:00,144.27408
2011-12-26 13:00:00,155.02866
2011-12-26 14:00:00,152.83727
2011-12-26 15:00:00,162.23355
2011-12-26 16:00:00,123.118614
2011-12-26 17:00:00,108.639534
2011-12-26 18:00:00,87.93428
2011-12-26 19:00:00,67.94628
2011-12-26 20:00:00,72.724434
2011-12-26 21:00:00,45.17054
2011-12-26 22:00:00,45.170532
2011-12-26 23:00:00,51.014248
2011-12-27 00:00:00,93.8957
2011-12-27 01:00:00,94.05453
2011-12-27 02:00:00,94.05453
2011-12-27 03:00:00,96.90791
2011-12-27 04:00:00,94.48402
2011-12-27 05:00:00,93.861885
2011-12-27 06:00:00,98.61329
2011-12-27 07:00:00,94.46926
2011-12-27 08:00:00,99.926414
2011-12-27 09:00:00,100.73611
2011-12-27 10:00:00,111.45155
2011-12-27 11:00:00,100.73611
2011-12-27 12:00:00,96.37976
2011-12-27 13:00:00,85.367836
2011-12-27 14:00:00,115.04257
2011-12-27 15:00:00,115.04257
2011-12-27 16:00:00,113.175224
2011-12-27 17:00:00,122.04455
2011-12-27 18:00:00,119.42414
2011-12-27 19:00:00,97.66479
2011-12-27 20:00:00,86.79371
2011-12-27 21:00:00,91.284195
2011-12-27 22:00:00,91.284195
2011-12-27 23:00:00,78.95005
2011-12-28 00:00:00,91.55375
2011-12-28 01:00:00,103.74981
2011-12-28 02:00:00,118.50414
2011-12-28 03:00:00,118.50414
2011-12-28 05:00:00,137.48282
2011-12-28 06:00:00,121.29628
2011-12-28 07:00:00,121.29629
2011-12-28 08:00:00,137.48282
2011-12-28 09:00:00,133.45236
2011-12-28 10:00:00,124.40074
2011-12-28 11:00:00,154.39082
2011-12-28 12:00:00,164.1967
2011-12-28 13:00:00,167.54579
2011-12-28 14:00:00,152.12228
2011-12-28 15:00:00,160.38306
2011-12-28 16:00:00,153.71748
2011-12-28 17:00:00,121.34134
2011-12-28 18:00:00,125.513664
2011-12-28 19:00:00,107.918755
2011-12-28 20:00:00,103.88027
2011-12-28 21:00:00,93.092285
2011-12-28 22:00:00,94.159966
2011-12-28 23:00:00,100.74877
2011-12-29 00:00:00,77.93326
2011-12-29 01:00:00,94.87916
2011-12-29 02:00:00,92.131645
2011-12-29 03:00:00,84.81832
2011-12-29 04:00:00,87.14896
2011-12-29 05:00:00,92.97503
2011-12-29 06:00:00,79.65358
2011-12-29 07:00:00,81.62911
2011-12-29 08:00:00,84.62526
2011-12-29 09:00:00,77.14186
2011-12-29 10:00:00,77.523705
2011-12-29 11:00:00,91.76776
2011-12-29 12:00:00,93.90443
2011-12-29 13:00:00,98.96407
2011-12-29 14:00:00,121.04543
2011-12-29 15:00:00,108.92364
2011-12-29 16:00:00,114.849144
2011-12-29 17:00:00,115.32287
2011-12-29 18:00:00,114.784874
2011-12-29 19:00:00,116.68052
2011-12-29 20:00:00,102.84731
2011-12-29 21:00:00,97.56944
2011-12-29 22:00:00,105.14106
2011-12-29 23:00:00,113.21358
2011-12-30 00:00:00,98.16584
2011-12-30 01:00:00,98.37292
2011-12-30 02:00:00,89.02201
2011-12-30 03:00:00,89.02201
2011-12-30 04:00:00,88.13679
2011-12-30 05:00:00,81.13708
2011-12-30 06:00:00,88.13679
2011-12-30 07:00:00,83.83088
2011-12-30 08:00:00,83.126076
2011-12-30 09:00:00,83.385864
2011-12-30 10:00:00,108.19741
2011-12-30 11:00:00,118.28422
2011-12-30 12:00:00,122.12028
2011-12-30 13:00:00,124.78251
2011-12-30 14:00:00,147.08742
2011-12-30 15:00:00,159.38068
2011-12-30 16:00:00,178.13187
2011-12-30 17:00:00,145.39343
2011-12-30 18:00:00,132.93045
2011-12-30 19:00:00,140.21133
2011-12-30 20:00:00,116.51231
2011-12-30 21:00:00,123.41219
2011-12-30 22:00:00,111.05006
2011-12-30 23:00:00,112.592995
2011-12-31 00:00:00,128.8398
2011-12-31 01:00:00,128.68138
2011-12-31 02:00:00,128.68138
2011-12-31 03:00:00,128.68138
2011-12-31 04:00:00,120.37856
2011-12-31 05:00:00,82.83955
2011-12-31 06:00:00,113.63595
2011-12-31 07:00:00,97.45103
2011-12-31 08:00:00,67.16953
2011-12-31 09:00:00,97.34813
2011-12-31 10:00:00,118.856346
2011-12-31 11:00:00,142.79631
2011-12-31 12:00:00,316.6649
2011-12-31 13:00:00,245.5394
2011-12-31 14:00:00,186.72559
2011-12-31 15:00:00,209.35876
2011-12-31 16:00:00,179.30386
2011-12-31 17:00:00,174.0874
2011-12-31 18:00:00,170.63193
2011-12-31 19:00:00,172.14935
2011-12-31 20:00:00,172.14935
2011-12-31 21:00:00,158.55928
2011-12-31 22:00:00,134.8642
2011-12-31 23:00:00,102.36795
2012-01-20 00:00:00,99.61644
2012-01-20 01:00:00,103.67411
2012-01-20 02:00:00,103.67411
2012-01-20 03:00:00,100.18827
2012-01-20 04:00:00,93.8789
2012-01-20 05:00:00,93.8789
2012-01-20 06:00:00,95.85423
2012-01-20 07:00:00,87.644295
2012-01-20 08:00:00,88.900604
2012-01-20 09:00:00,110.271225
2012-01-20 10:00:00,90.47945
2012-01-20 11:00:00,104.32409
2012-01-20 12:00:00,99.299034
2012-01-20 13:00:00,116.306755
2012-01-20 14:00:00,101.872444
2012-01-20 15:00:00,90.41726
2012-01-20 16:00:00,80.85544
2012-01-20 17:00:00,100.55924
2012-01-20 18:00:00,89.90444
2012-01-20 19:00:00,86.60052
2012-01-20 20:00:00,89.90444
2012-01-20 21:00:00,87.24885
2012-01-20 22:00:00,85.32998
2012-01-20 23:00:00,48.3844
2012-01-21 00:00:00,27.868912
2012-01-21 01:00:00,25.569704
2012-01-21 02:00:00,45.824486
2012-01-21 03:00:00,32.757317
2012-01-21 04:00:00,35.083443
2012-01-21 05:00:00,34.563538
2012-01-21 06:00:00,31.044708
2012-01-21 07:00:00,31.044708
2012-01-21 08:00:00,25.313625
2012-01-21 09:00:00,25.313625
2012-01-21 10:00:00,23.968422
2012-01-21 11:00:00,34.582565
2012-01-21 12:00:00,34.202007
2012-01-21 13:00:00,34.916798
2012-01-21 14:00:00,32.889614
2012-01-21 15:00:00,32.889606
2012-01-21 16:00:00,35.502888
2012-01-21 17:00:00,30.934626
2012-01-21 18:00:00,31.556332
2012-01-21 19:00:00,26.102419
2012-01-21 20:00:00,31.941391
2012-01-21 21:00:00,34.198933
2012-01-21 22:00:00,32.46479
2012-01-21 23:00:00,28.53162
2012-01-22 00:00:00,28.144375
2012-01-22 01:00:00,32.46479
2012-01-22 02:00:00,33.237743
2012-01-22 03:00:00,33.673904
2012-01-22 04:00:00,22.657974
2012-01-22 05:00:00,25.663706
2012-01-22 06:00:00,29.508022
2012-01-22 07:00:00,29.508022
2012-01-22 08:00:00,29.508022
2012-01-22 09:00:00,29.508022
2012-01-22 10:00:00,28.28581
2012-01-22 11:00:00,25.917994
2012-01-22 12:00:00,27.198492
2012-01-22 13:00:00,33.30291
2012-01-22 14:00:00,31.711548
2012-01-22 15:00:00,30.393694
2012-01-22 16:00:00,30.393694
2012-01-22 17:00:00,33.637108
2012-01-22 18:00:00,34.563538
2012-01-22 19:00:00,34.563538
2012-01-22 20:00:00,31.631472
2012-01-22 21:00:00,34.563538
2012-01-22 22:00:00,32.30902
2012-01-22 23:00:00,31.82782
2012-01-23 00:00:00,78.65467
2012-01-23 01:00:00,66.239265
2012-01-23 02:00:00,66.239265
2012-01-23 03:00:00,78.65466
2012-01-23 04:00:00,80.660385
2012-01-23 05:00:00,80.310165
2012-01-23 06:00:00,80.310165
2012-01-23 07:00:00,85.30631
2012-01-23 08:00:00,66.04269
2012-01-23 09:00:00,70.53706
2012-01-23 10:00:00,78.985085
2012-01-23 11:00:00,67.524216
2012-01-23 12:00:00,81.31225
2012-01-23 13:00:00,71.03913
2012-01-23 14:00:00,60.73922
2012-01-23 15:00:00,59.761814
2012-01-23 16:00:00,66.94287
2012-01-23 17:00:00,70.26442
2012-01-23 18:00:00,68.591354
2012-01-23 19:00:00,69.2604
2012-01-23 20:00:00,65.14806
2012-01-23 21:00:00,63.537918
2012-01-23 22:00:00,63.537918
2012-01-23 23:00:00,72.58085
2012-01-24 00:00:00,70.63946
2012-01-24 01:00:00,81.10204
2012-01-24 02:00:00,80.01624
2012-01-24 03:00:00,84.864235
2012-01-24 04:00:00,79.9181
2012-01-24 05:00:00,79.9181
2012-01-24 06:00:00,80.46582
2012-01-24 07:00:00,84.86423
2012-01-24 08:00:00,84.86423
2012-01-24 09:00:00,94.151726
2012-01-24 10:00:00,86.79371
2012-01-24 11:00:00,98.28097
2012-01-24 12:00:00,97.66479
2012-01-24 13:00:00,97.66479
2012-01-24 14:00:00,112.284386
2012-01-24 15:00:00,134.14175
2012-01-24 16:00:00,141.00899
2012-01-24 17:00:00,142.88548
2012-01-24 18:00:00,141.09744
2012-01-24 19:00:00,178.53375
2012-01-24 20:00:00,93.826225
2012-01-24 21:00:00,105.92338
2012-01-24 22:00:00,90.269325
2012-01-24 23:00:00,93.826225
2012-01-25 00:00:00,78.74967
2012-01-25 01:00:00,105.97225
2012-01-25 02:00:00,100.02975
2012-01-25 03:00:00,90.54563
2012-01-25 04:00:00,96.644585
2012-01-25 05:00:00,96.644585
2012-01-25 06:00:00,88.386696
2012-01-25 07:00:00,85.928955
2012-01-25 08:00:00,91.5777
2012-01-25 09:00:00,91.5777
2012-01-25 10:00:00,79.20949
2012-01-25 11:00:00,98.61329
2012-01-25 12:00:00,121.65377
2012-01-25 13:00:00,130.17299
2012-01-25 14:00:00,128.83334
2012-01-25 15:00:00,133.48268
2012-01-25 16:00:00,126.957085
2012-01-25 17:00:00,134.73264
2012-01-25 18:00:00,118.01031
2012-01-25 19:00:00,131.09157
2012-01-25 20:00:00,119.60494
2012-01-25 21:00:00,94.98338
2012-01-25 22:00:00,109.446495
2012-01-25 23:00:00,95.40658
2012-01-26 00:00:00,92.9351
2012-01-26 01:00:00,95.82369
2012-01-26 02:00:00,88.39919
2012-01-26 03:00:00,95.76977
2012-01-26 04:00:00,86.62876
2012-01-26 05:00:00,101.93183
2012-01-26 06:00:00,92.04978
2012-01-26 07:00:00,89.24757
2012-01-26 08:00:00,89.24757
2012-01-26 09:00:00,95.71779
2012-01-26 10:00:00,91.918236
2012-01-26 11:00:00,88.06826
2012-01-26 12:00:00,103.86758
2012-01-26 13:00:00,118.862404
2012-01-26 14:00:00,136.51862
2012-01-26 15:00:00,143.41124
2012-01-26 16:00:00,135.0118
2012-01-26 17:00:00,133.005
2012-01-26 18:00:00,133.005
2012-01-26 19:00:00,132.10484
2012-01-26 20:00:00,127.69598
2012-01-26 21:00:00,132.10484
2012-01-26 22:00:00,117.08926
2012-01-26 23:00:00,113.094055
2012-01-27 00:00:00,121.15603
2012-01-27 01:00:00,118.303215
2012-01-27 02:00:00,118.148964
2012-01-27 03:00:00,114.1939
2012-01-27 04:00:00,100.385216
2012-01-27 05:00:00,111.24645
2012-01-27 06:00:00,106.13322
2012-01-27 07:00:00,106.5424
2012-01-27 08:00:00,140.55815
2012-01-27 09:00:00,140.55815
2012-01-27 10:00:00,136.2771
2012-01-27 11:00:00,141.7124
2012-01-27 12:00:00,160.63458
2012-01-27 13:00:00,203.78798
2012-01-27 14:00:00,220.85074
2012-01-27 15:00:00,195.08618
2012-01-27 16:00:00,205.64804
2012-01-27 17:00:00,203.94481
2012-01-27 18:00:00,186.09319
2012-01-27 19:00:00,156.23396
2012-01-27 20:00:00,145.30907
2012-01-27 21:00:00,157.33475
2012-01-27 22:00:00,150.44208
2012-01-27 23:00:00,149.28574
2012-01-28 00:00:00,118.782845
2012-01-28 01:00:00,111.2656
2012-01-28 02:00:00,67.31452
2012-01-28 03:00:00,76.86126
2012-01-28 04:00:00,67.32759
2012-01-28 05:00:00,46.37864
2012-01-28 06:00:00,55.965954
2012-01-28 07:00:00,49.26793
2012-01-28 08:00:00,35.60063
2012-01-28 09:00:00,47.20035
2012-01-28 10:00:00,53.200882
2012-01-28 11:00:00,102.77636
2012-01-28 12:00:00,95.79119
2012-01-28 13:00:00,124.86816
2012-01-28 14:00:00,159.59302
2012-01-28 15:00:00,162.62354
2012-01-28 16:00:00,182.65556
2012-01-28 17:00:00,185.52893
2012-01-28 18:00:00,205.2243
2012-01-28 19:00:00,199.92618
2012-01-28 20:00:00,211.14883
2012-01-28 21:00:00,198.15378
2012-01-28 22:00:00,163.73909
2012-01-28 23:00:00,164.01303
2012-01-29 00:00:00,127.98518
2012-01-29 01:00:00,164.93901
2012-01-29 02:00:00,159.59456
2012-01-29 03:00:00,123.10524
2012-01-29 04:00:00,130.27852
2012-01-29 05:00:00,61.541355
2012-01-29 06:00:00,77.581154
2012-01-29 07:00:00,78.37206
2012-01-29 08:00:00,71.012985
2012-01-29 09:00:00,66.77128
2012-01-29 10:00:00,93.51452
2012-01-29 11:00:00,140.36896
2012-01-29 12:00:00,190.33298
2012-01-29 13:00:00,190.33298
2012-01-29 14:00:00,186.58733
2012-01-29 15:00:00,227.14569
2012-01-29 16:00:00,222.70535
2012-01-29 17:00:00,222.70535
2012-01-29 18:00:00,207.91837
2012-01-29 19:00:00,166.25543
2012-01-29 20:00:00,118.71598
2012-01-29 21:00:00,136.16718
2012-01-29 22:00:00,185.58414
2012-01-29 23:00:00,140.72008
2012-01-30 00:00:00,164.057
2012-01-30 01:00:00,105.405174
2012-01-30 02:00:00,118.599846
2012-01-30 03:00:00,96.214745
2012-01-30 04:00:00,89.68251
2012-01-30 05:00:00,89.68251
2012-01-30 06:00:00,100.74877
2012-01-30 07:00:00,104.71551
2012-01-30 08:00:00,89.510254
2012-01-30 09:00:00,89.510254
2012-01-30 10:00:00,106.71809
2012-01-30 11:00:00,115.39683
2012-01-30 12:00:00,136.79672
2012-01-30 13:00:00,127.89467
2012-01-30 14:00:00,162.26544
2012-01-30 15:00:00,160.49237
2012-01-30 16:00:00,171.98108
2012-01-30 17:00:00,212.14429
2012-01-30 18:00:00,179.09398
2012-01-30 19:00:00,117.484535
2012-01-30 20:00:00,120.19448
2012-01-30 21:00:00,117.631004
2012-01-30 22:00:00,111.6798
2012-01-30 23:00:00,99.9684
2012-01-31 00:00:00,113.31782
2012-01-31 01:00:00,129.78766
2012-01-31 02:00:00,119.10493
2012-01-31 03:00:00,117.55018
2012-01-31 04:00:00,114.285614
2012-01-31 05:00:00,114.285614
2012-01-31 06:00:00,108.35319
2012-01-31 07:00:00,99.9684
2012-01-31 08:00:00,103.27501
2012-01-31 09:00:00,113.828514
2012-01-31 10:00:00,105.537964
2012-01-31 11:00:00,177.91446
2012-01-31 12:00:00,165.45107
2012-01-31 13:00:00,227.22856
2012-01-31 14:00:00,303.636
2012-01-31 15:00:00,346.4107
2012-01-31 16:00:00,346.4107
2012-01-31 17:00:00,354.86685
2012-01-31 18:00:00,364.41068
2012-01-31 19:00:00,298.37958
2012-01-31 20:00:00,147.4545
2012-01-31 21:00:00,242.93927
2012-01-31 22:00:00,218.16818
2012-01-31 23:00:00,206.91177
2012-02-20 00:00:00,42.575172
2012-02-20 01:00:00,42.575172
2012-02-20 02:00:00,42.575172
2012-02-20 03:00:00,35.845524
2012-02-20 05:00:00,47.07135
2012-02-20 06:00:00,71.97772
2012-02-20 07:00:00,46.82596
2012-02-20 08:00:00,43.097977
2012-02-20 09:00:00,43.097977
2012-02-20 10:00:00,62.659607
2012-02-20 11:00:00,88.02008
2012-02-20 12:00:00,92.0841
2012-02-20 13:00:00,107.08845
2012-02-20 14:00:00,142.10046
2012-02-20 15:00:00,152.95056
2012-02-20 16:00:00,222.23389
2012-02-20 17:00:00,249.76819
2012-02-20 18:00:00,152.95056
2012-02-20 19:00:00,152.95056
2012-02-20 20:00:00,163.4534
2012-02-20 21:00:00,121.11407
2012-02-20 22:00:00,96.018
2012-02-20 23:00:00,102.14588
2012-02-21 00:00:00,87.72253
2012-02-21 01:00:00,91.88192
2012-02-21 02:00:00,85.24514
2012-02-21 04:00:00,82.79605
2012-02-21 05:00:00,77.576904
2012-02-21 06:00:00,76.860085
2012-02-21 07:00:00,82.79605
2012-02-21 08:00:00,81.59519
2012-02-21 09:00:00,77.70426
2012-02-21 10:00:00,90.84516
2012-02-21 11:00:00,79.4009
2012-02-21 12:00:00,119.18944
2012-02-21 13:00:00,154.54558
2012-02-21 14:00:00,128.18022
2012-02-21 15:00:00,154.54558
2012-02-21 16:00:00,163.04855
2012-02-21 17:00:00,186.87424
2012-02-21 18:00:00,186.87424
2012-02-21 19:00:00,144.49014
2012-02-21 20:00:00,128.5115
2012-02-21 21:00:00,125.97062
2012-02-21 22:00:00,107.964584
2012-02-21 23:00:00,114.82251
2012-02-22 00:00:00,114.82251
2012-02-22 01:00:00,113.00545
2012-02-22 02:00:00,121.972694
2012-02-22 03:00:00,104.50308
2012-02-22 04:00:00,118.25652
2012-02-22 05:00:00,110.84734
2012-02-22 06:00:00,103.74981
2012-02-22 07:00:00,103.100044
2012-02-22 08:00:00,98.68322
2012-02-22 09:00:00,110.1034
2012-02-22 10:00:00,114.86042
2012-02-22 11:00:00,130.21582
2012-02-22 12:00:00,147.31732
2012-02-22 13:00:00,158.3202
2012-02-22 14:00:00,169.32202
2012-02-22 15:00:00,289.11984
2012-02-22 16:00:00,317.04175
2012-02-22 17:00:00,303.59412
2012-02-22 18:00:00,199.1547
2012-02-22 19:00:00,185.37527
2012-02-22 20:00:00,175.48578
2012-02-22 21:00:00,233.15817
2012-02-22 22:00:00,169.0974
2012-02-22 23:00:00,191.45435
2012-02-23 00:00:00,169.0974
2012-02-23 01:00:00,147.05385
2012-02-23 02:00:00,149.9928
2012-02-23 03:00:00,135.13162
2012-02-23 04:00:00,141.7104
2012-02-23 05:00:00,141.7104
2012-02-23 06:00:00,103.2122
2012-02-23 07:00:00,112.284386
2012-02-23 08:00:00,97.82264
2012-02-23 09:00:00,112.70283
2012-02-23 10:00:00,153.62094
2012-02-23 11:00:00,207.80057
2012-02-23 12:00:00,238.7698
2012-02-23 13:00:00,260.2309
2012-02-23 14:00:00,285.5213
2012-02-23 15:00:00,271.54755
2012-02-23 16:00:00,239.64276
2012-02-23 17:00:00,282.65506
2012-02-23 18:00:00,262.71246
2012-02-23 19:00:00,223.37343
2012-02-23 20:00:00,205.91922
2012-02-23 21:00:00,183.08348
2012-02-23 22:00:00,172.27818
2012-02-23 23:00:00,150.14014
2012-02-24 00:00:00,152.55847
2012-02-24 01:00:00,167.46051
2012-02-24 02:00:00,115.863335
2012-02-24 03:00:00,133.48743
2012-02-24 04:00:00,119.41644
2012-02-24 05:00:00,119.87693
2012-02-24 06:00:00,121.50195
2012-02-24 07:00:00,127.899025
2012-02-24 08:00:00,118.756195
2012-02-24 09:00:00,87.70432
2012-02-24 10:00:00,102.510475
2012-02-24 11:00:00,112.61725
2012-02-24 12:00:00,134.094
2012-02-24 13:00:00,143.41124
2012-02-24 14:00:00,155.68127
2012-02-24 15:00:00,112.29136
2012-02-24 16:00:00,112.29136
2012-02-24 17:00:00,121.89835
2012-02-24 18:00:00,110.273895
2012-02-24 19:00:00,133.21669
2012-02-24 20:00:00,179.64246
2012-02-24 21:00:00,176.68018
2012-02-24 22:00:00,223.0599
2012-02-24 23:00:00,197.79227
2012-02-25 00:00:00,153.43414
2012-02-25 01:00:00,143.26123
2012-02-25 02:00:00,125.2085
2012-02-25 03:00:00,123.15769
2012-02-25 04:00:00,128.26201
2012-02-25 05:00:00,109.12722
2012-02-25 06:00:00,109.12722
2012-02-25 07:00:00,116.37734
2012-02-25 08:00:00,99.608215
2012-02-25 09:00:00,32.679485
2012-02-25 10:00:00,70.1635
2012-02-25 11:00:00,131.99547
2012-02-25 12:00:00,122.29447
2012-02-25 13:00:00,176.87624
2012-02-25 14:00:00,157.88193
2012-02-25 15:00:00,177.62363
2012-02-25 16:00:00,142.13449
2012-02-25 17:00:00,145.9178
2012-02-25 18:00:00,132.48305
2012-02-25 19:00:00,124.29586
2012-02-25 20:00:00,112.97712
2012-02-25 21:00:00,109.0151
2012-02-25 22:00:00,101.201836
2012-02-25 23:00:00,97.37001
2012-02-26 00:00:00,101.57371
2012-02-26 01:00:00,97.51258
2012-02-26 02:00:00,97.51258
2012-02-26 03:00:00,94.040184
2012-02-26 04:00:00,94.040184
2012-02-26 05:00:00,86.207726
2012-02-26 06:00:00,83.52714
2012-02-26 07:00:00,55.502617
2012-02-26 08:00:00,59.393353
2012-02-26 09:00:00,78.41691
2012-02-26 10:00:00,99.13332
2012-02-26 11:00:00,117.215096
2012-02-26 12:00:00,125.01968
2012-02-26 13:00:00,161.14993
2012-02-26 14:00:00,212.66669
2012-02-26 15:00:00,244.58392
2012-02-26 16:00:00,183.06586
2012-02-26 17:00:00,193.39981
2012-02-26 18:00:00,146.0872
2012-02-26 19:00:00,164.04993
2012-02-26 20:00:00,129.38538
2012-02-26 21:00:00,116.80291
2012-02-26 22:00:00,117.26593
2012-02-26 23:00:00,77.767914
2012-02-27 00:00:00,99.46282
2012-02-27 01:00:00,97.29327
2012-02-27 02:00:00,96.439545
2012-02-27 03:00:00,85.35592
2012-02-27 04:00:00,76.513115
2012-02-27 05:00:00,76.513115
2012-02-27 06:00:00,91.5777
2012-02-27 07:00:00,93.43453
2012-02-27 08:00:00,84.72107
2012-02-27 09:00:00,99.9684
2012-02-27 10:00:00,126.62873
2012-02-27 11:00:00,141.0613
2012-02-27 12:00:00,177.26854
2012-02-27 13:00:00,164.19708
2012-02-27 14:00:00,230.4956
2012-02-27 15:00:00,342.57935
2012-02-27 16:00:00,346.4107
2012-02-27 17:00:00,347.04443
2012-02-27 18:00:00,331.40393
2012-02-27 19:00:00,302.53046
2012-02-27 20:00:00,260.96173
2012-02-27 21:00:00,230.4956
2012-02-27 22:00:00,191.70639
2012-02-27 23:00:00,172.57547
2012-02-28 00:00:00,162.95247
2012-02-28 01:00:00,141.20647
2012-02-28 02:00:00,150.50812
2012-02-28 03:00:00,202.75781
2012-02-28 04:00:00,144.83661
2012-02-28 05:00:00,144.83661
2012-02-28 06:00:00,132.90433
2012-02-28 07:00:00,122.81918
2012-02-28 08:00:00,113.41436
2012-02-28 09:00:00,131.89394
2012-02-28 10:00:00,129.78767
2012-02-28 11:00:00,143.75613
2012-02-28 12:00:00,161.69968
2012-02-28 13:00:00,165.12405
2012-02-28 14:00:00,194.90025
2012-02-28 15:00:00,208.51212
2012-02-28 16:00:00,201.94531
2012-02-28 17:00:00,208.51212
2012-02-28 18:00:00,218.143
2012-02-28 19:00:00,172.72154
2012-02-28 20:00:00,195.51924
2012-02-28 21:00:00,132.6803
2012-02-28 22:00:00,132.6803
2012-02-28 23:00:00,119.54175
2012-02-29 00:00:00,122.27615
2012-02-29 01:00:00,122.47724
2012-02-29 02:00:00,112.73083
2012-02-29 03:00:00,98.50921
2012-02-29 05:00:00,89.18389
2012-02-29 06:00:00,95.76977
2012-02-29 07:00:00,79.73755
2012-02-29 08:00:00,92.9351
2012-02-29 09:00:00,81.42052
2012-02-29 10:00:00,81.42052
2012-02-29 11:00:00,72.96859
2012-02-29 12:00:00,65.44245
2012-02-29 13:00:00,91.50698
2012-02-29 14:00:00,91.50698
2012-02-29 15:00:00,120.02977
2012-02-29 16:00:00,111.21853
2012-02-29 17:00:00,121.50195
2012-02-29 18:00:00,116.090416
2012-02-29 19:00:00,120.85488
2012-02-29 20:00:00,124.605446
2012-02-29 21:00:00,124.605446
2012-02-29 22:00:00,105.06038
2012-02-29 23:00:00,105.06038
2012-03-20 00:00:00,178.651
2012-03-20 01:00:00,164.96265
2012-03-20 02:00:00,162.09178
2012-03-20 03:00:00,165.07587
2012-03-20 04:00:00,165.24594
2012-03-20 05:00:00,144.65645
2012-03-20 06:00:00,160.19205
2012-03-20 07:00:00,153.9896
2012-03-20 08:00:00,161.12187
2012-03-20 09:00:00,176.48193
2012-03-20 10:00:00,183.80722
2012-03-20 11:00:00,192.95004
2012-03-20 12:00:00,234.78842
2012-03-20 13:00:00,223.7641
2012-03-20 14:00:00,217.04095
2012-03-20 15:00:00,231.11942
2012-03-20 16:00:00,263.37967
2012-03-20 17:00:00,234.3602
2012-03-20 18:00:00,246.15785
2012-03-20 19:00:00,208.46307
2012-03-20 20:00:00,204.24493
2012-03-20 21:00:00,190.1293
2012-03-20 22:00:00,175.05063
2012-03-20 23:00:00,160.29756
2012-03-21 00:00:00,88.92679
2012-03-21 01:00:00,109.21746
2012-03-21 02:00:00,114.01413
2012-03-21 03:00:00,126.54076
2012-03-21 04:00:00,116.90798
2012-03-21 05:00:00,116.90798
2012-03-21 06:00:00,123.733604
2012-03-21 07:00:00,114.41295
2012-03-21 08:00:00,106.81573
2012-03-21 09:00:00,122.01387
2012-03-21 10:00:00,132.94395
2012-03-21 11:00:00,132.94395
2012-03-21 12:00:00,115.32722
2012-03-21 13:00:00,108.59824
2012-03-21 14:00:00,118.79304
2012-03-21 15:00:00,118.79304
2012-03-21 16:00:00,116.17649
2012-03-21 17:00:00,162.65697
2012-03-21 18:00:00,136.64508
2012-03-21 19:00:00,149.11674
2012-03-21 20:00:00,122.616905
2012-03-21 21:00:00,119.02163
2012-03-21 22:00:00,130.89157
2012-03-21 23:00:00,102.463
2012-03-22 00:00:00,109.21746
2012-03-22 01:00:00,109.21746
2012-03-22 02:00:00,109.21746
2012-03-22 03:00:00,109.21746
2012-03-22 04:00:00,99.63132
2012-03-22 05:00:00,99.63132
2012-03-22 06:00:00,99.63132
2012-03-22 07:00:00,99.63132
2012-03-22 08:00:00,103.63418
2012-03-22 09:00:00,103.63418
2012-03-22 10:00:00,101.43104
2012-03-22 11:00:00,91.08272
2012-03-22 12:00:00,139.14966
2012-03-22 13:00:00,128.63261
2012-03-22 14:00:00,158.15117
2012-03-22 15:00:00,221.48648
2012-03-22 16:00:00,241.7728
2012-03-22 17:00:00,248.75565
2012-03-22 18:00:00,248.75565
2012-03-22 19:00:00,169.96631
2012-03-22 20:00:00,219.0321
2012-03-22 21:00:00,163.68687
2012-03-22 22:00:00,155.96138
2012-03-22 23:00:00,118.46047
2012-03-23 00:00:00,101.8496
2012-03-23 01:00:00,94.066124
2012-03-23 02:00:00,109.8821
2012-03-23 03:00:00,109.76739
2012-03-23 04:00:00,107.787384
2012-03-23 05:00:00,87.08239
2012-03-23 06:00:00,92.68403
2012-03-23 07:00:00,114.19038
2012-03-23 08:00:00,113.99564
2012-03-23 09:00:00,109.60235
2012-03-23 10:00:00,125.70446
2012-03-23 11:00:00,178.5976
2012-03-23 12:00:00,248.85464
2012-03-23 13:00:00,219.4462
2012-03-23 14:00:00,277.55106
2012-03-23 15:00:00,287.26242
2012-03-23 16:00:00,299.9076
2012-03-23 17:00:00,299.9076
2012-03-23 18:00:00,303.82425
2012-03-23 19:00:00,287.35785
2012-03-23 20:00:00,271.70102
2012-03-23 21:00:00,227.61073
2012-03-23 22:00:00,226.84686
2012-03-23 23:00:00,214.91608
2012-03-24 00:00:00,132.36987
2012-03-24 01:00:00,98.17431
2012-03-24 02:00:00,92.20679
2012-03-24 03:00:00,92.20679
2012-03-24 04:00:00,76.313484
2012-03-24 05:00:00,101.023476
2012-03-24 06:00:00,101.023476
2012-03-24 07:00:00,85.23524
2012-03-24 08:00:00,93.153725
2012-03-24 09:00:00,93.43128
2012-03-24 10:00:00,101.18195
2012-03-24 11:00:00,93.153725
2012-03-24 12:00:00,105.87699
2012-03-24 13:00:00,105.053535
2012-03-24 14:00:00,116.95934
2012-03-24 15:00:00,100.990746
2012-03-24 16:00:00,94.66764
2012-03-24 17:00:00,100.78111
2012-03-24 18:00:00,85.51907
2012-03-24 19:00:00,83.80213
2012-03-24 20:00:00,68.05242
2012-03-24 21:00:00,68.05242
2012-03-24 22:00:00,66.685844
2012-03-24 23:00:00,76.35305
2012-03-25 00:00:00,76.35305
2012-03-25 01:00:00,55.460308
2012-03-25 02:00:00,55.64434
2012-03-25 03:00:00,65.22932
2012-03-25 04:00:00,74.48543
2012-03-25 05:00:00,50.57717
2012-03-25 06:00:00,50.57717
2012-03-25 07:00:00,67.21299
2012-03-25 08:00:00,67.21299
2012-03-25 09:00:00,58.3325
2012-03-25 10:00:00,77.17572
2012-03-25 11:00:00,58.3325
2012-03-25 12:00:00,58.041965
2012-03-25 13:00:00,74.30951
2012-03-25 14:00:00,79.84992
2012-03-25 15:00:00,80.535866
2012-03-25 16:00:00,74.133026
2012-03-25 17:00:00,80.31034
2012-03-25 18:00:00,80.31034
2012-03-25 19:00:00,134.8881
2012-03-25 20:00:00,108.104774
2012-03-25 21:00:00,91.97848
2012-03-25 22:00:00,75.69608
2012-03-25 23:00:00,79.43035
2012-03-26 00:00:00,121.16535
2012-03-26 01:00:00,144.07443
2012-03-26 02:00:00,128.46956
2012-03-26 03:00:00,121.93587
2012-03-26 04:00:00,111.271385
2012-03-26 05:00:00,114.57804
2012-03-26 06:00:00,116.91314
2012-03-26 07:00:00,126.80512
2012-03-26 08:00:00,131.0243
2012-03-26 09:00:00,173.17549
2012-03-26 10:00:00,280.30353
2012-03-26 11:00:00,295.81628
2012-03-26 12:00:00,285.70337
2012-03-26 13:00:00,277.5124
2012-03-26 14:00:00,277.74695
2012-03-26 15:00:00,293.35083
2012-03-26 16:00:00,287.2462
2012-03-26 17:00:00,328.1435
2012-03-26 18:00:00,308.50806
2012-03-26 19:00:00,307.05515
2012-03-26 20:00:00,280.3031
2012-03-26 21:00:00,279.9297
2012-03-26 22:00:00,246.11057
2012-03-26 23:00:00,214.96365
2012-03-27 00:00:00,213.45222
2012-03-27 01:00:00,217.65433
2012-03-27 02:00:00,169.01843
2012-03-27 03:00:00,171.78604
2012-03-27 04:00:00,161.73828
2012-03-27 05:00:00,141.14389
2012-03-27 06:00:00,137.07942
2012-03-27 07:00:00,137.07942
2012-03-27 08:00:00,142.51039
2012-03-27 09:00:00,133.17064
2012-03-27 10:00:00,151.65164
2012-03-27 11:00:00,181.40851
2012-03-27 12:00:00,187.26434
2012-03-27 13:00:00,199.57182
2012-03-27 14:00:00,263.8885
2012-03-27 15:00:00,249.60898
2012-03-27 16:00:00,249.60898
2012-03-27 17:00:00,266.21954
2012-03-27 18:00:00,288.5312
2012-03-27 19:00:00,257.49945
2012-03-27 20:00:00,288.5312
2012-03-27 21:00:00,175.3588
2012-03-27 22:00:00,178.70316
2012-03-27 23:00:00,169.3702
2012-03-28 00:00:00,158.25307
2012-03-28 01:00:00,142.72433
2012-03-28 02:00:00,128.46709
2012-03-28 03:00:00,149.98715
2012-03-28 04:00:00,150.99524
2012-03-28 05:00:00,150.99524
2012-03-28 06:00:00,149.43376
2012-03-28 07:00:00,146.39386
2012-03-28 08:00:00,165.9487
2012-03-28 09:00:00,188.21169
2012-03-28 10:00:00,211.45964
2012-03-28 11:00:00,219.43
2012-03-28 12:00:00,246.26627
2012-03-28 13:00:00,259.5982
2012-03-28 14:00:00,351.59595
2012-03-28 15:00:00,301.0904
2012-03-28 16:00:00,221.29143
2012-03-28 17:00:00,232.51605
2012-03-28 18:00:00,232.51605
2012-03-28 19:00:00,241.58817
2012-03-28 20:00:00,246.60751
2012-03-28 21:00:00,218.56271
2012-03-28 22:00:00,183.80064
2012-03-28 23:00:00,155.33969
2012-03-29 00:00:00,172.89241
2012-03-29 01:00:00,193.04376
2012-03-29 02:00:00,379.5902
2012-03-29 03:00:00,346.4288
2012-03-29 04:00:00,265.3827
2012-03-29 05:00:00,201.08554
2012-03-29 06:00:00,143.71945
2012-03-29 07:00:00,172.35062
2012-03-29 08:00:00,185.49467
2012-03-29 09:00:00,191.50119
2012-03-29 10:00:00,189.8824
2012-03-29 11:00:00,208.97455
2012-03-29 12:00:00,233.86871
2012-03-29 13:00:00,187.61673
2012-03-29 14:00:00,218.11398
2012-03-29 15:00:00,251.97238
2012-03-29 16:00:00,274.68436
2012-03-29 17:00:00,259.97983
2012-03-29 18:00:00,236.80807
2012-03-29 19:00:00,223.84343
2012-03-29 20:00:00,219.28758
2012-03-29 21:00:00,177.98294
2012-03-29 22:00:00,171.82613
2012-03-29 23:00:00,163.72716
2012-03-30 00:00:00,159.07489
2012-03-30 01:00:00,144.47577
2012-03-30 02:00:00,127.91233
2012-03-30 03:00:00,102.80983
2012-03-30 04:00:00,123.848045
2012-03-30 05:00:00,95.45545
2012-03-30 06:00:00,107.40417
2012-03-30 07:00:00,104.9529
2012-03-30 08:00:00,102.7624
2012-03-30 09:00:00,107.28542
2012-03-30 10:00:00,122.539024
2012-03-30 11:00:00,148.81058
2012-03-30 12:00:00,145.41638
2012-03-30 13:00:00,167.79114
2012-03-30 14:00:00,160.13383
2012-03-30 15:00:00,162.2673
2012-03-30 16:00:00,116.37553
2012-03-30 17:00:00,115.88874
2012-03-30 18:00:00,137.70067
2012-03-30 19:00:00,120.86738
2012-03-30 20:00:00,116.73209
2012-03-30 21:00:00,107.097725
2012-03-30 22:00:00,105.13122
2012-03-30 23:00:00,67.61274
2012-03-31 00:00:00,66.35839
2012-03-31 01:00:00,89.31539
2012-03-31 02:00:00,96.67936
2012-03-31 03:00:00,84.67915
2012-03-31 04:00:00,134.46945
2012-03-31 05:00:00,76.74961
2012-03-31 06:00:00,51.87581
2012-03-31 07:00:00,51.87581
2012-03-31 08:00:00,51.88246
2012-03-31 09:00:00,89.31539
2012-03-31 10:00:00,80.49038
2012-03-31 11:00:00,81.42764
2012-03-31 12:00:00,86.54484
2012-03-31 13:00:00,154.05148
2012-03-31 14:00:00,139.9544
2012-03-31 15:00:00,169.83322
2012-03-31 16:00:00,140.78401
2012-03-31 17:00:00,161.38768
2012-03-31 18:00:00,138.30014
2012-03-31 19:00:00,145.01505
2012-03-31 20:00:00,113.05459
2012-03-31 21:00:00,113.05459
2012-03-31 22:00:00,99.22857
2012-03-31 23:00:00,71.488846
2012-04-20 00:00:00,120.15285
2012-04-20 01:00:00,121.93587
2012-04-20 02:00:00,116.3957
2012-04-20 03:00:00,96.72045
2012-04-20 04:00:00,91.8279
2012-04-20 05:00:00,72.73759
2012-04-20 06:00:00,70.86619
2012-04-20 07:00:00,72.73759
2012-04-20 08:00:00,73.58806
2012-04-20 09:00:00,93.91259
2012-04-20 10:00:00,141.80208
2012-04-20 11:00:00,166.85207
2012-04-20 12:00:00,229.54562
2012-04-20 13:00:00,284.77026
2012-04-20 14:00:00,299.40363
2012-04-20 15:00:00,284.70905
2012-04-20 16:00:00,298.5347
2012-04-20 17:00:00,299.0846
2012-04-20 18:00:00,276.68552
2012-04-20 19:00:00,250.0614
2012-04-20 20:00:00,219.46013
2012-04-20 21:00:00,166.49431
2012-04-20 22:00:00,178.25851
2012-04-20 23:00:00,136.86176
2012-04-21 00:00:00,124.71252
2012-04-21 01:00:00,124.71252
2012-04-21 02:00:00,95.69779
2012-04-21 03:00:00,107.70023
2012-04-21 04:00:00,117.38523
2012-04-21 05:00:00,117.38523
2012-04-21 06:00:00,107.70025
2012-04-21 07:00:00,129.19395
2012-04-21 08:00:00,125.63322
2012-04-21 09:00:00,113.75176
2012-04-21 10:00:00,224.82445
2012-04-21 11:00:00,255.99695
2012-04-21 12:00:00,283.7832
2012-04-21 13:00:00,313.98038
2012-04-21 14:00:00,444.0159
2012-04-21 15:00:00,506.0985
2012-04-21 16:00:00,477.24634
2012-04-21 17:00:00,570.752
2012-04-21 18:00:00,352.07404
2012-04-21 19:00:00,162.3245
2012-04-21 20:00:00,105.05004
2012-04-21 21:00:00,124.97293
2012-04-21 22:00:00,132.42679
2012-04-21 23:00:00,107.08065
2012-04-22 00:00:00,91.91335
2012-04-22 01:00:00,116.5553
2012-04-22 02:00:00,133.15417
2012-04-22 03:00:00,84.00585
2012-04-22 04:00:00,86.157845
2012-04-22 05:00:00,95.15114
2012-04-22 06:00:00,121.82504
2012-04-22 07:00:00,104.88309
2012-04-22 08:00:00,83.508194
2012-04-22 09:00:00,83.508194
2012-04-22 10:00:00,73.41923
2012-04-22 11:00:00,64.80963
2012-04-22 12:00:00,64.281265
2012-04-22 13:00:00,74.42605
2012-04-22 14:00:00,64.281265
2012-04-22 15:00:00,64.34228
2012-04-22 16:00:00,65.276245
2012-04-22 17:00:00,43.422005
2012-04-22 18:00:00,43.422005
2012-04-22 19:00:00,48.454037
2012-04-22 20:00:00,46.6525
2012-04-22 21:00:00,51.042973
2012-04-22 22:00:00,41.437904
2012-04-22 23:00:00,55.854427
2012-04-23 00:00:00,76.42304
2012-04-23 01:00:00,64.923096
2012-04-23 02:00:00,73.825905
2012-04-23 03:00:00,78.274956
2012-04-23 04:00:00,65.373
2012-04-23 05:00:00,65.373
2012-04-23 06:00:00,73.63721
2012-04-23 07:00:00,67.39103
2012-04-23 08:00:00,76.251884
2012-04-23 09:00:00,71.462524
2012-04-23 10:00:00,90.11805
2012-04-23 11:00:00,88.04144
2012-04-23 12:00:00,84.98417
2012-04-23 13:00:00,99.45612
2012-04-23 14:00:00,116.64765
2012-04-23 15:00:00,121.55256
2012-04-23 16:00:00,59.417015
2012-04-23 17:00:00,62.499325
2012-04-23 18:00:00,93.65693
2012-04-23 19:00:00,90.601524
2012-04-23 20:00:00,94.12783
2012-04-23 21:00:00,82.17144
2012-04-23 22:00:00,95.45648
2012-04-23 23:00:00,95.48288
2012-04-24 00:00:00,98.30743
2012-04-24 01:00:00,94.091125
2012-04-24 02:00:00,90.60604
2012-04-24 03:00:00,89.01679
2012-04-24 04:00:00,95.194084
2012-04-24 05:00:00,95.194084
2012-04-24 06:00:00,94.30558
2012-04-24 07:00:00,105.047905
2012-04-24 08:00:00,109.83558
2012-04-24 09:00:00,167.07646
2012-04-24 10:00:00,163.72716
2012-04-24 11:00:00,276.1821
2012-04-24 12:00:00,305.66577
2012-04-24 13:00:00,319.11908
2012-04-24 14:00:00,352.15076
2012-04-24 15:00:00,363.75055
2012-04-24 16:00:00,331.17212
2012-04-24 17:00:00,385.12592
2012-04-24 18:00:00,280.9488
2012-04-24 19:00:00,356.52576
2012-04-24 20:00:00,361.1361
2012-04-24 21:00:00,261.60608
2012-04-24 22:00:00,214.54759
2012-04-24 23:00:00,200.83163
2012-04-25 00:00:00,176.6945
2012-04-25 01:00:00,172.20523
2012-04-25 02:00:00,85.52375
2012-04-25 03:00:00,87.83884
2012-04-25 04:00:00,89.72697
2012-04-25 05:00:00,71.83999
2012-04-25 06:00:00,71.83999
2012-04-25 07:00:00,65.56298
2012-04-25 08:00:00,87.37366
2012-04-25 09:00:00,118.42136
2012-04-25 10:00:00,197.52138
2012-04-25 11:00:00,268.4828
2012-04-25 12:00:00,339.4809
2012-04-25 13:00:00,347.2707
2012-04-25 14:00:00,392.92355
2012-04-25 15:00:00,362.58337
2012-04-25 16:00:00,400.92578
2012-04-25 17:00:00,396.8628
2012-04-25 18:00:00,394.69266
2012-04-25 19:00:00,379.93073
2012-04-25 20:00:00,321.72495
2012-04-25 21:00:00,189.87573
2012-04-25 22:00:00,141.30173
2012-04-25 23:00:00,166.86285
2012-04-26 00:00:00,138.09946
2012-04-26 01:00:00,168.7472
2012-04-26 02:00:00,153.90286
2012-04-26 03:00:00,153.81505
2012-04-26 04:00:00,144.46185
2012-04-26 05:00:00,136.24014
2012-04-26 06:00:00,137.93654
2012-04-26 07:00:00,115.19526
2012-04-26 08:00:00,109.21361
2012-04-26 09:00:00,107.45804
2012-04-26 10:00:00,111.74716
2012-04-26 11:00:00,117.09735
2012-04-26 12:00:00,126.00535
2012-04-26 13:00:00,128.1735
2012-04-26 14:00:00,144.21228
2012-04-26 15:00:00,142.74594
2012-04-26 16:00:00,133.5657
2012-04-26 17:00:00,146.95192
2012-04-26 18:00:00,144.21228
2012-04-26 19:00:00,145.25453
2012-04-26 20:00:00,158.83687
2012-04-26 21:00:00,148.6402
2012-04-26 22:00:00,130.89157
2012-04-26 23:00:00,121.5375
2012-04-27 00:00:00,202.62485
2012-04-27 01:00:00,184.86006
2012-04-27 02:00:00,174.62776
2012-04-27 03:00:00,190.36726
2012-04-27 04:00:00,170.23654
2012-04-27 05:00:00,179.59778
2012-04-27 06:00:00,166.74864
2012-04-27 07:00:00,144.47577
2012-04-27 08:00:00,134.0812
2012-04-27 09:00:00,195.72446
2012-04-27 10:00:00,221.38313
2012-04-27 11:00:00,210.58025
2012-04-27 12:00:00,236.79329
2012-04-27 13:00:00,261.56137
2012-04-27 14:00:00,261.17584
2012-04-27 15:00:00,328.9636
2012-04-27 16:00:00,315.8783
2012-04-27 17:00:00,383.9579
2012-04-27 18:00:00,364.85318
2012-04-27 19:00:00,335.21933
2012-04-27 20:00:00,275.846
2012-04-27 21:00:00,246.861
2012-04-27 22:00:00,196.29962
2012-04-27 23:00:00,179.19171
2012-04-28 00:00:00,167.01666
2012-04-28 01:00:00,123.354836
2012-04-28 02:00:00,144.18318
2012-04-28 03:00:00,113.74965
2012-04-28 04:00:00,107.5977
2012-04-28 05:00:00,125.83112
2012-04-28 06:00:00,114.85595
2012-04-28 07:00:00,107.5977
2012-04-28 08:00:00,184.12698
2012-04-28 09:00:00,245.448
2012-04-28 10:00:00,181.28993
2012-04-28 11:00:00,185.81433
2012-04-28 12:00:00,206.55664
2012-04-28 13:00:00,253.88086
2012-04-28 14:00:00,206.4492
2012-04-28 15:00:00,198.19884
2012-04-28 16:00:00,226.44307
2012-04-28 17:00:00,185.51747
2012-04-28 18:00:00,196.95364
2012-04-28 19:00:00,87.11063
2012-04-28 20:00:00,79.812996
2012-04-28 21:00:00,84.79368
2012-04-28 22:00:00,78.68831
2012-04-28 23:00:00,71.34004
2012-04-29 00:00:00,81.12269
2012-04-29 01:00:00,61.35234
2012-04-29 02:00:00,52.8554
2012-04-29 03:00:00,51.882454
2012-04-29 04:00:00,51.66135
2012-04-29 05:00:00,33.87286
2012-04-29 06:00:00,42.500854
2012-04-29 07:00:00,47.834007
2012-04-29 08:00:00,67.3352
2012-04-29 09:00:00,71.00123
2012-04-29 10:00:00,68.24488
2012-04-29 11:00:00,138.22337
2012-04-29 12:00:00,178.9281
2012-04-29 13:00:00,187.4114
2012-04-29 14:00:00,357.2705
2012-04-29 15:00:00,337.80753
2012-04-29 16:00:00,465.48264
2012-04-29 17:00:00,477.83173
2012-04-29 18:00:00,467.09747
2012-04-29 19:00:00,359.81125
2012-04-29 20:00:00,373.9636
2012-04-29 21:00:00,196.06297
2012-04-29 22:00:00,192.85973
2012-04-29 23:00:00,109.74004
2012-04-30 00:00:00,106.381874
2012-04-30 01:00:00,94.057274
2012-04-30 02:00:00,108.99683
2012-04-30 03:00:00,108.72425
2012-04-30 04:00:00,122.33083
2012-04-30 05:00:00,122.33083
2012-04-30 06:00:00,154.11412
2012-04-30 07:00:00,142.62968
2012-04-30 08:00:00,170.18245
2012-04-30 09:00:00,166.9088
2012-04-30 10:00:00,184.40253
2012-04-30 11:00:00,178.84167
2012-04-30 12:00:00,165.7766
2012-04-30 13:00:00,162.34772
2012-04-30 14:00:00,162.46164
2012-04-30 15:00:00,166.44995
2012-04-30 16:00:00,202.35303
2012-04-30 17:00:00,197.77469
2012-04-30 18:00:00,194.27838
2012-04-30 19:00:00,174.22571
2012-04-30 20:00:00,169.86508
2012-04-30 21:00:00,169.86508
2012-04-30 22:00:00,174.52518
2012-04-30 23:00:00,183.94781
2012-05-20 00:00:00,201.46935
2012-05-20 01:00:00,201.6456
2012-05-20 02:00:00,201.6456
2012-05-20 03:00:00,153.61166
2012-05-20 04:00:00,94.70379
2012-05-20 05:00:00,85.56425
2012-05-20 06:00:00,118.617645
2012-05-20 07:00:00,136.1731
2012-05-20 08:00:00,197.82443
2012-05-20 09:00:00,489.8356
2012-05-20 10:00:00,501.71765
2012-05-20 11:00:00,489.88882
2012-05-20 12:00:00,508.2898
2012-05-20 13:00:00,516.3919
2012-05-20 14:00:00,514.6029
2012-05-20 15:00:00,456.92334
2012-05-20 16:00:00,495.7376
2012-05-20 17:00:00,468.78784
2012-05-20 18:00:00,390.9027
2012-05-20 19:00:00,279.83804
2012-05-20 20:00:00,279.83804
2012-05-20 21:00:00,229.43835
2012-05-20 22:00:00,210.19995
2012-05-20 23:00:00,149.52814
2012-05-21 00:00:00,139.05399
2012-05-21 01:00:00,142.7822
2012-05-21 02:00:00,132.88945
2012-05-21 03:00:00,153.37381
2012-05-21 04:00:00,130.90999
2012-05-21 05:00:00,130.90999
2012-05-21 06:00:00,130.90999
2012-05-21 07:00:00,130.90999
2012-05-21 08:00:00,131.87527
2012-05-21 09:00:00,131.31062
2012-05-21 10:00:00,139.32048
2012-05-21 11:00:00,161.2214
2012-05-21 12:00:00,174.42105
2012-05-21 13:00:00,150.88731
2012-05-21 14:00:00,150.2203
2012-05-21 15:00:00,205.99648
2012-05-21 16:00:00,216.88116
2012-05-21 17:00:00,235.62825
2012-05-21 18:00:00,176.48491
2012-05-21 19:00:00,194.09067
2012-05-21 20:00:00,217.21149
2012-05-21 21:00:00,174.03958
2012-05-21 22:00:00,189.35548
2012-05-21 23:00:00,219.0321
2012-05-22 00:00:00,184.42896
2012-05-22 01:00:00,142.22484
2012-05-22 02:00:00,134.97809
2012-05-22 03:00:00,134.97809
2012-05-22 04:00:00,139.33003
2012-05-22 05:00:00,132.3546
2012-05-22 06:00:00,129.27745
2012-05-22 07:00:00,129.27745
2012-05-22 08:00:00,132.54657
2012-05-22 09:00:00,140.20912
2012-05-22 10:00:00,142.85114
2012-05-22 11:00:00,129.57338
2012-05-22 12:00:00,159.29564
2012-05-22 13:00:00,157.36981
2012-05-22 14:00:00,188.46735
2012-05-22 15:00:00,236.78397
2012-05-22 16:00:00,242.58081
2012-05-22 17:00:00,211.4297
2012-05-22 18:00:00,260.8736
2012-05-22 19:00:00,249.25824
2012-05-22 20:00:00,229.20807
2012-05-22 21:00:00,172.21277
2012-05-22 22:00:00,156.3463
2012-05-22 23:00:00,166.1504
2012-05-23 00:00:00,172.21277
2012-05-23 01:00:00,161.8504
2012-05-23 02:00:00,161.2214
2012-05-23 03:00:00,145.0866
2012-05-23 04:00:00,142.35791
2012-05-23 05:00:00,131.87527
2012-05-23 06:00:00,119.68354
2012-05-23 07:00:00,108.11732
2012-05-23 08:00:00,108.11732
2012-05-23 09:00:00,135.89757
2012-05-23 10:00:00,144.69067
2012-05-23 11:00:00,148.35942
2012-05-23 12:00:00,201.73834
2012-05-23 13:00:00,210.98077
2012-05-23 14:00:00,253.22456
2012-05-23 15:00:00,207.97052
2012-05-23 16:00:00,223.32779
2012-05-23 17:00:00,187.02298
2012-05-23 18:00:00,187.02298
2012-05-23 19:00:00,170.62741
2012-05-23 20:00:00,140.82414
2012-05-23 21:00:00,127.48255
2012-05-23 22:00:00,170.62741
2012-05-23 23:00:00,150.13611
2012-05-24 00:00:00,128.88799
2012-05-24 01:00:00,123.544205
2012-05-24 02:00:00,112.53693
2012-05-24 03:00:00,134.73271
2012-05-24 04:00:00,150.63593
2012-05-24 05:00:00,150.63593
2012-05-24 06:00:00,150.63593
2012-05-24 07:00:00,134.37048
2012-05-24 08:00:00,186.58522
2012-05-24 09:00:00,199.0183
2012-05-24 10:00:00,231.09482
2012-05-24 11:00:00,242.54587
2012-05-24 12:00:00,249.86913
2012-05-24 13:00:00,299.48572
2012-05-24 14:00:00,328.51996
2012-05-24 15:00:00,336.3535
2012-05-24 16:00:00,344.0428
2012-05-24 17:00:00,338.24222
2012-05-24 18:00:00,331.0329
2012-05-24 19:00:00,292.34723
2012-05-24 20:00:00,237.98785
2012-05-24 21:00:00,175.12952
2012-05-24 22:00:00,167.94736
2012-05-24 23:00:00,182.77664
2012-05-25 00:00:00,158.84497
2012-05-25 01:00:00,134.62207
2012-05-25 02:00:00,127.48255
2012-05-25 03:00:00,139.56161
2012-05-25 04:00:00,122.779274
2012-05-25 05:00:00,134.28615
2012-05-25 06:00:00,139.56161
2012-05-25 07:00:00,158.26292
2012-05-25 08:00:00,143.63237
2012-05-25 09:00:00,154.87952
2012-05-25 10:00:00,212.22894
2012-05-25 11:00:00,196.5972
2012-05-25 12:00:00,247.81857
2012-05-25 13:00:00,282.5473
2012-05-25 14:00:00,287.33942
2012-05-25 15:00:00,319.82172
2012-05-25 16:00:00,353.95248
2012-05-25 17:00:00,332.57623
2012-05-25 18:00:00,319.82172
2012-05-25 19:00:00,315.14124
2012-05-25 20:00:00,272.09665
2012-05-25 21:00:00,263.6466
2012-05-25 22:00:00,183.38153
2012-05-25 23:00:00,226.42383
2012-05-26 00:00:00,142.88309
2012-05-26 01:00:00,132.63657
2012-05-26 02:00:00,122.77833
2012-05-26 03:00:00,105.62896
2012-05-26 04:00:00,116.69465
2012-05-26 05:00:00,170.04141
2012-05-26 06:00:00,136.41348
2012-05-26 07:00:00,128.91457
2012-05-26 08:00:00,145.05035
2012-05-26 09:00:00,153.5136
2012-05-26 10:00:00,202.32263
2012-05-26 11:00:00,225.57516
2012-05-26 12:00:00,322.36435
2012-05-26 13:00:00,333.88684
2012-05-26 14:00:00,344.58664
2012-05-26 15:00:00,359.997
2012-05-26 16:00:00,426.47498
2012-05-26 17:00:00,429.79996
2012-05-26 18:00:00,381.48602
2012-05-26 19:00:00,290.6717
2012-05-26 20:00:00,333.5866
2012-05-26 21:00:00,284.15103
2012-05-26 22:00:00,249.2887
2012-05-26 23:00:00,249.2887
2012-05-27 00:00:00,228.46326
2012-05-27 01:00:00,204.39034
2012-05-27 02:00:00,195.03462
2012-05-27 03:00:00,170.80183
2012-05-27 04:00:00,146.59113
2012-05-27 05:00:00,146.59113
2012-05-27 06:00:00,135.21056
2012-05-27 07:00:00,126.21006
2012-05-27 08:00:00,153.5136
2012-05-27 09:00:00,177.70898
2012-05-27 10:00:00,231.02689
2012-05-27 11:00:00,303.18195
2012-05-27 12:00:00,330.0566
2012-05-27 13:00:00,373.78555
2012-05-27 14:00:00,384.1687
2012-05-27 15:00:00,457.57703
2012-05-27 16:00:00,457.57703
2012-05-27 17:00:00,493.74115
2012-05-27 18:00:00,388.8924
2012-05-27 19:00:00,373.78555
2012-05-27 20:00:00,359.38293
2012-05-27 21:00:00,211.97379
2012-05-27 22:00:00,146.52562
2012-05-27 23:00:00,142.36963
2012-05-28 00:00:00,123.660286
2012-05-28 01:00:00,155.7478
2012-05-28 02:00:00,115.62043
2012-05-28 03:00:00,125.351555
2012-05-28 04:00:00,95.40316
2012-05-28 05:00:00,95.40316
2012-05-28 06:00:00,125.351555
2012-05-28 07:00:00,92.72268
2012-05-28 08:00:00,104.68409
2012-05-28 09:00:00,163.3757
2012-05-28 10:00:00,163.3757
2012-05-28 11:00:00,214.18985
2012-05-28 12:00:00,276.61987
2012-05-28 13:00:00,367.84033
2012-05-28 14:00:00,367.84033
2012-05-28 15:00:00,412.8758
2012-05-28 16:00:00,418.4788
2012-05-28 17:00:00,412.8758
2012-05-28 18:00:00,379.3263
2012-05-28 19:00:00,394.25037
2012-05-28 20:00:00,351.88513
2012-05-28 21:00:00,317.99973
2012-05-28 22:00:00,220.69038
2012-05-28 23:00:00,187.74788
2012-05-29 00:00:00,240.20728
2012-05-29 01:00:00,240.20728
2012-05-29 02:00:00,185.99832
2012-05-29 03:00:00,242.00117
2012-05-29 04:00:00,226.42383
2012-05-29 05:00:00,226.42383
2012-05-29 06:00:00,226.42383
2012-05-29 07:00:00,226.42383
2012-05-29 08:00:00,259.93866
2012-05-29 09:00:00,285.10507
2012-05-29 10:00:00,297.91565
2012-05-29 11:00:00,333.32034
2012-05-29 12:00:00,387.28226
2012-05-29 13:00:00,413.28503
2012-05-29 14:00:00,419.93817
2012-05-29 15:00:00,421.7203
2012-05-29 16:00:00,456.23047
2012-05-29 17:00:00,437.00842
2012-05-29 18:00:00,438.9039
2012-05-29 19:00:00,381.05524
2012-05-29 20:00:00,239.40744
2012-05-29 21:00:00,159.7059
2012-05-29 22:00:00,134.28615
2012-05-29 23:00:00,126.253845
2012-05-30 00:00:00,149.80583
2012-05-30 01:00:00,161.18085
2012-05-30 02:00:00,134.90294
2012-05-30 03:00:00,149.0109
2012-05-30 04:00:00,148.61633
2012-05-30 05:00:00,171.16602
2012-05-30 06:00:00,150.19128
2012-05-30 07:00:00,160.97
2012-05-30 08:00:00,179.57257
2012-05-30 09:00:00,206.64088
2012-05-30 10:00:00,217.2492
2012-05-30 11:00:00,236.36617
2012-05-30 12:00:00,201.71039
2012-05-30 13:00:00,213.35078
2012-05-30 14:00:00,311.1156
2012-05-30 15:00:00,293.94867
2012-05-30 16:00:00,304.88153
2012-05-30 17:00:00,277.73755
2012-05-30 18:00:00,318.03668
2012-05-30 19:00:00,299.48572
2012-05-30 20:00:00,169.30148
2012-05-30 21:00:00,244.20035
2012-05-30 22:00:00,205.63666
2012-05-30 23:00:00,220.9398
2012-05-31 00:00:00,217.21149
2012-05-31 01:00:00,183.17603
2012-05-31 02:00:00,198.86359
2012-05-31 03:00:00,174.03958
2012-05-31 04:00:00,147.50128
2012-05-31 05:00:00,226.82016
2012-05-31 06:00:00,204.38196
2012-05-31 07:00:00,226.84686
2012-05-31 08:00:00,250.84569
2012-05-31 09:00:00,308.30316
2012-05-31 10:00:00,400.25824
2012-05-31 11:00:00,373.8998
2012-05-31 12:00:00,342.79865
2012-05-31 13:00:00,337.87057
2012-05-31 14:00:00,359.50012
2012-05-31 15:00:00,380.51276
2012-05-31 16:00:00,376.65292
2012-05-31 17:00:00,357.7545
2012-05-31 18:00:00,358.83627
2012-05-31 19:00:00,345.6681
2012-05-31 20:00:00,297.97458
2012-05-31 21:00:00,297.97458
2012-05-31 22:00:00,277.2152
2012-05-31 23:00:00,283.24835
2012-06-20 00:00:00,240.20728
2012-06-20 01:00:00,224.32346
2012-06-20 02:00:00,190.33669
2012-06-20 03:00:00,176.0849
2012-06-20 04:00:00,148.70845
2012-06-20 05:00:00,148.70845
2012-06-20 06:00:00,138.43314
2012-06-20 07:00:00,138.73642
2012-06-20 08:00:00,202.23674
2012-06-20 09:00:00,198.27126
2012-06-20 10:00:00,339.54553
2012-06-20 11:00:00,364.38638
2012-06-20 12:00:00,363.83023
2012-06-20 13:00:00,338.41525
2012-06-20 14:00:00,382.86118
2012-06-20 15:00:00,340.71448
2012-06-20 16:00:00,351.1067
2012-06-20 17:00:00,341.71582
2012-06-20 18:00:00,341.71582
2012-06-20 19:00:00,384.17493
2012-06-20 20:00:00,382.34808
2012-06-20 21:00:00,323.17624
2012-06-20 22:00:00,322.20718
2012-06-20 23:00:00,284.46722
2012-06-21 00:00:00,186.27953
2012-06-21 01:00:00,170.1506
2012-06-21 02:00:00,149.72742
2012-06-21 03:00:00,140.4404
2012-06-21 04:00:00,113.25855
2012-06-21 05:00:00,118.65865
2012-06-21 06:00:00,141.48608
2012-06-21 07:00:00,141.48608
2012-06-21 08:00:00,147.42334
2012-06-21 09:00:00,302.63687
2012-06-21 10:00:00,301.09906
2012-06-21 11:00:00,375.54114
2012-06-21 12:00:00,391.6053
2012-06-21 13:00:00,348.87625
2012-06-21 14:00:00,383.038
2012-06-21 15:00:00,388.0824
2012-06-21 16:00:00,383.33536
2012-06-21 17:00:00,346.09973
2012-06-21 18:00:00,384.57812
2012-06-21 19:00:00,391.50043
2012-06-21 20:00:00,366.21573
2012-06-21 21:00:00,323.664
2012-06-21 22:00:00,280.1175
2012-06-21 23:00:00,241.9526
2012-06-22 00:00:00,224.80762
2012-06-22 01:00:00,234.92178
2012-06-22 02:00:00,132.39313
2012-06-22 03:00:00,132.39313
2012-06-22 04:00:00,204.1748
2012-06-22 05:00:00,216.29213
2012-06-22 06:00:00,197.38147
2012-06-22 07:00:00,257.36472
2012-06-22 08:00:00,260.6659
2012-06-22 09:00:00,288.5074
2012-06-22 10:00:00,377.629
2012-06-22 11:00:00,320.14734
2012-06-22 12:00:00,318.3322
2012-06-22 13:00:00,391.50043
2012-06-22 14:00:00,391.50043
2012-06-22 15:00:00,409.13214
2012-06-22 16:00:00,390.5261
2012-06-22 17:00:00,408.8273
2012-06-22 18:00:00,291.89728
2012-06-22 19:00:00,332.5738
2012-06-22 20:00:00,332.5738
2012-06-22 21:00:00,234.11368
2012-06-22 22:00:00,198.42853
2012-06-22 23:00:00,163.64067
2012-06-23 00:00:00,75.56577
2012-06-23 01:00:00,100.20427
2012-06-23 02:00:00,117.11929
2012-06-23 03:00:00,90.80691
2012-06-23 04:00:00,107.97376
2012-06-23 05:00:00,117.11929
2012-06-23 06:00:00,66.421394
2012-06-23 07:00:00,87.8655
2012-06-23 08:00:00,196.52042
2012-06-23 09:00:00,255.16025
2012-06-23 10:00:00,325.7354
2012-06-23 11:00:00,427.39456
2012-06-23 12:00:00,490.57355
2012-06-23 13:00:00,474.0127
2012-06-23 14:00:00,506.35724
2012-06-23 15:00:00,505.24756
2012-06-23 16:00:00,490.28534
2012-06-23 17:00:00,485.50488
2012-06-23 18:00:00,501.35043
2012-06-23 19:00:00,477.9003
2012-06-23 20:00:00,487.71024
2012-06-23 21:00:00,474.66437
2012-06-23 22:00:00,469.82114
2012-06-23 23:00:00,416.9615
2012-06-24 00:00:00,297.2232
2012-06-24 01:00:00,244.34787
2012-06-24 02:00:00,319.80145
2012-06-24 03:00:00,190.58154
2012-06-24 04:00:00,228.08578
2012-06-24 05:00:00,139.3985
2012-06-24 06:00:00,178.66992
2012-06-24 07:00:00,126.24806
2012-06-24 08:00:00,221.31342
2012-06-24 09:00:00,307.14755
2012-06-24 10:00:00,496.2646
2012-06-24 11:00:00,471.5876
2012-06-24 12:00:00,487.55707
2012-06-24 13:00:00,507.73914
2012-06-24 14:00:00,493.813
2012-06-24 15:00:00,459.51297
2012-06-24 16:00:00,477.2731
2012-06-24 17:00:00,478.36
2012-06-24 18:00:00,491.40558
2012-06-24 19:00:00,526.90643
2012-06-24 20:00:00,470.2019
2012-06-24 21:00:00,355.04352
2012-06-24 22:00:00,269.72192
2012-06-24 23:00:00,245.13852
2012-06-25 00:00:00,259.91138
2012-06-25 01:00:00,235.61588
2012-06-25 02:00:00,219.59705
2012-06-25 03:00:00,218.68315
2012-06-25 04:00:00,171.20654
2012-06-25 05:00:00,174.17052
2012-06-25 06:00:00,137.81909
2012-06-25 07:00:00,186.2919
2012-06-25 08:00:00,202.95178
2012-06-25 09:00:00,231.82245
2012-06-25 10:00:00,271.8001
2012-06-25 11:00:00,412.1719
2012-06-25 12:00:00,364.81107
2012-06-25 13:00:00,329.34064
2012-06-25 14:00:00,377.17618
2012-06-25 15:00:00,471.7685
2012-06-25 16:00:00,441.87573
2012-06-25 17:00:00,457.37695
2012-06-25 18:00:00,474.41223
2012-06-25 19:00:00,480.25385
2012-06-25 20:00:00,474.70425
2012-06-25 21:00:00,433.14923
2012-06-25 22:00:00,451.63782
2012-06-25 23:00:00,425.0592
2012-06-26 00:00:00,422.83386
2012-06-26 01:00:00,423.56787
2012-06-26 02:00:00,304.45566
2012-06-26 03:00:00,279.4013
2012-06-26 04:00:00,279.55078
2012-06-26 05:00:00,249.84421
2012-06-26 06:00:00,231.73602
2012-06-26 07:00:00,228.62068
2012-06-26 08:00:00,262.01624
2012-06-26 09:00:00,297.65704
2012-06-26 10:00:00,386.975
2012-06-26 11:00:00,429.73782
2012-06-26 12:00:00,449.11118
2012-06-26 13:00:00,471.36255
2012-06-26 14:00:00,471.36255
2012-06-26 15:00:00,479.8858
2012-06-26 16:00:00,480.3435
2012-06-26 17:00:00,466.98416
2012-06-26 18:00:00,447.5356
2012-06-26 19:00:00,424.351
2012-06-26 20:00:00,430.5456
2012-06-26 21:00:00,406.17258
2012-06-26 22:00:00,408.4372
2012-06-26 23:00:00,340.13757
2012-06-27 00:00:00,357.02753
2012-06-27 01:00:00,335.0287
2012-06-27 02:00:00,267.69907
2012-06-27 03:00:00,267.58957
2012-06-27 04:00:00,371.65344
2012-06-27 05:00:00,353.8451
2012-06-27 06:00:00,291.5739
2012-06-27 07:00:00,366.75665
2012-06-27 08:00:00,365.04016
2012-06-27 09:00:00,392.55945
2012-06-27 10:00:00,405.90497
2012-06-27 11:00:00,432.53644
2012-06-27 12:00:00,427.07535
2012-06-27 13:00:00,424.19632
2012-06-27 14:00:00,429.16107
2012-06-27 15:00:00,474.00098
2012-06-27 16:00:00,449.06314
2012-06-27 17:00:00,434.14505
2012-06-27 18:00:00,424.19632
2012-06-27 19:00:00,427.32758
2012-06-27 20:00:00,403.70496
2012-06-27 21:00:00,381.59723
2012-06-27 22:00:00,340.2943
2012-06-27 23:00:00,287.58646
2012-06-28 00:00:00,256.9095
2012-06-28 01:00:00,199.52635
2012-06-28 02:00:00,247.8437
2012-06-28 03:00:00,247.8437
2012-06-28 04:00:00,219.084
2012-06-28 05:00:00,237.15897
2012-06-28 06:00:00,237.15897
2012-06-28 07:00:00,219.084
2012-06-28 08:00:00,270.14227
2012-06-28 09:00:00,266.37543
2012-06-28 10:00:00,309.64523
2012-06-28 11:00:00,395.42972
2012-06-28 12:00:00,392.84207
2012-06-28 13:00:00,390.65445
2012-06-28 14:00:00,397.76468
2012-06-28 15:00:00,397.76468
2012-06-28 16:00:00,380.1395
2012-06-28 17:00:00,382.09692
2012-06-28 18:00:00,382.6344
2012-06-28 19:00:00,396.40515
2012-06-28 20:00:00,392.98077
2012-06-28 21:00:00,282.2589
2012-06-28 22:00:00,283.06644
2012-06-28 23:00:00,285.56152
2012-06-29 00:00:00,285.56152
2012-06-29 01:00:00,278.1093
2012-06-29 02:00:00,261.08768
2012-06-29 03:00:00,261.08768
2012-06-29 04:00:00,227.17162
2012-06-29 05:00:00,216.30215
2012-06-29 06:00:00,237.18875
2012-06-29 07:00:00,216.30215
2012-06-29 08:00:00,235.75381
2012-06-29 09:00:00,271.8001
2012-06-29 10:00:00,404.35278
2012-06-29 11:00:00,452.62424
2012-06-29 12:00:00,470.1142
2012-06-29 13:00:00,397.43356
2012-06-29 14:00:00,405.49484
2012-06-29 15:00:00,356.38892
2012-06-29 16:00:00,356.38892
2012-06-29 17:00:00,402.2433
2012-06-29 18:00:00,344.40335
2012-06-29 19:00:00,388.15686
2012-06-29 20:00:00,416.13095
2012-06-29 21:00:00,335.94153
2012-06-29 22:00:00,288.64563
2012-06-29 23:00:00,288.64563
2012-06-30 00:00:00,118.13039
2012-06-30 01:00:00,120.299614
2012-06-30 02:00:00,90.44619
2012-06-30 03:00:00,90.44619
2012-06-30 04:00:00,68.92458
2012-06-30 05:00:00,77.40793
2012-06-30 06:00:00,77.40793
2012-06-30 07:00:00,77.40793
2012-06-30 08:00:00,77.40793
2012-06-30 09:00:00,77.40793
2012-06-30 10:00:00,464.89386
2012-06-30 11:00:00,464.89386
2012-06-30 12:00:00,464.89386
2012-06-30 13:00:00,464.89386
2012-06-30 14:00:00,464.89386
2012-06-30 15:00:00,464.89386
2012-06-30 16:00:00,434.04797
2012-06-30 17:00:00,433.9972
2012-06-30 18:00:00,473.0725
2012-06-30 19:00:00,509.55054
2012-06-30 20:00:00,404.66476
2012-06-30 21:00:00,404.66476
2012-06-30 22:00:00,291.4063
2012-06-30 23:00:00,232.93927
2012-07-20 00:00:00,142.35919
2012-07-20 01:00:00,102.31747
2012-07-20 02:00:00,108.7409
2012-07-20 03:00:00,112.97072
2012-07-20 04:00:00,128.66351
2012-07-20 05:00:00,121.17721
2012-07-20 06:00:00,128.66351
2012-07-20 07:00:00,138.06055
2012-07-20 08:00:00,163.97614
2012-07-20 09:00:00,186.60678
2012-07-20 10:00:00,191.8896
2012-07-20 11:00:00,224.26035
2012-07-20 12:00:00,177.001
2012-07-20 13:00:00,174.84973
2012-07-20 14:00:00,181.54758
2012-07-20 15:00:00,193.16937
2012-07-20 16:00:00,178.68155
2012-07-20 17:00:00,166.08829
2012-07-20 18:00:00,183.33743
2012-07-20 19:00:00,150.08728
2012-07-20 20:00:00,159.24037
2012-07-20 21:00:00,147.93303
2012-07-20 22:00:00,146.27922
2012-07-20 23:00:00,145.8928
2012-07-21 00:00:00,125.84525
2012-07-21 01:00:00,127.34789
2012-07-21 02:00:00,108.36411
2012-07-21 03:00:00,107.54124
2012-07-21 04:00:00,107.81248
2012-07-21 05:00:00,106.898964
2012-07-21 06:00:00,106.898964
2012-07-21 07:00:00,102.0926
2012-07-21 08:00:00,111.56707
2012-07-21 09:00:00,109.09455
2012-07-21 10:00:00,106.898964
2012-07-21 11:00:00,118.586845
2012-07-21 12:00:00,123.7456
2012-07-21 13:00:00,130.216
2012-07-21 14:00:00,102.61323
2012-07-21 15:00:00,107.54124
2012-07-21 16:00:00,114.91221
2012-07-21 17:00:00,115.30482
2012-07-21 18:00:00,94.50736
2012-07-21 19:00:00,89.409485
2012-07-21 20:00:00,115.30482
2012-07-21 21:00:00,89.40948
2012-07-21 22:00:00,78.03042
2012-07-21 23:00:00,84.22234
2012-07-22 00:00:00,78.03042
2012-07-22 01:00:00,89.40948
2012-07-22 02:00:00,78.03042
2012-07-22 03:00:00,78.03042
2012-07-22 04:00:00,55.3727
2012-07-22 05:00:00,55.3727
2012-07-22 06:00:00,91.0685
2012-07-22 07:00:00,108.770096
2012-07-22 08:00:00,135.33337
2012-07-22 09:00:00,205.16264
2012-07-22 10:00:00,171.26685
2012-07-22 11:00:00,171.26685
2012-07-22 12:00:00,186.77547
2012-07-22 13:00:00,203.19647
2012-07-22 14:00:00,181.71979
2012-07-22 15:00:00,181.71979
2012-07-22 16:00:00,190.768
2012-07-22 17:00:00,251.84506
2012-07-22 18:00:00,228.91348
2012-07-22 19:00:00,190.88138
2012-07-22 20:00:00,157.45126
2012-07-22 21:00:00,105.72846
2012-07-22 22:00:00,170.37894
2012-07-22 23:00:00,118.69306
2012-07-23 00:00:00,89.179596
2012-07-23 01:00:00,118.5743
2012-07-23 02:00:00,98.64808
2012-07-23 03:00:00,98.64808
2012-07-23 04:00:00,109.25096
2012-07-23 05:00:00,109.25096
2012-07-23 06:00:00,116.96937
2012-07-23 07:00:00,132.11063
2012-07-23 08:00:00,149.72742
2012-07-23 09:00:00,221.18274
2012-07-23 10:00:00,216.26889
2012-07-23 11:00:00,287.91968
2012-07-23 12:00:00,287.91968
2012-07-23 13:00:00,261.1102
2012-07-23 14:00:00,266.16003
2012-07-23 15:00:00,302.63687
2012-07-23 16:00:00,294.36584
2012-07-23 17:00:00,294.36584
2012-07-23 18:00:00,315.13885
2012-07-23 19:00:00,335.2218
2012-07-23 20:00:00,257.57803
2012-07-23 21:00:00,267.71512
2012-07-23 22:00:00,255.07576
2012-07-23 23:00:00,235.35406
2012-07-24 00:00:00,184.42941
2012-07-24 01:00:00,153.3732
2012-07-24 02:00:00,126.38841
2012-07-24 03:00:00,126.38841
2012-07-24 04:00:00,101.69694
2012-07-24 05:00:00,106.21081
2012-07-24 06:00:00,116.43485
2012-07-24 07:00:00,199.93433
2012-07-24 08:00:00,237.35033
2012-07-24 09:00:00,263.41437
2012-07-24 10:00:00,348.95255
2012-07-24 11:00:00,374.85925
2012-07-24 12:00:00,310.14838
2012-07-24 13:00:00,363.88147
2012-07-24 14:00:00,333.99124
2012-07-24 15:00:00,384.85217
2012-07-24 16:00:00,340.47357
2012-07-24 17:00:00,365.63242
2012-07-24 18:00:00,295.6031
2012-07-24 19:00:00,257.57803
2012-07-24 20:00:00,242.5798
2012-07-24 21:00:00,251.39093
2012-07-24 22:00:00,254.7415
2012-07-24 23:00:00,297.2321
2012-07-25 00:00:00,281.0874
2012-07-25 01:00:00,254.97769
2012-07-25 02:00:00,239.00623
2012-07-25 03:00:00,220.17908
2012-07-25 04:00:00,212.53255
2012-07-25 05:00:00,204.9917
2012-07-25 06:00:00,208.99324
2012-07-25 07:00:00,315.8927
2012-07-25 08:00:00,368.932
2012-07-25 09:00:00,420.65823
2012-07-25 10:00:00,327.97476
2012-07-25 11:00:00,354.6897
2012-07-25 12:00:00,354.6897
2012-07-25 13:00:00,395.73328
2012-07-25 14:00:00,391.24844
2012-07-25 15:00:00,371.29352
2012-07-25 16:00:00,397.55945
2012-07-25 17:00:00,350.24728
2012-07-25 18:00:00,393.44763
2012-07-25 19:00:00,388.64542
2012-07-25 20:00:00,351.56445
2012-07-25 21:00:00,303.4264
2012-07-25 22:00:00,238.41685
2012-07-25 23:00:00,274.4193
2012-07-26 00:00:00,216.54922
2012-07-26 01:00:00,220.17908
2012-07-26 02:00:00,210.4705
2012-07-26 03:00:00,206.98918
2012-07-26 04:00:00,182.35841
2012-07-26 05:00:00,182.35841
2012-07-26 06:00:00,171.20654
2012-07-26 07:00:00,214.06183
2012-07-26 08:00:00,219.0671
2012-07-26 09:00:00,220.52927
2012-07-26 10:00:00,242.12135
2012-07-26 11:00:00,297.9984
2012-07-26 12:00:00,347.01483
2012-07-26 13:00:00,386.30276
2012-07-26 14:00:00,398.78705
2012-07-26 15:00:00,419.84525
2012-07-26 16:00:00,420.56738
2012-07-26 17:00:00,455.93414
2012-07-26 18:00:00,425.85168
2012-07-26 19:00:00,417.40698
2012-07-26 20:00:00,371.77435
2012-07-26 21:00:00,425.10483
2012-07-26 22:00:00,425.10483
2012-07-26 23:00:00,212.55885
2012-07-27 00:00:00,145.2239
2012-07-27 01:00:00,191.0759
2012-07-27 02:00:00,154.92622
2012-07-27 03:00:00,199.93431
2012-07-27 04:00:00,116.32276
2012-07-27 05:00:00,102.74392
2012-07-27 06:00:00,116.32276
2012-07-27 07:00:00,227.70172
2012-07-27 08:00:00,209.97842
2012-07-27 09:00:00,379.39874
2012-07-27 10:00:00,289.26553
2012-07-27 11:00:00,398.6326
2012-07-27 12:00:00,412.41617
2012-07-27 13:00:00,380.41183
2012-07-27 14:00:00,389.39584
2012-07-27 15:00:00,388.4998
2012-07-27 16:00:00,358.47498
2012-07-27 17:00:00,398.3496
2012-07-27 18:00:00,343.67374
2012-07-27 19:00:00,323.664
2012-07-27 20:00:00,242.65237
2012-07-27 21:00:00,242.65237
2012-07-27 22:00:00,261.11087
2012-07-27 23:00:00,167.75407
2012-07-28 00:00:00,233.0276
2012-07-28 01:00:00,147.53104
2012-07-28 02:00:00,175.83499
2012-07-28 03:00:00,175.83499
2012-07-28 04:00:00,144.08337
2012-07-28 05:00:00,118.69306
2012-07-28 06:00:00,143.49533
2012-07-28 07:00:00,177.55524
2012-07-28 08:00:00,228.91348
2012-07-28 09:00:00,268.82767
2012-07-28 10:00:00,444.28333
2012-07-28 11:00:00,483.21722
2012-07-28 12:00:00,489.8382
2012-07-28 13:00:00,510.10056
2012-07-28 14:00:00,489.3594
2012-07-28 15:00:00,477.11737
2012-07-28 16:00:00,477.78067
2012-07-28 17:00:00,474.57703
2012-07-28 18:00:00,522.672
2012-07-28 19:00:00,94.50532
2012-07-28 20:00:00,116.58123
2012-07-28 21:00:00,84.49392
2012-07-28 22:00:00,84.49392
2012-07-28 23:00:00,73.136604
2012-07-29 00:00:00,75.098976
2012-07-29 01:00:00,78.775185
2012-07-29 02:00:00,121.1538
2012-07-29 03:00:00,187.38295
2012-07-29 04:00:00,166.51001
2012-07-29 05:00:00,113.50451
2012-07-29 06:00:00,130.44565
2012-07-29 07:00:00,192.82544
2012-07-29 08:00:00,227.13934
2012-07-29 09:00:00,270.59015
2012-07-29 10:00:00,213.94861
2012-07-29 11:00:00,355.04352
2012-07-29 12:00:00,379.8366
2012-07-29 13:00:00,450.2387
2012-07-29 14:00:00,455.80423
2012-07-29 15:00:00,458.99896
2012-07-29 16:00:00,458.99896
2012-07-29 17:00:00,473.5847
2012-07-29 18:00:00,529.9805
2012-07-29 19:00:00,329.76038
2012-07-29 20:00:00,190.768
2012-07-29 21:00:00,177.55524
2012-07-29 22:00:00,143.49533
2012-07-29 23:00:00,159.81169
2012-07-30 00:00:00,153.16672
2012-07-30 01:00:00,132.54668
2012-07-30 02:00:00,127.25929
2012-07-30 03:00:00,92.0108
2012-07-30 04:00:00,92.0108
2012-07-30 05:00:00,106.21081
2012-07-30 06:00:00,126.38841
2012-07-30 07:00:00,125.65945
2012-07-30 08:00:00,203.63535
2012-07-30 09:00:00,185.4727
2012-07-30 10:00:00,250.77464
2012-07-30 11:00:00,261.6743
2012-07-30 12:00:00,236.99873
2012-07-30 13:00:00,320.14734
2012-07-30 14:00:00,344.99323
2012-07-30 15:00:00,357.33334
2012-07-30 16:00:00,367.93896
2012-07-30 17:00:00,322.91428
2012-07-30 18:00:00,335.5152
2012-07-30 19:00:00,311.09424
2012-07-30 20:00:00,232.02307
2012-07-30 21:00:00,227.70172
2012-07-30 22:00:00,215.27225
2012-07-30 23:00:00,206.21805
2012-07-31 00:00:00,139.81497
2012-07-31 01:00:00,116.43485
2012-07-31 02:00:00,116.43484
2012-07-31 03:00:00,101.69694
2012-07-31 04:00:00,101.69694
2012-07-31 05:00:00,126.38841
2012-07-31 06:00:00,104.53062
2012-07-31 07:00:00,159.37576
2012-07-31 08:00:00,154.92622
2012-07-31 09:00:00,191.0759
2012-07-31 10:00:00,156.3672
2012-07-31 11:00:00,189.47653
2012-07-31 12:00:00,281.01746
2012-07-31 13:00:00,334.32648
2012-07-31 14:00:00,334.32648
2012-07-31 15:00:00,244.8357
2012-07-31 16:00:00,288.5074
2012-07-31 17:00:00,310.856
2012-07-31 18:00:00,310.82333
2012-07-31 19:00:00,271.1846
2012-07-31 20:00:00,218.6523
2012-07-31 21:00:00,165.46722
2012-07-31 22:00:00,199.63231
2012-07-31 23:00:00,154.73523
2012-08-20 00:00:00,127.486946
2012-08-20 01:00:00,113.580284
2012-08-20 02:00:00,113.580284
2012-08-20 03:00:00,86.064514
2012-08-20 04:00:00,120.82488
2012-08-20 05:00:00,119.21739
2012-08-20 06:00:00,159.29666
2012-08-20 07:00:00,164.56335
2012-08-20 08:00:00,180.21169
2012-08-20 09:00:00,179.02672
2012-08-20 10:00:00,190.09958
2012-08-20 11:00:00,192.19429
2012-08-20 12:00:00,216.63779
2012-08-20 13:00:00,238.41685
2012-08-20 14:00:00,268.8819
2012-08-20 15:00:00,295.0052
2012-08-20 16:00:00,295.0052
2012-08-20 17:00:00,270.45828
2012-08-20 18:00:00,170.17049
2012-08-20 19:00:00,164.04959
2012-08-20 20:00:00,145.8928
2012-08-20 21:00:00,84.433174
2012-08-20 22:00:00,119.21739
2012-08-20 23:00:00,119.21739
2012-08-21 00:00:00,120.82488
2012-08-21 01:00:00,134.73102
2012-08-21 02:00:00,126.77461
2012-08-21 03:00:00,68.889305
2012-08-21 04:00:00,68.889305
2012-08-21 05:00:00,89.99191
2012-08-21 06:00:00,94.333984
2012-08-21 07:00:00,114.47582
2012-08-21 08:00:00,125.552315
2012-08-21 09:00:00,137.62576
2012-08-21 10:00:00,213.60242
2012-08-21 11:00:00,195.98824
2012-08-21 12:00:00,257.62097
2012-08-21 13:00:00,302.6542
2012-08-21 14:00:00,355.53027
2012-08-21 15:00:00,331.80313
2012-08-21 16:00:00,331.80313
2012-08-21 17:00:00,323.70853
2012-08-21 18:00:00,288.79758
2012-08-21 19:00:00,187.57072
2012-08-21 20:00:00,123.659096
2012-08-21 21:00:00,123.659096
2012-08-21 22:00:00,102.795006
2012-08-21 23:00:00,86.829506
2012-08-22 00:00:00,100.305016
2012-08-22 01:00:00,102.943474
2012-08-22 02:00:00,102.943474
2012-08-22 03:00:00,102.943474
2012-08-22 04:00:00,95.92852
2012-08-22 05:00:00,100.15468
2012-08-22 06:00:00,119.89005
2012-08-22 07:00:00,102.943474
2012-08-22 08:00:00,136.93205
2012-08-22 09:00:00,151.03816
2012-08-22 10:00:00,207.84564
2012-08-22 11:00:00,214.33969
2012-08-22 12:00:00,211.6736
2012-08-22 13:00:00,270.80774
2012-08-22 14:00:00,296.44336
2012-08-22 15:00:00,289.43707
2012-08-22 16:00:00,271.33832
2012-08-22 17:00:00,271.33832
2012-08-22 18:00:00,229.92374
2012-08-22 19:00:00,163.64067
2012-08-22 20:00:00,177.48294
2012-08-22 21:00:00,123.659096
2012-08-22 22:00:00,123.659096
2012-08-22 23:00:00,86.51844
2012-08-23 00:00:00,102.795006
2012-08-23 01:00:00,86.829506
2012-08-23 02:00:00,86.829506
2012-08-23 03:00:00,95.86793
2012-08-23 04:00:00,86.829506
2012-08-23 05:00:00,86.829506
2012-08-23 06:00:00,105.25335
2012-08-23 07:00:00,124.080826
2012-08-23 08:00:00,178.7256
2012-08-23 09:00:00,181.04561
2012-08-23 10:00:00,219.49707
2012-08-23 11:00:00,260.8111
2012-08-23 12:00:00,326.9768
2012-08-23 13:00:00,356.65985
2012-08-23 14:00:00,346.4532
2012-08-23 15:00:00,309.1993
2012-08-23 16:00:00,301.72467
2012-08-23 17:00:00,349.59866
2012-08-23 18:00:00,322.04297
2012-08-23 19:00:00,247.06061
2012-08-23 20:00:00,216.30215
2012-08-23 21:00:00,231.72815
2012-08-23 22:00:00,218.21933
2012-08-23 23:00:00,180.77354
2012-08-24 00:00:00,180.77354
2012-08-24 01:00:00,164.16
2012-08-24 02:00:00,139.37613
2012-08-24 03:00:00,123.659096
2012-08-24 04:00:00,164.16
2012-08-24 05:00:00,102.795006
2012-08-24 06:00:00,122.11187
2012-08-24 07:00:00,141.57483
2012-08-24 08:00:00,163.64067
2012-08-24 09:00:00,207.21762
2012-08-24 10:00:00,245.47235
2012-08-24 11:00:00,265.90295
2012-08-24 12:00:00,288.93576
2012-08-24 13:00:00,353.0133
2012-08-24 14:00:00,318.65753
2012-08-24 15:00:00,276.97644
2012-08-24 16:00:00,276.97644
2012-08-24 17:00:00,289.53864
2012-08-24 18:00:00,249.92902
2012-08-24 19:00:00,247.62805
2012-08-24 20:00:00,235.17488
2012-08-24 21:00:00,237.18875
2012-08-24 22:00:00,202.74939
2012-08-24 23:00:00,195.4952
2012-08-25 00:00:00,254.54865
2012-08-25 01:00:00,212.78166
2012-08-25 02:00:00,140.32115
2012-08-25 03:00:00,124.198906
2012-08-25 04:00:00,175.72145
2012-08-25 05:00:00,165.72095
2012-08-25 06:00:00,131.44292
2012-08-25 07:00:00,142.63086
2012-08-25 08:00:00,183.27682
2012-08-25 09:00:00,218.33435
2012-08-25 10:00:00,241.87039
2012-08-25 11:00:00,265.52155
2012-08-25 12:00:00,328.01263
2012-08-25 13:00:00,380.6997
2012-08-25 14:00:00,221.85954
2012-08-25 15:00:00,182.94922
2012-08-25 16:00:00,187.05615
2012-08-25 17:00:00,188.91483
2012-08-25 18:00:00,210.18048
2012-08-25 19:00:00,153.04672
2012-08-25 20:00:00,127.11047
2012-08-25 21:00:00,149.70862
2012-08-25 22:00:00,149.70862
2012-08-25 23:00:00,127.34789
2012-08-26 00:00:00,99.700935
2012-08-26 01:00:00,84.63984
2012-08-26 02:00:00,105.55691
2012-08-26 03:00:00,110.45139
2012-08-26 04:00:00,98.60694
2012-08-26 05:00:00,84.63984
2012-08-26 06:00:00,108.63567
2012-08-26 07:00:00,84.63984
2012-08-26 08:00:00,167.93462
2012-08-26 09:00:00,153.69942
2012-08-26 10:00:00,290.94446
2012-08-26 11:00:00,284.47244
2012-08-26 12:00:00,231.47858
2012-08-26 13:00:00,169.53668
2012-08-26 14:00:00,60.926323
2012-08-26 15:00:00,114.614296
2012-08-26 16:00:00,114.614296
2012-08-26 17:00:00,92.15627
2012-08-26 18:00:00,76.54452
2012-08-26 19:00:00,91.94024
2012-08-26 20:00:00,77.40793
2012-08-26 21:00:00,80.039345
2012-08-26 22:00:00,54.703842
2012-08-26 23:00:00,65.360794
2012-08-27 00:00:00,86.829506
2012-08-27 01:00:00,83.777855
2012-08-27 02:00:00,95.75565
2012-08-27 03:00:00,83.77785
2012-08-27 04:00:00,86.829506
2012-08-27 05:00:00,72.84803
2012-08-27 06:00:00,72.84803
2012-08-27 07:00:00,92.0108
2012-08-27 08:00:00,101.69694
2012-08-27 09:00:00,106.21081
2012-08-27 10:00:00,197.55109
2012-08-27 11:00:00,247.55972
2012-08-27 12:00:00,175.51572
2012-08-27 13:00:00,270.23373
2012-08-27 14:00:00,277.82846
2012-08-27 15:00:00,340.47357
2012-08-27 16:00:00,323.916
2012-08-27 17:00:00,357.6372
2012-08-27 18:00:00,322.2921
2012-08-27 19:00:00,242.12135
2012-08-27 20:00:00,237.35033
2012-08-27 21:00:00,219.42545
2012-08-27 22:00:00,157.53226
2012-08-27 23:00:00,145.48122
2012-08-28 00:00:00,180.62178
2012-08-28 01:00:00,129.94276
2012-08-28 02:00:00,169.61354
2012-08-28 03:00:00,102.31747
2012-08-28 04:00:00,116.43485
2012-08-28 05:00:00,131.34523
2012-08-28 06:00:00,112.97072
2012-08-28 07:00:00,139.51382
2012-08-28 08:00:00,133.28458
2012-08-28 09:00:00,191.88962
2012-08-28 10:00:00,265.26614
2012-08-28 11:00:00,312.14072
2012-08-28 12:00:00,367.93896
2012-08-28 13:00:00,392.85684
2012-08-28 14:00:00,403.25467
2012-08-28 15:00:00,405.0254
2012-08-28 16:00:00,405.059
2012-08-28 17:00:00,443.79883
2012-08-28 18:00:00,387.0409
2012-08-28 19:00:00,320.35388
2012-08-28 20:00:00,271.26825
2012-08-28 21:00:00,261.9428
2012-08-28 22:00:00,195.98824
2012-08-28 23:00:00,182.7801
2012-08-29 00:00:00,139.37613
2012-08-29 01:00:00,183.10048
2012-08-29 02:00:00,154.49327
2012-08-29 03:00:00,141.1947
2012-08-29 04:00:00,170.32642
2012-08-29 05:00:00,164.63187
2012-08-29 06:00:00,164.63187
2012-08-29 07:00:00,178.26918
2012-08-29 08:00:00,228.84315
2012-08-29 09:00:00,290.71652
2012-08-29 10:00:00,301.2827
2012-08-29 11:00:00,257.62097
2012-08-29 12:00:00,314.29834
2012-08-29 13:00:00,293.73178
2012-08-29 14:00:00,335.67844
2012-08-29 15:00:00,372.64832
2012-08-29 16:00:00,372.6588
2012-08-29 17:00:00,393.85938
2012-08-29 18:00:00,343.73907
2012-08-29 19:00:00,276.69287
2012-08-29 20:00:00,182.7801
2012-08-29 21:00:00,238.8283
2012-08-29 22:00:00,199.52635
2012-08-29 23:00:00,185.44786
2012-08-30 00:00:00,137.62576
2012-08-30 01:00:00,150.82303
2012-08-30 02:00:00,119.89005
2012-08-30 03:00:00,119.89005
2012-08-30 04:00:00,119.89005
2012-08-30 05:00:00,119.89005
2012-08-30 06:00:00,113.580284
2012-08-30 07:00:00,123.659096
2012-08-30 08:00:00,150.54608
2012-08-30 09:00:00,176.10796
2012-08-30 10:00:00,197.12605
2012-08-30 11:00:00,335.67844
2012-08-30 12:00:00,312.36917
2012-08-30 13:00:00,270.80774
2012-08-30 14:00:00,289.43707
2012-08-30 15:00:00,332.42902
2012-08-30 16:00:00,355.53387
2012-08-30 17:00:00,394.7874
2012-08-30 18:00:00,375.89886
2012-08-30 19:00:00,289.43707
2012-08-30 20:00:00,257.36472
2012-08-30 21:00:00,228.64703
2012-08-30 22:00:00,139.7447
2012-08-30 23:00:00,163.29536
2012-08-31 00:00:00,136.17096
2012-08-31 01:00:00,136.17096
2012-08-31 02:00:00,102.31747
2012-08-31 03:00:00,93.41825
2012-08-31 04:00:00,98.21027
2012-08-31 05:00:00,104.53062
2012-08-31 06:00:00,125.8535
2012-08-31 07:00:00,106.78051
2012-08-31 08:00:00,170.87549
2012-08-31 09:00:00,147.42334
2012-08-31 10:00:00,217.58974
2012-08-31 11:00:00,393.6016
2012-08-31 12:00:00,392.24982
2012-08-31 13:00:00,396.50854
2012-08-31 14:00:00,382.69995
2012-08-31 15:00:00,394.2616
2012-08-31 16:00:00,389.90466
2012-08-31 17:00:00,380.7425
2012-08-31 18:00:00,384.97318
2012-08-31 19:00:00,305.76025
2012-08-31 20:00:00,305.76025
2012-08-31 21:00:00,278.136
2012-08-31 22:00:00,278.136
2012-08-31 23:00:00,221.00128
2012-09-20 00:00:00,160.7472
2012-09-20 01:00:00,127.97957
2012-09-20 02:00:00,123.14742
2012-09-20 03:00:00,86.11152
2012-09-20 04:00:00,104.68734
2012-09-20 05:00:00,104.68734
2012-09-20 06:00:00,86.11152
2012-09-20 07:00:00,87.84191
2012-09-20 08:00:00,152.21185
2012-09-20 09:00:00,210.93863
2012-09-20 10:00:00,243.77917
2012-09-20 11:00:00,286.0555
2012-09-20 12:00:00,324.7495
2012-09-20 13:00:00,311.10184
2012-09-20 14:00:00,311.1598
2012-09-20 15:00:00,307.65048
2012-09-20 16:00:00,299.94846
2012-09-20 17:00:00,299.56332
2012-09-20 18:00:00,265.6589
2012-09-20 19:00:00,219.77072
2012-09-20 20:00:00,197.44455
2012-09-20 21:00:00,196.33458
2012-09-20 22:00:00,123.95931
2012-09-20 23:00:00,161.30864
2012-09-21 00:00:00,128.0538
2012-09-21 01:00:00,108.57422
2012-09-21 02:00:00,108.57422
2012-09-21 03:00:00,97.8375
2012-09-21 04:00:00,87.37269
2012-09-21 05:00:00,75.09655
2012-09-21 06:00:00,97.8375
2012-09-21 07:00:00,89.5705
2012-09-21 08:00:00,132.04123
2012-09-21 09:00:00,171.15097
2012-09-21 10:00:00,236.08481
2012-09-21 11:00:00,254.4531
2012-09-21 12:00:00,249.83673
2012-09-21 13:00:00,266.37543
2012-09-21 14:00:00,298.65594
2012-09-21 15:00:00,284.73
2012-09-21 16:00:00,276.69284
2012-09-21 17:00:00,270.95044
2012-09-21 18:00:00,238.29477
2012-09-21 19:00:00,215.79825
2012-09-21 20:00:00,190.65901
2012-09-21 21:00:00,176.45386
2012-09-21 22:00:00,164.63187
2012-09-21 23:00:00,185.5391
2012-09-22 00:00:00,162.29832
2012-09-22 01:00:00,120.343636
2012-09-22 02:00:00,85.50044
2012-09-22 03:00:00,110.036125
2012-09-22 04:00:00,110.036125
2012-09-22 05:00:00,132.47983
2012-09-22 06:00:00,118.01829
2012-09-22 07:00:00,117.484436
2012-09-22 08:00:00,164.19452
2012-09-22 09:00:00,183.78333
2012-09-22 10:00:00,229.87805
2012-09-22 11:00:00,288.1974
2012-09-22 12:00:00,352.24234
2012-09-22 13:00:00,394.083
2012-09-22 14:00:00,446.75806
2012-09-22 15:00:00,429.85773
2012-09-22 16:00:00,397.0168
2012-09-22 17:00:00,397.0168
2012-09-22 18:00:00,351.46674
2012-09-22 19:00:00,263.31964
2012-09-22 20:00:00,329.11584
2012-09-22 21:00:00,264.8441
2012-09-22 22:00:00,254.60522
2012-09-22 23:00:00,341.7949
2012-09-23 00:00:00,504.904
2012-09-23 01:00:00,303.75165
2012-09-23 02:00:00,319.09732
2012-09-23 03:00:00,256.01477
2012-09-23 04:00:00,253.96448
2012-09-23 05:00:00,232.55922
2012-09-23 06:00:00,212.87482
2012-09-23 07:00:00,237.956
2012-09-23 08:00:00,256.7204
2012-09-23 09:00:00,288.27454
2012-09-23 10:00:00,352.30573
2012-09-23 11:00:00,355.68893
2012-09-23 12:00:00,417.60425
2012-09-23 13:00:00,520.0016
2012-09-23 14:00:00,518.4025
2012-09-23 15:00:00,540.48395
2012-09-23 16:00:00,486.68317
2012-09-23 17:00:00,416.92984
2012-09-23 18:00:00,433.06985
2012-09-23 19:00:00,374.98776
2012-09-23 20:00:00,374.98776
2012-09-23 21:00:00,349.95245
2012-09-23 22:00:00,408.1972
2012-09-23 23:00:00,301.43024
2012-09-24 00:00:00,256.2018
2012-09-24 01:00:00,254.05544
2012-09-24 02:00:00,284.77975
2012-09-24 03:00:00,263.3899
2012-09-24 04:00:00,248.71744
2012-09-24 05:00:00,278.864
2012-09-24 06:00:00,298.3108
2012-09-24 07:00:00,254.05544
2012-09-24 08:00:00,299.12906
2012-09-24 09:00:00,313.7895
2012-09-24 10:00:00,325.15454
2012-09-24 11:00:00,393.2615
2012-09-24 12:00:00,401.9344
2012-09-24 13:00:00,457.64853
2012-09-24 14:00:00,398.18527
2012-09-24 15:00:00,400.11133
2012-09-24 16:00:00,432.61404
2012-09-24 17:00:00,387.08478
2012-09-24 18:00:00,382.71292
2012-09-24 19:00:00,364.4532
2012-09-24 20:00:00,327.36404
2012-09-24 21:00:00,320.82254
2012-09-24 22:00:00,303.82947
2012-09-24 23:00:00,268.66388
2012-09-25 00:00:00,248.63153
2012-09-25 01:00:00,224.129
2012-09-25 02:00:00,187.30283
2012-09-25 03:00:00,224.55533
2012-09-25 04:00:00,220.46631
2012-09-25 05:00:00,191.87683
2012-09-25 06:00:00,202.30394
2012-09-25 07:00:00,201.9997
2012-09-25 08:00:00,249.98509
2012-09-25 09:00:00,297.80957
2012-09-25 10:00:00,310.33954
2012-09-25 11:00:00,381.6947
2012-09-25 12:00:00,403.43817
2012-09-25 13:00:00,384.41998
2012-09-25 14:00:00,441.52722
2012-09-25 15:00:00,455.71777
2012-09-25 16:00:00,435.20276
2012-09-25 17:00:00,432.12207
2012-09-25 18:00:00,413.58856
2012-09-25 19:00:00,362.31238
2012-09-25 20:00:00,326.90588
2012-09-25 21:00:00,326.90588
2012-09-25 22:00:00,326.04074
2012-09-25 23:00:00,327.26764
2012-09-26 00:00:00,279.0095
2012-09-26 01:00:00,272.92194
2012-09-26 02:00:00,281.21692
2012-09-26 03:00:00,281.21692
2012-09-26 04:00:00,244.82747
2012-09-26 05:00:00,252.90112
2012-09-26 06:00:00,252.34875
2012-09-26 07:00:00,225.22018
2012-09-26 08:00:00,230.76147
2012-09-26 09:00:00,317.67938
2012-09-26 10:00:00,258.20126
2012-09-26 11:00:00,317.31125
2012-09-26 12:00:00,325.4084
2012-09-26 13:00:00,340.62457
2012-09-26 14:00:00,420.44086
2012-09-26 15:00:00,423.8141
2012-09-26 16:00:00,435.00827
2012-09-26 17:00:00,423.8141
2012-09-26 18:00:00,411.01514
2012-09-26 19:00:00,359.539
2012-09-26 20:00:00,295.109
2012-09-26 21:00:00,314.29263
2012-09-26 22:00:00,305.5249
2012-09-26 23:00:00,243.02605
2012-09-27 00:00:00,207.79326
2012-09-27 01:00:00,207.79326
2012-09-27 02:00:00,207.79326
2012-09-27 03:00:00,183.52768
2012-09-27 04:00:00,116.57958
2012-09-27 05:00:00,141.86687
2012-09-27 06:00:00,130.3104
2012-09-27 07:00:00,183.52768
2012-09-27 08:00:00,268.78848
2012-09-27 09:00:00,274.47385
2012-09-27 10:00:00,381.34967
2012-09-27 11:00:00,374.76306
2012-09-27 12:00:00,384.5255
2012-09-27 13:00:00,365.17853
2012-09-27 14:00:00,389.857
2012-09-27 15:00:00,389.31683
2012-09-27 16:00:00,343.21072
2012-09-27 17:00:00,281.9913
2012-09-27 18:00:00,297.8692
2012-09-27 19:00:00,315.89178
2012-09-27 20:00:00,297.2878
2012-09-27 21:00:00,208.90263
2012-09-27 22:00:00,208.90263
2012-09-27 23:00:00,231.81137
2012-09-28 00:00:00,194.97067
2012-09-28 01:00:00,191.95633
2012-09-28 02:00:00,170.24518
2012-09-28 03:00:00,215.97772
2012-09-28 04:00:00,202.56699
2012-09-28 05:00:00,115.87147
2012-09-28 06:00:00,127.39537
2012-09-28 07:00:00,121.52064
2012-09-28 08:00:00,161.64433
2012-09-28 09:00:00,209.7093
2012-09-28 10:00:00,249.61905
2012-09-28 11:00:00,290.0483
2012-09-28 12:00:00,359.8971
2012-09-28 13:00:00,381.8583
2012-09-28 14:00:00,359.8971
2012-09-28 15:00:00,350.2409
2012-09-28 16:00:00,376.58618
2012-09-28 17:00:00,344.94513
2012-09-28 18:00:00,373.27805
2012-09-28 19:00:00,376.19904
2012-09-28 20:00:00,370.14203
2012-09-28 21:00:00,368.3019
2012-09-28 22:00:00,335.38568
2012-09-28 23:00:00,327.0837
2012-09-29 00:00:00,268.5542
2012-09-29 01:00:00,268.5542
2012-09-29 02:00:00,300.78503
2012-09-29 03:00:00,288.6298
2012-09-29 04:00:00,255.51816
2012-09-29 05:00:00,246.92665
2012-09-29 06:00:00,232.5698
2012-09-29 07:00:00,208.60252
2012-09-29 08:00:00,211.22003
2012-09-29 09:00:00,246.92665
2012-09-29 10:00:00,281.19962
2012-09-29 11:00:00,312.68658
2012-09-29 12:00:00,459.91013
2012-09-29 13:00:00,459.91013
2012-09-29 14:00:00,475.81595
2012-09-29 15:00:00,448.03876
2012-09-29 16:00:00,480.31818
2012-09-29 17:00:00,454.03506
2012-09-29 18:00:00,362.72955
2012-09-29 19:00:00,292.55237
2012-09-29 20:00:00,289.33643
2012-09-29 21:00:00,297.3405
2012-09-29 22:00:00,254.2831
2012-09-29 23:00:00,274.08838
2012-09-30 00:00:00,324.72455
2012-09-30 01:00:00,324.72455
2012-09-30 02:00:00,285.18552
2012-09-30 03:00:00,224.52885
2012-09-30 04:00:00,224.52885
2012-09-30 05:00:00,202.32266
2012-09-30 06:00:00,188.93765
2012-09-30 07:00:00,150.7567
2012-09-30 08:00:00,228.37354
2012-09-30 09:00:00,260.40366
2012-09-30 10:00:00,388.59125
2012-09-30 11:00:00,459.05365
2012-09-30 12:00:00,459.91013
2012-09-30 13:00:00,480.31818
2012-09-30 14:00:00,480.31818
2012-09-30 15:00:00,535.34296
2012-09-30 16:00:00,546.3171
2012-09-30 17:00:00,512.48
2012-09-30 18:00:00,259.0326
2012-09-30 19:00:00,260.0694
2012-09-30 20:00:00,260.0694
2012-09-30 21:00:00,241.80771
2012-09-30 22:00:00,205.48102
2012-09-30 23:00:00,195.6745
2012-10-20 00:00:00,136.26537
2012-10-20 01:00:00,195.09238
2012-10-20 02:00:00,151.9974
2012-10-20 03:00:00,154.35062
2012-10-20 04:00:00,202.32266
2012-10-20 05:00:00,98.53537
2012-10-20 06:00:00,205.54486
2012-10-20 07:00:00,98.53537
2012-10-20 08:00:00,220.56804
2012-10-20 09:00:00,272.15857
2012-10-20 10:00:00,312.05786
2012-10-20 11:00:00,309.38422
2012-10-20 12:00:00,388.64954
2012-10-20 13:00:00,402.27185
2012-10-20 14:00:00,489.4548
2012-10-20 15:00:00,468.52466
2012-10-20 16:00:00,366.7385
2012-10-20 17:00:00,420.9508
2012-10-20 18:00:00,383.26035
2012-10-20 19:00:00,340.0841
2012-10-20 20:00:00,372.89862
2012-10-20 21:00:00,299.19022
2012-10-20 22:00:00,294.03595
2012-10-20 23:00:00,295.79504
2012-10-21 00:00:00,268.10992
2012-10-21 01:00:00,226.5291
2012-10-21 02:00:00,215.08035
2012-10-21 03:00:00,197.18729
2012-10-21 04:00:00,149.45064
2012-10-21 05:00:00,197.18729
2012-10-21 06:00:00,260.5832
2012-10-21 07:00:00,260.5832
2012-10-21 08:00:00,239.0579
2012-10-21 09:00:00,270.69086
2012-10-21 10:00:00,305.14642
2012-10-21 11:00:00,341.07455
2012-10-21 12:00:00,379.5197
2012-10-21 13:00:00,425.80197
2012-10-21 14:00:00,473.4773
2012-10-21 15:00:00,412.8438
2012-10-21 16:00:00,420.9508
2012-10-21 17:00:00,380.5779
2012-10-21 18:00:00,393.92325
2012-10-21 19:00:00,359.055
2012-10-21 20:00:00,333.75116
2012-10-21 21:00:00,258.90698
2012-10-21 22:00:00,318.114
2012-10-21 23:00:00,330.84534
2012-10-22 00:00:00,265.58514
2012-10-22 01:00:00,227.19534
2012-10-22 02:00:00,213.89845
2012-10-22 03:00:00,265.58514
2012-10-22 04:00:00,243.04068
2012-10-22 05:00:00,164.4541
2012-10-22 06:00:00,149.46431
2012-10-22 07:00:00,231.12143
2012-10-22 08:00:00,253.85715
2012-10-22 09:00:00,275.84494
2012-10-22 10:00:00,322.2072
2012-10-22 11:00:00,389.602
2012-10-22 12:00:00,371.54608
2012-10-22 13:00:00,448.83612
2012-10-22 14:00:00,451.44208
2012-10-22 15:00:00,449.5146
2012-10-22 16:00:00,439.31946
2012-10-22 17:00:00,422.9257
2012-10-22 18:00:00,299.0322
2012-10-22 19:00:00,327.364
2012-10-22 20:00:00,302.72867
2012-10-22 21:00:00,265.18195
2012-10-22 22:00:00,182.89139
2012-10-22 23:00:00,175.02269
2012-10-23 00:00:00,159.85905
2012-10-23 01:00:00,209.0387
2012-10-23 02:00:00,154.27338
2012-10-23 03:00:00,201.74178
2012-10-23 04:00:00,190.24408
2012-10-23 05:00:00,206.31058
2012-10-23 06:00:00,154.30974
2012-10-23 07:00:00,233.17978
2012-10-23 08:00:00,261.29837
2012-10-23 09:00:00,272.96313
2012-10-23 10:00:00,305.6097
2012-10-23 11:00:00,344.9441
2012-10-23 12:00:00,363.71362
2012-10-23 13:00:00,367.5675
2012-10-23 14:00:00,414.1814
2012-10-23 15:00:00,423.86005
2012-10-23 16:00:00,383.28363
2012-10-23 17:00:00,384.04654
2012-10-23 18:00:00,352.2973
2012-10-23 19:00:00,345.60657
2012-10-23 20:00:00,310.20084
2012-10-23 21:00:00,254.80034
2012-10-23 22:00:00,286.19925
2012-10-23 23:00:00,249.23407
2012-10-24 00:00:00,241.97775
2012-10-24 01:00:00,254.62852
2012-10-24 02:00:00,254.62854
2012-10-24 03:00:00,210.78152
2012-10-24 04:00:00,210.78152
2012-10-24 05:00:00,152.1887
2012-10-24 06:00:00,180.77963
2012-10-24 07:00:00,130.61296
2012-10-24 08:00:00,206.80942
2012-10-24 09:00:00,248.72989
2012-10-24 10:00:00,261.80484
2012-10-24 11:00:00,284.60782
2012-10-24 12:00:00,328.95636
2012-10-24 13:00:00,327.87048
2012-10-24 14:00:00,471.78986
2012-10-24 15:00:00,414.55634
2012-10-24 16:00:00,443.58926
2012-10-24 17:00:00,355.91495
2012-10-24 18:00:00,366.56985
2012-10-24 19:00:00,357.60364
2012-10-24 20:00:00,337.0016
2012-10-24 21:00:00,337.07922
2012-10-24 22:00:00,328.67133
2012-10-24 23:00:00,300.83093
2012-10-25 00:00:00,328.2776
2012-10-25 01:00:00,255.01773
2012-10-25 02:00:00,185.79759
2012-10-25 03:00:00,175.77597
2012-10-25 04:00:00,170.82951
2012-10-25 05:00:00,178.71162
2012-10-25 06:00:00,178.91922
2012-10-25 07:00:00,178.91922
2012-10-25 08:00:00,210.53929
2012-10-25 09:00:00,206.15947
2012-10-25 10:00:00,212.88254
2012-10-25 11:00:00,206.88521
2012-10-25 12:00:00,246.07849
2012-10-25 13:00:00,224.39502
2012-10-25 14:00:00,273.2929
2012-10-25 15:00:00,319.893
2012-10-25 16:00:00,298.88226
2012-10-25 17:00:00,298.88226
2012-10-25 18:00:00,171.21132
2012-10-25 19:00:00,196.43062
2012-10-25 20:00:00,175.77597
2012-10-25 21:00:00,175.77597
2012-10-25 22:00:00,204.28285
2012-10-25 23:00:00,212.88254
2012-10-26 00:00:00,232.38126
2012-10-26 01:00:00,168.02808
2012-10-26 02:00:00,170.82951
2012-10-26 03:00:00,178.71162
2012-10-26 04:00:00,178.71162
2012-10-26 05:00:00,170.82951
2012-10-26 06:00:00,168.02808
2012-10-26 07:00:00,170.82951
2012-10-26 08:00:00,176.1211
2012-10-26 09:00:00,176.1211
2012-10-26 10:00:00,171.19617
2012-10-26 11:00:00,245.65092
2012-10-26 12:00:00,272.82242
2012-10-26 13:00:00,300.49677
2012-10-26 14:00:00,328.67133
2012-10-26 15:00:00,337.07922
2012-10-26 16:00:00,276.66074
2012-10-26 17:00:00,253.66316
2012-10-26 18:00:00,246.54437
2012-10-26 19:00:00,214.47818
2012-10-26 20:00:00,214.47818
2012-10-26 21:00:00,251.41766
2012-10-26 22:00:00,211.71571
2012-10-26 23:00:00,187.9998
2012-10-27 00:00:00,103.17625
2012-10-27 01:00:00,120.70112
2012-10-27 02:00:00,140.37642
2012-10-27 03:00:00,115.30648
2012-10-27 04:00:00,129.6236
2012-10-27 05:00:00,168.40494
2012-10-27 06:00:00,168.40494
2012-10-27 07:00:00,148.8996
2012-10-27 08:00:00,184.48877
2012-10-27 09:00:00,184.48877
2012-10-27 10:00:00,207.6228
2012-10-27 11:00:00,249.1253
2012-10-27 12:00:00,360.72073
2012-10-27 13:00:00,448.03876
2012-10-27 14:00:00,417.42728
2012-10-27 15:00:00,276.70944
2012-10-27 16:00:00,259.38647
2012-10-27 17:00:00,259.38647
2012-10-27 18:00:00,259.38647
2012-10-27 19:00:00,225.92209
2012-10-27 20:00:00,225.92209
2012-10-27 21:00:00,225.92209
2012-10-27 22:00:00,217.39621
2012-10-27 23:00:00,217.10995
2012-10-28 00:00:00,224.52524
2012-10-28 01:00:00,202.6618
2012-10-28 02:00:00,218.22754
2012-10-28 03:00:00,234.20496
2012-10-28 04:00:00,231.63821
2012-10-28 05:00:00,240.06873
2012-10-28 06:00:00,252.42229
2012-10-28 07:00:00,255.65454
2012-10-28 08:00:00,256.3769
2012-10-28 09:00:00,271.34018
2012-10-28 10:00:00,285.42267
2012-10-28 11:00:00,286.27078
2012-10-28 12:00:00,247.40593
2012-10-28 13:00:00,244.73003
2012-10-28 14:00:00,249.78513
2012-10-28 15:00:00,231.9628
2012-10-28 16:00:00,209.42178
2012-10-28 17:00:00,171.10185
2012-10-28 18:00:00,95.314835
2012-10-28 19:00:00,110.27267
2012-10-28 20:00:00,97.38984
2012-10-28 21:00:00,133.39136
2012-10-28 22:00:00,142.30008
2012-10-28 23:00:00,110.27267
2012-10-29 00:00:00,151.45653
2012-10-30 13:00:00,97.87315
2012-10-30 14:00:00,97.87315
2012-10-30 15:00:00,122.68024
2012-10-30 16:00:00,122.68024
2012-10-30 17:00:00,132.55826
2012-10-30 18:00:00,148.37036
2012-10-30 19:00:00,269.27927
2012-10-30 20:00:00,151.01538
2012-10-30 21:00:00,141.11879
2012-10-30 22:00:00,144.02405
2012-10-30 23:00:00,144.02405
2012-10-31 00:00:00,143.80473
2012-10-31 01:00:00,138.71974
2012-10-31 02:00:00,149.58865
2012-10-31 03:00:00,143.80473
2012-10-31 04:00:00,149.27615
2012-10-31 05:00:00,149.58865
2012-10-31 06:00:00,149.09283
2012-10-31 07:00:00,147.39005
2012-10-31 08:00:00,148.34688
2012-10-31 09:00:00,153.17574
2012-10-31 10:00:00,184.20187
2012-10-31 11:00:00,202.829
2012-10-31 12:00:00,248.59033
2012-10-31 13:00:00,274.91925
2012-10-31 14:00:00,281.4192
2012-10-31 15:00:00,280.14136
2012-10-31 16:00:00,271.37177
2012-10-31 17:00:00,267.6405
2012-10-31 18:00:00,267.6405
2012-10-31 19:00:00,280.04437
2012-10-31 20:00:00,280.04437
2012-10-31 21:00:00,280.04437
2012-10-31 22:00:00,238.85745
2012-10-31 23:00:00,255.26755
2012-11-20 00:00:00,163.10759
2012-11-20 01:00:00,188.11903
2012-11-20 02:00:00,148.03583
2012-11-20 03:00:00,173.69426
2012-11-20 04:00:00,192.05128
2012-11-20 05:00:00,190.3999
2012-11-20 06:00:00,174.20233
2012-11-20 07:00:00,139.09775
2012-11-20 08:00:00,161.0141
2012-11-20 09:00:00,234.04192
2012-11-20 10:00:00,259.80322
2012-11-20 11:00:00,263.9536
2012-11-20 12:00:00,286.4136
2012-11-20 13:00:00,316.10574
2012-11-20 14:00:00,296.96423
2012-11-20 15:00:00,310.39273
2012-11-20 16:00:00,281.2776
2012-11-20 17:00:00,222.5845
2012-11-20 18:00:00,259.80322
2012-11-20 19:00:00,265.43802
2012-11-20 20:00:00,208.68771
2012-11-20 21:00:00,191.44519
2012-11-20 22:00:00,191.44519
2012-11-20 23:00:00,141.48831
2012-11-21 00:00:00,113.48945
2012-11-21 01:00:00,141.48831
2012-11-21 02:00:00,131.56374
2012-11-21 03:00:00,131.56374
2012-11-21 04:00:00,131.56374
2012-11-21 05:00:00,131.56374
2012-11-21 06:00:00,121.0469
2012-11-21 07:00:00,115.583565
2012-11-21 08:00:00,129.54576
2012-11-21 09:00:00,139.09776
2012-11-21 10:00:00,245.84218
2012-11-21 11:00:00,274.07053
2012-11-21 12:00:00,320.65833
2012-11-21 13:00:00,339.38892
2012-11-21 14:00:00,362.69995
2012-11-21 15:00:00,343.4821
2012-11-21 16:00:00,350.60718
2012-11-21 17:00:00,311.8012
2012-11-21 18:00:00,328.74335
2012-11-21 19:00:00,284.95145
2012-11-21 20:00:00,228.31323
2012-11-21 21:00:00,274.57895
2012-11-21 22:00:00,260.267
2012-11-21 23:00:00,214.28851
2012-11-22 00:00:00,123.9379
2012-11-22 01:00:00,86.126076
2012-11-22 02:00:00,48.51224
2012-11-22 03:00:00,52.71228
2012-11-22 04:00:00,48.73589
2012-11-22 05:00:00,52.71228
2012-11-22 06:00:00,61.62707
2012-11-22 07:00:00,48.604176
2012-11-22 08:00:00,54.470856
2012-11-22 09:00:00,91.888695
2012-11-22 10:00:00,252.76033
2012-11-22 11:00:00,333.13373
2012-11-22 12:00:00,340.7564
2012-11-22 13:00:00,387.4303
2012-11-22 14:00:00,421.4507
2012-11-22 15:00:00,421.4507
2012-11-22 16:00:00,376.65002
2012-11-22 17:00:00,340.7564
2012-11-22 18:00:00,285.70258
2012-11-22 19:00:00,83.81593
2012-11-22 20:00:00,94.607
2012-11-22 21:00:00,198.88113
2012-11-22 22:00:00,156.68864
2012-11-22 23:00:00,62.23923
2012-11-23 00:00:00,126.800316
2012-11-23 01:00:00,121.29106
2012-11-23 02:00:00,115.29975
2012-11-23 03:00:00,86.430885
2012-11-23 04:00:00,115.15386
2012-11-23 05:00:00,74.84638
2012-11-23 06:00:00,74.84638
2012-11-23 07:00:00,74.84638
2012-11-23 08:00:00,110.36879
2012-11-23 09:00:00,130.30032
2012-11-23 10:00:00,206.36754
2012-11-23 11:00:00,274.07053
2012-11-23 12:00:00,320.30923
2012-11-23 13:00:00,329.52628
2012-11-23 14:00:00,366.51984
2012-11-23 15:00:00,327.0383
2012-11-23 16:00:00,341.6421
2012-11-23 17:00:00,342.9246
2012-11-23 18:00:00,333.9254
2012-11-23 19:00:00,319.59915
2012-11-23 20:00:00,334.65387
2012-11-23 21:00:00,294.5667
2012-11-23 22:00:00,371.9074
2012-11-23 23:00:00,333.48877
2012-11-24 00:00:00,316.12067
2012-11-24 01:00:00,262.5156
2012-11-24 02:00:00,259.30292
2012-11-24 03:00:00,210.91623
2012-11-24 04:00:00,198.18414
2012-11-24 05:00:00,181.78937
2012-11-24 06:00:00,141.70607
2012-11-24 07:00:00,187.9802
2012-11-24 08:00:00,189.06924
2012-11-24 09:00:00,201.71301
2012-11-24 10:00:00,168.65753
2012-11-24 11:00:00,206.17113
2012-11-24 12:00:00,258.2176
2012-11-24 13:00:00,263.62042
2012-11-24 14:00:00,279.3399
2012-11-24 15:00:00,259.47528
2012-11-24 16:00:00,232.91115
2012-11-24 17:00:00,193.82463
2012-11-24 18:00:00,207.98096
2012-11-24 19:00:00,176.68596
2012-11-24 20:00:00,141.70607
2012-11-24 21:00:00,138.3935
2012-11-24 22:00:00,145.75464
2012-11-24 23:00:00,138.3935
2012-11-25 00:00:00,111.910545
2012-11-25 01:00:00,128.85986
2012-11-25 02:00:00,136.42346
2012-11-25 03:00:00,162.9809
2012-11-25 04:00:00,162.9809
2012-11-25 05:00:00,125.77746
2012-11-25 06:00:00,124.53222
2012-11-25 07:00:00,108.54346
2012-11-25 08:00:00,115.233284
2012-11-25 09:00:00,134.6502
2012-11-25 10:00:00,124.283455
2012-11-25 11:00:00,196.05959
2012-11-25 12:00:00,196.05959
2012-11-25 13:00:00,201.39171
2012-11-25 14:00:00,225.66902
2012-11-25 15:00:00,213.31862
2012-11-25 16:00:00,236.44193
2012-11-25 17:00:00,210.85915
2012-11-25 18:00:00,169.37778
2012-11-25 19:00:00,214.32861
2012-11-25 20:00:00,72.87753
2012-11-25 21:00:00,195.01587
2012-11-25 22:00:00,72.87753
2012-11-25 23:00:00,62.866467
2012-11-26 00:00:00,69.61339
2012-11-26 01:00:00,62.02105
2012-11-26 02:00:00,62.02105
2012-11-26 03:00:00,62.02105
2012-11-26 04:00:00,69.61339
2012-11-26 05:00:00,121.4907
2012-11-26 06:00:00,69.61339
2012-11-26 07:00:00,88.14869
2012-11-26 08:00:00,88.14869
2012-11-26 09:00:00,191.92683
2012-11-26 10:00:00,244.69614
2012-11-26 11:00:00,304.33615
2012-11-26 12:00:00,335.72864
2012-11-26 13:00:00,335.72864
2012-11-26 14:00:00,297.77777
2012-11-26 15:00:00,332.56598
2012-11-26 16:00:00,302.94724
2012-11-26 17:00:00,292.91037
2012-11-26 18:00:00,257.0117
2012-11-26 19:00:00,252.9583
2012-11-26 20:00:00,260.267
2012-11-26 21:00:00,260.267
2012-11-26 22:00:00,214.28851
2012-11-26 23:00:00,186.24915
2012-11-27 00:00:00,188.58563
2012-11-27 01:00:00,171.87003
2012-11-27 02:00:00,170.66182
2012-11-27 03:00:00,177.55484
2012-11-27 04:00:00,148.59698
2012-11-27 05:00:00,147.25386
2012-11-27 06:00:00,153.71002
2012-11-27 07:00:00,150.47322
2012-11-27 08:00:00,154.72733
2012-11-27 09:00:00,154.56941
2012-11-27 10:00:00,153.03102
2012-11-27 11:00:00,103.13315
2012-11-27 12:00:00,80.91866
2012-11-27 13:00:00,118.42091
2012-11-27 14:00:00,85.39499
2012-11-27 15:00:00,137.14748
2012-11-27 16:00:00,137.14748
2012-11-27 17:00:00,120.95381
2012-11-27 18:00:00,103.404915
2012-11-27 19:00:00,136.93204
2012-11-27 20:00:00,118.98173
2012-11-27 21:00:00,116.69801
2012-11-27 22:00:00,135.1883
2012-11-27 23:00:00,128.86902
2012-11-28 00:00:00,132.70134
2012-11-28 01:00:00,139.99565
2012-11-28 02:00:00,139.99565
2012-11-28 03:00:00,145.15556
2012-11-28 04:00:00,146.1827
2012-11-28 05:00:00,146.18655
2012-11-28 06:00:00,155.88034
2012-11-28 07:00:00,185.5288
2012-11-28 08:00:00,129.15334
2012-11-28 09:00:00,201.9493
2012-11-28 10:00:00,245.47073
2012-11-28 11:00:00,253.60907
2012-11-28 12:00:00,267.38184
2012-11-28 13:00:00,262.79044
2012-11-28 14:00:00,267.35492
2012-11-28 15:00:00,297.75455
2012-11-28 16:00:00,306.39264
2012-11-28 17:00:00,282.0439
2012-11-28 18:00:00,273.97034
2012-11-28 19:00:00,272.37933
2012-11-28 20:00:00,272.28778
2012-11-28 21:00:00,253.74399
2012-11-28 22:00:00,228.96419
2012-11-28 23:00:00,211.3211
2012-11-29 00:00:00,128.82755
2012-11-29 01:00:00,106.8082
2012-11-29 02:00:00,78.37046
2012-11-29 04:00:00,98.824745
2012-11-29 05:00:00,62.02105
2012-11-29 06:00:00,69.61339
2012-11-29 07:00:00,66.58839
2012-11-29 08:00:00,102.703094
2012-11-29 09:00:00,113.86669
2012-11-29 10:00:00,138.92061
2012-11-29 11:00:00,284.4234
2012-11-29 12:00:00,285.65604
2012-11-29 13:00:00,315.3911
2012-11-29 14:00:00,264.8878
2012-11-29 15:00:00,256.2819
2012-11-29 16:00:00,274.00885
2012-11-29 17:00:00,271.9718
2012-11-29 18:00:00,241.45294
2012-11-29 19:00:00,214.09438
2012-11-29 20:00:00,223.83316
2012-11-29 21:00:00,146.27171
2012-11-29 22:00:00,116.741234
2012-11-29 23:00:00,156.63557
2012-11-30 00:00:00,140.88593
2012-11-30 01:00:00,107.11204
2012-11-30 02:00:00,74.53022
2012-11-30 03:00:00,74.53022
2012-11-30 04:00:00,68.36642
2012-11-30 05:00:00,64.85226
2012-11-30 06:00:00,68.55392
2012-11-30 07:00:00,69.06618
2012-11-30 08:00:00,109.75083
2012-11-30 09:00:00,106.41832
2012-11-30 10:00:00,190.4885
2012-11-30 11:00:00,264.28522
2012-11-30 12:00:00,292.33713
2012-11-30 13:00:00,312.56232
2012-11-30 14:00:00,315.7459
2012-11-30 15:00:00,328.2698
2012-11-30 16:00:00,305.26154
2012-11-30 17:00:00,249.80957
2012-11-30 18:00:00,264.75113
2012-11-30 19:00:00,174.7755
2012-11-30 20:00:00,174.7755
2012-11-30 21:00:00,133.33087
2012-11-30 22:00:00,100.43693
2012-11-30 23:00:00,142.14314
2012-12-20 00:00:00,201.75636
2012-12-20 01:00:00,174.7755
2012-12-20 02:00:00,174.7755
2012-12-20 03:00:00,153.82028
2012-12-20 04:00:00,153.82028
2012-12-20 05:00:00,158.20331
2012-12-20 06:00:00,190.4885
2012-12-20 07:00:00,152.01025
2012-12-20 08:00:00,152.01025
2012-12-20 09:00:00,152.01025
2012-12-20 10:00:00,201.17627
2012-12-20 11:00:00,219.91393
2012-12-20 12:00:00,256.20773
2012-12-20 13:00:00,238.24246
2012-12-20 14:00:00,249.42528
2012-12-20 15:00:00,230.42773
2012-12-20 16:00:00,231.75931
2012-12-20 17:00:00,192.05128
2012-12-20 18:00:00,177.62756
2012-12-20 19:00:00,175.71512
2012-12-20 20:00:00,168.07346
2012-12-20 21:00:00,168.07346
2012-12-20 22:00:00,145.81334
2012-12-20 23:00:00,162.47305
2012-12-21 00:00:00,106.60343
2012-12-21 01:00:00,113.59107
2012-12-21 02:00:00,113.123245
2012-12-21 03:00:00,113.123245
2012-12-21 04:00:00,122.49368
2012-12-21 05:00:00,100.50245
2012-12-21 06:00:00,133.67522
2012-12-21 07:00:00,105.53796
2012-12-21 08:00:00,110.34964
2012-12-21 09:00:00,138.73914
2012-12-21 10:00:00,159.8638
2012-12-21 11:00:00,139.82309
2012-12-21 12:00:00,135.45358
2012-12-21 13:00:00,142.33223
2012-12-21 14:00:00,145.79056
2012-12-21 15:00:00,130.19644
2012-12-21 16:00:00,124.74903
2012-12-21 17:00:00,91.820526
2012-12-21 18:00:00,88.949554
2012-12-21 19:00:00,122.81918
2012-12-21 20:00:00,118.715034
2012-12-21 21:00:00,134.67607
2012-12-21 22:00:00,118.09594
2012-12-21 23:00:00,115.89043
2012-12-22 00:00:00,105.647964
2012-12-22 01:00:00,104.08849
2012-12-22 02:00:00,104.32801
2012-12-22 03:00:00,98.209816
2012-12-22 04:00:00,97.02068
2012-12-22 05:00:00,100.44468
2012-12-22 06:00:00,107.30825
2012-12-22 07:00:00,107.30825
2012-12-22 08:00:00,109.19431
2012-12-22 09:00:00,99.56722
2012-12-22 10:00:00,99.30746
2012-12-22 11:00:00,125.77108
2012-12-22 12:00:00,124.440735
2012-12-22 13:00:00,159.5504
2012-12-22 14:00:00,160.59076
2012-12-22 15:00:00,154.81625
2012-12-22 16:00:00,137.54796
2012-12-22 17:00:00,119.14965
2012-12-22 18:00:00,104.113976
2012-12-22 19:00:00,86.379944
2012-12-22 20:00:00,85.44187
2012-12-22 21:00:00,69.34582
2012-12-22 22:00:00,69.34582
2012-12-22 23:00:00,71.7338
2012-12-23 00:00:00,79.52293
2012-12-23 01:00:00,79.74111
2012-12-23 02:00:00,62.95072
2012-12-23 03:00:00,61.541355
2012-12-23 04:00:00,70.29681
2012-12-23 05:00:00,62.697945
2012-12-23 06:00:00,40.23621
2012-12-23 07:00:00,40.23621
2012-12-23 08:00:00,33.731823
2012-12-23 09:00:00,52.012486
2012-12-23 10:00:00,49.916298
2012-12-23 11:00:00,76.326256
2012-12-23 12:00:00,114.90136
2012-12-23 13:00:00,126.85819
2012-12-23 14:00:00,167.37212
2012-12-23 15:00:00,163.50562
2012-12-23 16:00:00,163.73909
2012-12-23 17:00:00,119.80581
2012-12-23 18:00:00,114.30747
2012-12-23 19:00:00,117.44882
2012-12-23 20:00:00,63.921555
2012-12-23 21:00:00,55.965954
2012-12-23 22:00:00,64.108734
2012-12-23 23:00:00,64.04086
2012-12-24 00:00:00,79.97412
2012-12-24 01:00:00,79.97411
2012-12-24 02:00:00,76.860085
2012-12-24 03:00:00,76.860085
2012-12-24 05:00:00,71.826546
2012-12-24 06:00:00,76.860085
2012-12-24 07:00:00,77.576904
2012-12-24 08:00:00,79.97411
2012-12-24 09:00:00,88.896355
2012-12-24 10:00:00,92.165565
2012-12-24 11:00:00,88.122665
2012-12-24 12:00:00,100.14423
2012-12-24 13:00:00,78.256546
2012-12-24 14:00:00,75.831566
2012-12-24 15:00:00,59.888496
2012-12-24 16:00:00,59.888496
2012-12-24 17:00:00,65.700966
2012-12-24 18:00:00,72.47819
2012-12-24 19:00:00,68.591354
2012-12-24 20:00:00,68.91921
2012-12-24 21:00:00,74.859795
2012-12-24 22:00:00,83.604355
2012-12-24 23:00:00,88.60842
2012-12-25 00:00:00,45.049377
2012-12-25 01:00:00,38.671265
2012-12-25 02:00:00,38.671265
2012-12-25 04:00:00,42.575172
2012-12-25 05:00:00,36.047646
2012-12-25 06:00:00,36.047646
2012-12-25 07:00:00,33.417435
2012-12-25 08:00:00,47.72014
2012-12-25 09:00:00,45.240444
2012-12-25 10:00:00,41.10201
2012-12-25 11:00:00,57.974693
2012-12-25 12:00:00,60.640842
2012-12-25 13:00:00,138.45062
2012-12-25 14:00:00,133.12283
2012-12-25 15:00:00,115.47105
2012-12-25 16:00:00,98.55699
2012-12-25 17:00:00,79.875725
2012-12-25 18:00:00,61.212124
2012-12-25 19:00:00,62.95402
2012-12-25 20:00:00,61.190987
2012-12-25 21:00:00,61.496567
2012-12-25 22:00:00,61.622494
2012-12-25 23:00:00,49.10722
2012-12-26 00:00:00,87.203735
2012-12-26 01:00:00,81.316284
2012-12-26 02:00:00,81.316284
2012-12-26 03:00:00,70.41043
2012-12-26 04:00:00,79.45755
2012-12-26 05:00:00,69.902794
2012-12-26 06:00:00,71.93674
2012-12-26 07:00:00,44.96794
2012-12-26 08:00:00,44.96794
2012-12-26 09:00:00,44.96794
2012-12-26 10:00:00,47.37153
2012-12-26 11:00:00,40.23208
2012-12-26 12:00:00,48.222057
2012-12-26 13:00:00,48.222057
2012-12-26 14:00:00,54.381508
2012-12-26 15:00:00,54.76803
2012-12-26 16:00:00,54.76803
2012-12-26 17:00:00,52.79905
2012-12-26 18:00:00,58.067066
2012-12-26 19:00:00,72.96859
2012-12-26 20:00:00,68.8847
2012-12-26 21:00:00,79.669044
2012-12-26 22:00:00,46.572994
2012-12-26 23:00:00,56.87902
2012-12-27 00:00:00,56.87902
2012-12-27 01:00:00,46.572994
2012-12-27 02:00:00,54.67558
2012-12-27 03:00:00,70.14567
2012-12-27 04:00:00,66.41792
2012-12-27 05:00:00,85.35592
2012-12-27 06:00:00,78.62931
2012-12-27 07:00:00,91.980354
2012-12-27 08:00:00,97.48638
2012-12-27 09:00:00,105.60963
2012-12-27 10:00:00,124.79583
2012-12-27 11:00:00,105.84298
2012-12-27 12:00:00,147.19766
2012-12-27 13:00:00,147.19766
2012-12-27 14:00:00,92.32493
2012-12-27 15:00:00,92.25686
2012-12-27 16:00:00,95.5277
2012-12-27 17:00:00,95.5277
2012-12-27 18:00:00,78.60223
2012-12-27 19:00:00,95.85423
2012-12-27 20:00:00,95.457054
2012-12-27 21:00:00,78.60223
2012-12-27 22:00:00,78.368706
2012-12-27 23:00:00,78.60223
2012-12-28 00:00:00,82.482765
2012-12-28 01:00:00,93.649605
2012-12-28 02:00:00,95.18563
2012-12-28 03:00:00,82.482765
2012-12-28 04:00:00,89.93705
2012-12-28 05:00:00,91.76776
2012-12-28 06:00:00,88.84475
2012-12-28 07:00:00,90.990265
2012-12-28 08:00:00,85.38155
2012-12-28 09:00:00,78.368706
2012-12-28 10:00:00,86.87474
2012-12-28 11:00:00,94.6747
2012-12-28 12:00:00,103.65484
2012-12-28 13:00:00,103.65484
2012-12-28 14:00:00,103.65484
2012-12-28 15:00:00,122.76373
2012-12-28 16:00:00,115.38322
2012-12-28 17:00:00,97.12012
2012-12-28 18:00:00,97.12012
2012-12-28 19:00:00,78.98915
2012-12-28 20:00:00,88.896355
2012-12-28 21:00:00,84.155266
2012-12-28 22:00:00,86.58732
2012-12-28 23:00:00,91.51245
2012-12-29 00:00:00,64.05339
2012-12-29 01:00:00,48.305153
2012-12-29 02:00:00,64.05339
2012-12-29 03:00:00,60.179214
2012-12-29 04:00:00,48.305153
2012-12-29 05:00:00,48.305153
2012-12-29 06:00:00,54.573997
2012-12-29 07:00:00,52.12095
2012-12-29 08:00:00,60.46298
2012-12-29 09:00:00,60.462982
2012-12-29 10:00:00,48.47638
2012-12-29 11:00:00,37.598625
2012-12-29 12:00:00,48.99175
2012-12-29 13:00:00,48.99175
2012-12-29 14:00:00,40.10064
2012-12-29 15:00:00,55.674934
2012-12-29 16:00:00,55.089233
2012-12-29 17:00:00,44.654205
2012-12-29 18:00:00,56.946167
2012-12-29 19:00:00,67.50055
2012-12-29 20:00:00,88.844376
2012-12-29 21:00:00,78.91689
2012-12-29 22:00:00,67.90901
2012-12-29 23:00:00,75.04038
2012-12-30 00:00:00,63.646927
2012-12-30 01:00:00,66.34927
2012-12-30 02:00:00,66.33007
2012-12-30 03:00:00,66.34927
2012-12-30 04:00:00,66.788475
2012-12-30 05:00:00,83.39174
2012-12-30 06:00:00,64.5701
2012-12-30 07:00:00,68.13116
2012-12-30 08:00:00,78.41079
2012-12-30 09:00:00,78.082184
2012-12-30 10:00:00,112.29962
2012-12-30 11:00:00,110.99529
2012-12-30 12:00:00,121.94446
2012-12-30 13:00:00,124.440735
2012-12-30 14:00:00,147.71385
2012-12-30 15:00:00,123.922615
2012-12-30 16:00:00,125.07548
2012-12-30 17:00:00,113.58466
2012-12-30 18:00:00,81.830826
2012-12-30 19:00:00,99.53579
2012-12-30 20:00:00,75.93925
2012-12-30 21:00:00,62.95072
2012-12-30 22:00:00,57.097466
2012-12-30 23:00:00,60.880928
2012-12-31 00:00:00,81.162605
2012-12-31 01:00:00,81.162605
2012-12-31 02:00:00,81.89087
2012-12-31 03:00:00,82.507744
2012-12-31 04:00:00,74.69675
2012-12-31 05:00:00,79.476265
2012-12-31 06:00:00,81.05048
2012-12-31 07:00:00,80.94939
2012-12-31 08:00:00,74.44988
2012-12-31 09:00:00,75.32438
2012-12-31 10:00:00,77.94842
2012-12-31 11:00:00,74.58347
2012-12-31 12:00:00,79.86863
2012-12-31 13:00:00,90.499214
2012-12-31 14:00:00,99.40362
2012-12-31 15:00:00,98.31074
2012-12-31 16:00:00,89.17666
2012-12-31 17:00:00,96.96726
2012-12-31 18:00:00,91.23129
2012-12-31 19:00:00,88.122665
2012-12-31 20:00:00,88.122665
2012-12-31 21:00:00,101.94929
2012-12-31 22:00:00,105.23807
2012-12-31 23:00:00,98.97642
