datetime,count
2011-01-20 00:00:00,98.2921
2011-01-20 01:00:00,99.338585
2011-01-20 02:00:00,99.338585
2011-01-20 03:00:00,94.81776
2011-01-20 04:00:00,94.81776
2011-01-20 05:00:00,78.478584
2011-01-20 06:00:00,74.96894
2011-01-20 07:00:00,77.798805
2011-01-20 08:00:00,80.153564
2011-01-20 09:00:00,80.6271
2011-01-20 10:00:00,105.90157
2011-01-20 11:00:00,110.97016
2011-01-20 12:00:00,127.9404
2011-01-20 13:00:00,120.031746
2011-01-20 14:00:00,128.04091
2011-01-20 15:00:00,131.46904
2011-01-20 16:00:00,124.72243
2011-01-20 17:00:00,129.70894
2011-01-20 18:00:00,84.86629
2011-01-20 19:00:00,93.42544
2011-01-20 20:00:00,75.287865
2011-01-20 21:00:00,67.86137
2011-01-20 22:00:00,63.084244
2011-01-20 23:00:00,65.00008
2011-01-21 00:00:00,62.04228
2011-01-21 01:00:00,62.04228
2011-01-21 02:00:00,57.465645
2011-01-21 03:00:00,50.65863
2011-01-21 04:00:00,67.8024
2011-01-21 05:00:00,84.13054
2011-01-21 06:00:00,78.55021
2011-01-21 07:00:00,76.67133
2011-01-21 08:00:00,86.708824
2011-01-21 09:00:00,82.26898
2011-01-21 10:00:00,91.461464
2011-01-21 11:00:00,109.50691
2011-01-21 12:00:00,106.918045
2011-01-21 13:00:00,99.57249
2011-01-21 14:00:00,101.46618
2011-01-21 15:00:00,94.24908
2011-01-21 16:00:00,108.31901
2011-01-21 17:00:00,106.15528
2011-01-21 18:00:00,90.16745
2011-01-21 19:00:00,82.66962
2011-01-21 20:00:00,63.652004
2011-01-21 21:00:00,42.676937
2011-01-21 22:00:00,26.924587
2011-01-21 23:00:00,31.043642
2011-01-22 00:00:00,7.3882113
2011-01-22 01:00:00,-4.1630135
2011-01-22 02:00:00,-0.17200196
2011-01-22 03:00:00,-1.8206118
2011-01-22 04:00:00,-2.5782733
2011-01-22 06:00:00,0.9567057
2011-01-22 07:00:00,0.886444
2011-01-22 08:00:00,-3.031973
2011-01-22 09:00:00,6.1373725
2011-01-22 10:00:00,12.560936
2011-01-22 11:00:00,21.612997
2011-01-22 12:00:00,35.44755
2011-01-22 13:00:00,64.56456
2011-01-22 14:00:00,64.961815
2011-01-22 15:00:00,68.21188
2011-01-22 16:00:00,83.07312
2011-01-22 17:00:00,95.092705
2011-01-22 18:00:00,26.577393
2011-01-22 19:00:00,38.467724
2011-01-22 20:00:00,25.880846
2011-01-22 21:00:00,47.371758
2011-01-22 22:00:00,44.091625
2011-01-22 23:00:00,38.275833
2011-01-23 00:00:00,38.275833
2011-01-23 01:00:00,38.275833
2011-01-23 02:00:00,36.311066
2011-01-23 03:00:00,36.311066
2011-01-23 05:00:00,34.074818
2011-01-23 06:00:00,34.074818
2011-01-23 07:00:00,39.93619
2011-01-23 08:00:00,37.791695
2011-01-23 09:00:00,17.898153
2011-01-23 10:00:00,34.719273
2011-01-23 11:00:00,41.94589
2011-01-23 12:00:00,89.76813
2011-01-23 13:00:00,75.767204
2011-01-23 14:00:00,96.96006
2011-01-23 15:00:00,96.96006
2011-01-23 16:00:00,100.086914
2011-01-23 17:00:00,87.31359
2011-01-23 18:00:00,70.55265
2011-01-23 19:00:00,73.59715
2011-01-23 20:00:00,32.608883
2011-01-23 21:00:00,34.02929
2011-01-23 22:00:00,26.336287
2011-01-23 23:00:00,15.908054
2011-01-24 00:00:00,47.655758
2011-01-24 01:00:00,44.726345
2011-01-24 03:00:00,29.015127
2011-01-24 04:00:00,65.738625
2011-01-24 05:00:00,65.738625
2011-01-24 06:00:00,71.587494
2011-01-24 07:00:00,75.50892
2011-01-24 08:00:00,74.34505
2011-01-24 09:00:00,80.39513
2011-01-24 10:00:00,76.74301
2011-01-24 11:00:00,70.83016
2011-01-24 12:00:00,57.78187
2011-01-24 13:00:00,58.718735
2011-01-24 14:00:00,54.830402
2011-01-24 15:00:00,81.42493
2011-01-24 16:00:00,69.31091
2011-01-24 17:00:00,62.77763
2011-01-24 18:00:00,64.457634
2011-01-24 19:00:00,68.70245
2011-01-24 20:00:00,64.457634
2011-01-24 21:00:00,67.58761
2011-01-24 22:00:00,51.461475
2011-01-24 23:00:00,51.831978
2011-01-25 00:00:00,52.259354
2011-01-25 01:00:00,58.17487
2011-01-25 02:00:00,64.47277
2011-01-25 04:00:00,65.06785
2011-01-25 05:00:00,63.297195
2011-01-25 06:00:00,66.0851
2011-01-25 07:00:00,64.90661
2011-01-25 08:00:00,60.9946
2011-01-25 09:00:00,74.906876
2011-01-25 10:00:00,82.04299
2011-01-25 11:00:00,78.03105
2011-01-25 12:00:00,112.39324
2011-01-25 13:00:00,96.866295
2011-01-25 14:00:00,123.00064
2011-01-25 15:00:00,134.09354
2011-01-25 16:00:00,134.09354
2011-01-25 17:00:00,123.227005
2011-01-25 18:00:00,130.03986
2011-01-25 19:00:00,74.122025
2011-01-25 20:00:00,77.52291
2011-01-25 21:00:00,77.52291
2011-01-25 22:00:00,78.345184
2011-01-25 23:00:00,66.42675
2011-01-26 00:00:00,67.27831
2011-01-26 01:00:00,71.843704
2011-01-26 02:00:00,52.10358
2011-01-26 05:00:00,48.84528
2011-01-26 06:00:00,48.84528
2011-01-26 07:00:00,50.611046
2011-01-26 08:00:00,50.611046
2011-01-26 09:00:00,50.611046
2011-01-26 10:00:00,51.22165
2011-01-26 11:00:00,52.3436
2011-01-26 12:00:00,52.3436
2011-01-26 13:00:00,52.3436
2011-01-26 14:00:00,54.83583
2011-01-26 15:00:00,65.37404
2011-01-26 16:00:00,46.71286
2011-01-26 17:00:00,54.045383
2011-01-27 16:00:00,80.1558
2011-01-27 17:00:00,87.128746
2011-01-27 18:00:00,70.4387
2011-01-27 19:00:00,70.4387
2011-01-27 20:00:00,66.50404
2011-01-27 21:00:00,66.50404
2011-01-27 22:00:00,66.50404
2011-01-27 23:00:00,70.59123
2011-01-28 00:00:00,64.547935
2011-01-28 01:00:00,64.547935
2011-01-28 02:00:00,62.62629
2011-01-28 03:00:00,67.58423
2011-01-28 05:00:00,63.163387
2011-01-28 06:00:00,63.095387
2011-01-28 07:00:00,60.313427
2011-01-28 08:00:00,60.313427
2011-01-28 09:00:00,64.583565
2011-01-28 10:00:00,62.59381
2011-01-28 11:00:00,61.681408
2011-01-28 12:00:00,61.681408
2011-01-28 13:00:00,61.681408
2011-01-28 14:00:00,93.35717
2011-01-28 15:00:00,77.47725
2011-01-28 16:00:00,75.62651
2011-01-28 17:00:00,73.420166
2011-01-28 18:00:00,75.25458
2011-01-28 19:00:00,69.67401
2011-01-28 20:00:00,64.47836
2011-01-28 21:00:00,66.61646
2011-01-28 22:00:00,77.98325
2011-01-28 23:00:00,78.478584
2011-01-29 00:00:00,62.450043
2011-01-29 01:00:00,55.09596
2011-01-29 02:00:00,52.9075
2011-01-29 03:00:00,47.787575
2011-01-29 04:00:00,42.43871
2011-01-29 06:00:00,45.622932
2011-01-29 07:00:00,44.85326
2011-01-29 08:00:00,52.389717
2011-01-29 09:00:00,47.633286
2011-01-29 10:00:00,46.230392
2011-01-29 11:00:00,44.2666
2011-01-29 12:00:00,43.04025
2011-01-29 13:00:00,59.27816
2011-01-29 14:00:00,54.194996
2011-01-29 15:00:00,54.67068
2011-01-29 16:00:00,60.756836
2011-01-29 17:00:00,61.61187
2011-01-29 18:00:00,47.919647
2011-01-29 19:00:00,46.926785
2011-01-29 20:00:00,43.132008
2011-01-29 21:00:00,43.132008
2011-01-29 22:00:00,40.950356
2011-01-29 23:00:00,40.950356
2011-01-30 00:00:00,41.13279
2011-01-30 01:00:00,35.018196
2011-01-30 02:00:00,36.065556
2011-01-30 03:00:00,34.355446
2011-01-30 04:00:00,34.355446
2011-01-30 05:00:00,34.2735
2011-01-30 07:00:00,34.2735
2011-01-30 08:00:00,40.879555
2011-01-30 09:00:00,44.658867
2011-01-30 10:00:00,46.14334
2011-01-30 11:00:00,41.766705
2011-01-30 12:00:00,102.81213
2011-01-30 13:00:00,67.9605
2011-01-30 14:00:00,70.59889
2011-01-30 15:00:00,81.844025
2011-01-30 16:00:00,81.844025
2011-01-30 17:00:00,92.09208
2011-01-30 18:00:00,58.32619
2011-01-30 19:00:00,61.92185
2011-01-30 20:00:00,61.237198
2011-01-30 21:00:00,48.471188
2011-01-30 22:00:00,45.323032
2011-01-30 23:00:00,51.252502
2011-01-31 00:00:00,63.21415
2011-01-31 01:00:00,73.59332
2011-01-31 02:00:00,76.34793
2011-01-31 03:00:00,76.34793
2011-01-31 04:00:00,71.877205
2011-01-31 05:00:00,66.53437
2011-01-31 06:00:00,63.152622
2011-01-31 07:00:00,52.96543
2011-01-31 08:00:00,53.617355
2011-01-31 09:00:00,54.7847
2011-01-31 10:00:00,54.74662
2011-01-31 11:00:00,54.74662
2011-01-31 12:00:00,75.24981
2011-01-31 13:00:00,89.560814
2011-01-31 14:00:00,66.49181
2011-01-31 15:00:00,63.14836
2011-01-31 16:00:00,57.184875
2011-01-31 17:00:00,54.74662
2011-01-31 18:00:00,52.989735
2011-01-31 19:00:00,111.6512
2011-01-31 20:00:00,48.34886
2011-01-31 21:00:00,70.42811
2011-01-31 22:00:00,67.01706
2011-01-31 23:00:00,69.93871
2011-02-20 00:00:00,118.2305
2011-02-20 01:00:00,104.727455
2011-02-20 02:00:00,114.63126
2011-02-20 03:00:00,108.93073
2011-02-20 04:00:00,108.93073
2011-02-20 06:00:00,68.30715
2011-02-20 07:00:00,52.527027
2011-02-20 08:00:00,63.779137
2011-02-20 09:00:00,79.47346
2011-02-20 10:00:00,102.09675
2011-02-20 11:00:00,152.62592
2011-02-20 12:00:00,166.78816
2011-02-20 13:00:00,196.79643
2011-02-20 14:00:00,262.91638
2011-02-20 15:00:00,255.32916
2011-02-20 16:00:00,233.27638
2011-02-20 17:00:00,211.67746
2011-02-20 18:00:00,164.24704
2011-02-20 19:00:00,164.24704
2011-02-20 20:00:00,149.17964
2011-02-20 21:00:00,97.18284
2011-02-20 22:00:00,92.44045
2011-02-20 23:00:00,84.08457
2011-02-21 00:00:00,109.96574
2011-02-21 01:00:00,109.96574
2011-02-21 02:00:00,109.96574
2011-02-21 03:00:00,111.03127
2011-02-21 04:00:00,116.25277
2011-02-21 05:00:00,156.56407
2011-02-21 06:00:00,284.5099
2011-02-21 07:00:00,290.22144
2011-02-21 08:00:00,75.59599
2011-02-21 09:00:00,75.40952
2011-02-21 10:00:00,73.766716
2011-02-21 11:00:00,92.38471
2011-02-21 12:00:00,67.26865
2011-02-21 13:00:00,44.872223
2011-02-21 14:00:00,48.85978
2011-02-21 15:00:00,71.98621
2011-02-21 16:00:00,54.519028
2011-02-21 17:00:00,57.1675
2011-02-21 18:00:00,48.509975
2011-02-21 19:00:00,48.509975
2011-02-21 20:00:00,48.432472
2011-02-21 21:00:00,41.8159
2011-02-21 22:00:00,37.324482
2011-02-21 23:00:00,37.324482
2011-02-22 06:00:00,51.05665
2011-02-22 07:00:00,51.05665
2011-02-22 08:00:00,50.77042
2011-02-22 09:00:00,50.373432
2011-02-22 10:00:00,65.26461
2011-02-22 11:00:00,77.4834
2011-02-22 12:00:00,77.46353
2011-02-22 13:00:00,81.931145
2011-02-22 14:00:00,80.1558
2011-02-22 15:00:00,96.68209
2011-02-22 16:00:00,87.48194
2011-02-22 17:00:00,84.07183
2011-02-22 18:00:00,96.66031
2011-02-22 19:00:00,84.495674
2011-02-22 20:00:00,84.09648
2011-02-22 21:00:00,86.2962
2011-02-22 22:00:00,76.11498
2011-02-22 23:00:00,76.11498
2011-02-23 00:00:00,65.26274
2011-02-23 01:00:00,70.8306
2011-02-23 02:00:00,70.32775
2011-02-23 03:00:00,67.16182
2011-02-23 05:00:00,73.62305
2011-02-23 06:00:00,73.62305
2011-02-23 07:00:00,69.80106
2011-02-23 08:00:00,68.70245
2011-02-23 09:00:00,82.22427
2011-02-23 10:00:00,101.86734
2011-02-23 11:00:00,118.10413
2011-02-23 12:00:00,137.43097
2011-02-23 13:00:00,171.78705
2011-02-23 14:00:00,182.16295
2011-02-23 15:00:00,197.88693
2011-02-23 16:00:00,173.19354
2011-02-23 17:00:00,197.88693
2011-02-23 18:00:00,185.09383
2011-02-23 19:00:00,140.23418
2011-02-23 20:00:00,82.10662
2011-02-23 21:00:00,109.55165
2011-02-23 22:00:00,109.55165
2011-02-23 23:00:00,90.76994
2011-02-24 00:00:00,90.76994
2011-02-24 01:00:00,81.34417
2011-02-24 02:00:00,73.0306
2011-02-24 03:00:00,76.42339
2011-02-24 05:00:00,73.46096
2011-02-24 06:00:00,71.24711
2011-02-24 07:00:00,70.8729
2011-02-24 08:00:00,74.39365
2011-02-24 09:00:00,60.63596
2011-02-24 10:00:00,66.05417
2011-02-24 11:00:00,108.45106
2011-02-24 12:00:00,132.57013
2011-02-24 13:00:00,145.68715
2011-02-24 14:00:00,161.42207
2011-02-24 15:00:00,145.53262
2011-02-24 16:00:00,123.008965
2011-02-24 17:00:00,110.83668
2011-02-24 18:00:00,73.96195
2011-02-24 19:00:00,59.030167
2011-02-24 20:00:00,73.34249
2011-02-24 21:00:00,73.96195
2011-02-24 22:00:00,61.13895
2011-02-24 23:00:00,71.64548
2011-02-25 00:00:00,104.309364
2011-02-25 01:00:00,87.83105
2011-02-25 02:00:00,87.83105
2011-02-25 03:00:00,80.01278
2011-02-25 05:00:00,80.01278
2011-02-25 06:00:00,91.54245
2011-02-25 07:00:00,78.886475
2011-02-25 08:00:00,87.3531
2011-02-25 09:00:00,62.660988
2011-02-25 10:00:00,83.66667
2011-02-25 11:00:00,170.70706
2011-02-25 12:00:00,189.71313
2011-02-25 13:00:00,189.71313
2011-02-25 14:00:00,209.56659
2011-02-25 15:00:00,178.32219
2011-02-25 16:00:00,137.1726
2011-02-25 17:00:00,143.70523
2011-02-25 18:00:00,138.96732
2011-02-25 19:00:00,125.35654
2011-02-25 20:00:00,137.34447
2011-02-25 21:00:00,121.01249
2011-02-25 22:00:00,111.02756
2011-02-25 23:00:00,107.53654
2011-02-26 00:00:00,71.71183
2011-02-26 01:00:00,74.012184
2011-02-26 02:00:00,61.952263
2011-02-26 03:00:00,61.097984
2011-02-26 04:00:00,62.76519
2011-02-26 05:00:00,51.9858
2011-02-26 06:00:00,56.400753
2011-02-26 07:00:00,54.16724
2011-02-26 08:00:00,75.845
2011-02-26 09:00:00,73.05861
2011-02-26 10:00:00,101.561485
2011-02-26 11:00:00,94.940704
2011-02-26 12:00:00,116.67092
2011-02-26 13:00:00,132.70006
2011-02-26 14:00:00,138.53978
2011-02-26 15:00:00,145.7373
2011-02-26 16:00:00,140.25232
2011-02-26 17:00:00,163.8356
2011-02-26 18:00:00,140.33963
2011-02-26 19:00:00,117.00112
2011-02-26 20:00:00,95.907104
2011-02-26 21:00:00,69.983826
2011-02-26 22:00:00,60.300556
2011-02-26 23:00:00,62.483055
2011-02-27 00:00:00,56.671764
2011-02-27 01:00:00,51.438217
2011-02-27 02:00:00,49.94694
2011-02-27 03:00:00,50.174263
2011-02-27 04:00:00,46.599552
2011-02-27 06:00:00,39.54316
2011-02-27 07:00:00,46.599552
2011-02-27 08:00:00,40.956104
2011-02-27 09:00:00,51.33813
2011-02-27 10:00:00,55.084328
2011-02-27 11:00:00,102.51263
2011-02-27 12:00:00,127.78216
2011-02-27 13:00:00,143.84712
2011-02-27 14:00:00,182.90388
2011-02-27 15:00:00,238.88335
2011-02-27 16:00:00,266.7174
2011-02-27 17:00:00,174.08191
2011-02-27 18:00:00,164.0412
2011-02-27 19:00:00,143.58235
2011-02-27 20:00:00,127.78216
2011-02-27 21:00:00,126.24333
2011-02-27 22:00:00,118.47588
2011-02-27 23:00:00,109.76435
2011-02-28 00:00:00,136.2607
2011-02-28 01:00:00,63.687824
2011-02-28 03:00:00,74.03297
2011-02-28 05:00:00,97.26908
2011-02-28 06:00:00,82.16473
2011-02-28 07:00:00,88.685524
2011-02-28 08:00:00,69.64373
2011-02-28 09:00:00,117.22229
2011-02-28 10:00:00,174.0391
2011-02-28 11:00:00,229.0724
2011-02-28 12:00:00,229.0724
2011-02-28 13:00:00,116.5148
2011-02-28 14:00:00,80.14549
2011-02-28 15:00:00,80.14549
2011-02-28 16:00:00,105.27288
2011-02-28 17:00:00,73.77595
2011-02-28 18:00:00,124.485954
2011-02-28 19:00:00,117.94433
2011-02-28 20:00:00,117.94433
2011-02-28 21:00:00,92.74349
2011-02-28 22:00:00,69.814156
2011-02-28 23:00:00,74.899666
2011-03-20 00:00:00,129.59125
2011-03-20 01:00:00,111.70182
2011-03-20 02:00:00,104.9494
2011-03-20 03:00:00,85.5504
2011-03-20 04:00:00,76.171455
2011-03-20 05:00:00,68.81472
2011-03-20 06:00:00,69.132774
2011-03-20 07:00:00,60.843433
2011-03-20 08:00:00,83.889145
2011-03-20 09:00:00,99.95184
2011-03-20 10:00:00,124.953445
2011-03-20 11:00:00,158.93198
2011-03-20 12:00:00,166.90175
2011-03-20 13:00:00,208.43112
2011-03-20 14:00:00,262.4506
2011-03-20 15:00:00,248.80347
2011-03-20 16:00:00,258.60947
2011-03-20 17:00:00,241.16185
2011-03-20 18:00:00,180.95029
2011-03-20 19:00:00,145.95636
2011-03-20 20:00:00,140.25232
2011-03-20 21:00:00,109.53317
2011-03-20 22:00:00,107.2448
2011-03-20 23:00:00,84.646194
2011-03-21 00:00:00,100.23209
2011-03-21 01:00:00,96.74731
2011-03-21 02:00:00,93.59223
2011-03-21 03:00:00,93.59223
2011-03-21 05:00:00,85.947495
2011-03-21 06:00:00,73.09913
2011-03-21 07:00:00,66.839645
2011-03-21 08:00:00,73.0003
2011-03-21 09:00:00,75.99463
2011-03-21 10:00:00,114.42244
2011-03-21 11:00:00,135.31232
2011-03-21 12:00:00,129.19337
2011-03-21 13:00:00,173.71567
2011-03-21 14:00:00,188.42496
2011-03-21 15:00:00,204.3649
2011-03-21 16:00:00,192.88135
2011-03-21 17:00:00,189.20946
2011-03-21 18:00:00,161.7878
2011-03-21 19:00:00,238.74452
2011-03-21 20:00:00,197.37312
2011-03-21 21:00:00,98.34506
2011-03-21 22:00:00,116.12278
2011-03-21 23:00:00,101.98332
2011-03-22 00:00:00,111.1417
2011-03-22 01:00:00,76.94773
2011-03-22 02:00:00,86.20631
2011-03-22 03:00:00,123.72877
2011-03-22 04:00:00,108.44242
2011-03-22 05:00:00,94.4132
2011-03-22 06:00:00,106.437836
2011-03-22 07:00:00,104.13659
2011-03-22 08:00:00,147.85767
2011-03-22 09:00:00,158.07909
2011-03-22 10:00:00,165.82892
2011-03-22 11:00:00,187.47778
2011-03-22 12:00:00,207.71191
2011-03-22 13:00:00,236.78424
2011-03-22 14:00:00,254.84816
2011-03-22 15:00:00,253.0299
2011-03-22 16:00:00,219.90054
2011-03-22 17:00:00,219.90054
2011-03-22 18:00:00,198.9827
2011-03-22 19:00:00,165.81718
2011-03-22 20:00:00,173.50443
2011-03-22 21:00:00,158.79955
2011-03-22 22:00:00,145.90952
2011-03-22 23:00:00,145.90952
2011-03-23 00:00:00,95.881905
2011-03-23 01:00:00,78.577995
2011-03-23 02:00:00,78.577995
2011-03-23 03:00:00,85.2017
2011-03-23 05:00:00,67.17991
2011-03-23 06:00:00,73.13863
2011-03-23 07:00:00,70.92055
2011-03-23 08:00:00,75.69132
2011-03-23 09:00:00,72.676056
2011-03-23 10:00:00,77.63324
2011-03-23 11:00:00,78.23389
2011-03-23 12:00:00,73.93514
2011-03-23 13:00:00,80.25141
2011-03-23 14:00:00,78.39687
2011-03-23 15:00:00,100.696075
2011-03-23 16:00:00,116.67774
2011-03-23 17:00:00,116.67774
2011-03-23 18:00:00,92.4015
2011-03-23 19:00:00,92.4015
2011-03-23 20:00:00,91.15541
2011-03-23 21:00:00,65.60257
2011-03-23 22:00:00,70.574356
2011-03-23 23:00:00,92.92019
2011-03-24 00:00:00,70.92055
2011-03-24 01:00:00,69.41007
2011-03-24 02:00:00,67.77735
2011-03-24 03:00:00,68.32845
2011-03-24 04:00:00,68.32845
2011-03-24 05:00:00,67.34831
2011-03-24 06:00:00,67.34831
2011-03-24 07:00:00,57.342594
2011-03-24 08:00:00,52.897804
2011-03-24 09:00:00,65.66946
2011-03-24 10:00:00,59.941807
2011-03-24 11:00:00,68.84588
2011-03-24 12:00:00,83.2181
2011-03-24 13:00:00,92.17207
2011-03-24 14:00:00,95.64497
2011-03-24 15:00:00,85.431
2011-03-24 16:00:00,97.14692
2011-03-24 17:00:00,86.18902
2011-03-24 18:00:00,104.76828
2011-03-24 19:00:00,129.14433
2011-03-24 20:00:00,104.77653
2011-03-24 21:00:00,92.90018
2011-03-24 22:00:00,95.48499
2011-03-24 23:00:00,90.55083
2011-03-25 00:00:00,95.722374
2011-03-25 01:00:00,88.13014
2011-03-25 02:00:00,82.97284
2011-03-25 03:00:00,84.45049
2011-03-25 04:00:00,78.859245
2011-03-25 05:00:00,84.30762
2011-03-25 06:00:00,79.35743
2011-03-25 07:00:00,68.18952
2011-03-25 08:00:00,108.00735
2011-03-25 09:00:00,122.71026
2011-03-25 10:00:00,122.48435
2011-03-25 11:00:00,151.03702
2011-03-25 12:00:00,161.91873
2011-03-25 13:00:00,171.57393
2011-03-25 14:00:00,220.16402
2011-03-25 15:00:00,177.16574
2011-03-25 16:00:00,189.11572
2011-03-25 17:00:00,177.69986
2011-03-25 18:00:00,166.27548
2011-03-25 19:00:00,172.84009
2011-03-25 20:00:00,175.82097
2011-03-25 21:00:00,170.0153
2011-03-25 22:00:00,158.84262
2011-03-25 23:00:00,153.70935
2011-03-26 00:00:00,142.58957
2011-03-26 01:00:00,143.0512
2011-03-26 02:00:00,107.54298
2011-03-26 03:00:00,86.75999
2011-03-26 04:00:00,107.54298
2011-03-26 05:00:00,78.28264
2011-03-26 06:00:00,62.230186
2011-03-26 07:00:00,78.28264
2011-03-26 08:00:00,109.27343
2011-03-26 09:00:00,124.2391
2011-03-26 10:00:00,130.07509
2011-03-26 11:00:00,151.55281
2011-03-26 12:00:00,169.60278
2011-03-26 13:00:00,196.95468
2011-03-26 14:00:00,237.73009
2011-03-26 15:00:00,253.09103
2011-03-26 16:00:00,307.95087
2011-03-26 17:00:00,265.46545
2011-03-26 18:00:00,306.496
2011-03-26 19:00:00,128.98654
2011-03-26 20:00:00,128.98654
2011-03-26 21:00:00,127.52071
2011-03-26 22:00:00,141.19215
2011-03-26 23:00:00,122.533325
2011-03-27 00:00:00,135.21875
2011-03-27 01:00:00,95.2233
2011-03-27 02:00:00,85.8564
2011-03-27 03:00:00,42.41484
2011-03-27 04:00:00,49.97606
2011-03-27 06:00:00,48.08783
2011-03-27 07:00:00,44.264313
2011-03-27 08:00:00,60.867268
2011-03-27 09:00:00,85.963264
2011-03-27 10:00:00,72.66321
2011-03-27 11:00:00,109.61121
2011-03-27 12:00:00,127.18038
2011-03-27 13:00:00,153.84172
2011-03-27 14:00:00,193.28712
2011-03-27 15:00:00,180.41061
2011-03-27 16:00:00,225.46172
2011-03-27 17:00:00,209.80753
2011-03-27 18:00:00,186.42293
2011-03-27 19:00:00,197.90102
2011-03-27 20:00:00,161.78587
2011-03-27 21:00:00,130.07509
2011-03-27 22:00:00,130.07509
2011-03-27 23:00:00,124.57442
2011-03-28 00:00:00,102.35418
2011-03-28 01:00:00,131.71254
2011-03-28 02:00:00,130.94388
2011-03-28 03:00:00,130.94388
2011-03-28 05:00:00,111.13063
2011-03-28 06:00:00,129.87546
2011-03-28 07:00:00,156.88208
2011-03-28 08:00:00,153.97646
2011-03-28 09:00:00,159.82971
2011-03-28 10:00:00,166.5433
2011-03-28 11:00:00,180.15935
2011-03-28 12:00:00,177.67404
2011-03-28 13:00:00,208.6583
2011-03-28 14:00:00,241.57199
2011-03-28 15:00:00,238.6504
2011-03-28 16:00:00,246.6473
2011-03-28 17:00:00,251.40636
2011-03-28 18:00:00,253.96442
2011-03-28 19:00:00,232.21005
2011-03-28 20:00:00,246.2262
2011-03-28 21:00:00,253.15646
2011-03-28 22:00:00,231.13861
2011-03-28 23:00:00,220.35948
2011-03-29 00:00:00,191.0406
2011-03-29 01:00:00,171.39552
2011-03-29 02:00:00,171.39552
2011-03-29 03:00:00,171.39552
2011-03-29 04:00:00,122.80033
2011-03-29 05:00:00,151.41122
2011-03-29 06:00:00,137.61084
2011-03-29 07:00:00,128.96764
2011-03-29 08:00:00,159.49449
2011-03-29 09:00:00,199.32974
2011-03-29 10:00:00,228.4998
2011-03-29 11:00:00,208.60828
2011-03-29 12:00:00,237.88571
2011-03-29 13:00:00,240.71513
2011-03-29 14:00:00,248.78763
2011-03-29 15:00:00,274.34164
2011-03-29 16:00:00,287.48798
2011-03-29 17:00:00,302.4408
2011-03-29 18:00:00,272.06345
2011-03-29 19:00:00,250.43973
2011-03-29 20:00:00,272.06345
2011-03-29 21:00:00,168.58978
2011-03-29 22:00:00,133.55382
2011-03-29 23:00:00,128.46501
2011-03-30 00:00:00,117.81903
2011-03-30 01:00:00,177.25853
2011-03-30 02:00:00,117.81903
2011-03-30 03:00:00,154.82149
2011-03-30 04:00:00,117.81903
2011-03-30 05:00:00,115.86486
2011-03-30 06:00:00,150.66275
2011-03-30 07:00:00,179.21175
2011-03-30 08:00:00,148.05272
2011-03-30 09:00:00,147.57597
2011-03-30 10:00:00,149.55693
2011-03-30 11:00:00,150.64032
2011-03-30 12:00:00,163.37914
2011-03-30 13:00:00,159.98029
2011-03-30 14:00:00,158.50629
2011-03-30 15:00:00,56.450943
2011-03-30 16:00:00,55.446007
2011-03-30 17:00:00,69.888145
2011-03-30 18:00:00,65.66946
2011-03-30 19:00:00,65.66946
2011-03-30 20:00:00,51.967213
2011-03-30 21:00:00,61.695892
2011-03-30 22:00:00,54.701694
2011-03-30 23:00:00,51.69426
2011-03-31 00:00:00,54.701694
2011-03-31 01:00:00,57.48702
2011-03-31 02:00:00,57.48702
2011-03-31 03:00:00,54.701694
2011-03-31 04:00:00,52.369926
2011-03-31 05:00:00,54.701694
2011-03-31 06:00:00,51.967213
2011-03-31 07:00:00,52.369926
2011-03-31 08:00:00,62.28637
2011-03-31 09:00:00,53.681683
2011-03-31 10:00:00,53.681683
2011-03-31 11:00:00,61.244984
2011-03-31 12:00:00,61.244984
2011-03-31 13:00:00,73.992966
2011-03-31 14:00:00,73.99297
2011-03-31 15:00:00,54.95195
2011-03-31 16:00:00,67.244225
2011-03-31 17:00:00,67.244225
2011-03-31 18:00:00,67.53082
2011-03-31 19:00:00,67.53082
2011-03-31 20:00:00,53.03951
2011-03-31 21:00:00,68.76404
2011-03-31 22:00:00,55.87998
2011-03-31 23:00:00,62.985542
2011-04-20 00:00:00,97.15693
2011-04-20 01:00:00,84.64387
2011-04-20 02:00:00,84.64387
2011-04-20 03:00:00,76.937805
2011-04-20 04:00:00,72.365005
2011-04-20 05:00:00,82.26785
2011-04-20 06:00:00,84.64387
2011-04-20 07:00:00,81.90691
2011-04-20 08:00:00,240.53894
2011-04-20 09:00:00,304.79562
2011-04-20 10:00:00,183.80077
2011-04-20 11:00:00,183.80077
2011-04-20 12:00:00,380.58658
2011-04-20 13:00:00,380.58658
2011-04-20 14:00:00,412.5044
2011-04-20 15:00:00,383.9418
2011-04-20 16:00:00,383.9418
2011-04-20 17:00:00,404.9606
2011-04-20 18:00:00,360.65527
2011-04-20 19:00:00,328.95273
2011-04-20 20:00:00,300.7648
2011-04-20 21:00:00,337.75952
2011-04-20 22:00:00,350.5874
2011-04-20 23:00:00,356.44876
2011-04-21 00:00:00,292.61664
2011-04-21 01:00:00,252.57782
2011-04-21 02:00:00,254.87347
2011-04-21 03:00:00,190.85526
2011-04-21 04:00:00,178.50006
2011-04-21 05:00:00,176.147
2011-04-21 06:00:00,162.67741
2011-04-21 07:00:00,187.61427
2011-04-21 08:00:00,176.70215
2011-04-21 09:00:00,181.68716
2011-04-21 10:00:00,204.11429
2011-04-21 11:00:00,224.45161
2011-04-21 12:00:00,258.77585
2011-04-21 13:00:00,292.53568
2011-04-21 14:00:00,302.1997
2011-04-21 15:00:00,334.6415
2011-04-21 16:00:00,339.98132
2011-04-21 17:00:00,309.16016
2011-04-21 18:00:00,332.2071
2011-04-21 19:00:00,303.8993
2011-04-21 20:00:00,275.2856
2011-04-21 21:00:00,192.31271
2011-04-21 22:00:00,214.86743
2011-04-21 23:00:00,191.3619
2011-04-22 00:00:00,128.02481
2011-04-22 01:00:00,144.53607
2011-04-22 02:00:00,149.91432
2011-04-22 03:00:00,149.91432
2011-04-22 04:00:00,143.85463
2011-04-22 05:00:00,138.32874
2011-04-22 06:00:00,143.85463
2011-04-22 07:00:00,135.51738
2011-04-22 08:00:00,133.50056
2011-04-22 09:00:00,110.15351
2011-04-22 10:00:00,116.734245
2011-04-22 11:00:00,103.73148
2011-04-22 12:00:00,93.79044
2011-04-22 13:00:00,69.00896
2011-04-22 14:00:00,62.103508
2011-04-22 15:00:00,69.00896
2011-04-22 16:00:00,80.25141
2011-04-22 17:00:00,61.743305
2011-04-22 18:00:00,61.743305
2011-04-22 19:00:00,61.743305
2011-04-22 20:00:00,62.174953
2011-04-22 21:00:00,67.02082
2011-04-22 22:00:00,66.74353
2011-04-22 23:00:00,77.42378
2011-04-23 00:00:00,47.59847
2011-04-23 01:00:00,47.59847
2011-04-23 02:00:00,44.71608
2011-04-23 03:00:00,46.108173
2011-04-23 04:00:00,53.752617
2011-04-23 05:00:00,53.752617
2011-04-23 06:00:00,41.900146
2011-04-23 07:00:00,45.020576
2011-04-23 08:00:00,58.16533
2011-04-23 09:00:00,69.41944
2011-04-23 10:00:00,81.35863
2011-04-23 11:00:00,93.164345
2011-04-23 12:00:00,149.78484
2011-04-23 13:00:00,148.63167
2011-04-23 14:00:00,184.42442
2011-04-23 15:00:00,218.61029
2011-04-23 16:00:00,207.61528
2011-04-23 17:00:00,220.39719
2011-04-23 18:00:00,140.71574
2011-04-23 19:00:00,149.82516
2011-04-23 20:00:00,128.38913
2011-04-23 21:00:00,146.44992
2011-04-23 22:00:00,154.051
2011-04-23 23:00:00,112.24306
2011-04-24 00:00:00,123.30746
2011-04-24 01:00:00,97.99984
2011-04-24 02:00:00,97.99984
2011-04-24 03:00:00,68.82756
2011-04-24 04:00:00,68.82756
2011-04-24 05:00:00,68.82756
2011-04-24 06:00:00,64.03714
2011-04-24 07:00:00,64.03714
2011-04-24 08:00:00,98.63046
2011-04-24 09:00:00,132.92117
2011-04-24 10:00:00,140.46649
2011-04-24 11:00:00,226.21156
2011-04-24 12:00:00,295.04004
2011-04-24 13:00:00,362.3409
2011-04-24 14:00:00,383.59003
2011-04-24 15:00:00,305.56512
2011-04-24 16:00:00,432.99905
2011-04-24 17:00:00,297.81128
2011-04-24 18:00:00,196.45335
2011-04-24 19:00:00,147.24216
2011-04-24 20:00:00,147.24216
2011-04-24 21:00:00,108.34846
2011-04-24 22:00:00,97.1582
2011-04-24 23:00:00,89.99136
2011-04-25 00:00:00,98.69951
2011-04-25 01:00:00,108.776306
2011-04-25 02:00:00,108.776306
2011-04-25 03:00:00,104.240654
2011-04-25 04:00:00,99.50853
2011-04-25 05:00:00,94.09057
2011-04-25 06:00:00,98.38913
2011-04-25 07:00:00,110.27064
2011-04-25 08:00:00,131.9065
2011-04-25 09:00:00,153.19368
2011-04-25 10:00:00,218.53613
2011-04-25 11:00:00,218.53613
2011-04-25 12:00:00,237.85051
2011-04-25 13:00:00,294.13278
2011-04-25 14:00:00,364.04095
2011-04-25 15:00:00,370.35425
2011-04-25 16:00:00,359.2709
2011-04-25 17:00:00,363.4102
2011-04-25 18:00:00,331.94778
2011-04-25 19:00:00,317.72427
2011-04-25 20:00:00,304.79562
2011-04-25 21:00:00,244.95901
2011-04-25 22:00:00,229.4045
2011-04-25 23:00:00,197.43188
2011-04-26 00:00:00,253.57176
2011-04-26 01:00:00,230.93246
2011-04-26 02:00:00,177.37927
2011-04-26 03:00:00,159.46463
2011-04-26 04:00:00,174.66403
2011-04-26 05:00:00,153.92734
2011-04-26 06:00:00,159.90315
2011-04-26 07:00:00,190.20334
2011-04-26 08:00:00,190.20337
2011-04-26 09:00:00,250.87254
2011-04-26 10:00:00,275.30115
2011-04-26 11:00:00,303.55215
2011-04-26 12:00:00,332.71576
2011-04-26 13:00:00,393.28647
2011-04-26 14:00:00,362.0324
2011-04-26 15:00:00,331.94888
2011-04-26 16:00:00,342.60696
2011-04-26 17:00:00,316.273
2011-04-26 18:00:00,298.99054
2011-04-26 19:00:00,242.1493
2011-04-26 20:00:00,250.87254
2011-04-26 21:00:00,216.2887
2011-04-26 22:00:00,168.61446
2011-04-26 23:00:00,176.02878
2011-04-27 00:00:00,181.76562
2011-04-27 01:00:00,190.63312
2011-04-27 02:00:00,171.92612
2011-04-27 03:00:00,169.02243
2011-04-27 04:00:00,144.69029
2011-04-27 05:00:00,152.6646
2011-04-27 06:00:00,148.72188
2011-04-27 07:00:00,169.02243
2011-04-27 08:00:00,165.97104
2011-04-27 09:00:00,170.89592
2011-04-27 10:00:00,192.86769
2011-04-27 11:00:00,207.30537
2011-04-27 12:00:00,237.93073
2011-04-27 13:00:00,222.46536
2011-04-27 14:00:00,261.49686
2011-04-27 15:00:00,307.1161
2011-04-27 16:00:00,297.90634
2011-04-27 17:00:00,197.40968
2011-04-27 18:00:00,197.40968
2011-04-27 19:00:00,216.2887
2011-04-27 20:00:00,210.83275
2011-04-27 21:00:00,189.5455
2011-04-27 22:00:00,179.77281
2011-04-27 23:00:00,179.21416
2011-04-28 00:00:00,229.27068
2011-04-28 01:00:00,193.04842
2011-04-28 02:00:00,193.6101
2011-04-28 03:00:00,212.87828
2011-04-28 04:00:00,191.93399
2011-04-28 05:00:00,193.04842
2011-04-28 06:00:00,212.16096
2011-04-28 07:00:00,211.45955
2011-04-28 08:00:00,221.16032
2011-04-28 09:00:00,166.0315
2011-04-28 10:00:00,180.7921
2011-04-28 11:00:00,192.86769
2011-04-28 12:00:00,202.46947
2011-04-28 13:00:00,194.13986
2011-04-28 14:00:00,207.8001
2011-04-28 15:00:00,274.25302
2011-04-28 16:00:00,207.18387
2011-04-28 17:00:00,347.5749
2011-04-28 18:00:00,347.5749
2011-04-28 19:00:00,354.782
2011-04-28 20:00:00,305.52377
2011-04-28 21:00:00,250.7991
2011-04-28 22:00:00,256.66763
2011-04-28 23:00:00,232.39467
2011-04-29 00:00:00,276.93488
2011-04-29 01:00:00,199.52876
2011-04-29 02:00:00,130.54848
2011-04-29 03:00:00,138.5808
2011-04-29 04:00:00,174.63301
2011-04-29 05:00:00,192.67572
2011-04-29 06:00:00,237.79738
2011-04-29 07:00:00,267.7732
2011-04-29 08:00:00,287.9489
2011-04-29 09:00:00,293.57803
2011-04-29 10:00:00,296.55002
2011-04-29 11:00:00,342.98328
2011-04-29 12:00:00,304.05283
2011-04-29 13:00:00,306.04794
2011-04-29 14:00:00,363.91406
2011-04-29 15:00:00,272.61905
2011-04-29 16:00:00,266.2024
2011-04-29 17:00:00,239.49542
2011-04-29 18:00:00,244.55293
2011-04-29 19:00:00,186.41666
2011-04-29 20:00:00,212.35083
2011-04-29 21:00:00,191.04813
2011-04-29 22:00:00,147.83495
2011-04-29 23:00:00,156.90665
2011-04-30 00:00:00,162.015
2011-04-30 01:00:00,154.71912
2011-04-30 02:00:00,156.97105
2011-04-30 03:00:00,142.58644
2011-04-30 04:00:00,145.41843
2011-04-30 05:00:00,168.19115
2011-04-30 06:00:00,150.49231
2011-04-30 07:00:00,160.72964
2011-04-30 08:00:00,158.5177
2011-04-30 09:00:00,183.13635
2011-04-30 10:00:00,239.71481
2011-04-30 11:00:00,277.5711
2011-04-30 12:00:00,288.3549
2011-04-30 13:00:00,332.74557
2011-04-30 14:00:00,340.29715
2011-04-30 15:00:00,353.7415
2011-04-30 16:00:00,384.67453
2011-04-30 17:00:00,290.69116
2011-04-30 18:00:00,276.86975
2011-04-30 19:00:00,276.86975
2011-04-30 20:00:00,103.393776
2011-04-30 21:00:00,103.393776
2011-04-30 22:00:00,87.508194
2011-04-30 23:00:00,87.508194
2011-05-20 00:00:00,92.127495
2011-05-20 01:00:00,78.09018
2011-05-20 02:00:00,78.96259
2011-05-20 03:00:00,73.58904
2011-05-20 04:00:00,86.20631
2011-05-20 05:00:00,86.92439
2011-05-20 06:00:00,102.54786
2011-05-20 07:00:00,144.236
2011-05-20 08:00:00,125.80595
2011-05-20 09:00:00,183.55164
2011-05-20 10:00:00,197.37312
2011-05-20 11:00:00,214.43884
2011-05-20 12:00:00,276.6086
2011-05-20 13:00:00,259.13678
2011-05-20 14:00:00,316.38287
2011-05-20 15:00:00,271.5036
2011-05-20 16:00:00,273.44785
2011-05-20 17:00:00,209.80057
2011-05-20 18:00:00,269.5055
2011-05-20 19:00:00,171.80473
2011-05-20 20:00:00,177.94641
2011-05-20 21:00:00,169.10173
2011-05-20 22:00:00,119.63807
2011-05-20 23:00:00,152.75754
2011-05-21 00:00:00,96.80679
2011-05-21 01:00:00,81.31901
2011-05-21 02:00:00,100.66163
2011-05-21 03:00:00,84.312416
2011-05-21 04:00:00,73.111305
2011-05-21 05:00:00,68.26507
2011-05-21 06:00:00,98.726204
2011-05-21 07:00:00,114.53065
2011-05-21 08:00:00,190.45198
2011-05-21 09:00:00,244.59923
2011-05-21 10:00:00,220.7123
2011-05-21 11:00:00,304.56473
2011-05-21 12:00:00,294.52887
2011-05-21 13:00:00,359.3578
2011-05-21 14:00:00,401.1694
2011-05-21 15:00:00,439.32794
2011-05-21 16:00:00,479.43863
2011-05-21 17:00:00,432.4278
2011-05-21 18:00:00,398.58554
2011-05-21 19:00:00,365.85413
2011-05-21 20:00:00,192.84253
2011-05-21 21:00:00,220.7123
2011-05-21 22:00:00,161.41418
2011-05-21 23:00:00,105.2664
2011-05-22 00:00:00,109.733505
2011-05-22 01:00:00,82.960075
2011-05-22 02:00:00,78.1071
2011-05-22 03:00:00,61.021847
2011-05-22 04:00:00,47.40404
2011-05-22 05:00:00,61.021847
2011-05-22 06:00:00,78.1071
2011-05-22 07:00:00,93.69812
2011-05-22 08:00:00,127.85606
2011-05-22 09:00:00,160.08159
2011-05-22 10:00:00,209.13434
2011-05-22 11:00:00,347.0204
2011-05-22 12:00:00,374.369
2011-05-22 13:00:00,327.71188
2011-05-22 14:00:00,211.47298
2011-05-22 15:00:00,263.48233
2011-05-22 16:00:00,273.86682
2011-05-22 17:00:00,350.90823
2011-05-22 18:00:00,294.75366
2011-05-22 19:00:00,283.1663
2011-05-22 20:00:00,224.79253
2011-05-22 21:00:00,173.55872
2011-05-22 22:00:00,120.89059
2011-05-22 23:00:00,115.013
2011-05-23 00:00:00,139.68036
2011-05-23 01:00:00,131.9065
2011-05-23 02:00:00,144.22606
2011-05-23 03:00:00,133.95416
2011-05-23 04:00:00,104.31449
2011-05-23 05:00:00,104.31449
2011-05-23 06:00:00,102.35746
2011-05-23 07:00:00,127.86963
2011-05-23 08:00:00,164.41835
2011-05-23 09:00:00,171.19049
2011-05-23 10:00:00,253.31769
2011-05-23 11:00:00,287.3868
2011-05-23 12:00:00,287.3868
2011-05-23 13:00:00,344.7419
2011-05-23 14:00:00,321.0343
2011-05-23 15:00:00,331.0821
2011-05-23 16:00:00,325.5834
2011-05-23 17:00:00,275.92896
2011-05-23 18:00:00,281.76328
2011-05-23 19:00:00,259.4513
2011-05-23 20:00:00,188.00697
2011-05-23 21:00:00,182.26039
2011-05-23 22:00:00,161.45148
2011-05-23 23:00:00,165.79886
2011-05-24 00:00:00,145.11061
2011-05-24 01:00:00,138.33308
2011-05-24 02:00:00,145.11061
2011-05-24 03:00:00,132.48334
2011-05-24 04:00:00,135.27672
2011-05-24 05:00:00,161.91801
2011-05-24 06:00:00,154.60521
2011-05-24 07:00:00,200.18636
2011-05-24 08:00:00,177.40724
2011-05-24 09:00:00,214.57733
2011-05-24 10:00:00,333.88367
2011-05-24 11:00:00,370.35425
2011-05-24 12:00:00,407.63687
2011-05-24 13:00:00,390.65717
2011-05-24 14:00:00,396.05792
2011-05-24 15:00:00,332.22717
2011-05-24 16:00:00,240.8485
2011-05-24 17:00:00,259.82584
2011-05-24 18:00:00,260.91333
2011-05-24 19:00:00,214.08188
2011-05-24 20:00:00,173.84924
2011-05-24 21:00:00,154.36409
2011-05-24 22:00:00,165.71939
2011-05-24 23:00:00,212.13402
2011-05-25 00:00:00,167.52545
2011-05-25 01:00:00,161.49883
2011-05-25 02:00:00,108.90621
2011-05-25 03:00:00,111.45654
2011-05-25 04:00:00,109.66971
2011-05-25 05:00:00,128.38513
2011-05-25 06:00:00,126.12925
2011-05-25 07:00:00,177.1943
2011-05-25 08:00:00,238.47278
2011-05-25 09:00:00,224.93945
2011-05-25 10:00:00,250.75029
2011-05-25 11:00:00,298.11682
2011-05-25 12:00:00,322.47632
2011-05-25 13:00:00,322.47632
2011-05-25 14:00:00,340.35208
2011-05-25 15:00:00,397.23883
2011-05-25 16:00:00,389.13745
2011-05-25 17:00:00,370.35425
2011-05-25 18:00:00,345.98083
2011-05-25 19:00:00,277.03906
2011-05-25 20:00:00,290.84894
2011-05-25 21:00:00,215.67728
2011-05-25 22:00:00,263.0682
2011-05-25 23:00:00,186.5447
2011-05-26 00:00:00,186.5447
2011-05-26 01:00:00,186.5447
2011-05-26 02:00:00,148.19868
2011-05-26 03:00:00,131.5138
2011-05-26 04:00:00,115.26997
2011-05-26 05:00:00,131.27205
2011-05-26 06:00:00,112.27007
2011-05-26 07:00:00,167.78566
2011-05-26 08:00:00,177.41724
2011-05-26 09:00:00,267.64835
2011-05-26 10:00:00,281.76328
2011-05-26 11:00:00,325.20132
2011-05-26 12:00:00,415.62253
2011-05-26 13:00:00,439.75116
2011-05-26 14:00:00,439.75116
2011-05-26 15:00:00,409.6676
2011-05-26 16:00:00,413.11383
2011-05-26 17:00:00,394.88095
2011-05-26 18:00:00,405.2527
2011-05-26 19:00:00,406.1856
2011-05-26 20:00:00,318.16803
2011-05-26 21:00:00,265.45712
2011-05-26 22:00:00,257.8868
2011-05-26 23:00:00,281.8557
2011-05-27 00:00:00,276.4065
2011-05-27 01:00:00,348.06912
2011-05-27 02:00:00,301.17773
2011-05-27 03:00:00,213.94345
2011-05-27 04:00:00,204.95566
2011-05-27 05:00:00,274.844
2011-05-27 06:00:00,187.28116
2011-05-27 07:00:00,198.26892
2011-05-27 08:00:00,249.96878
2011-05-27 09:00:00,317.29178
2011-05-27 10:00:00,373.56976
2011-05-27 11:00:00,357.5465
2011-05-27 12:00:00,374.0894
2011-05-27 13:00:00,346.07755
2011-05-27 14:00:00,395.0771
2011-05-27 15:00:00,411.531
2011-05-27 16:00:00,369.81415
2011-05-27 17:00:00,373.59915
2011-05-27 18:00:00,325.5834
2011-05-27 19:00:00,184.58835
2011-05-27 20:00:00,213.06975
2011-05-27 21:00:00,143.58527
2011-05-27 22:00:00,162.23872
2011-05-27 23:00:00,145.34518
2011-05-28 00:00:00,113.48399
2011-05-28 01:00:00,132.02228
2011-05-28 02:00:00,109.0639
2011-05-28 03:00:00,128.79248
2011-05-28 04:00:00,132.92117
2011-05-28 05:00:00,128.79248
2011-05-28 06:00:00,154.50775
2011-05-28 07:00:00,160.5775
2011-05-28 08:00:00,159.11893
2011-05-28 09:00:00,211.42172
2011-05-28 10:00:00,298.4998
2011-05-28 11:00:00,298.4998
2011-05-28 12:00:00,363.06866
2011-05-28 13:00:00,339.23587
2011-05-28 14:00:00,364.21832
2011-05-28 15:00:00,377.41776
2011-05-28 16:00:00,412.05273
2011-05-28 17:00:00,405.71683
2011-05-28 18:00:00,350.04523
2011-05-28 19:00:00,287.3136
2011-05-28 20:00:00,298.4998
2011-05-28 21:00:00,237.23445
2011-05-28 22:00:00,182.19417
2011-05-28 23:00:00,145.61264
2011-05-29 00:00:00,156.58784
2011-05-29 01:00:00,126.96257
2011-05-29 02:00:00,107.34865
2011-05-29 03:00:00,107.34865
2011-05-29 04:00:00,98.49398
2011-05-29 05:00:00,104.000786
2011-05-29 06:00:00,134.61588
2011-05-29 07:00:00,150.20758
2011-05-29 08:00:00,142.93176
2011-05-29 09:00:00,138.80516
2011-05-29 10:00:00,163.91556
2011-05-29 11:00:00,184.54698
2011-05-29 12:00:00,243.36758
2011-05-29 13:00:00,311.9953
2011-05-29 14:00:00,325.89566
2011-05-29 15:00:00,331.3949
2011-05-29 16:00:00,325.89566
2011-05-29 17:00:00,325.89566
2011-05-29 18:00:00,296.01562
2011-05-29 19:00:00,282.9581
2011-05-29 20:00:00,198.28107
2011-05-29 21:00:00,155.9247
2011-05-29 22:00:00,125.342415
2011-05-29 23:00:00,135.39967
2011-05-30 00:00:00,116.25016
2011-05-30 01:00:00,100.048325
2011-05-30 02:00:00,116.25016
2011-05-30 03:00:00,116.25016
2011-05-30 04:00:00,102.24233
2011-05-30 05:00:00,90.127495
2011-05-30 06:00:00,90.64568
2011-05-30 07:00:00,67.01308
2011-05-30 08:00:00,106.694595
2011-05-30 09:00:00,184.88449
2011-05-30 10:00:00,421.18842
2011-05-30 11:00:00,379.7631
2011-05-30 12:00:00,409.3426
2011-05-30 13:00:00,399.1587
2011-05-30 14:00:00,388.19595
2011-05-30 15:00:00,455.55615
2011-05-30 16:00:00,454.88718
2011-05-30 17:00:00,453.72263
2011-05-30 18:00:00,422.27386
2011-05-30 19:00:00,241.54652
2011-05-30 20:00:00,294.4364
2011-05-30 21:00:00,249.00992
2011-05-30 22:00:00,223.6404
2011-05-30 23:00:00,126.05956
2011-05-31 00:00:00,180.74796
2011-05-31 01:00:00,158.10115
2011-05-31 02:00:00,153.02385
2011-05-31 03:00:00,117.57325
2011-05-31 04:00:00,152.97021
2011-05-31 05:00:00,152.97021
2011-05-31 06:00:00,169.32523
2011-05-31 07:00:00,267.29767
2011-05-31 08:00:00,343.69336
2011-05-31 09:00:00,355.29993
2011-05-31 10:00:00,365.69464
2011-05-31 11:00:00,312.45514
2011-05-31 12:00:00,328.8915
2011-05-31 13:00:00,341.48456
2011-05-31 14:00:00,322.09537
2011-05-31 15:00:00,335.9416
2011-05-31 16:00:00,335.69693
2011-05-31 17:00:00,410.49026
2011-05-31 18:00:00,394.5504
2011-05-31 19:00:00,318.85904
2011-05-31 20:00:00,318.85904
2011-05-31 21:00:00,287.08112
2011-05-31 22:00:00,279.6132
2011-05-31 23:00:00,196.81781
2011-06-20 00:00:00,177.23676
2011-06-20 01:00:00,139.09407
2011-06-20 02:00:00,139.09407
2011-06-20 03:00:00,132.70229
2011-06-20 04:00:00,156.47308
2011-06-20 05:00:00,163.39058
2011-06-20 06:00:00,177.34634
2011-06-20 07:00:00,150.79767
2011-06-20 08:00:00,153.94286
2011-06-20 09:00:00,193.79567
2011-06-20 10:00:00,193.79567
2011-06-20 11:00:00,157.01224
2011-06-20 12:00:00,195.74007
2011-06-20 13:00:00,209.4664
2011-06-20 14:00:00,237.67047
2011-06-20 15:00:00,251.44363
2011-06-20 16:00:00,305.76532
2011-06-20 17:00:00,230.74788
2011-06-20 18:00:00,327.9987
2011-06-20 19:00:00,269.79343
2011-06-20 20:00:00,252.00143
2011-06-20 21:00:00,198.26892
2011-06-20 22:00:00,221.77475
2011-06-20 23:00:00,207.18387
2011-06-21 00:00:00,152.80052
2011-06-21 01:00:00,195.34288
2011-06-21 02:00:00,170.72491
2011-06-21 03:00:00,170.72491
2011-06-21 04:00:00,111.511795
2011-06-21 05:00:00,117.48044
2011-06-21 06:00:00,117.48044
2011-06-21 07:00:00,81.138725
2011-06-21 08:00:00,112.795395
2011-06-21 09:00:00,140.3728
2011-06-21 10:00:00,154.48303
2011-06-21 11:00:00,138.90485
2011-06-21 12:00:00,209.87614
2011-06-21 13:00:00,271.6395
2011-06-21 14:00:00,331.73376
2011-06-21 15:00:00,376.59375
2011-06-21 16:00:00,372.67435
2011-06-21 17:00:00,339.89633
2011-06-21 18:00:00,296.02032
2011-06-21 19:00:00,257.951
2011-06-21 20:00:00,259.30127
2011-06-21 21:00:00,239.41354
2011-06-21 22:00:00,162.74844
2011-06-21 23:00:00,188.67279
2011-06-22 00:00:00,169.3623
2011-06-22 01:00:00,147.35039
2011-06-22 02:00:00,121.07251
2011-06-22 03:00:00,147.35039
2011-06-22 04:00:00,102.094345
2011-06-22 05:00:00,90.91556
2011-06-22 06:00:00,108.61058
2011-06-22 07:00:00,141.24869
2011-06-22 08:00:00,205.03253
2011-06-22 09:00:00,202.87473
2011-06-22 10:00:00,284.8736
2011-06-22 11:00:00,250.48795
2011-06-22 12:00:00,359.9393
2011-06-22 13:00:00,392.88303
2011-06-22 14:00:00,397.87167
2011-06-22 15:00:00,400.38657
2011-06-22 16:00:00,407.5106
2011-06-22 17:00:00,386.73587
2011-06-22 18:00:00,376.83765
2011-06-22 19:00:00,382.37845
2011-06-22 20:00:00,227.21176
2011-06-22 21:00:00,213.98813
2011-06-22 22:00:00,219.90549
2011-06-22 23:00:00,227.91173
2011-06-23 00:00:00,222.75099
2011-06-23 01:00:00,250.93436
2011-06-23 02:00:00,250.93436
2011-06-23 03:00:00,228.99142
2011-06-23 04:00:00,193.41841
2011-06-23 05:00:00,227.84264
2011-06-23 06:00:00,227.8426
2011-06-23 07:00:00,220.91278
2011-06-23 08:00:00,257.10474
2011-06-23 09:00:00,237.74513
2011-06-23 10:00:00,267.11014
2011-06-23 11:00:00,295.64044
2011-06-23 12:00:00,320.97153
2011-06-23 13:00:00,331.5031
2011-06-23 14:00:00,322.53534
2011-06-23 15:00:00,367.36392
2011-06-23 16:00:00,312.83228
2011-06-23 17:00:00,267.69772
2011-06-23 18:00:00,290.10107
2011-06-23 19:00:00,288.23334
2011-06-23 20:00:00,230.53743
2011-06-23 21:00:00,219.32076
2011-06-23 22:00:00,229.71278
2011-06-23 23:00:00,252.04697
2011-06-24 00:00:00,179.73076
2011-06-24 01:00:00,189.34126
2011-06-24 02:00:00,189.34126
2011-06-24 03:00:00,138.90485
2011-06-24 04:00:00,118.2265
2011-06-24 05:00:00,97.804985
2011-06-24 06:00:00,129.90472
2011-06-24 07:00:00,171.7891
2011-06-24 08:00:00,230.53743
2011-06-24 09:00:00,273.66473
2011-06-24 10:00:00,386.79193
2011-06-24 11:00:00,385.21173
2011-06-24 12:00:00,384.15317
2011-06-24 13:00:00,366.66565
2011-06-24 14:00:00,390.38333
2011-06-24 15:00:00,396.556
2011-06-24 16:00:00,418.14435
2011-06-24 17:00:00,381.5792
2011-06-24 18:00:00,386.48932
2011-06-24 19:00:00,389.81927
2011-06-24 20:00:00,360.0606
2011-06-24 21:00:00,325.25073
2011-06-24 22:00:00,279.4134
2011-06-24 23:00:00,307.52667
2011-06-25 00:00:00,411.5188
2011-06-25 01:00:00,361.3835
2011-06-25 02:00:00,377.08685
2011-06-25 03:00:00,308.5605
2011-06-25 04:00:00,308.5605
2011-06-25 05:00:00,241.81776
2011-06-25 06:00:00,319.67004
2011-06-25 07:00:00,337.31033
2011-06-25 08:00:00,428.96347
2011-06-25 09:00:00,472.51138
2011-06-25 10:00:00,452.69556
2011-06-25 11:00:00,463.36877
2011-06-25 12:00:00,518.6334
2011-06-25 13:00:00,518.6334
2011-06-25 14:00:00,484.84167
2011-06-25 15:00:00,435.41467
2011-06-25 16:00:00,509.23035
2011-06-25 17:00:00,494.91083
2011-06-25 18:00:00,472.51138
2011-06-25 19:00:00,447.44766
2011-06-25 20:00:00,413.77408
2011-06-25 21:00:00,358.5531
2011-06-25 22:00:00,417.255
2011-06-25 23:00:00,383.35162
2011-06-26 00:00:00,308.18658
2011-06-26 01:00:00,309.5041
2011-06-26 02:00:00,271.0269
2011-06-26 03:00:00,198.02188
2011-06-26 04:00:00,191.79797
2011-06-26 05:00:00,199.10725
2011-06-26 06:00:00,199.10725
2011-06-26 07:00:00,226.82338
2011-06-26 08:00:00,273.31924
2011-06-26 09:00:00,301.43222
2011-06-26 10:00:00,394.80408
2011-06-26 11:00:00,430.03168
2011-06-26 12:00:00,478.03705
2011-06-26 13:00:00,473.46173
2011-06-26 14:00:00,467.00024
2011-06-26 15:00:00,473.46173
2011-06-26 16:00:00,481.69324
2011-06-26 17:00:00,483.85556
2011-06-26 18:00:00,480.65955
2011-06-26 19:00:00,410.42975
2011-06-26 20:00:00,387.93793
2011-06-26 21:00:00,321.71378
2011-06-26 22:00:00,350.78766
2011-06-26 23:00:00,317.51355
2011-06-27 00:00:00,208.6613
2011-06-27 01:00:00,167.96046
2011-06-27 02:00:00,190.08913
2011-06-27 03:00:00,190.08913
2011-06-27 04:00:00,142.75684
2011-06-27 05:00:00,145.24185
2011-06-27 06:00:00,175.6921
2011-06-27 07:00:00,214.92873
2011-06-27 08:00:00,193.88405
2011-06-27 09:00:00,251.88123
2011-06-27 10:00:00,290.86917
2011-06-27 11:00:00,235.45082
2011-06-27 12:00:00,251.88123
2011-06-27 13:00:00,320.50192
2011-06-27 14:00:00,251.34747
2011-06-27 15:00:00,251.1105
2011-06-27 16:00:00,288.97803
2011-06-27 17:00:00,305.9629
2011-06-27 18:00:00,269.0881
2011-06-27 19:00:00,297.29425
2011-06-27 20:00:00,226.67917
2011-06-27 21:00:00,193.2781
2011-06-27 22:00:00,170.91658
2011-06-27 23:00:00,170.91658
2011-06-28 00:00:00,173.05193
2011-06-28 01:00:00,144.80115
2011-06-28 02:00:00,170.86897
2011-06-28 03:00:00,170.86897
2011-06-28 04:00:00,144.80115
2011-06-28 05:00:00,121.07251
2011-06-28 06:00:00,138.90485
2011-06-28 07:00:00,161.97034
2011-06-28 08:00:00,185.47443
2011-06-28 09:00:00,186.91014
2011-06-28 10:00:00,349.81628
2011-06-28 11:00:00,311.93176
2011-06-28 12:00:00,364.93872
2011-06-28 13:00:00,322.04633
2011-06-28 14:00:00,360.54608
2011-06-28 15:00:00,337.17307
2011-06-28 16:00:00,390.3573
2011-06-28 17:00:00,371.38977
2011-06-28 18:00:00,356.28183
2011-06-28 19:00:00,337.24985
2011-06-28 20:00:00,210.56638
2011-06-28 21:00:00,319.10052
2011-06-28 22:00:00,270.29645
2011-06-28 23:00:00,266.26895
2011-06-29 00:00:00,208.4797
2011-06-29 01:00:00,213.27463
2011-06-29 02:00:00,159.67934
2011-06-29 03:00:00,140.48953
2011-06-29 04:00:00,122.113686
2011-06-29 05:00:00,137.92664
2011-06-29 06:00:00,255.88644
2011-06-29 07:00:00,350.8517
2011-06-29 08:00:00,386.80692
2011-06-29 09:00:00,405.43085
2011-06-29 10:00:00,397.4555
2011-06-29 11:00:00,377.1681
2011-06-29 12:00:00,374.04184
2011-06-29 13:00:00,371.7399
2011-06-29 14:00:00,366.80945
2011-06-29 15:00:00,360.788
2011-06-29 16:00:00,404.45325
2011-06-29 17:00:00,390.31442
2011-06-29 18:00:00,364.71738
2011-06-29 19:00:00,419.35297
2011-06-29 20:00:00,393.90353
2011-06-29 21:00:00,395.63898
2011-06-29 22:00:00,387.94376
2011-06-29 23:00:00,360.9989
2011-06-30 00:00:00,325.94495
2011-06-30 01:00:00,293.64383
2011-06-30 02:00:00,267.93048
2011-06-30 03:00:00,254.00546
2011-06-30 04:00:00,213.05255
2011-06-30 05:00:00,242.89685
2011-06-30 06:00:00,261.0883
2011-06-30 07:00:00,271.90335
2011-06-30 08:00:00,377.88855
2011-06-30 09:00:00,400.75815
2011-06-30 10:00:00,382.61227
2011-06-30 11:00:00,362.3753
2011-06-30 12:00:00,366.25885
2011-06-30 13:00:00,372.7211
2011-06-30 14:00:00,370.73087
2011-06-30 15:00:00,360.0728
2011-06-30 16:00:00,355.97125
2011-06-30 17:00:00,381.28
2011-06-30 18:00:00,370.2322
2011-06-30 19:00:00,376.85455
2011-06-30 20:00:00,376.85455
2011-06-30 21:00:00,356.83356
2011-06-30 22:00:00,373.85742
2011-06-30 23:00:00,257.3001
2011-07-20 00:00:00,142.43251
2011-07-20 01:00:00,125.143654
2011-07-20 02:00:00,125.143654
2011-07-20 03:00:00,142.43251
2011-07-20 04:00:00,117.012535
2011-07-20 05:00:00,133.1594
2011-07-20 06:00:00,132.87094
2011-07-20 07:00:00,161.34985
2011-07-20 08:00:00,179.49527
2011-07-20 09:00:00,216.70018
2011-07-20 10:00:00,201.23038
2011-07-20 11:00:00,295.95798
2011-07-20 12:00:00,292.7248
2011-07-20 13:00:00,379.03568
2011-07-20 14:00:00,385.10336
2011-07-20 15:00:00,344.4848
2011-07-20 16:00:00,316.2222
2011-07-20 17:00:00,380.47543
2011-07-20 18:00:00,394.8064
2011-07-20 19:00:00,356.6209
2011-07-20 20:00:00,334.9795
2011-07-20 21:00:00,338.07178
2011-07-20 22:00:00,325.52173
2011-07-20 23:00:00,287.86182
2011-07-21 00:00:00,261.68146
2011-07-21 01:00:00,226.43066
2011-07-21 02:00:00,226.43066
2011-07-21 03:00:00,214.07254
2011-07-21 04:00:00,184.64377
2011-07-21 05:00:00,184.64377
2011-07-21 06:00:00,184.64377
2011-07-21 07:00:00,203.95238
2011-07-21 08:00:00,243.89511
2011-07-21 09:00:00,326.73682
2011-07-21 10:00:00,366.80234
2011-07-21 11:00:00,443.61926
2011-07-21 12:00:00,452.5893
2011-07-21 13:00:00,439.33173
2011-07-21 14:00:00,425.9799
2011-07-21 15:00:00,402.3894
2011-07-21 16:00:00,406.59378
2011-07-21 17:00:00,398.2929
2011-07-21 18:00:00,408.65234
2011-07-21 19:00:00,445.95645
2011-07-21 20:00:00,398.36813
2011-07-21 21:00:00,374.35693
2011-07-21 22:00:00,348.39108
2011-07-21 23:00:00,321.53555
2011-07-22 00:00:00,343.16772
2011-07-22 01:00:00,264.77078
2011-07-22 02:00:00,256.09857
2011-07-22 03:00:00,250.565
2011-07-22 04:00:00,228.52881
2011-07-22 05:00:00,191.72383
2011-07-22 06:00:00,220.50189
2011-07-22 07:00:00,285.6817
2011-07-22 08:00:00,352.34692
2011-07-22 09:00:00,347.19818
2011-07-22 10:00:00,343.87726
2011-07-22 11:00:00,341.5443
2011-07-22 12:00:00,377.99817
2011-07-22 13:00:00,383.236
2011-07-22 14:00:00,425.21844
2011-07-22 15:00:00,426.776
2011-07-22 16:00:00,461.1612
2011-07-22 17:00:00,332.43686
2011-07-22 18:00:00,344.0089
2011-07-22 19:00:00,382.66403
2011-07-22 20:00:00,316.2222
2011-07-22 21:00:00,315.68036
2011-07-22 22:00:00,336.54156
2011-07-22 23:00:00,357.23163
2011-07-23 00:00:00,397.78497
2011-07-23 01:00:00,412.17554
2011-07-23 02:00:00,429.83035
2011-07-23 03:00:00,300.8116
2011-07-23 04:00:00,287.34686
2011-07-23 05:00:00,317.31445
2011-07-23 06:00:00,405.36377
2011-07-23 07:00:00,395.21753
2011-07-23 08:00:00,499.85583
2011-07-23 09:00:00,454.94357
2011-07-23 10:00:00,460.37112
2011-07-23 11:00:00,428.22638
2011-07-23 12:00:00,398.81146
2011-07-23 13:00:00,420.23306
2011-07-23 14:00:00,453.46008
2011-07-23 15:00:00,436.45648
2011-07-23 16:00:00,408.7629
2011-07-23 17:00:00,408.7629
2011-07-23 18:00:00,455.518
2011-07-23 19:00:00,389.947
2011-07-23 20:00:00,417.5978
2011-07-23 21:00:00,417.5978
2011-07-23 22:00:00,387.8183
2011-07-23 23:00:00,356.1149
2011-07-24 00:00:00,356.1149
2011-07-24 01:00:00,308.5333
2011-07-24 02:00:00,337.08453
2011-07-24 03:00:00,337.08453
2011-07-24 04:00:00,308.5333
2011-07-24 05:00:00,300.8116
2011-07-24 06:00:00,332.52237
2011-07-24 07:00:00,366.85223
2011-07-24 08:00:00,458.53036
2011-07-24 09:00:00,475.03778
2011-07-24 10:00:00,542.65497
2011-07-24 11:00:00,488.80145
2011-07-24 12:00:00,450.1801
2011-07-24 13:00:00,481.80573
2011-07-24 14:00:00,520.5244
2011-07-24 15:00:00,475.12292
2011-07-24 16:00:00,475.12292
2011-07-24 17:00:00,405.26996
2011-07-24 18:00:00,437.3397
2011-07-24 19:00:00,452.92178
2011-07-24 20:00:00,454.94357
2011-07-24 21:00:00,357.27737
2011-07-24 22:00:00,296.9088
2011-07-24 23:00:00,253.95456
2011-07-25 00:00:00,220.19
2011-07-25 01:00:00,228.29819
2011-07-25 02:00:00,200.44066
2011-07-25 03:00:00,163.53807
2011-07-25 04:00:00,157.6601
2011-07-25 05:00:00,157.6601
2011-07-25 06:00:00,178.98686
2011-07-25 07:00:00,181.84311
2011-07-25 08:00:00,208.07875
2011-07-25 09:00:00,259.86948
2011-07-25 10:00:00,292.7248
2011-07-25 11:00:00,373.06418
2011-07-25 12:00:00,373.06418
2011-07-25 13:00:00,229.64534
2011-07-25 14:00:00,219.90549
2011-07-25 15:00:00,230.54208
2011-07-25 16:00:00,184.45691
2011-07-25 17:00:00,171.71179
2011-07-25 18:00:00,208.67616
2011-07-25 19:00:00,216.70018
2011-07-25 20:00:00,217.08717
2011-07-25 21:00:00,125.143654
2011-07-25 22:00:00,125.143654
2011-07-25 23:00:00,138.45732
2011-07-26 00:00:00,162.74843
2011-07-26 01:00:00,162.74843
2011-07-26 02:00:00,122.335144
2011-07-26 03:00:00,130.61212
2011-07-26 04:00:00,140.57472
2011-07-26 05:00:00,102.57049
2011-07-26 06:00:00,173.21503
2011-07-26 07:00:00,305.3507
2011-07-26 08:00:00,340.66943
2011-07-26 09:00:00,384.55307
2011-07-26 10:00:00,367.65866
2011-07-26 11:00:00,347.65134
2011-07-26 12:00:00,345.37106
2011-07-26 13:00:00,354.9275
2011-07-26 14:00:00,353.1076
2011-07-26 15:00:00,350.64935
2011-07-26 16:00:00,354.3465
2011-07-26 17:00:00,373.53577
2011-07-26 18:00:00,401.89676
2011-07-26 19:00:00,386.08377
2011-07-26 20:00:00,387.263
2011-07-26 21:00:00,380.89597
2011-07-26 22:00:00,310.83844
2011-07-26 23:00:00,284.12012
2011-07-27 00:00:00,329.02542
2011-07-27 01:00:00,365.66788
2011-07-27 02:00:00,391.48438
2011-07-27 03:00:00,306.0096
2011-07-27 04:00:00,351.88458
2011-07-27 05:00:00,363.03006
2011-07-27 06:00:00,350.8517
2011-07-27 07:00:00,387.66412
2011-07-27 08:00:00,394.6861
2011-07-27 09:00:00,374.04184
2011-07-27 10:00:00,352.57135
2011-07-27 11:00:00,350.18024
2011-07-27 12:00:00,359.70813
2011-07-27 13:00:00,370.10757
2011-07-27 14:00:00,362.7959
2011-07-27 15:00:00,357.48593
2011-07-27 16:00:00,351.31183
2011-07-27 17:00:00,358.00787
2011-07-27 18:00:00,346.81644
2011-07-27 19:00:00,346.56485
2011-07-27 20:00:00,387.458
2011-07-27 21:00:00,314.95398
2011-07-27 22:00:00,284.25967
2011-07-27 23:00:00,318.78052
2011-07-28 00:00:00,312.30917
2011-07-28 01:00:00,266.9504
2011-07-28 02:00:00,288.06992
2011-07-28 03:00:00,250.24258
2011-07-28 04:00:00,249.5715
2011-07-28 05:00:00,226.67917
2011-07-28 06:00:00,194.03865
2011-07-28 07:00:00,238.9686
2011-07-28 08:00:00,271.6395
2011-07-28 09:00:00,345.98328
2011-07-28 10:00:00,401.4925
2011-07-28 11:00:00,422.5422
2011-07-28 12:00:00,404.46106
2011-07-28 13:00:00,380.3874
2011-07-28 14:00:00,414.5097
2011-07-28 15:00:00,357.69168
2011-07-28 16:00:00,339.4634
2011-07-28 17:00:00,372.03342
2011-07-28 18:00:00,393.25208
2011-07-28 19:00:00,369.2805
2011-07-28 20:00:00,357.2316
2011-07-28 21:00:00,363.41766
2011-07-28 22:00:00,306.88675
2011-07-28 23:00:00,265.12012
2011-07-29 00:00:00,213.98813
2011-07-29 01:00:00,202.95776
2011-07-29 02:00:00,163.53807
2011-07-29 03:00:00,163.53807
2011-07-29 04:00:00,174.44748
2011-07-29 05:00:00,144.30083
2011-07-29 06:00:00,165.99469
2011-07-29 07:00:00,200.44066
2011-07-29 08:00:00,216.02019
2011-07-29 09:00:00,380.3874
2011-07-29 10:00:00,373.50613
2011-07-29 11:00:00,377.7394
2011-07-29 12:00:00,350.37866
2011-07-29 13:00:00,338.26105
2011-07-29 14:00:00,348.43018
2011-07-29 15:00:00,349.72717
2011-07-29 16:00:00,355.38147
2011-07-29 17:00:00,349.5379
2011-07-29 18:00:00,368.2676
2011-07-29 19:00:00,363.96085
2011-07-29 20:00:00,377.62735
2011-07-29 21:00:00,341.55978
2011-07-29 22:00:00,380.65323
2011-07-29 23:00:00,311.06744
2011-07-30 00:00:00,363.84265
2011-07-30 01:00:00,334.47162
2011-07-30 02:00:00,340.37305
2011-07-30 03:00:00,307.43677
2011-07-30 04:00:00,271.74542
2011-07-30 05:00:00,288.97324
2011-07-30 06:00:00,294.75146
2011-07-30 07:00:00,319.5698
2011-07-30 08:00:00,376.64044
2011-07-30 09:00:00,517.09265
2011-07-30 10:00:00,503.60956
2011-07-30 11:00:00,443.57794
2011-07-30 12:00:00,428.73212
2011-07-30 13:00:00,422.2779
2011-07-30 14:00:00,416.76727
2011-07-30 15:00:00,392.4284
2011-07-30 16:00:00,417.42953
2011-07-30 17:00:00,386.4614
2011-07-30 18:00:00,418.46222
2011-07-30 19:00:00,491.43228
2011-07-30 20:00:00,439.93707
2011-07-30 21:00:00,437.5332
2011-07-30 22:00:00,379.39734
2011-07-30 23:00:00,334.47162
2011-07-31 00:00:00,334.47162
2011-07-31 01:00:00,280.07074
2011-07-31 02:00:00,258.38712
2011-07-31 03:00:00,251.93501
2011-07-31 04:00:00,203.31873
2011-07-31 05:00:00,211.44743
2011-07-31 06:00:00,217.5031
2011-07-31 07:00:00,322.2199
2011-07-31 08:00:00,372.48312
2011-07-31 09:00:00,434.76227
2011-07-31 10:00:00,432.982
2011-07-31 11:00:00,415.5531
2011-07-31 12:00:00,408.20145
2011-07-31 13:00:00,392.38248
2011-07-31 14:00:00,397.93842
2011-07-31 15:00:00,401.24152
2011-07-31 16:00:00,399.9816
2011-07-31 17:00:00,392.80386
2011-07-31 18:00:00,488.0311
2011-07-31 19:00:00,456.06808
2011-07-31 20:00:00,456.06808
2011-07-31 21:00:00,404.63654
2011-07-31 22:00:00,308.91595
2011-07-31 23:00:00,306.97488
2011-08-20 00:00:00,66.113914
2011-08-20 01:00:00,84.45963
2011-08-20 02:00:00,99.70368
2011-08-20 03:00:00,99.70368
2011-08-20 04:00:00,83.11636
2011-08-20 05:00:00,79.66789
2011-08-20 06:00:00,106.391914
2011-08-20 07:00:00,84.459656
2011-08-20 08:00:00,167.96713
2011-08-20 09:00:00,220.9847
2011-08-20 10:00:00,279.1365
2011-08-20 11:00:00,293.94373
2011-08-20 12:00:00,322.2199
2011-08-20 13:00:00,348.66125
2011-08-20 14:00:00,449.82404
2011-08-20 15:00:00,467.80722
2011-08-20 16:00:00,462.59573
2011-08-20 17:00:00,449.82404
2011-08-20 18:00:00,373.55426
2011-08-20 19:00:00,314.99112
2011-08-20 20:00:00,324.60516
2011-08-20 21:00:00,264.70087
2011-08-20 22:00:00,219.3911
2011-08-20 23:00:00,182.3108
2011-08-21 00:00:00,208.0628
2011-08-21 01:00:00,164.50333
2011-08-21 02:00:00,152.25323
2011-08-21 03:00:00,129.84996
2011-08-21 04:00:00,142.62743
2011-08-21 05:00:00,139.97057
2011-08-21 06:00:00,133.99954
2011-08-21 07:00:00,174.92868
2011-08-21 08:00:00,186.26288
2011-08-21 09:00:00,245.33865
2011-08-21 10:00:00,273.15887
2011-08-21 11:00:00,406.11005
2011-08-21 12:00:00,439.42398
2011-08-21 13:00:00,441.52704
2011-08-21 14:00:00,223.3633
2011-08-21 15:00:00,181.34969
2011-08-21 16:00:00,181.3454
2011-08-21 17:00:00,167.34396
2011-08-21 18:00:00,222.18909
2011-08-21 19:00:00,277.09482
2011-08-21 20:00:00,199.35913
2011-08-21 21:00:00,199.35913
2011-08-21 22:00:00,188.68813
2011-08-21 23:00:00,195.83377
2011-08-22 00:00:00,169.15411
2011-08-22 01:00:00,141.0739
2011-08-22 02:00:00,233.1274
2011-08-22 03:00:00,247.06757
2011-08-22 04:00:00,255.77847
2011-08-22 05:00:00,269.79526
2011-08-22 06:00:00,297.37585
2011-08-22 07:00:00,293.5934
2011-08-22 08:00:00,293.5934
2011-08-22 09:00:00,354.19678
2011-08-22 10:00:00,386.80692
2011-08-22 11:00:00,401.28656
2011-08-22 12:00:00,423.4598
2011-08-22 13:00:00,437.5634
2011-08-22 14:00:00,408.24725
2011-08-22 15:00:00,377.24036
2011-08-22 16:00:00,408.24725
2011-08-22 17:00:00,378.67453
2011-08-22 18:00:00,380.48987
2011-08-22 19:00:00,384.6407
2011-08-22 20:00:00,402.3813
2011-08-22 21:00:00,405.75623
2011-08-22 22:00:00,411.11108
2011-08-22 23:00:00,400.6085
2011-08-23 00:00:00,375.94812
2011-08-23 01:00:00,321.44214
2011-08-23 02:00:00,290.62222
2011-08-23 03:00:00,283.05505
2011-08-23 04:00:00,251.42522
2011-08-23 05:00:00,259.26935
2011-08-23 06:00:00,236.93997
2011-08-23 07:00:00,345.6385
2011-08-23 08:00:00,267.91284
2011-08-23 09:00:00,300.9507
2011-08-23 10:00:00,339.70288
2011-08-23 11:00:00,368.32654
2011-08-23 12:00:00,342.59766
2011-08-23 13:00:00,364.6357
2011-08-23 14:00:00,361.56665
2011-08-23 15:00:00,386.91183
2011-08-23 16:00:00,371.92786
2011-08-23 17:00:00,386.91183
2011-08-23 18:00:00,386.01602
2011-08-23 19:00:00,359.05933
2011-08-23 20:00:00,345.6767
2011-08-23 21:00:00,224.69667
2011-08-23 22:00:00,267.93048
2011-08-23 23:00:00,239.78639
2011-08-24 00:00:00,267.93048
2011-08-24 01:00:00,233.54855
2011-08-24 02:00:00,191.39096
2011-08-24 03:00:00,191.39096
2011-08-24 04:00:00,148.15488
2011-08-24 05:00:00,148.15488
2011-08-24 06:00:00,132.90251
2011-08-24 07:00:00,208.96843
2011-08-24 08:00:00,199.40164
2011-08-24 09:00:00,237.8731
2011-08-24 10:00:00,339.66495
2011-08-24 11:00:00,372.90775
2011-08-24 12:00:00,375.368
2011-08-24 13:00:00,409.47992
2011-08-24 14:00:00,409.47992
2011-08-24 15:00:00,413.7926
2011-08-24 16:00:00,393.5356
2011-08-24 17:00:00,395.92764
2011-08-24 18:00:00,378.04486
2011-08-24 19:00:00,378.04486
2011-08-24 20:00:00,349.5426
2011-08-24 21:00:00,313.71475
2011-08-24 22:00:00,290.81088
2011-08-24 23:00:00,265.9635
2011-08-25 00:00:00,237.34119
2011-08-25 01:00:00,260.97055
2011-08-25 02:00:00,260.97055
2011-08-25 03:00:00,228.47656
2011-08-25 04:00:00,211.35106
2011-08-25 05:00:00,211.53282
2011-08-25 06:00:00,189.34126
2011-08-25 07:00:00,209.7592
2011-08-25 08:00:00,244.34244
2011-08-25 09:00:00,270.71344
2011-08-25 10:00:00,298.2218
2011-08-25 11:00:00,188.69626
2011-08-25 12:00:00,188.69626
2011-08-25 13:00:00,162.74843
2011-08-25 14:00:00,191.32062
2011-08-25 15:00:00,207.4755
2011-08-25 16:00:00,144.30083
2011-08-25 17:00:00,144.30083
2011-08-25 18:00:00,195.9454
2011-08-25 19:00:00,196.34169
2011-08-25 20:00:00,199.37766
2011-08-25 21:00:00,187.61455
2011-08-25 22:00:00,102.52314
2011-08-25 23:00:00,109.605225
2011-08-26 00:00:00,120.61109
2011-08-26 01:00:00,102.52314
2011-08-26 02:00:00,104.735374
2011-08-26 03:00:00,94.76577
2011-08-26 04:00:00,88.409225
2011-08-26 05:00:00,105.65676
2011-08-26 06:00:00,88.409225
2011-08-26 07:00:00,102.094345
2011-08-26 08:00:00,122.113686
2011-08-26 09:00:00,158.3233
2011-08-26 10:00:00,231.63004
2011-08-26 11:00:00,227.82654
2011-08-26 12:00:00,252.51161
2011-08-26 13:00:00,276.33948
2011-08-26 14:00:00,273.70905
2011-08-26 15:00:00,343.1678
2011-08-26 16:00:00,286.1087
2011-08-26 17:00:00,273.87112
2011-08-26 18:00:00,229.64534
2011-08-26 19:00:00,180.81989
2011-08-26 20:00:00,175.19868
2011-08-26 21:00:00,202.87473
2011-08-26 22:00:00,180.8199
2011-08-26 23:00:00,138.45732
2011-08-27 00:00:00,116.63537
2011-08-27 01:00:00,131.91144
2011-08-27 02:00:00,141.7344
2011-08-27 03:00:00,167.51376
2011-08-27 04:00:00,167.51376
2011-08-27 05:00:00,192.77899
2011-08-27 06:00:00,192.77899
2011-08-27 07:00:00,201.86462
2011-08-27 08:00:00,177.31165
2011-08-27 09:00:00,210.82156
2011-08-27 10:00:00,234.79533
2011-08-27 11:00:00,163.39795
2011-08-27 12:00:00,198.10043
2011-08-27 13:00:00,170.90825
2011-08-27 14:00:00,176.58304
2011-08-27 15:00:00,176.58304
2011-08-27 16:00:00,177.64581
2011-08-27 17:00:00,185.70645
2011-08-28 07:00:00,152.71614
2011-08-28 08:00:00,170.98993
2011-08-28 09:00:00,227.71756
2011-08-28 10:00:00,308.0271
2011-08-28 11:00:00,349.47113
2011-08-28 12:00:00,418.79373
2011-08-28 13:00:00,496.25327
2011-08-28 14:00:00,519.03864
2011-08-28 15:00:00,516.27057
2011-08-28 16:00:00,502.02045
2011-08-28 17:00:00,517.37854
2011-08-28 18:00:00,494.91083
2011-08-28 19:00:00,394.80405
2011-08-28 20:00:00,420.44525
2011-08-28 21:00:00,258.3993
2011-08-28 22:00:00,162.59685
2011-08-28 23:00:00,123.77961
2011-08-29 00:00:00,161.56842
2011-08-29 01:00:00,185.37175
2011-08-29 02:00:00,210.70157
2011-08-29 03:00:00,185.37175
2011-08-29 04:00:00,188.03392
2011-08-29 05:00:00,157.02617
2011-08-29 06:00:00,157.02617
2011-08-29 07:00:00,274.38562
2011-08-29 08:00:00,313.63364
2011-08-29 09:00:00,342.1882
2011-08-29 10:00:00,374.0724
2011-08-29 11:00:00,340.30927
2011-08-29 12:00:00,351.95105
2011-08-29 13:00:00,357.21378
2011-08-29 14:00:00,316.69778
2011-08-29 15:00:00,373.85742
2011-08-29 16:00:00,369.66345
2011-08-29 17:00:00,359.29767
2011-08-29 18:00:00,378.97504
2011-08-29 19:00:00,378.97504
2011-08-29 20:00:00,311.00912
2011-08-29 21:00:00,326.1537
2011-08-29 22:00:00,267.93048
2011-08-29 23:00:00,228.34097
2011-08-30 00:00:00,157.02617
2011-08-30 01:00:00,178.35892
2011-08-30 02:00:00,145.31818
2011-08-30 03:00:00,171.7487
2011-08-30 04:00:00,138.44553
2011-08-30 05:00:00,121.98815
2011-08-30 06:00:00,145.31818
2011-08-30 07:00:00,188.03392
2011-08-30 08:00:00,267.93048
2011-08-30 09:00:00,359.05933
2011-08-30 10:00:00,400.74927
2011-08-30 11:00:00,389.85483
2011-08-30 12:00:00,343.4423
2011-08-30 13:00:00,356.74432
2011-08-30 14:00:00,373.38525
2011-08-30 15:00:00,382.671
2011-08-30 16:00:00,373.46216
2011-08-30 17:00:00,382.61227
2011-08-30 18:00:00,356.13934
2011-08-30 19:00:00,282.70508
2011-08-30 20:00:00,257.3001
2011-08-30 21:00:00,206.70557
2011-08-30 22:00:00,204.75053
2011-08-30 23:00:00,204.75053
2011-08-31 00:00:00,163.95172
2011-08-31 01:00:00,163.95172
2011-08-31 02:00:00,132.90251
2011-08-31 03:00:00,113.82556
2011-08-31 04:00:00,132.90251
2011-08-31 05:00:00,104.80853
2011-08-31 06:00:00,115.75261
2011-08-31 07:00:00,117.12314
2011-08-31 08:00:00,165.03273
2011-08-31 09:00:00,185.12823
2011-08-31 10:00:00,319.90802
2011-08-31 11:00:00,355.88824
2011-08-31 12:00:00,349.54214
2011-08-31 13:00:00,352.36298
2011-08-31 14:00:00,355.95358
2011-08-31 15:00:00,355.95358
2011-08-31 16:00:00,351.85168
2011-08-31 17:00:00,342.98892
2011-08-31 18:00:00,363.91333
2011-08-31 19:00:00,379.34964
2011-08-31 20:00:00,274.61685
2011-08-31 21:00:00,229.74493
2011-08-31 22:00:00,166.24449
2011-08-31 23:00:00,129.20963
2011-09-20 00:00:00,191.35374
2011-09-20 01:00:00,117.84953
2011-09-20 02:00:00,117.84953
2011-09-20 03:00:00,142.01776
2011-09-20 04:00:00,117.38062
2011-09-20 05:00:00,125.07765
2011-09-20 06:00:00,125.07765
2011-09-20 07:00:00,117.84953
2011-09-20 08:00:00,124.49279
2011-09-20 09:00:00,125.18782
2011-09-20 10:00:00,136.91673
2011-09-20 11:00:00,136.91673
2011-09-20 12:00:00,104.93038
2011-09-20 13:00:00,97.40196
2011-09-20 14:00:00,127.28377
2011-09-20 15:00:00,159.61131
2011-09-20 16:00:00,142.75684
2011-09-20 17:00:00,111.33322
2011-09-20 18:00:00,111.33322
2011-09-20 19:00:00,87.11321
2011-09-20 20:00:00,65.62949
2011-09-20 21:00:00,65.62947
2011-09-20 22:00:00,65.62947
2011-09-20 23:00:00,65.62947
2011-09-21 00:00:00,60.98898
2011-09-21 01:00:00,64.282585
2011-09-21 02:00:00,64.282585
2011-09-21 03:00:00,87.501114
2011-09-21 04:00:00,91.63134
2011-09-21 05:00:00,97.280716
2011-09-21 06:00:00,102.6575
2011-09-21 07:00:00,102.6575
2011-09-21 08:00:00,85.8166
2011-09-21 09:00:00,83.70808
2011-09-21 10:00:00,104.81479
2011-09-21 11:00:00,145.24185
2011-09-21 12:00:00,157.10226
2011-09-21 13:00:00,200.27289
2011-09-21 14:00:00,206.54468
2011-09-21 15:00:00,186.95218
2011-09-21 16:00:00,186.95218
2011-09-21 17:00:00,212.55235
2011-09-21 18:00:00,172.32632
2011-09-21 19:00:00,107.912926
2011-09-21 20:00:00,107.912926
2011-09-21 21:00:00,75.301636
2011-09-21 22:00:00,91.45273
2011-09-21 23:00:00,79.633354
2011-09-22 00:00:00,79.633354
2011-09-22 01:00:00,86.99942
2011-09-22 02:00:00,89.42821
2011-09-22 03:00:00,86.99942
2011-09-22 04:00:00,86.99942
2011-09-22 05:00:00,89.42821
2011-09-22 06:00:00,83.93005
2011-09-22 07:00:00,78.16329
2011-09-22 08:00:00,92.03595
2011-09-22 09:00:00,114.552666
2011-09-22 10:00:00,139.32687
2011-09-22 11:00:00,134.42868
2011-09-22 12:00:00,156.78767
2011-09-22 13:00:00,164.80934
2011-09-22 14:00:00,171.7891
2011-09-22 15:00:00,187.40475
2011-09-22 16:00:00,195.93065
2011-09-22 17:00:00,159.91025
2011-09-22 18:00:00,131.90387
2011-09-22 19:00:00,112.104645
2011-09-22 20:00:00,103.43802
2011-09-22 21:00:00,112.104645
2011-09-22 22:00:00,76.760765
2011-09-22 23:00:00,91.45273
2011-09-23 00:00:00,157.72998
2011-09-23 01:00:00,117.65205
2011-09-23 02:00:00,119.81001
2011-09-23 03:00:00,117.65205
2011-09-23 04:00:00,136.83078
2011-09-23 05:00:00,153.81725
2011-09-23 06:00:00,157.72998
2011-09-23 07:00:00,197.2343
2011-09-23 08:00:00,197.2343
2011-09-23 09:00:00,148.74937
2011-09-23 10:00:00,146.06427
2011-09-23 11:00:00,146.06425
2011-09-23 12:00:00,189.95198
2011-09-23 13:00:00,135.74783
2011-09-23 14:00:00,135.74783
2011-09-23 15:00:00,189.95198
2011-09-23 16:00:00,182.94972
2011-09-23 17:00:00,117.65205
2011-09-23 18:00:00,99.17024
2011-09-23 19:00:00,144.95702
2011-09-23 20:00:00,127.01963
2011-09-23 21:00:00,118.027916
2011-09-23 22:00:00,144.60112
2011-09-23 23:00:00,133.03084
2011-09-24 00:00:00,76.9799
2011-09-24 01:00:00,120.12481
2011-09-24 02:00:00,120.12481
2011-09-24 03:00:00,104.66382
2011-09-24 04:00:00,96.92536
2011-09-24 05:00:00,114.96582
2011-09-24 06:00:00,114.96582
2011-09-24 07:00:00,146.73743
2011-09-24 08:00:00,137.78656
2011-09-24 09:00:00,150.23352
2011-09-24 10:00:00,150.23352
2011-09-24 11:00:00,183.5307
2011-09-24 12:00:00,183.5307
2011-09-24 13:00:00,197.90962
2011-09-24 14:00:00,267.43268
2011-09-24 15:00:00,267.43268
2011-09-24 16:00:00,218.55667
2011-09-24 17:00:00,228.57152
2011-09-24 18:00:00,189.26324
2011-09-24 19:00:00,131.49348
2011-09-24 20:00:00,160.91612
2011-09-24 21:00:00,153.24294
2011-09-24 22:00:00,162.33765
2011-09-24 23:00:00,150.23352
2011-09-25 00:00:00,159.26572
2011-09-25 01:00:00,152.9935
2011-09-25 02:00:00,146.19585
2011-09-25 03:00:00,146.19585
2011-09-25 04:00:00,138.28156
2011-09-25 05:00:00,125.195724
2011-09-25 06:00:00,152.9935
2011-09-25 07:00:00,117.98538
2011-09-25 08:00:00,162.33765
2011-09-25 09:00:00,198.10843
2011-09-25 10:00:00,198.10843
2011-09-25 11:00:00,233.44781
2011-09-25 12:00:00,241.60022
2011-09-25 13:00:00,285.31876
2011-09-25 14:00:00,241.60022
2011-09-25 15:00:00,241.60022
2011-09-25 16:00:00,286.38263
2011-09-25 17:00:00,244.96089
2011-09-25 18:00:00,244.96089
2011-09-25 19:00:00,163.26636
2011-09-25 20:00:00,154.96552
2011-09-25 21:00:00,106.47547
2011-09-25 22:00:00,126.82244
2011-09-25 23:00:00,125.40576
2011-09-26 00:00:00,153.81725
2011-09-26 01:00:00,195.15985
2011-09-26 02:00:00,195.15985
2011-09-26 03:00:00,153.81726
2011-09-26 04:00:00,157.72997
2011-09-26 05:00:00,187.44437
2011-09-26 06:00:00,157.72998
2011-09-26 07:00:00,153.81725
2011-09-26 08:00:00,153.81725
2011-09-26 09:00:00,214.96687
2011-09-26 10:00:00,214.96687
2011-09-26 11:00:00,263.6636
2011-09-26 12:00:00,273.70563
2011-09-26 13:00:00,300.2329
2011-09-26 14:00:00,304.65622
2011-09-26 15:00:00,357.05472
2011-09-26 16:00:00,338.24905
2011-09-26 17:00:00,298.12598
2011-09-26 18:00:00,200.49457
2011-09-26 19:00:00,202.0809
2011-09-26 20:00:00,170.54771
2011-09-26 21:00:00,170.54771
2011-09-26 22:00:00,144.95702
2011-09-26 23:00:00,144.95702
2011-09-27 00:00:00,144.95702
2011-09-27 01:00:00,150.97807
2011-09-27 02:00:00,139.06886
2011-09-27 03:00:00,153.81725
2011-09-27 04:00:00,186.50916
2011-09-27 05:00:00,186.50916
2011-09-27 06:00:00,161.04121
2011-09-27 07:00:00,161.04121
2011-09-27 08:00:00,192.31451
2011-09-27 09:00:00,240.58661
2011-09-27 10:00:00,207.38382
2011-09-27 11:00:00,194.9896
2011-09-27 12:00:00,202.90208
2011-09-27 13:00:00,310.6071
2011-09-27 14:00:00,260.09778
2011-09-27 15:00:00,230.14728
2011-09-27 16:00:00,254.36435
2011-09-27 17:00:00,218.20447
2011-09-27 18:00:00,221.573
2011-09-27 19:00:00,200.1283
2011-09-27 20:00:00,218.03378
2011-09-27 21:00:00,183.34058
2011-09-27 22:00:00,159.67603
2011-09-27 23:00:00,159.67603
2011-09-28 00:00:00,154.44818
2011-09-28 01:00:00,154.44818
2011-09-28 02:00:00,191.09908
2011-09-28 03:00:00,154.13503
2011-09-28 04:00:00,154.44818
2011-09-28 05:00:00,146.87599
2011-09-28 06:00:00,193.54933
2011-09-28 07:00:00,193.54933
2011-09-28 08:00:00,204.86829
2011-09-28 09:00:00,204.86829
2011-09-28 10:00:00,153.81725
2011-09-28 11:00:00,229.97897
2011-09-28 12:00:00,252.74167
2011-09-28 13:00:00,306.46698
2011-09-28 14:00:00,401.9333
2011-09-28 15:00:00,298.12598
2011-09-28 16:00:00,313.85474
2011-09-28 17:00:00,323.52362
2011-09-28 18:00:00,277.50568
2011-09-28 19:00:00,277.50568
2011-09-28 20:00:00,242.98846
2011-09-28 21:00:00,227.9918
2011-09-28 22:00:00,159.67603
2011-09-28 23:00:00,142.19371
2011-09-29 00:00:00,147.75157
2011-09-29 01:00:00,135.31078
2011-09-29 02:00:00,135.31078
2011-09-29 03:00:00,167.4879
2011-09-29 04:00:00,214.07745
2011-09-29 05:00:00,192.46785
2011-09-29 06:00:00,188.5204
2011-09-29 07:00:00,170.46152
2011-09-29 08:00:00,183.34058
2011-09-29 09:00:00,263.32034
2011-09-29 10:00:00,333.1412
2011-09-29 11:00:00,349.7098
2011-09-29 12:00:00,354.91492
2011-09-29 13:00:00,358.73697
2011-09-29 14:00:00,435.40616
2011-09-29 15:00:00,438.11325
2011-09-29 16:00:00,457.0581
2011-09-29 17:00:00,441.20865
2011-09-29 18:00:00,467.97125
2011-09-29 19:00:00,366.2469
2011-09-29 20:00:00,352.77893
2011-09-29 21:00:00,341.23788
2011-09-29 22:00:00,275.5379
2011-09-29 23:00:00,221.53291
2011-09-30 00:00:00,182.76573
2011-09-30 01:00:00,217.70944
2011-09-30 02:00:00,182.76573
2011-09-30 03:00:00,182.76573
2011-09-30 04:00:00,194.05994
2011-09-30 05:00:00,194.05994
2011-09-30 06:00:00,190.94962
2011-09-30 07:00:00,190.94962
2011-09-30 08:00:00,230.70547
2011-09-30 09:00:00,270.01123
2011-09-30 10:00:00,311.2812
2011-09-30 11:00:00,347.8769
2011-09-30 12:00:00,383.73108
2011-09-30 13:00:00,411.4895
2011-09-30 14:00:00,411.3793
2011-09-30 15:00:00,423.1878
2011-09-30 16:00:00,406.93286
2011-09-30 17:00:00,399.89783
2011-09-30 18:00:00,352.24368
2011-09-30 19:00:00,328.75635
2011-09-30 20:00:00,328.75635
2011-09-30 21:00:00,330.5713
2011-09-30 22:00:00,296.03342
2011-09-30 23:00:00,296.03342
2011-10-20 00:00:00,183.05466
2011-10-20 01:00:00,198.29478
2011-10-20 02:00:00,209.00087
2011-10-20 03:00:00,209.61444
2011-10-20 04:00:00,209.61444
2011-10-20 05:00:00,198.20003
2011-10-20 06:00:00,194.25653
2011-10-20 07:00:00,201.16626
2011-10-20 08:00:00,236.95683
2011-10-20 09:00:00,234.63406
2011-10-20 10:00:00,267.9299
2011-10-20 11:00:00,296.06833
2011-10-20 12:00:00,325.3471
2011-10-20 13:00:00,350.8151
2011-10-20 14:00:00,316.1719
2011-10-20 15:00:00,293.62375
2011-10-20 16:00:00,293.62375
2011-10-20 17:00:00,298.97083
2011-10-20 18:00:00,287.45026
2011-10-20 19:00:00,285.54465
2011-10-20 20:00:00,284.7581
2011-10-20 21:00:00,281.7848
2011-10-20 22:00:00,279.95828
2011-10-20 23:00:00,260.5547
2011-10-21 00:00:00,237.6599
2011-10-21 01:00:00,248.44543
2011-10-21 02:00:00,235.54797
2011-10-21 03:00:00,159.2894
2011-10-21 04:00:00,166.67766
2011-10-21 05:00:00,159.48949
2011-10-21 06:00:00,166.67766
2011-10-21 07:00:00,166.67766
2011-10-21 08:00:00,263.16348
2011-10-21 09:00:00,313.98825
2011-10-21 10:00:00,328.00024
2011-10-21 11:00:00,357.86127
2011-10-21 12:00:00,332.8892
2011-10-21 13:00:00,305.6733
2011-10-21 14:00:00,359.8583
2011-10-21 15:00:00,335.5147
2011-10-21 16:00:00,346.3999
2011-10-21 17:00:00,295.1382
2011-10-21 18:00:00,282.06384
2011-10-21 19:00:00,265.83597
2011-10-21 20:00:00,298.66113
2011-10-21 21:00:00,294.81192
2011-10-21 22:00:00,309.43146
2011-10-21 23:00:00,248.44543
2011-10-22 00:00:00,217.263
2011-10-22 01:00:00,217.263
2011-10-22 02:00:00,216.69867
2011-10-22 03:00:00,233.95673
2011-10-22 04:00:00,202.89435
2011-10-22 05:00:00,230.73653
2011-10-22 06:00:00,145.34944
2011-10-22 07:00:00,125.24613
2011-10-22 08:00:00,200.76968
2011-10-22 09:00:00,224.59535
2011-10-22 10:00:00,283.7835
2011-10-22 11:00:00,283.7835
2011-10-22 12:00:00,303.57736
2011-10-22 13:00:00,415.79117
2011-10-22 14:00:00,349.5496
2011-10-22 15:00:00,332.04776
2011-10-22 16:00:00,392.18408
2011-10-22 17:00:00,297.72684
2011-10-22 18:00:00,300.45596
2011-10-22 19:00:00,251.89107
2011-10-22 20:00:00,249.08917
2011-10-22 21:00:00,141.3028
2011-10-22 22:00:00,141.3028
2011-10-22 23:00:00,100.90775
2011-10-23 00:00:00,94.40827
2011-10-23 01:00:00,94.40827
2011-10-23 02:00:00,109.8238
2011-10-23 03:00:00,93.96904
2011-10-23 04:00:00,93.96904
2011-10-23 05:00:00,93.54142
2011-10-23 06:00:00,103.83172
2011-10-23 07:00:00,109.8238
2011-10-23 08:00:00,121.110725
2011-10-23 09:00:00,141.3028
2011-10-23 10:00:00,199.95016
2011-10-23 11:00:00,199.23573
2011-10-23 12:00:00,292.24564
2011-10-23 13:00:00,331.54965
2011-10-23 14:00:00,332.53162
2011-10-23 15:00:00,353.40546
2011-10-23 16:00:00,331.54965
2011-10-23 17:00:00,272.2488
2011-10-23 18:00:00,271.97006
2011-10-23 19:00:00,180.00003
2011-10-23 20:00:00,200.40082
2011-10-23 21:00:00,200.40082
2011-10-23 22:00:00,140.57106
2011-10-23 23:00:00,150.62978
2011-10-24 00:00:00,187.12186
2011-10-24 01:00:00,147.06915
2011-10-24 02:00:00,138.36398
2011-10-24 03:00:00,138.80719
2011-10-24 04:00:00,132.05594
2011-10-24 05:00:00,115.262985
2011-10-24 06:00:00,138.36398
2011-10-24 07:00:00,139.69814
2011-10-24 08:00:00,153.39783
2011-10-24 09:00:00,188.94601
2011-10-24 10:00:00,189.74255
2011-10-24 11:00:00,280.4815
2011-10-24 12:00:00,304.48856
2011-10-24 13:00:00,313.64285
2011-10-24 14:00:00,321.45282
2011-10-24 15:00:00,325.30396
2011-10-24 16:00:00,304.23886
2011-10-24 17:00:00,282.8564
2011-10-24 18:00:00,319.69708
2011-10-24 19:00:00,242.17613
2011-10-24 20:00:00,185.33817
2011-10-24 21:00:00,136.20929
2011-10-24 22:00:00,230.84792
2011-10-24 23:00:00,211.1828
2011-10-25 00:00:00,202.70404
2011-10-25 01:00:00,202.70404
2011-10-25 02:00:00,150.11165
2011-10-25 03:00:00,111.096565
2011-10-25 04:00:00,142.45842
2011-10-25 05:00:00,142.45842
2011-10-25 06:00:00,140.7229
2011-10-25 07:00:00,177.82701
2011-10-25 08:00:00,235.03506
2011-10-25 09:00:00,312.01605
2011-10-25 10:00:00,321.41824
2011-10-25 11:00:00,334.37454
2011-10-25 12:00:00,382.5955
2011-10-25 13:00:00,401.575
2011-10-25 14:00:00,404.33353
2011-10-25 15:00:00,406.24335
2011-10-25 16:00:00,426.0284
2011-10-25 17:00:00,406.24335
2011-10-25 18:00:00,367.23935
2011-10-25 19:00:00,272.15836
2011-10-25 20:00:00,266.82156
2011-10-25 21:00:00,234.32678
2011-10-25 22:00:00,264.44412
2011-10-25 23:00:00,234.32678
2011-10-26 00:00:00,223.44107
2011-10-26 01:00:00,234.29892
2011-10-26 02:00:00,260.05746
2011-10-26 03:00:00,248.2478
2011-10-26 04:00:00,210.64078
2011-10-26 05:00:00,212.89186
2011-10-26 06:00:00,212.89186
2011-10-26 07:00:00,225.53098
2011-10-26 08:00:00,276.27426
2011-10-26 09:00:00,295.79236
2011-10-26 10:00:00,299.60822
2011-10-26 11:00:00,281.85403
2011-10-26 12:00:00,352.42117
2011-10-26 13:00:00,345.91635
2011-10-26 14:00:00,246.73492
2011-10-26 15:00:00,246.73492
2011-10-26 16:00:00,251.70654
2011-10-26 17:00:00,255.59041
2011-10-26 18:00:00,234.1835
2011-10-26 19:00:00,177.90262
2011-10-26 20:00:00,140.18996
2011-10-26 21:00:00,246.73492
2011-10-26 22:00:00,166.18362
2011-10-26 23:00:00,166.18362
2011-10-27 00:00:00,95.85194
2011-10-27 01:00:00,95.85194
2011-10-27 02:00:00,129.55383
2011-10-27 03:00:00,129.55383
2011-10-27 04:00:00,193.95009
2011-10-27 05:00:00,199.28726
2011-10-27 06:00:00,245.02649
2011-10-27 07:00:00,125.38772
2011-10-27 08:00:00,194.86707
2011-10-27 09:00:00,226.04672
2011-10-27 10:00:00,207.82031
2011-10-27 11:00:00,214.65219
2011-10-27 12:00:00,214.65219
2011-10-27 13:00:00,182.10828
2011-10-27 14:00:00,207.94435
2011-10-27 15:00:00,216.91989
2011-10-27 16:00:00,293.22952
2011-10-27 17:00:00,232.55188
2011-10-27 18:00:00,244.60193
2011-10-27 19:00:00,233.40974
2011-10-27 20:00:00,231.49832
2011-10-27 21:00:00,240.94688
2011-10-27 22:00:00,172.34521
2011-10-27 23:00:00,186.78455
2011-10-28 00:00:00,180.64447
2011-10-28 01:00:00,165.30371
2011-10-28 02:00:00,163.76486
2011-10-28 03:00:00,141.09077
2011-10-28 04:00:00,152.18927
2011-10-28 05:00:00,168.73718
2011-10-28 06:00:00,140.71533
2011-10-28 07:00:00,140.71533
2011-10-28 08:00:00,167.1131
2011-10-28 09:00:00,201.71085
2011-10-28 10:00:00,221.54927
2011-10-28 11:00:00,265.6692
2011-10-28 12:00:00,311.1959
2011-10-28 13:00:00,297.17407
2011-10-28 14:00:00,282.689
2011-10-28 15:00:00,263.6739
2011-10-28 16:00:00,295.39893
2011-10-28 17:00:00,305.93408
2011-10-28 18:00:00,291.78235
2011-10-28 19:00:00,305.93408
2011-10-28 20:00:00,208.80139
2011-10-28 21:00:00,163.77971
2011-10-28 22:00:00,125.63941
2011-10-28 23:00:00,95.517555
2011-10-29 00:00:00,64.232544
2011-10-29 01:00:00,71.90084
2011-10-29 02:00:00,71.90084
2011-10-29 03:00:00,53.07257
2011-10-29 04:00:00,53.07257
2011-10-29 05:00:00,43.69069
2011-10-29 06:00:00,43.01838
2011-10-29 07:00:00,43.01838
2011-10-29 08:00:00,51.46367
2011-10-29 09:00:00,51.46367
2011-10-29 10:00:00,49.094994
2011-10-29 11:00:00,38.205643
2011-10-29 12:00:00,16.19838
2011-10-29 13:00:00,13.680954
2011-10-29 14:00:00,21.435799
2011-10-29 15:00:00,52.27361
2011-10-29 16:00:00,37.97335
2011-10-29 17:00:00,37.97335
2011-10-29 18:00:00,37.97335
2011-10-29 19:00:00,57.370625
2011-10-29 20:00:00,57.370625
2011-10-29 21:00:00,57.370625
2011-10-29 22:00:00,65.29661
2011-10-29 23:00:00,66.38806
2011-10-30 00:00:00,65.29661
2011-10-30 01:00:00,64.54017
2011-10-30 02:00:00,61.26018
2011-10-30 03:00:00,50.506924
2011-10-30 04:00:00,49.12539
2011-10-30 05:00:00,58.142754
2011-10-30 06:00:00,65.37338
2011-10-30 07:00:00,56.739395
2011-10-30 08:00:00,83.97081
2011-10-30 09:00:00,113.2928
2011-10-30 10:00:00,132.97415
2011-10-30 11:00:00,213.70596
2011-10-30 12:00:00,269.434
2011-10-30 13:00:00,319.50076
2011-10-30 14:00:00,381.75607
2011-10-30 15:00:00,410.37604
2011-10-30 16:00:00,437.06137
2011-10-30 17:00:00,394.8975
2011-10-30 18:00:00,298.5504
2011-10-30 19:00:00,392.0907
2011-10-30 20:00:00,254.70428
2011-10-30 21:00:00,131.23212
2011-10-30 22:00:00,88.13579
2011-10-30 23:00:00,68.72843
2011-10-31 00:00:00,114.0102
2011-10-31 01:00:00,105.40289
2011-10-31 02:00:00,106.67588
2011-10-31 03:00:00,132.15913
2011-10-31 04:00:00,106.675896
2011-10-31 05:00:00,101.59513
2011-10-31 06:00:00,106.67588
2011-10-31 07:00:00,110.25425
2011-10-31 08:00:00,124.06226
2011-10-31 09:00:00,152.50175
2011-10-31 10:00:00,278.79807
2011-10-31 11:00:00,316.849
2011-10-31 12:00:00,311.09348
2011-10-31 13:00:00,314.34207
2011-10-31 14:00:00,307.24878
2011-10-31 15:00:00,331.45657
2011-10-31 16:00:00,309.43146
2011-10-31 17:00:00,312.0131
2011-10-31 18:00:00,253.27975
2011-10-31 19:00:00,253.27975
2011-10-31 20:00:00,253.27975
2011-10-31 21:00:00,165.1381
2011-10-31 22:00:00,165.1381
2011-10-31 23:00:00,165.1381
2011-11-20 00:00:00,180.3616
2011-11-20 01:00:00,216.69867
2011-11-20 02:00:00,216.11453
2011-11-20 03:00:00,209.1337
2011-11-20 04:00:00,193.77979
2011-11-20 05:00:00,210.80637
2011-11-20 06:00:00,212.46527
2011-11-20 07:00:00,201.55653
2011-11-20 08:00:00,199.25592
2011-11-20 09:00:00,188.14703
2011-11-20 10:00:00,230.05536
2011-11-20 11:00:00,298.32745
2011-11-20 12:00:00,296.64102
2011-11-20 13:00:00,323.55887
2011-11-20 14:00:00,278.53568
2011-11-20 15:00:00,275.8255
2011-11-20 16:00:00,302.71924
2011-11-20 17:00:00,296.24133
2011-11-20 18:00:00,299.9405
2011-11-20 19:00:00,247.5044
2011-11-20 20:00:00,277.55472
2011-11-20 21:00:00,208.82689
2011-11-20 22:00:00,128.66075
2011-11-20 23:00:00,128.66075
2011-11-21 00:00:00,108.75481
2011-11-21 01:00:00,161.30124
2011-11-21 02:00:00,153.22867
2011-11-21 03:00:00,144.45203
2011-11-21 04:00:00,144.45203
2011-11-21 05:00:00,105.747406
2011-11-21 06:00:00,108.679085
2011-11-21 07:00:00,149.65527
2011-11-21 08:00:00,108.75481
2011-11-21 09:00:00,126.63455
2011-11-21 10:00:00,207.94435
2011-11-21 11:00:00,216.91989
2011-11-21 12:00:00,257.16635
2011-11-21 13:00:00,257.16635
2011-11-21 14:00:00,208.12416
2011-11-21 15:00:00,162.33543
2011-11-21 16:00:00,162.33543
2011-11-21 17:00:00,152.87347
2011-11-21 18:00:00,162.85463
2011-11-21 19:00:00,157.65375
2011-11-21 20:00:00,162.95343
2011-11-21 21:00:00,157.763
2011-11-21 22:00:00,152.43651
2011-11-21 23:00:00,157.763
2011-11-22 00:00:00,143.42853
2011-11-22 01:00:00,147.96329
2011-11-22 02:00:00,141.99007
2011-11-22 03:00:00,141.99007
2011-11-22 04:00:00,152.10706
2011-11-22 05:00:00,152.10706
2011-11-22 06:00:00,139.69814
2011-11-22 07:00:00,151.02692
2011-11-22 08:00:00,151.02692
2011-11-22 09:00:00,128.10094
2011-11-22 10:00:00,128.10094
2011-11-22 11:00:00,147.96329
2011-11-22 12:00:00,140.06522
2011-11-22 13:00:00,137.06221
2011-11-22 14:00:00,137.06221
2011-11-22 15:00:00,121.8569
2011-11-22 16:00:00,121.8569
2011-11-22 17:00:00,132.57794
2011-11-22 18:00:00,116.6771
2011-11-22 19:00:00,139.7751
2011-11-22 20:00:00,151.37805
2011-11-22 21:00:00,153.96626
2011-11-22 22:00:00,157.24823
2011-11-22 23:00:00,170.20801
2011-11-23 00:00:00,170.20801
2011-11-23 01:00:00,169.91109
2011-11-23 02:00:00,171.66313
2011-11-23 03:00:00,171.66316
2011-11-23 04:00:00,192.79791
2011-11-23 05:00:00,156.82848
2011-11-23 06:00:00,105.747406
2011-11-23 07:00:00,120.76191
2011-11-23 08:00:00,126.63455
2011-11-23 09:00:00,157.00334
2011-11-23 10:00:00,157.00334
2011-11-23 11:00:00,227.64937
2011-11-23 12:00:00,281.40964
2011-11-23 13:00:00,282.2851
2011-11-23 14:00:00,277.67267
2011-11-23 15:00:00,271.46936
2011-11-23 16:00:00,239.59744
2011-11-23 17:00:00,206.22968
2011-11-23 18:00:00,250.80698
2011-11-23 19:00:00,242.61446
2011-11-23 20:00:00,208.33577
2011-11-23 21:00:00,220.36313
2011-11-23 22:00:00,182.29672
2011-11-23 23:00:00,190.07887
2011-11-24 00:00:00,129.12233
2011-11-24 01:00:00,144.29681
2011-11-24 02:00:00,102.71883
2011-11-24 03:00:00,60.662457
2011-11-24 04:00:00,94.41889
2011-11-24 05:00:00,91.63635
2011-11-24 06:00:00,94.41889
2011-11-24 07:00:00,44.283306
2011-11-24 08:00:00,79.393074
2011-11-24 09:00:00,174.33473
2011-11-24 10:00:00,249.24495
2011-11-24 11:00:00,339.49966
2011-11-24 12:00:00,440.39923
2011-11-24 13:00:00,483.4676
2011-11-24 14:00:00,480.47696
2011-11-24 15:00:00,498.9137
2011-11-24 16:00:00,466.1728
2011-11-24 17:00:00,496.88116
2011-11-24 18:00:00,339.3112
2011-11-24 19:00:00,312.56955
2011-11-24 20:00:00,110.85413
2011-11-24 21:00:00,112.819695
2011-11-24 22:00:00,112.819695
2011-11-24 23:00:00,94.08935
2011-11-25 00:00:00,152.46461
2011-11-25 01:00:00,125.93249
2011-11-25 02:00:00,140.00188
2011-11-25 03:00:00,135.39679
2011-11-25 04:00:00,140.44388
2011-11-25 05:00:00,107.305824
2011-11-25 06:00:00,137.0285
2011-11-25 07:00:00,105.40289
2011-11-25 08:00:00,141.59317
2011-11-25 09:00:00,120.576775
2011-11-25 10:00:00,166.67766
2011-11-25 11:00:00,253.18094
2011-11-25 12:00:00,330.89362
2011-11-25 13:00:00,357.86127
2011-11-25 14:00:00,390.21585
2011-11-25 15:00:00,404.69113
2011-11-25 16:00:00,392.5222
2011-11-25 17:00:00,389.94794
2011-11-25 18:00:00,346.5103
2011-11-25 19:00:00,258.6289
2011-11-25 20:00:00,293.6922
2011-11-25 21:00:00,183.76462
2011-11-25 22:00:00,146.98177
2011-11-25 23:00:00,141.10774
2011-11-26 00:00:00,120.58561
2011-11-26 01:00:00,108.872246
2011-11-26 02:00:00,98.15502
2011-11-26 03:00:00,88.81464
2011-11-26 04:00:00,88.81464
2011-11-26 05:00:00,99.36981
2011-11-26 06:00:00,108.043015
2011-11-26 07:00:00,68.70794
2011-11-26 08:00:00,108.872246
2011-11-26 09:00:00,117.789024
2011-11-26 10:00:00,103.10328
2011-11-26 11:00:00,242.35585
2011-11-26 12:00:00,352.296
2011-11-26 13:00:00,412.5171
2011-11-26 14:00:00,359.2427
2011-11-26 15:00:00,422.6101
2011-11-26 16:00:00,354.3136
2011-11-26 17:00:00,354.3136
2011-11-26 18:00:00,263.93802
2011-11-26 19:00:00,211.68942
2011-11-26 20:00:00,332.30914
2011-11-26 21:00:00,115.1429
2011-11-26 22:00:00,152.9756
2011-11-26 23:00:00,103.10328
2011-11-27 00:00:00,103.10328
2011-11-27 01:00:00,103.10328
2011-11-27 02:00:00,102.95896
2011-11-27 03:00:00,93.96904
2011-11-27 04:00:00,112.0522
2011-11-27 05:00:00,130.88995
2011-11-27 06:00:00,142.12923
2011-11-27 07:00:00,142.28076
2011-11-27 08:00:00,167.05768
2011-11-27 09:00:00,199.27087
2011-11-27 10:00:00,199.27087
2011-11-27 11:00:00,247.50714
2011-11-27 12:00:00,332.63464
2011-11-27 13:00:00,311.00793
2011-11-27 14:00:00,461.80023
2011-11-27 15:00:00,524.4296
2011-11-27 16:00:00,388.54922
2011-11-27 17:00:00,338.02573
2011-11-27 18:00:00,272.12476
2011-11-27 19:00:00,229.81918
2011-11-27 20:00:00,264.06528
2011-11-27 21:00:00,226.5835
2011-11-27 22:00:00,201.41245
2011-11-27 23:00:00,201.41245
2011-11-28 00:00:00,200.30821
2011-11-28 01:00:00,201.68687
2011-11-28 03:00:00,163.16629
2011-11-28 04:00:00,161.98587
2011-11-28 05:00:00,111.096565
2011-11-28 06:00:00,145.92078
2011-11-28 07:00:00,106.9821
2011-11-28 08:00:00,113.029915
2011-11-28 09:00:00,167.13737
2011-11-28 10:00:00,251.39497
2011-11-28 11:00:00,304.48856
2011-11-28 12:00:00,323.9475
2011-11-28 13:00:00,350.25293
2011-11-28 14:00:00,343.0526
2011-11-28 15:00:00,330.66418
2011-11-28 16:00:00,324.30875
2011-11-28 17:00:00,352.27768
2011-11-28 18:00:00,308.2355
2011-11-28 19:00:00,261.69693
2011-11-28 20:00:00,271.3879
2011-11-28 21:00:00,265.09912
2011-11-28 22:00:00,216.91989
2011-11-28 23:00:00,224.38509
2011-11-29 00:00:00,173.36224
2011-11-29 01:00:00,179.40329
2011-11-29 02:00:00,167.60443
2011-11-29 03:00:00,167.60443
2011-11-29 04:00:00,200.68169
2011-11-29 05:00:00,181.67015
2011-11-29 06:00:00,195.33653
2011-11-29 07:00:00,229.74722
2011-11-29 08:00:00,226.8979
2011-11-29 09:00:00,236.36157
2011-11-29 10:00:00,236.36157
2011-11-29 11:00:00,186.53165
2011-11-29 12:00:00,180.77441
2011-11-29 13:00:00,200.80362
2011-11-29 14:00:00,157.65375
2011-11-29 15:00:00,161.10725
2011-11-29 16:00:00,162.95343
2011-11-29 17:00:00,164.81694
2011-11-29 18:00:00,174.31166
2011-11-29 19:00:00,174.60767
2011-11-29 20:00:00,161.59024
2011-11-29 21:00:00,161.59024
2011-11-29 22:00:00,172.86629
2011-11-29 23:00:00,152.67189
2011-11-30 00:00:00,206.0549
2011-11-30 01:00:00,170.63678
2011-11-30 02:00:00,154.64291
2011-11-30 03:00:00,154.64291
2011-11-30 04:00:00,144.43063
2011-11-30 05:00:00,139.66272
2011-11-30 06:00:00,136.09456
2011-11-30 07:00:00,137.0285
2011-11-30 08:00:00,139.66272
2011-11-30 09:00:00,133.5751
2011-11-30 10:00:00,180.51094
2011-11-30 11:00:00,249.28864
2011-11-30 12:00:00,242.1268
2011-11-30 13:00:00,283.79907
2011-11-30 14:00:00,283.79907
2011-11-30 15:00:00,261.96783
2011-11-30 16:00:00,260.988
2011-11-30 17:00:00,233.50885
2011-11-30 18:00:00,231.86797
2011-11-30 19:00:00,200.22774
2011-11-30 20:00:00,200.22774
2011-11-30 21:00:00,205.24377
2011-11-30 22:00:00,178.05768
2011-11-30 23:00:00,174.23004
2011-12-20 00:00:00,281.65524
2011-12-20 01:00:00,303.44476
2011-12-20 02:00:00,273.78146
2011-12-20 03:00:00,273.78146
2011-12-20 04:00:00,309.43552
2011-12-20 05:00:00,305.11252
2011-12-20 06:00:00,305.11255
2011-12-20 07:00:00,291.34662
2011-12-20 08:00:00,325.72296
2011-12-20 09:00:00,260.72177
2011-12-20 10:00:00,297.0145
2011-12-20 11:00:00,290.0585
2011-12-20 12:00:00,328.3519
2011-12-20 13:00:00,328.3519
2011-12-20 14:00:00,320.02722
2011-12-20 15:00:00,342.1118
2011-12-20 16:00:00,327.60806
2011-12-20 17:00:00,270.44528
2011-12-20 18:00:00,227.01012
2011-12-20 19:00:00,250.48074
2011-12-20 20:00:00,231.38753
2011-12-20 21:00:00,221.55997
2011-12-20 22:00:00,260.72177
2011-12-20 23:00:00,298.34793
2011-12-21 00:00:00,107.92239
2011-12-21 01:00:00,136.2607
2011-12-21 02:00:00,123.275375
2011-12-21 03:00:00,123.275375
2011-12-21 04:00:00,123.275375
2011-12-21 05:00:00,115.84442
2011-12-21 06:00:00,107.896164
2011-12-21 07:00:00,95.02247
2011-12-21 08:00:00,112.25885
2011-12-21 09:00:00,101.47773
2011-12-21 10:00:00,134.87439
2011-12-21 11:00:00,134.87439
2011-12-21 12:00:00,104.77278
2011-12-21 13:00:00,94.233864
2011-12-21 14:00:00,120.89099
2011-12-21 15:00:00,121.12437
2011-12-21 16:00:00,84.09819
2011-12-21 17:00:00,84.09819
2011-12-21 18:00:00,92.32645
2011-12-21 19:00:00,121.04331
2011-12-21 20:00:00,118.83416
2011-12-21 21:00:00,144.24536
2011-12-21 22:00:00,144.54407
2011-12-21 23:00:00,143.79343
2011-12-22 00:00:00,168.01337
2011-12-22 01:00:00,109.93997
2011-12-22 02:00:00,151.9415
2011-12-22 03:00:00,169.1875
2011-12-22 04:00:00,105.22216
2011-12-22 05:00:00,109.83433
2011-12-22 06:00:00,94.89178
2011-12-22 07:00:00,84.948
2011-12-22 08:00:00,107.896164
2011-12-22 09:00:00,108.808975
2011-12-22 10:00:00,124.81835
2011-12-22 11:00:00,138.36128
2011-12-22 12:00:00,164.14525
2011-12-22 13:00:00,151.30463
2011-12-22 14:00:00,151.30463
2011-12-22 15:00:00,156.87254
2011-12-22 16:00:00,151.30463
2011-12-22 17:00:00,171.07034
2011-12-22 18:00:00,160.6051
2011-12-22 19:00:00,147.42662
2011-12-22 20:00:00,137.88684
2011-12-22 21:00:00,137.88684
2011-12-22 22:00:00,94.768394
2011-12-22 23:00:00,128.61801
2011-12-23 00:00:00,107.432655
2011-12-23 01:00:00,107.432655
2011-12-23 02:00:00,100.16914
2011-12-23 03:00:00,100.16914
2011-12-23 04:00:00,73.803406
2011-12-23 05:00:00,84.8884
2011-12-23 06:00:00,103.34423
2011-12-23 07:00:00,103.147125
2011-12-23 08:00:00,122.02824
2011-12-23 09:00:00,139.42888
2011-12-23 10:00:00,150.30222
2011-12-23 11:00:00,164.24344
2011-12-23 12:00:00,174.13148
2011-12-23 13:00:00,178.68184
2011-12-23 14:00:00,169.95813
2011-12-23 15:00:00,159.06847
2011-12-23 16:00:00,163.78612
2011-12-23 17:00:00,143.62695
2011-12-23 18:00:00,143.5828
2011-12-23 19:00:00,136.54567
2011-12-23 20:00:00,111.672424
2011-12-23 21:00:00,106.55124
2011-12-23 22:00:00,102.04273
2011-12-23 23:00:00,107.41514
2011-12-24 00:00:00,77.70766
2011-12-24 01:00:00,82.37763
2011-12-24 02:00:00,83.67627
2011-12-24 03:00:00,77.26353
2011-12-24 04:00:00,85.26091
2011-12-24 05:00:00,85.26091
2011-12-24 06:00:00,62.225838
2011-12-24 07:00:00,72.9248
2011-12-24 08:00:00,60.396927
2011-12-24 09:00:00,121.678116
2011-12-24 10:00:00,127.36768
2011-12-24 11:00:00,137.31161
2011-12-24 12:00:00,146.69977
2011-12-24 13:00:00,142.91081
2011-12-24 14:00:00,142.91081
2011-12-24 15:00:00,139.44736
2011-12-24 16:00:00,139.08644
2011-12-24 17:00:00,107.83044
2011-12-24 18:00:00,110.49562
2011-12-24 19:00:00,100.94384
2011-12-24 20:00:00,76.80313
2011-12-24 21:00:00,76.14374
2011-12-24 22:00:00,70.562325
2011-12-24 23:00:00,58.166893
2011-12-25 00:00:00,59.11224
2011-12-25 01:00:00,47.919647
2011-12-25 02:00:00,48.332314
2011-12-25 03:00:00,43.459976
2011-12-25 05:00:00,45.0527
2011-12-25 06:00:00,45.0527
2011-12-25 07:00:00,46.215916
2011-12-25 08:00:00,47.324177
2011-12-25 09:00:00,48.54505
2011-12-25 10:00:00,56.016296
2011-12-25 11:00:00,65.96958
2011-12-25 12:00:00,66.184875
2011-12-25 13:00:00,74.77983
2011-12-25 14:00:00,97.62453
2011-12-25 15:00:00,102.49641
2011-12-25 16:00:00,115.98388
2011-12-25 17:00:00,95.824486
2011-12-25 18:00:00,75.600365
2011-12-25 19:00:00,101.9996
2011-12-25 20:00:00,108.14044
2011-12-25 21:00:00,89.77005
2011-12-25 22:00:00,73.06926
2011-12-25 23:00:00,58.90145
2011-12-26 00:00:00,39.187103
2011-12-26 01:00:00,66.20048
2011-12-26 02:00:00,112.6663
2011-12-26 04:00:00,109.23147
2011-12-26 05:00:00,120.89333
2011-12-26 06:00:00,106.79759
2011-12-26 07:00:00,113.85341
2011-12-26 08:00:00,115.05578
2011-12-26 09:00:00,109.23147
2011-12-26 10:00:00,127.366646
2011-12-26 11:00:00,129.18373
2011-12-26 12:00:00,130.98944
2011-12-26 13:00:00,183.40141
2011-12-26 14:00:00,173.03114
2011-12-26 15:00:00,191.59717
2011-12-26 16:00:00,127.11219
2011-12-26 17:00:00,112.6663
2011-12-26 18:00:00,91.28172
2011-12-26 19:00:00,54.34219
2011-12-26 20:00:00,73.10705
2011-12-26 21:00:00,27.174515
2011-12-26 22:00:00,27.174513
2011-12-26 23:00:00,38.09282
2011-12-27 00:00:00,81.35728
2011-12-27 01:00:00,79.53359
2011-12-27 02:00:00,79.53359
2011-12-27 03:00:00,90.71432
2011-12-27 04:00:00,84.05552
2011-12-27 05:00:00,82.84939
2011-12-27 06:00:00,88.361046
2011-12-27 07:00:00,84.46936
2011-12-27 08:00:00,92.557365
2011-12-27 09:00:00,121.518166
2011-12-27 10:00:00,121.213936
2011-12-27 11:00:00,121.518166
2011-12-27 12:00:00,95.40739
2011-12-27 13:00:00,77.49227
2011-12-27 14:00:00,101.146034
2011-12-27 15:00:00,101.146034
2011-12-27 16:00:00,98.853386
2011-12-27 17:00:00,120.42257
2011-12-27 18:00:00,96.79356
2011-12-27 19:00:00,83.75075
2011-12-27 20:00:00,78.76037
2011-12-27 21:00:00,81.908226
2011-12-27 22:00:00,81.908226
2011-12-27 23:00:00,75.07153
2011-12-28 00:00:00,80.487976
2011-12-28 01:00:00,86.426
2011-12-28 02:00:00,107.02889
2011-12-28 03:00:00,107.02889
2011-12-28 05:00:00,117.87613
2011-12-28 06:00:00,115.32728
2011-12-28 07:00:00,115.32726
2011-12-28 08:00:00,117.87613
2011-12-28 09:00:00,119.13501
2011-12-28 10:00:00,122.03377
2011-12-28 11:00:00,155.83528
2011-12-28 12:00:00,149.55835
2011-12-28 13:00:00,157.21164
2011-12-28 14:00:00,150.27748
2011-12-28 15:00:00,156.34422
2011-12-28 16:00:00,149.06883
2011-12-28 17:00:00,135.58478
2011-12-28 18:00:00,123.760216
2011-12-28 19:00:00,112.28478
2011-12-28 20:00:00,111.5061
2011-12-28 21:00:00,101.11824
2011-12-28 22:00:00,108.55091
2011-12-28 23:00:00,99.74127
2011-12-29 00:00:00,85.52692
2011-12-29 01:00:00,91.90453
2011-12-29 02:00:00,88.73157
2011-12-29 03:00:00,74.10254
2011-12-29 04:00:00,77.84052
2011-12-29 05:00:00,81.00965
2011-12-29 06:00:00,91.17998
2011-12-29 07:00:00,71.34354
2011-12-29 08:00:00,95.58152
2011-12-29 09:00:00,66.347984
2011-12-29 10:00:00,66.42675
2011-12-29 11:00:00,94.11515
2011-12-29 12:00:00,105.87502
2011-12-29 13:00:00,118.59893
2011-12-29 14:00:00,120.11923
2011-12-29 15:00:00,128.75754
2011-12-29 16:00:00,121.31807
2011-12-29 17:00:00,105.26193
2011-12-29 18:00:00,116.77469
2011-12-29 19:00:00,125.44958
2011-12-29 20:00:00,89.576805
2011-12-29 21:00:00,98.606285
2011-12-29 22:00:00,89.68173
2011-12-29 23:00:00,97.77406
2011-12-30 00:00:00,82.66738
2011-12-30 01:00:00,86.58834
2011-12-30 02:00:00,75.69004
2011-12-30 03:00:00,75.69004
2011-12-30 04:00:00,75.235565
2011-12-30 05:00:00,71.09249
2011-12-30 06:00:00,75.235565
2011-12-30 07:00:00,72.9166
2011-12-30 08:00:00,74.685844
2011-12-30 09:00:00,88.75248
2011-12-30 10:00:00,94.177864
2011-12-30 11:00:00,102.04273
2011-12-30 12:00:00,128.80664
2011-12-30 13:00:00,143.08165
2011-12-30 14:00:00,171.22864
2011-12-30 15:00:00,158.98735
2011-12-30 16:00:00,203.14404
2011-12-30 17:00:00,167.46204
2011-12-30 18:00:00,132.38371
2011-12-30 19:00:00,131.08017
2011-12-30 20:00:00,127.73684
2011-12-30 21:00:00,136.2607
2011-12-30 22:00:00,102.16277
2011-12-30 23:00:00,103.92871
2011-12-31 00:00:00,121.3765
2011-12-31 01:00:00,130.2607
2011-12-31 02:00:00,130.2607
2011-12-31 03:00:00,130.2607
2011-12-31 04:00:00,106.7551
2011-12-31 05:00:00,81.604996
2011-12-31 06:00:00,109.55563
2011-12-31 07:00:00,90.32864
2011-12-31 08:00:00,58.276756
2011-12-31 09:00:00,76.243286
2011-12-31 10:00:00,100.9555
2011-12-31 11:00:00,122.12192
2011-12-31 12:00:00,330.44397
2011-12-31 13:00:00,243.38466
2011-12-31 14:00:00,201.32329
2011-12-31 15:00:00,202.91383
2011-12-31 16:00:00,178.78726
2011-12-31 17:00:00,174.08191
2011-12-31 18:00:00,152.04436
2011-12-31 19:00:00,178.84654
2011-12-31 20:00:00,178.84654
2011-12-31 21:00:00,151.47556
2011-12-31 22:00:00,123.94688
2011-12-31 23:00:00,88.21999
2012-01-20 00:00:00,95.447655
2012-01-20 01:00:00,114.86505
2012-01-20 02:00:00,114.86505
2012-01-20 03:00:00,101.52674
2012-01-20 04:00:00,78.86184
2012-01-20 05:00:00,78.86184
2012-01-20 06:00:00,77.57848
2012-01-20 07:00:00,72.149124
2012-01-20 08:00:00,73.59333
2012-01-20 09:00:00,98.14759
2012-01-20 10:00:00,90.65218
2012-01-20 11:00:00,106.99035
2012-01-20 12:00:00,101.33016
2012-01-20 13:00:00,122.85891
2012-01-20 14:00:00,106.24379
2012-01-20 15:00:00,106.70516
2012-01-20 16:00:00,97.880905
2012-01-20 17:00:00,124.82764
2012-01-20 18:00:00,108.116234
2012-01-20 19:00:00,100.016716
2012-01-20 20:00:00,108.116234
2012-01-20 21:00:00,100.462585
2012-01-20 22:00:00,94.68193
2012-01-20 23:00:00,43.150307
2012-01-21 00:00:00,35.978836
2012-01-21 01:00:00,35.074966
2012-01-21 02:00:00,49.303566
2012-01-21 03:00:00,39.574394
2012-01-21 04:00:00,41.654533
2012-01-21 05:00:00,39.93872
2012-01-21 06:00:00,39.765114
2012-01-21 07:00:00,39.765114
2012-01-21 08:00:00,44.602367
2012-01-21 09:00:00,44.602367
2012-01-21 10:00:00,40.86805
2012-01-21 11:00:00,42.195866
2012-01-21 12:00:00,44.836697
2012-01-21 13:00:00,44.76265
2012-01-21 14:00:00,38.70918
2012-01-21 15:00:00,38.709175
2012-01-21 16:00:00,48.49592
2012-01-21 17:00:00,53.48927
2012-01-21 18:00:00,50.96893
2012-01-21 19:00:00,45.456337
2012-01-21 20:00:00,47.38808
2012-01-21 21:00:00,55.126617
2012-01-21 22:00:00,48.09265
2012-01-21 23:00:00,42.38959
2012-01-22 00:00:00,51.812912
2012-01-22 01:00:00,48.09265
2012-01-22 02:00:00,46.453743
2012-01-22 03:00:00,47.0872
2012-01-22 04:00:00,38.675602
2012-01-22 05:00:00,36.303547
2012-01-22 06:00:00,40.53417
2012-01-22 07:00:00,40.53417
2012-01-22 08:00:00,40.53417
2012-01-22 09:00:00,40.53417
2012-01-22 10:00:00,43.568115
2012-01-22 11:00:00,37.55124
2012-01-22 12:00:00,41.40192
2012-01-22 13:00:00,41.103477
2012-01-22 14:00:00,41.276794
2012-01-22 15:00:00,41.007347
2012-01-22 16:00:00,41.007347
2012-01-22 17:00:00,39.93941
2012-01-22 18:00:00,39.93872
2012-01-22 19:00:00,39.93872
2012-01-22 20:00:00,38.47133
2012-01-22 21:00:00,39.93872
2012-01-22 22:00:00,40.37195
2012-01-22 23:00:00,39.218998
2012-01-23 00:00:00,73.79504
2012-01-23 01:00:00,62.142464
2012-01-23 02:00:00,62.142464
2012-01-23 03:00:00,73.79504
2012-01-23 04:00:00,81.37096
2012-01-23 05:00:00,77.47725
2012-01-23 06:00:00,77.47725
2012-01-23 07:00:00,84.792534
2012-01-23 08:00:00,58.058468
2012-01-23 09:00:00,64.387215
2012-01-23 10:00:00,72.36715
2012-01-23 11:00:00,63.400524
2012-01-23 12:00:00,75.951256
2012-01-23 13:00:00,69.30749
2012-01-23 14:00:00,54.50401
2012-01-23 15:00:00,62.797066
2012-01-23 16:00:00,66.807144
2012-01-23 17:00:00,67.06403
2012-01-23 18:00:00,66.31706
2012-01-23 19:00:00,68.59284
2012-01-23 20:00:00,67.71178
2012-01-23 21:00:00,63.410442
2012-01-23 22:00:00,63.410442
2012-01-23 23:00:00,64.1395
2012-01-24 00:00:00,66.90184
2012-01-24 01:00:00,69.90376
2012-01-24 02:00:00,71.64548
2012-01-24 03:00:00,78.64903
2012-01-24 04:00:00,75.40826
2012-01-24 05:00:00,75.40826
2012-01-24 06:00:00,76.54437
2012-01-24 07:00:00,78.64904
2012-01-24 08:00:00,78.64904
2012-01-24 09:00:00,85.22505
2012-01-24 10:00:00,78.76037
2012-01-24 11:00:00,83.174355
2012-01-24 12:00:00,83.75075
2012-01-24 13:00:00,83.75075
2012-01-24 14:00:00,92.7654
2012-01-24 15:00:00,144.61061
2012-01-24 16:00:00,140.28693
2012-01-24 17:00:00,157.00897
2012-01-24 18:00:00,154.51317
2012-01-24 19:00:00,178.64113
2012-01-24 20:00:00,101.14587
2012-01-24 21:00:00,124.91041
2012-01-24 22:00:00,93.597595
2012-01-24 23:00:00,101.14587
2012-01-25 00:00:00,73.65628
2012-01-25 01:00:00,85.37235
2012-01-25 02:00:00,83.02196
2012-01-25 03:00:00,79.09068
2012-01-25 04:00:00,78.57797
2012-01-25 05:00:00,78.57797
2012-01-25 06:00:00,74.03392
2012-01-25 07:00:00,73.800644
2012-01-25 08:00:00,74.51633
2012-01-25 09:00:00,74.51633
2012-01-25 10:00:00,65.93548
2012-01-25 11:00:00,88.361046
2012-01-25 12:00:00,137.56042
2012-01-25 13:00:00,146.25696
2012-01-25 14:00:00,142.80191
2012-01-25 15:00:00,135.27718
2012-01-25 16:00:00,140.21341
2012-01-25 17:00:00,150.31516
2012-01-25 18:00:00,107.41514
2012-01-25 19:00:00,128.83325
2012-01-25 20:00:00,111.38209
2012-01-25 21:00:00,114.52456
2012-01-25 22:00:00,104.34811
2012-01-25 23:00:00,108.65246
2012-01-26 00:00:00,81.832146
2012-01-26 01:00:00,104.369934
2012-01-26 02:00:00,72.77721
2012-01-26 03:00:00,87.15865
2012-01-26 04:00:00,92.56027
2012-01-26 05:00:00,92.32914
2012-01-26 06:00:00,97.726204
2012-01-26 07:00:00,80.870476
2012-01-26 08:00:00,80.870476
2012-01-26 09:00:00,101.45497
2012-01-26 10:00:00,78.98953
2012-01-26 11:00:00,79.24262
2012-01-26 12:00:00,90.04983
2012-01-26 13:00:00,127.75677
2012-01-26 14:00:00,148.86241
2012-01-26 15:00:00,155.3748
2012-01-26 16:00:00,147.65094
2012-01-26 17:00:00,137.70638
2012-01-26 18:00:00,137.70638
2012-01-26 19:00:00,137.20149
2012-01-26 20:00:00,121.02871
2012-01-26 21:00:00,137.20149
2012-01-26 22:00:00,107.79032
2012-01-26 23:00:00,128.99713
2012-01-27 00:00:00,104.39796
2012-01-27 01:00:00,101.47773
2012-01-27 02:00:00,100.94751
2012-01-27 03:00:00,92.64594
2012-01-27 04:00:00,82.02689
2012-01-27 05:00:00,92.734856
2012-01-27 06:00:00,86.59407
2012-01-27 07:00:00,86.262024
2012-01-27 08:00:00,134.7571
2012-01-27 09:00:00,134.7571
2012-01-27 10:00:00,124.946465
2012-01-27 11:00:00,131.51031
2012-01-27 12:00:00,151.94147
2012-01-27 13:00:00,199.82678
2012-01-27 14:00:00,211.35657
2012-01-27 15:00:00,215.25739
2012-01-27 16:00:00,195.26703
2012-01-27 17:00:00,190.51744
2012-01-27 18:00:00,179.78044
2012-01-27 19:00:00,150.18835
2012-01-27 20:00:00,132.46806
2012-01-27 21:00:00,138.1368
2012-01-27 22:00:00,140.89204
2012-01-27 23:00:00,134.60867
2012-01-28 00:00:00,104.9494
2012-01-28 01:00:00,105.63432
2012-01-28 02:00:00,67.66755
2012-01-28 03:00:00,65.94674
2012-01-28 04:00:00,67.861244
2012-01-28 05:00:00,47.65785
2012-01-28 06:00:00,48.243965
2012-01-28 07:00:00,41.7667
2012-01-28 08:00:00,44.190983
2012-01-28 09:00:00,40.166
2012-01-28 10:00:00,52.92637
2012-01-28 11:00:00,89.77005
2012-01-28 12:00:00,84.43426
2012-01-28 13:00:00,107.274925
2012-01-28 14:00:00,155.58363
2012-01-28 15:00:00,169.86916
2012-01-28 16:00:00,192.48701
2012-01-28 17:00:00,189.1142
2012-01-28 18:00:00,251.0202
2012-01-28 19:00:00,190.17192
2012-01-28 20:00:00,212.49129
2012-01-28 21:00:00,198.07057
2012-01-28 22:00:00,195.93263
2012-01-28 23:00:00,189.97076
2012-01-29 00:00:00,149.54077
2012-01-29 01:00:00,158.93932
2012-01-29 02:00:00,155.56857
2012-01-29 03:00:00,147.20651
2012-01-29 04:00:00,122.210556
2012-01-29 05:00:00,62.05597
2012-01-29 06:00:00,88.335365
2012-01-29 07:00:00,90.570496
2012-01-29 08:00:00,74.98551
2012-01-29 09:00:00,69.457634
2012-01-29 10:00:00,106.10567
2012-01-29 11:00:00,156.86009
2012-01-29 12:00:00,204.9444
2012-01-29 13:00:00,204.9444
2012-01-29 14:00:00,198.14305
2012-01-29 15:00:00,237.61179
2012-01-29 16:00:00,200.10063
2012-01-29 17:00:00,200.10062
2012-01-29 18:00:00,205.71573
2012-01-29 19:00:00,180.69537
2012-01-29 20:00:00,128.55103
2012-01-29 21:00:00,144.41643
2012-01-29 22:00:00,178.6611
2012-01-29 23:00:00,141.35144
2012-01-30 00:00:00,129.29286
2012-01-30 01:00:00,88.67533
2012-01-30 02:00:00,102.29865
2012-01-30 03:00:00,96.68209
2012-01-30 04:00:00,83.15293
2012-01-30 05:00:00,83.15293
2012-01-30 06:00:00,99.74127
2012-01-30 07:00:00,101.41669
2012-01-30 08:00:00,84.09648
2012-01-30 09:00:00,84.09648
2012-01-30 10:00:00,105.62816
2012-01-30 11:00:00,103.193504
2012-01-30 12:00:00,131.11165
2012-01-30 13:00:00,152.25195
2012-01-30 14:00:00,198.99721
2012-01-30 15:00:00,196.06673
2012-01-30 16:00:00,204.99213
2012-01-30 17:00:00,233.86658
2012-01-30 18:00:00,209.1986
2012-01-30 19:00:00,137.04755
2012-01-30 20:00:00,143.80829
2012-01-30 21:00:00,140.23883
2012-01-30 22:00:00,116.61809
2012-01-30 23:00:00,86.684044
2012-01-31 00:00:00,110.15673
2012-01-31 01:00:00,134.49939
2012-01-31 02:00:00,133.31415
2012-01-31 03:00:00,129.69344
2012-01-31 04:00:00,121.73971
2012-01-31 05:00:00,121.73971
2012-01-31 06:00:00,108.956764
2012-01-31 07:00:00,86.68403
2012-01-31 08:00:00,91.75783
2012-01-31 09:00:00,115.597374
2012-01-31 10:00:00,109.23968
2012-01-31 11:00:00,215.24658
2012-01-31 12:00:00,189.79034
2012-01-31 13:00:00,269.02557
2012-01-31 14:00:00,314.95667
2012-01-31 15:00:00,298.64746
2012-01-31 16:00:00,298.64746
2012-01-31 17:00:00,318.51477
2012-01-31 18:00:00,328.2644
2012-01-31 19:00:00,316.6071
2012-01-31 20:00:00,158.84738
2012-01-31 21:00:00,276.10974
2012-01-31 22:00:00,252.83717
2012-01-31 23:00:00,245.40495
2012-02-20 00:00:00,35.32002
2012-02-20 01:00:00,35.32002
2012-02-20 02:00:00,35.32002
2012-02-20 03:00:00,39.425835
2012-02-20 05:00:00,56.2768
2012-02-20 06:00:00,77.47297
2012-02-20 07:00:00,52.352608
2012-02-20 08:00:00,48.804554
2012-02-20 09:00:00,48.804554
2012-02-20 10:00:00,76.653175
2012-02-20 11:00:00,80.019104
2012-02-20 12:00:00,90.48879
2012-02-20 13:00:00,105.10552
2012-02-20 14:00:00,158.10304
2012-02-20 15:00:00,169.95346
2012-02-20 16:00:00,242.93745
2012-02-20 17:00:00,261.84656
2012-02-20 18:00:00,169.95346
2012-02-20 19:00:00,169.95346
2012-02-20 20:00:00,186.15317
2012-02-20 21:00:00,132.9259
2012-02-20 22:00:00,93.58728
2012-02-20 23:00:00,101.777176
2012-02-21 00:00:00,101.168205
2012-02-21 01:00:00,108.94288
2012-02-21 02:00:00,103.64538
2012-02-21 04:00:00,91.080376
2012-02-21 05:00:00,81.128876
2012-02-21 06:00:00,76.01333
2012-02-21 07:00:00,91.080376
2012-02-21 08:00:00,70.43868
2012-02-21 09:00:00,68.58846
2012-02-21 10:00:00,76.34191
2012-02-21 11:00:00,66.05417
2012-02-21 12:00:00,103.30688
2012-02-21 13:00:00,142.1387
2012-02-21 14:00:00,115.166794
2012-02-21 15:00:00,142.1387
2012-02-21 16:00:00,158.26595
2012-02-21 17:00:00,187.64224
2012-02-21 18:00:00,187.64224
2012-02-21 19:00:00,153.59201
2012-02-21 20:00:00,130.52893
2012-02-21 21:00:00,122.926796
2012-02-21 22:00:00,95.0994
2012-02-21 23:00:00,98.202614
2012-02-22 00:00:00,98.202614
2012-02-22 01:00:00,98.736824
2012-02-22 02:00:00,105.90715
2012-02-22 03:00:00,88.95822
2012-02-22 04:00:00,100.89439
2012-02-22 05:00:00,100.96354
2012-02-22 06:00:00,86.426
2012-02-22 07:00:00,91.67809
2012-02-22 08:00:00,86.64061
2012-02-22 09:00:00,102.2471
2012-02-22 10:00:00,109.27545
2012-02-22 11:00:00,119.66137
2012-02-22 12:00:00,147.05157
2012-02-22 13:00:00,173.72566
2012-02-22 14:00:00,181.74783
2012-02-22 15:00:00,299.5739
2012-02-22 16:00:00,302.8871
2012-02-22 17:00:00,314.57825
2012-02-22 18:00:00,239.23938
2012-02-22 19:00:00,220.4494
2012-02-22 20:00:00,198.84117
2012-02-22 21:00:00,271.2382
2012-02-22 22:00:00,200.61258
2012-02-22 23:00:00,229.68324
2012-02-23 00:00:00,200.61258
2012-02-23 01:00:00,169.3755
2012-02-23 02:00:00,170.76465
2012-02-23 03:00:00,159.16483
2012-02-23 04:00:00,125.01944
2012-02-23 05:00:00,125.01944
2012-02-23 06:00:00,87.61843
2012-02-23 07:00:00,92.7654
2012-02-23 08:00:00,84.34575
2012-02-23 09:00:00,90.00359
2012-02-23 10:00:00,156.96367
2012-02-23 11:00:00,235.90231
2012-02-23 12:00:00,274.21698
2012-02-23 13:00:00,310.62772
2012-02-23 14:00:00,324.59476
2012-02-23 15:00:00,305.509
2012-02-23 16:00:00,250.66788
2012-02-23 17:00:00,317.13538
2012-02-23 18:00:00,297.88678
2012-02-23 19:00:00,247.31232
2012-02-23 20:00:00,227.56683
2012-02-23 21:00:00,207.40437
2012-02-23 22:00:00,196.23592
2012-02-23 23:00:00,149.49066
2012-02-24 00:00:00,165.91818
2012-02-24 01:00:00,180.39157
2012-02-24 02:00:00,113.76987
2012-02-24 03:00:00,123.55405
2012-02-24 04:00:00,104.46867
2012-02-24 05:00:00,106.55347
2012-02-24 06:00:00,108.88703
2012-02-24 07:00:00,120.00742
2012-02-24 08:00:00,104.5037
2012-02-24 09:00:00,72.59945
2012-02-24 10:00:00,96.888336
2012-02-24 11:00:00,105.42394
2012-02-24 12:00:00,134.53381
2012-02-24 13:00:00,155.3748
2012-02-24 14:00:00,165.50423
2012-02-24 15:00:00,107.432655
2012-02-24 16:00:00,107.432655
2012-02-24 17:00:00,118.8844
2012-02-24 18:00:00,114.173096
2012-02-24 19:00:00,127.5662
2012-02-24 20:00:00,169.37854
2012-02-24 21:00:00,165.7861
2012-02-24 22:00:00,194.95459
2012-02-24 23:00:00,159.32637
2012-02-25 00:00:00,150.48163
2012-02-25 01:00:00,139.19238
2012-02-25 02:00:00,125.13691
2012-02-25 03:00:00,116.32269
2012-02-25 04:00:00,123.14763
2012-02-25 05:00:00,111.11572
2012-02-25 06:00:00,111.11572
2012-02-25 07:00:00,113.941154
2012-02-25 08:00:00,90.84812
2012-02-25 09:00:00,47.586357
2012-02-25 10:00:00,73.61623
2012-02-25 11:00:00,130.22302
2012-02-25 12:00:00,131.84653
2012-02-25 13:00:00,150.94777
2012-02-25 14:00:00,129.8484
2012-02-25 15:00:00,167.71396
2012-02-25 16:00:00,129.4099
2012-02-25 17:00:00,142.84727
2012-02-25 18:00:00,125.36495
2012-02-25 19:00:00,122.31901
2012-02-25 20:00:00,113.48895
2012-02-25 21:00:00,109.54756
2012-02-25 22:00:00,108.79788
2012-02-25 23:00:00,101.52344
2012-02-26 00:00:00,100.33834
2012-02-26 01:00:00,93.28273
2012-02-26 02:00:00,93.28273
2012-02-26 03:00:00,95.418335
2012-02-26 04:00:00,95.418335
2012-02-26 05:00:00,82.274185
2012-02-26 06:00:00,86.07789
2012-02-26 07:00:00,60.612103
2012-02-26 08:00:00,61.85455
2012-02-26 09:00:00,74.90523
2012-02-26 10:00:00,107.04702
2012-02-26 11:00:00,115.51367
2012-02-26 12:00:00,132.81827
2012-02-26 13:00:00,140.39139
2012-02-26 14:00:00,190.13425
2012-02-26 15:00:00,214.29971
2012-02-26 16:00:00,202.63475
2012-02-26 17:00:00,215.10306
2012-02-26 18:00:00,157.12396
2012-02-26 19:00:00,197.7459
2012-02-26 20:00:00,138.97932
2012-02-26 21:00:00,113.79857
2012-02-26 22:00:00,122.25848
2012-02-26 23:00:00,76.14374
2012-02-27 00:00:00,84.928566
2012-02-27 01:00:00,80.68362
2012-02-27 02:00:00,77.4495
2012-02-27 03:00:00,76.488014
2012-02-27 04:00:00,69.99461
2012-02-27 05:00:00,69.99461
2012-02-27 06:00:00,74.51633
2012-02-27 07:00:00,78.478584
2012-02-27 08:00:00,89.98753
2012-02-27 09:00:00,86.68403
2012-02-27 10:00:00,138.40842
2012-02-27 11:00:00,155.92072
2012-02-27 12:00:00,212.38428
2012-02-27 13:00:00,192.9234
2012-02-27 14:00:00,266.23444
2012-02-27 15:00:00,300.43936
2012-02-27 16:00:00,298.64746
2012-02-27 17:00:00,266.30383
2012-02-27 18:00:00,313.11606
2012-02-27 19:00:00,310.40997
2012-02-27 20:00:00,283.64978
2012-02-27 21:00:00,266.23444
2012-02-27 22:00:00,223.9215
2012-02-27 23:00:00,191.6875
2012-02-28 00:00:00,175.64056
2012-02-28 01:00:00,150.40045
2012-02-28 02:00:00,162.06699
2012-02-28 03:00:00,222.58397
2012-02-28 04:00:00,144.24367
2012-02-28 05:00:00,144.24367
2012-02-28 06:00:00,130.43777
2012-02-28 07:00:00,121.74146
2012-02-28 08:00:00,108.5877
2012-02-28 09:00:00,124.11448
2012-02-28 10:00:00,134.49939
2012-02-28 11:00:00,161.34615
2012-02-28 12:00:00,187.90277
2012-02-28 13:00:00,197.0368
2012-02-28 14:00:00,231.93106
2012-02-28 15:00:00,240.7682
2012-02-28 16:00:00,235.66907
2012-02-28 17:00:00,240.7682
2012-02-28 18:00:00,257.07108
2012-02-28 19:00:00,210.20406
2012-02-28 20:00:00,238.61832
2012-02-28 21:00:00,151.04358
2012-02-28 22:00:00,151.04358
2012-02-28 23:00:00,121.93632
2012-02-29 00:00:00,137.35323
2012-02-29 01:00:00,139.31511
2012-02-29 02:00:00,108.42353
2012-02-29 03:00:00,86.13005
2012-02-29 05:00:00,77.065926
2012-02-29 06:00:00,87.15865
2012-02-29 07:00:00,71.970085
2012-02-29 08:00:00,81.832146
2012-02-29 09:00:00,71.88543
2012-02-29 10:00:00,71.88543
2012-02-29 11:00:00,63.067734
2012-02-29 12:00:00,59.506355
2012-02-29 13:00:00,77.47534
2012-02-29 14:00:00,77.47534
2012-02-29 15:00:00,101.86057
2012-02-29 16:00:00,106.70736
2012-02-29 17:00:00,108.88703
2012-02-29 18:00:00,128.61801
2012-02-29 19:00:00,114.47723
2012-02-29 20:00:00,122.87608
2012-02-29 21:00:00,122.87608
2012-02-29 22:00:00,92.693924
2012-02-29 23:00:00,92.693924
2012-03-20 00:00:00,179.79124
2012-03-20 01:00:00,155.61317
2012-03-20 02:00:00,164.08035
2012-03-20 03:00:00,155.13197
2012-03-20 04:00:00,161.99913
2012-03-20 05:00:00,147.63766
2012-03-20 06:00:00,147.8431
2012-03-20 07:00:00,147.20831
2012-03-20 08:00:00,162.56964
2012-03-20 09:00:00,172.00404
2012-03-20 10:00:00,166.26419
2012-03-20 11:00:00,193.56067
2012-03-20 12:00:00,227.84355
2012-03-20 13:00:00,219.39108
2012-03-20 14:00:00,221.07991
2012-03-20 15:00:00,221.02464
2012-03-20 16:00:00,272.84152
2012-03-20 17:00:00,229.85542
2012-03-20 18:00:00,257.15256
2012-03-20 19:00:00,199.50005
2012-03-20 20:00:00,190.4017
2012-03-20 21:00:00,164.92389
2012-03-20 22:00:00,159.98451
2012-03-20 23:00:00,154.125
2012-03-21 00:00:00,102.36384
2012-03-21 01:00:00,122.50111
2012-03-21 02:00:00,119.64645
2012-03-21 03:00:00,132.4931
2012-03-21 04:00:00,125.56954
2012-03-21 05:00:00,125.56954
2012-03-21 06:00:00,114.373314
2012-03-21 07:00:00,115.71938
2012-03-21 08:00:00,114.71388
2012-03-21 09:00:00,128.37337
2012-03-21 10:00:00,140.9062
2012-03-21 11:00:00,140.9062
2012-03-21 12:00:00,120.5992
2012-03-21 13:00:00,113.64558
2012-03-21 14:00:00,124.50735
2012-03-21 15:00:00,124.50735
2012-03-21 16:00:00,129.948
2012-03-21 17:00:00,174.12453
2012-03-21 18:00:00,151.38548
2012-03-21 19:00:00,169.33607
2012-03-21 20:00:00,133.51521
2012-03-21 21:00:00,130.20087
2012-03-21 22:00:00,144.69675
2012-03-21 23:00:00,114.892784
2012-03-22 00:00:00,122.50111
2012-03-22 01:00:00,122.50111
2012-03-22 02:00:00,122.50111
2012-03-22 03:00:00,122.50111
2012-03-22 04:00:00,98.12725
2012-03-22 05:00:00,98.12725
2012-03-22 06:00:00,98.12725
2012-03-22 07:00:00,98.12725
2012-03-22 08:00:00,113.85199
2012-03-22 09:00:00,113.85199
2012-03-22 10:00:00,104.20756
2012-03-22 11:00:00,99.65455
2012-03-22 12:00:00,148.82608
2012-03-22 13:00:00,138.15756
2012-03-22 14:00:00,165.76422
2012-03-22 15:00:00,221.6001
2012-03-22 16:00:00,246.063
2012-03-22 17:00:00,246.28517
2012-03-22 18:00:00,246.28517
2012-03-22 19:00:00,190.74643
2012-03-22 20:00:00,230.93246
2012-03-22 21:00:00,162.62437
2012-03-22 22:00:00,163.09222
2012-03-22 23:00:00,130.50926
2012-03-23 00:00:00,114.089294
2012-03-23 01:00:00,107.02379
2012-03-23 02:00:00,124.619934
2012-03-23 03:00:00,123.845345
2012-03-23 04:00:00,114.37534
2012-03-23 05:00:00,96.33612
2012-03-23 06:00:00,98.63539
2012-03-23 07:00:00,116.88383
2012-03-23 08:00:00,114.72599
2012-03-23 09:00:00,117.67362
2012-03-23 10:00:00,131.84135
2012-03-23 11:00:00,180.3062
2012-03-23 12:00:00,271.17883
2012-03-23 13:00:00,248.0852
2012-03-23 14:00:00,300.8111
2012-03-23 15:00:00,317.22403
2012-03-23 16:00:00,334.41248
2012-03-23 17:00:00,334.41248
2012-03-23 18:00:00,331.1421
2012-03-23 19:00:00,329.27588
2012-03-23 20:00:00,300.71722
2012-03-23 21:00:00,260.90723
2012-03-23 22:00:00,267.0968
2012-03-23 23:00:00,233.61511
2012-03-24 00:00:00,108.47438
2012-03-24 01:00:00,104.53514
2012-03-24 02:00:00,101.500015
2012-03-24 03:00:00,101.500015
2012-03-24 04:00:00,88.338936
2012-03-24 05:00:00,111.08444
2012-03-24 06:00:00,111.08444
2012-03-24 07:00:00,93.76381
2012-03-24 08:00:00,92.48685
2012-03-24 09:00:00,101.07339
2012-03-24 10:00:00,111.86709
2012-03-24 11:00:00,92.48685
2012-03-24 12:00:00,108.20227
2012-03-24 13:00:00,109.29742
2012-03-24 14:00:00,118.58596
2012-03-24 15:00:00,105.073586
2012-03-24 16:00:00,98.17594
2012-03-24 17:00:00,113.36152
2012-03-24 18:00:00,87.85678
2012-03-24 19:00:00,80.38187
2012-03-24 20:00:00,67.102165
2012-03-24 21:00:00,67.102165
2012-03-24 22:00:00,70.344864
2012-03-24 23:00:00,87.75355
2012-03-25 00:00:00,87.75355
2012-03-25 01:00:00,67.38973
2012-03-25 02:00:00,67.405014
2012-03-25 03:00:00,73.753136
2012-03-25 04:00:00,81.807014
2012-03-25 05:00:00,64.3673
2012-03-25 06:00:00,64.3673
2012-03-25 07:00:00,75.21243
2012-03-25 08:00:00,75.21243
2012-03-25 09:00:00,73.32805
2012-03-25 10:00:00,86.31365
2012-03-25 11:00:00,73.32805
2012-03-25 12:00:00,64.92941
2012-03-25 13:00:00,70.811905
2012-03-25 14:00:00,77.57575
2012-03-25 15:00:00,82.126686
2012-03-25 16:00:00,63.13922
2012-03-25 17:00:00,91.06407
2012-03-25 18:00:00,91.06407
2012-03-25 19:00:00,147.64594
2012-03-25 20:00:00,120.78445
2012-03-25 21:00:00,108.02827
2012-03-25 22:00:00,84.722275
2012-03-25 23:00:00,92.86815
2012-03-26 00:00:00,131.9255
2012-03-26 01:00:00,145.6884
2012-03-26 02:00:00,116.12278
2012-03-26 03:00:00,125.41822
2012-03-26 04:00:00,112.33996
2012-03-26 05:00:00,125.264
2012-03-26 06:00:00,109.19511
2012-03-26 07:00:00,139.64484
2012-03-26 08:00:00,159.01869
2012-03-26 09:00:00,207.2053
2012-03-26 10:00:00,268.23724
2012-03-26 11:00:00,253.99226
2012-03-26 12:00:00,283.35596
2012-03-26 13:00:00,207.1945
2012-03-26 14:00:00,287.2173
2012-03-26 15:00:00,240.34451
2012-03-26 16:00:00,198.86214
2012-03-26 17:00:00,290.10284
2012-03-26 18:00:00,288.13928
2012-03-26 19:00:00,309.32632
2012-03-26 20:00:00,233.80768
2012-03-26 21:00:00,235.7427
2012-03-26 22:00:00,259.9748
2012-03-26 23:00:00,177.02907
2012-03-27 00:00:00,169.57216
2012-03-27 01:00:00,182.18178
2012-03-27 02:00:00,185.24667
2012-03-27 03:00:00,184.04105
2012-03-27 04:00:00,169.88803
2012-03-27 05:00:00,151.4569
2012-03-27 06:00:00,150.52524
2012-03-27 07:00:00,150.52524
2012-03-27 08:00:00,150.63293
2012-03-27 09:00:00,149.32603
2012-03-27 10:00:00,163.2782
2012-03-27 11:00:00,192.23428
2012-03-27 12:00:00,200.9494
2012-03-27 13:00:00,202.72365
2012-03-27 14:00:00,284.87692
2012-03-27 15:00:00,276.02573
2012-03-27 16:00:00,276.02573
2012-03-27 17:00:00,289.87952
2012-03-27 18:00:00,306.96692
2012-03-27 19:00:00,285.65945
2012-03-27 20:00:00,306.96686
2012-03-27 21:00:00,197.3606
2012-03-27 22:00:00,203.01065
2012-03-27 23:00:00,193.39136
2012-03-28 00:00:00,182.84282
2012-03-28 01:00:00,166.5314
2012-03-28 02:00:00,149.8799
2012-03-28 03:00:00,173.82434
2012-03-28 04:00:00,176.20877
2012-03-28 05:00:00,176.20877
2012-03-28 06:00:00,171.3007
2012-03-28 07:00:00,169.35225
2012-03-28 08:00:00,185.76103
2012-03-28 09:00:00,201.14372
2012-03-28 10:00:00,236.12738
2012-03-28 11:00:00,254.87347
2012-03-28 12:00:00,279.668
2012-03-28 13:00:00,289.00565
2012-03-28 14:00:00,371.3931
2012-03-28 15:00:00,329.5777
2012-03-28 16:00:00,255.83173
2012-03-28 17:00:00,267.3653
2012-03-28 18:00:00,267.3653
2012-03-28 19:00:00,281.5432
2012-03-28 20:00:00,303.3262
2012-03-28 21:00:00,242.18768
2012-03-28 22:00:00,180.04478
2012-03-28 23:00:00,155.5772
2012-03-29 00:00:00,174.49953
2012-03-29 01:00:00,191.96953
2012-03-29 02:00:00,354.94434
2012-03-29 03:00:00,328.16684
2012-03-29 04:00:00,288.18567
2012-03-29 05:00:00,236.78424
2012-03-29 06:00:00,175.35663
2012-03-29 07:00:00,197.68509
2012-03-29 08:00:00,210.16496
2012-03-29 09:00:00,216.4495
2012-03-29 10:00:00,210.63034
2012-03-29 11:00:00,238.4272
2012-03-29 12:00:00,249.49442
2012-03-29 13:00:00,221.42772
2012-03-29 14:00:00,256.0195
2012-03-29 15:00:00,283.2407
2012-03-29 16:00:00,297.17938
2012-03-29 17:00:00,289.3861
2012-03-29 18:00:00,268.49744
2012-03-29 19:00:00,257.03195
2012-03-29 20:00:00,251.88808
2012-03-29 21:00:00,209.36455
2012-03-29 22:00:00,200.01097
2012-03-29 23:00:00,189.69154
2012-03-30 00:00:00,182.74918
2012-03-30 01:00:00,167.47104
2012-03-30 02:00:00,149.91432
2012-03-30 03:00:00,112.17408
2012-03-30 04:00:00,134.0259
2012-03-30 05:00:00,101.78959
2012-03-30 06:00:00,122.42759
2012-03-30 07:00:00,125.27261
2012-03-30 08:00:00,109.1326
2012-03-30 09:00:00,127.7376
2012-03-30 10:00:00,139.28412
2012-03-30 11:00:00,138.0481
2012-03-30 12:00:00,134.54973
2012-03-30 13:00:00,172.95035
2012-03-30 14:00:00,155.8804
2012-03-30 15:00:00,156.21442
2012-03-30 16:00:00,134.18112
2012-03-30 17:00:00,134.91927
2012-03-30 18:00:00,167.46094
2012-03-30 19:00:00,146.37065
2012-03-30 20:00:00,132.07877
2012-03-30 21:00:00,114.77005
2012-03-30 22:00:00,100.19462
2012-03-30 23:00:00,75.42958
2012-03-31 00:00:00,73.503006
2012-03-31 01:00:00,94.27129
2012-03-31 02:00:00,105.8239
2012-03-31 03:00:00,95.66722
2012-03-31 04:00:00,123.837685
2012-03-31 05:00:00,87.292366
2012-03-31 06:00:00,49.400833
2012-03-31 07:00:00,49.400833
2012-03-31 08:00:00,56.893982
2012-03-31 09:00:00,94.27129
2012-03-31 10:00:00,86.71109
2012-03-31 11:00:00,96.43566
2012-03-31 12:00:00,81.55914
2012-03-31 13:00:00,162.3562
2012-03-31 14:00:00,157.84766
2012-03-31 15:00:00,193.56288
2012-03-31 16:00:00,165.31824
2012-03-31 17:00:00,167.64105
2012-03-31 18:00:00,134.53792
2012-03-31 19:00:00,138.4099
2012-03-31 20:00:00,118.69737
2012-03-31 21:00:00,118.69737
2012-03-31 22:00:00,104.22814
2012-03-31 23:00:00,80.02078
2012-04-20 00:00:00,129.89388
2012-04-20 01:00:00,125.41822
2012-04-20 02:00:00,103.135925
2012-04-20 03:00:00,95.51002
2012-04-20 04:00:00,81.28456
2012-04-20 05:00:00,76.937805
2012-04-20 06:00:00,84.26447
2012-04-20 07:00:00,76.937805
2012-04-20 08:00:00,81.90691
2012-04-20 09:00:00,101.98332
2012-04-20 10:00:00,152.15483
2012-04-20 11:00:00,165.77614
2012-04-20 12:00:00,252.34024
2012-04-20 13:00:00,336.25043
2012-04-20 14:00:00,350.33136
2012-04-20 15:00:00,331.44504
2012-04-20 16:00:00,338.0856
2012-04-20 17:00:00,352.70575
2012-04-20 18:00:00,334.7271
2012-04-20 19:00:00,298.06857
2012-04-20 20:00:00,229.2627
2012-04-20 21:00:00,163.38676
2012-04-20 22:00:00,190.86317
2012-04-20 23:00:00,143.0837
2012-04-21 00:00:00,135.87807
2012-04-21 01:00:00,135.87807
2012-04-21 02:00:00,106.523834
2012-04-21 03:00:00,117.30941
2012-04-21 04:00:00,123.37164
2012-04-21 05:00:00,123.37164
2012-04-21 06:00:00,117.30942
2012-04-21 07:00:00,131.70406
2012-04-21 08:00:00,131.96365
2012-04-21 09:00:00,121.28765
2012-04-21 10:00:00,268.7704
2012-04-21 11:00:00,301.36993
2012-04-21 12:00:00,314.1888
2012-04-21 13:00:00,333.90558
2012-04-21 14:00:00,425.60223
2012-04-21 15:00:00,478.80234
2012-04-21 16:00:00,451.55975
2012-04-21 17:00:00,488.2942
2012-04-21 18:00:00,374.735
2012-04-21 19:00:00,172.86176
2012-04-21 20:00:00,117.216125
2012-04-21 21:00:00,129.16974
2012-04-21 22:00:00,129.6128
2012-04-21 23:00:00,112.15808
2012-04-22 00:00:00,100.776955
2012-04-22 01:00:00,116.84528
2012-04-22 02:00:00,142.70747
2012-04-22 03:00:00,89.7691
2012-04-22 04:00:00,99.9253
2012-04-22 05:00:00,109.67038
2012-04-22 06:00:00,132.44363
2012-04-22 07:00:00,108.61079
2012-04-22 08:00:00,86.52694
2012-04-22 09:00:00,86.52694
2012-04-22 10:00:00,83.39594
2012-04-22 11:00:00,75.22898
2012-04-22 12:00:00,74.44682
2012-04-22 13:00:00,81.52134
2012-04-22 14:00:00,74.44682
2012-04-22 15:00:00,73.09355
2012-04-22 16:00:00,79.03324
2012-04-22 17:00:00,66.38402
2012-04-22 18:00:00,66.38402
2012-04-22 19:00:00,74.11463
2012-04-22 20:00:00,64.140144
2012-04-22 21:00:00,64.04324
2012-04-22 22:00:00,60.664345
2012-04-22 23:00:00,76.10109
2012-04-23 00:00:00,79.44556
2012-04-23 01:00:00,62.63439
2012-04-23 02:00:00,71.35477
2012-04-23 03:00:00,72.46457
2012-04-23 04:00:00,57.876648
2012-04-23 05:00:00,57.876648
2012-04-23 06:00:00,68.84588
2012-04-23 07:00:00,58.76973
2012-04-23 08:00:00,74.74155
2012-04-23 09:00:00,76.77742
2012-04-23 10:00:00,91.46637
2012-04-23 11:00:00,90.18258
2012-04-23 12:00:00,86.42341
2012-04-23 13:00:00,100.23209
2012-04-23 14:00:00,116.91232
2012-04-23 15:00:00,126.58963
2012-04-23 16:00:00,61.948174
2012-04-23 17:00:00,58.367233
2012-04-23 18:00:00,88.15305
2012-04-23 19:00:00,86.23666
2012-04-23 20:00:00,83.60798
2012-04-23 21:00:00,72.845695
2012-04-23 22:00:00,88.80409
2012-04-23 23:00:00,85.065346
2012-04-24 00:00:00,85.05395
2012-04-24 01:00:00,76.39556
2012-04-24 02:00:00,83.989136
2012-04-24 03:00:00,85.28528
2012-04-24 04:00:00,94.71479
2012-04-24 05:00:00,94.71479
2012-04-24 06:00:00,93.95234
2012-04-24 07:00:00,109.24218
2012-04-24 08:00:00,127.9331
2012-04-24 09:00:00,189.3458
2012-04-24 10:00:00,189.69154
2012-04-24 11:00:00,294.4524
2012-04-24 12:00:00,316.8403
2012-04-24 13:00:00,328.1733
2012-04-24 14:00:00,339.25525
2012-04-24 15:00:00,320.3638
2012-04-24 16:00:00,328.9513
2012-04-24 17:00:00,344.00928
2012-04-24 18:00:00,295.16425
2012-04-24 19:00:00,337.17422
2012-04-24 20:00:00,341.71527
2012-04-24 21:00:00,283.9378
2012-04-24 22:00:00,238.39847
2012-04-24 23:00:00,214.86743
2012-04-25 00:00:00,184.77191
2012-04-25 01:00:00,176.52008
2012-04-25 02:00:00,92.313225
2012-04-25 03:00:00,86.02031
2012-04-25 04:00:00,92.74584
2012-04-25 05:00:00,77.67134
2012-04-25 06:00:00,77.67134
2012-04-25 07:00:00,71.64805
2012-04-25 08:00:00,85.38718
2012-04-25 09:00:00,121.32599
2012-04-25 10:00:00,227.17842
2012-04-25 11:00:00,289.70175
2012-04-25 12:00:00,336.33032
2012-04-25 13:00:00,332.26593
2012-04-25 14:00:00,362.58896
2012-04-25 15:00:00,323.62936
2012-04-25 16:00:00,344.74905
2012-04-25 17:00:00,340.16806
2012-04-25 18:00:00,339.18826
2012-04-25 19:00:00,330.00223
2012-04-25 20:00:00,317.62677
2012-04-25 21:00:00,199.82867
2012-04-25 22:00:00,153.5228
2012-04-25 23:00:00,181.3015
2012-04-26 00:00:00,128.58978
2012-04-26 01:00:00,182.07928
2012-04-26 02:00:00,169.73712
2012-04-26 03:00:00,166.5184
2012-04-26 04:00:00,158.3436
2012-04-26 05:00:00,160.39032
2012-04-26 06:00:00,165.99109
2012-04-26 07:00:00,122.524345
2012-04-26 08:00:00,122.81333
2012-04-26 09:00:00,117.54218
2012-04-26 10:00:00,102.40184
2012-04-26 11:00:00,106.67657
2012-04-26 12:00:00,133.92206
2012-04-26 13:00:00,136.4429
2012-04-26 14:00:00,156.94737
2012-04-26 15:00:00,151.04613
2012-04-26 16:00:00,153.11935
2012-04-26 17:00:00,154.05783
2012-04-26 18:00:00,156.94737
2012-04-26 19:00:00,164.13972
2012-04-26 20:00:00,162.37074
2012-04-26 21:00:00,153.77507
2012-04-26 22:00:00,144.69675
2012-04-26 23:00:00,123.46235
2012-04-27 00:00:00,207.25986
2012-04-27 01:00:00,204.03008
2012-04-27 02:00:00,195.55205
2012-04-27 03:00:00,205.8688
2012-04-27 04:00:00,200.63118
2012-04-27 05:00:00,204.11429
2012-04-27 06:00:00,195.88695
2012-04-27 07:00:00,167.47104
2012-04-27 08:00:00,135.99976
2012-04-27 09:00:00,207.03549
2012-04-27 10:00:00,241.13037
2012-04-27 11:00:00,242.31413
2012-04-27 12:00:00,265.86172
2012-04-27 13:00:00,282.0066
2012-04-27 14:00:00,282.30148
2012-04-27 15:00:00,312.99326
2012-04-27 16:00:00,323.7744
2012-04-27 17:00:00,352.94724
2012-04-27 18:00:00,345.35764
2012-04-27 19:00:00,333.9503
2012-04-27 20:00:00,287.80353
2012-04-27 21:00:00,268.47574
2012-04-27 22:00:00,228.50131
2012-04-27 23:00:00,208.2666
2012-04-28 00:00:00,192.41649
2012-04-28 01:00:00,145.0849
2012-04-28 02:00:00,175.15283
2012-04-28 03:00:00,132.19852
2012-04-28 04:00:00,122.85499
2012-04-28 05:00:00,137.28209
2012-04-28 06:00:00,130.3453
2012-04-28 07:00:00,122.85499
2012-04-28 08:00:00,211.99194
2012-04-28 09:00:00,242.23784
2012-04-28 10:00:00,212.89561
2012-04-28 11:00:00,208.32147
2012-04-28 12:00:00,205.69504
2012-04-28 13:00:00,249.98346
2012-04-28 14:00:00,235.63516
2012-04-28 15:00:00,238.34158
2012-04-28 16:00:00,257.23288
2012-04-28 17:00:00,220.1823
2012-04-28 18:00:00,206.7098
2012-04-28 19:00:00,88.52121
2012-04-28 20:00:00,76.32697
2012-04-28 21:00:00,86.21694
2012-04-28 22:00:00,76.65287
2012-04-28 23:00:00,76.33465
2012-04-29 00:00:00,69.6731
2012-04-29 01:00:00,54.775295
2012-04-29 02:00:00,48.102303
2012-04-29 03:00:00,56.893982
2012-04-29 04:00:00,45.23087
2012-04-29 05:00:00,30.191687
2012-04-29 06:00:00,37.12946
2012-04-29 07:00:00,41.884823
2012-04-29 08:00:00,68.12011
2012-04-29 09:00:00,85.210075
2012-04-29 10:00:00,78.56358
2012-04-29 11:00:00,142.88663
2012-04-29 12:00:00,216.30643
2012-04-29 13:00:00,224.34065
2012-04-29 14:00:00,345.12994
2012-04-29 15:00:00,353.7415
2012-04-29 16:00:00,436.30304
2012-04-29 17:00:00,443.4668
2012-04-29 18:00:00,437.69507
2012-04-29 19:00:00,369.99854
2012-04-29 20:00:00,375.6558
2012-04-29 21:00:00,232.8488
2012-04-29 22:00:00,212.98781
2012-04-29 23:00:00,105.186806
2012-04-30 00:00:00,115.47785
2012-04-30 01:00:00,104.347626
2012-04-30 02:00:00,120.28239
2012-04-30 03:00:00,110.15669
2012-04-30 04:00:00,142.41006
2012-04-30 05:00:00,142.41006
2012-04-30 06:00:00,184.0948
2012-04-30 07:00:00,175.08
2012-04-30 08:00:00,199.2754
2012-04-30 09:00:00,193.74966
2012-04-30 10:00:00,209.3583
2012-04-30 11:00:00,196.77911
2012-04-30 12:00:00,187.81143
2012-04-30 13:00:00,173.53665
2012-04-30 14:00:00,181.98796
2012-04-30 15:00:00,182.65392
2012-04-30 16:00:00,212.76494
2012-04-30 17:00:00,201.18277
2012-04-30 18:00:00,204.3649
2012-04-30 19:00:00,189.20946
2012-04-30 20:00:00,188.54002
2012-04-30 21:00:00,188.54002
2012-04-30 22:00:00,195.11826
2012-04-30 23:00:00,196.2615
2012-05-20 00:00:00,231.53096
2012-05-20 01:00:00,200.5684
2012-05-20 02:00:00,200.5684
2012-05-20 03:00:00,169.46747
2012-05-20 04:00:00,99.75562
2012-05-20 05:00:00,95.91173
2012-05-20 06:00:00,118.35911
2012-05-20 07:00:00,138.837
2012-05-20 08:00:00,217.91052
2012-05-20 09:00:00,458.06116
2012-05-20 10:00:00,465.06387
2012-05-20 11:00:00,471.9422
2012-05-20 12:00:00,475.3187
2012-05-20 13:00:00,473.2685
2012-05-20 14:00:00,485.6026
2012-05-20 15:00:00,464.23618
2012-05-20 16:00:00,468.72333
2012-05-20 17:00:00,441.91565
2012-05-20 18:00:00,393.57288
2012-05-20 19:00:00,318.8448
2012-05-20 20:00:00,318.8448
2012-05-20 21:00:00,262.6256
2012-05-20 22:00:00,224.62787
2012-05-20 23:00:00,172.50772
2012-05-21 00:00:00,154.9351
2012-05-21 01:00:00,156.39034
2012-05-21 02:00:00,147.1697
2012-05-21 03:00:00,157.57123
2012-05-21 04:00:00,146.86935
2012-05-21 05:00:00,146.86935
2012-05-21 06:00:00,146.86935
2012-05-21 07:00:00,146.86935
2012-05-21 08:00:00,150.23907
2012-05-21 09:00:00,152.98044
2012-05-21 10:00:00,155.4769
2012-05-21 11:00:00,160.91962
2012-05-21 12:00:00,183.14957
2012-05-21 13:00:00,168.4875
2012-05-21 14:00:00,168.82158
2012-05-21 15:00:00,214.57733
2012-05-21 16:00:00,226.55466
2012-05-21 17:00:00,248.17775
2012-05-21 18:00:00,174.76256
2012-05-21 19:00:00,197.2533
2012-05-21 20:00:00,204.95566
2012-05-21 21:00:00,183.80077
2012-05-21 22:00:00,198.94478
2012-05-21 23:00:00,230.93246
2012-05-22 00:00:00,183.1619
2012-05-22 01:00:00,147.99512
2012-05-22 02:00:00,138.70987
2012-05-22 03:00:00,138.70987
2012-05-22 04:00:00,147.48521
2012-05-22 05:00:00,150.79767
2012-05-22 06:00:00,131.92024
2012-05-22 07:00:00,131.92024
2012-05-22 08:00:00,139.68036
2012-05-22 09:00:00,143.97943
2012-05-22 10:00:00,152.84886
2012-05-22 11:00:00,140.00403
2012-05-22 12:00:00,163.14575
2012-05-22 13:00:00,161.34036
2012-05-22 14:00:00,187.83066
2012-05-22 15:00:00,250.75029
2012-05-22 16:00:00,247.70972
2012-05-22 17:00:00,241.75995
2012-05-22 18:00:00,264.02463
2012-05-22 19:00:00,252.00143
2012-05-22 20:00:00,230.95438
2012-05-22 21:00:00,166.76352
2012-05-22 22:00:00,161.77629
2012-05-22 23:00:00,166.7675
2012-05-23 00:00:00,166.76352
2012-05-23 01:00:00,163.4629
2012-05-23 02:00:00,160.91962
2012-05-23 03:00:00,152.81978
2012-05-23 04:00:00,161.49883
2012-05-23 05:00:00,150.23907
2012-05-23 06:00:00,131.9065
2012-05-23 07:00:00,118.115204
2012-05-23 08:00:00,118.115204
2012-05-23 09:00:00,145.17004
2012-05-23 10:00:00,153.71938
2012-05-23 11:00:00,151.08844
2012-05-23 12:00:00,202.93558
2012-05-23 13:00:00,212.46136
2012-05-23 14:00:00,245.94191
2012-05-23 15:00:00,212.1042
2012-05-23 16:00:00,238.94374
2012-05-23 17:00:00,202.22638
2012-05-23 18:00:00,202.22638
2012-05-23 19:00:00,165.77583
2012-05-23 20:00:00,145.604
2012-05-23 21:00:00,133.96097
2012-05-23 22:00:00,165.77583
2012-05-23 23:00:00,153.19368
2012-05-24 00:00:00,139.06816
2012-05-24 01:00:00,131.5138
2012-05-24 02:00:00,115.26997
2012-05-24 03:00:00,134.92636
2012-05-24 04:00:00,152.74234
2012-05-24 05:00:00,152.74234
2012-05-24 06:00:00,152.74234
2012-05-24 07:00:00,143.58527
2012-05-24 08:00:00,177.1943
2012-05-24 09:00:00,188.73627
2012-05-24 10:00:00,221.92673
2012-05-24 11:00:00,233.9501
2012-05-24 12:00:00,274.05643
2012-05-24 13:00:00,332.74338
2012-05-24 14:00:00,370.5406
2012-05-24 15:00:00,383.29114
2012-05-24 16:00:00,384.795
2012-05-24 17:00:00,387.23376
2012-05-24 18:00:00,375.61908
2012-05-24 19:00:00,336.23935
2012-05-24 20:00:00,250.57843
2012-05-24 21:00:00,193.53699
2012-05-24 22:00:00,164.59705
2012-05-24 23:00:00,174.01004
2012-05-25 00:00:00,157.94067
2012-05-25 01:00:00,143.62991
2012-05-25 02:00:00,133.96097
2012-05-25 03:00:00,139.1479
2012-05-25 04:00:00,123.29212
2012-05-25 05:00:00,135.26251
2012-05-25 06:00:00,139.1479
2012-05-25 07:00:00,157.64948
2012-05-25 08:00:00,143.00085
2012-05-25 09:00:00,152.03262
2012-05-25 10:00:00,193.93817
2012-05-25 11:00:00,183.40901
2012-05-25 12:00:00,256.15152
2012-05-25 13:00:00,297.31647
2012-05-25 14:00:00,314.7238
2012-05-25 15:00:00,347.83524
2012-05-25 16:00:00,386.43616
2012-05-25 17:00:00,382.61368
2012-05-25 18:00:00,347.83524
2012-05-25 19:00:00,351.37766
2012-05-25 20:00:00,270.17123
2012-05-25 21:00:00,257.8868
2012-05-25 22:00:00,179.85585
2012-05-25 23:00:00,205.53148
2012-05-26 00:00:00,135.32222
2012-05-26 01:00:00,125.31971
2012-05-26 02:00:00,120.72524
2012-05-26 03:00:00,107.34866
2012-05-26 04:00:00,117.01578
2012-05-26 05:00:00,167.28806
2012-05-26 06:00:00,137.10234
2012-05-26 07:00:00,125.095345
2012-05-26 08:00:00,134.47102
2012-05-26 09:00:00,145.61264
2012-05-26 10:00:00,195.39554
2012-05-26 11:00:00,229.68817
2012-05-26 12:00:00,328.97736
2012-05-26 13:00:00,341.20172
2012-05-26 14:00:00,351.4742
2012-05-26 15:00:00,373.07965
2012-05-26 16:00:00,419.6112
2012-05-26 17:00:00,430.32965
2012-05-26 18:00:00,396.5656
2012-05-26 19:00:00,322.89032
2012-05-26 20:00:00,364.71722
2012-05-26 21:00:00,320.7417
2012-05-26 22:00:00,256.7379
2012-05-26 23:00:00,256.7379
2012-05-27 00:00:00,228.2981
2012-05-27 01:00:00,206.4193
2012-05-27 02:00:00,198.88303
2012-05-27 03:00:00,170.50568
2012-05-27 04:00:00,145.76837
2012-05-27 05:00:00,145.76837
2012-05-27 06:00:00,135.76097
2012-05-27 07:00:00,126.96257
2012-05-27 08:00:00,145.61264
2012-05-27 09:00:00,170.16101
2012-05-27 10:00:00,233.09654
2012-05-27 11:00:00,314.91687
2012-05-27 12:00:00,339.48547
2012-05-27 13:00:00,372.66843
2012-05-27 14:00:00,394.1679
2012-05-27 15:00:00,440.18027
2012-05-27 16:00:00,440.18027
2012-05-27 17:00:00,473.18396
2012-05-27 18:00:00,410.88492
2012-05-27 19:00:00,372.66843
2012-05-27 20:00:00,356.20966
2012-05-27 21:00:00,245.77597
2012-05-27 22:00:00,118.584274
2012-05-27 23:00:00,129.9451
2012-05-28 00:00:00,140.46185
2012-05-28 01:00:00,174.88824
2012-05-28 02:00:00,133.75204
2012-05-28 03:00:00,144.59482
2012-05-28 04:00:00,114.72958
2012-05-28 05:00:00,114.72958
2012-05-28 06:00:00,144.59482
2012-05-28 07:00:00,111.05961
2012-05-28 08:00:00,132.25394
2012-05-28 09:00:00,227.28288
2012-05-28 10:00:00,227.28288
2012-05-28 11:00:00,266.01016
2012-05-28 12:00:00,317.48343
2012-05-28 13:00:00,409.30804
2012-05-28 14:00:00,409.30804
2012-05-28 15:00:00,451.23584
2012-05-28 16:00:00,454.13672
2012-05-28 17:00:00,451.23584
2012-05-28 18:00:00,425.68292
2012-05-28 19:00:00,435.21747
2012-05-28 20:00:00,393.19427
2012-05-28 21:00:00,354.35068
2012-05-28 22:00:00,263.38742
2012-05-28 23:00:00,223.6404
2012-05-29 00:00:00,219.80688
2012-05-29 01:00:00,219.80688
2012-05-29 02:00:00,176.70074
2012-05-29 03:00:00,239.75479
2012-05-29 04:00:00,205.53148
2012-05-29 05:00:00,205.53148
2012-05-29 06:00:00,205.53148
2012-05-29 07:00:00,205.53148
2012-05-29 08:00:00,247.49747
2012-05-29 09:00:00,302.765
2012-05-29 10:00:00,334.30884
2012-05-29 11:00:00,385.70752
2012-05-29 12:00:00,438.36246
2012-05-29 13:00:00,454.47498
2012-05-29 14:00:00,456.30045
2012-05-29 15:00:00,440.3803
2012-05-29 16:00:00,459.14212
2012-05-29 17:00:00,425.1046
2012-05-29 18:00:00,452.96948
2012-05-29 19:00:00,419.0089
2012-05-29 20:00:00,285.4406
2012-05-29 21:00:00,163.02509
2012-05-29 22:00:00,135.26251
2012-05-29 23:00:00,116.14493
2012-05-30 00:00:00,146.02742
2012-05-30 01:00:00,166.99083
2012-05-30 02:00:00,127.58365
2012-05-30 03:00:00,149.30122
2012-05-30 04:00:00,148.1783
2012-05-30 05:00:00,172.02289
2012-05-30 06:00:00,157.01224
2012-05-30 07:00:00,189.24776
2012-05-30 08:00:00,195.97781
2012-05-30 09:00:00,219.71927
2012-05-30 10:00:00,234.4366
2012-05-30 11:00:00,247.32901
2012-05-30 12:00:00,230.74788
2012-05-30 13:00:00,241.79819
2012-05-30 14:00:00,312.27594
2012-05-30 15:00:00,321.30127
2012-05-30 16:00:00,337.1905
2012-05-30 17:00:00,304.23
2012-05-30 18:00:00,341.96307
2012-05-30 19:00:00,332.74338
2012-05-30 20:00:00,185.95576
2012-05-30 21:00:00,266.15366
2012-05-30 22:00:00,203.29332
2012-05-30 23:00:00,220.58505
2012-05-31 00:00:00,204.95566
2012-05-31 01:00:00,187.28116
2012-05-31 02:00:00,203.12796
2012-05-31 03:00:00,183.80077
2012-05-31 04:00:00,158.86539
2012-05-31 05:00:00,244.95901
2012-05-31 06:00:00,205.69858
2012-05-31 07:00:00,267.0968
2012-05-31 08:00:00,305.86133
2012-05-31 09:00:00,355.84128
2012-05-31 10:00:00,384.72595
2012-05-31 11:00:00,342.98462
2012-05-31 12:00:00,327.7151
2012-05-31 13:00:00,304.89877
2012-05-31 14:00:00,323.2562
2012-05-31 15:00:00,343.3251
2012-05-31 16:00:00,337.9787
2012-05-31 17:00:00,318.28055
2012-05-31 18:00:00,322.22055
2012-05-31 19:00:00,317.52005
2012-05-31 20:00:00,330.10864
2012-05-31 21:00:00,330.10864
2012-05-31 22:00:00,311.84576
2012-05-31 23:00:00,324.0671
2012-06-20 00:00:00,219.80688
2012-06-20 01:00:00,205.34636
2012-06-20 02:00:00,177.23676
2012-06-20 03:00:00,167.34756
2012-06-20 04:00:00,152.97021
2012-06-20 05:00:00,152.97021
2012-06-20 06:00:00,138.79755
2012-06-20 07:00:00,132.27122
2012-06-20 08:00:00,199.00624
2012-06-20 09:00:00,198.96013
2012-06-20 10:00:00,361.6062
2012-06-20 11:00:00,366.32123
2012-06-20 12:00:00,340.6173
2012-06-20 13:00:00,317.2085
2012-06-20 14:00:00,345.29437
2012-06-20 15:00:00,322.4466
2012-06-20 16:00:00,323.05588
2012-06-20 17:00:00,322.09537
2012-06-20 18:00:00,322.09537
2012-06-20 19:00:00,353.0191
2012-06-20 20:00:00,352.59796
2012-06-20 21:00:00,305.0692
2012-06-20 22:00:00,309.59937
2012-06-20 23:00:00,325.23517
2012-06-21 00:00:00,216.70018
2012-06-21 01:00:00,192.04887
2012-06-21 02:00:00,180.81989
2012-06-21 03:00:00,171.71179
2012-06-21 04:00:00,138.45732
2012-06-21 05:00:00,142.43251
2012-06-21 06:00:00,156.99193
2012-06-21 07:00:00,156.99193
2012-06-21 08:00:00,186.91014
2012-06-21 09:00:00,357.675
2012-06-21 10:00:00,315.92657
2012-06-21 11:00:00,339.78027
2012-06-21 12:00:00,351.45834
2012-06-21 13:00:00,340.63474
2012-06-21 14:00:00,344.58868
2012-06-21 15:00:00,344.88013
2012-06-21 16:00:00,338.6795
2012-06-21 17:00:00,336.10995
2012-06-21 18:00:00,352.91095
2012-06-21 19:00:00,356.81958
2012-06-21 20:00:00,348.78943
2012-06-21 21:00:00,367.4677
2012-06-21 22:00:00,339.86313
2012-06-21 23:00:00,300.5594
2012-06-22 00:00:00,242.28809
2012-06-22 01:00:00,253.6223
2012-06-22 02:00:00,163.53809
2012-06-22 03:00:00,163.53809
2012-06-22 04:00:00,226.69762
2012-06-22 05:00:00,232.52403
2012-06-22 06:00:00,218.0055
2012-06-22 07:00:00,311.21317
2012-06-22 08:00:00,310.83844
2012-06-22 09:00:00,352.52646
2012-06-22 10:00:00,411.10138
2012-06-22 11:00:00,349.81628
2012-06-22 12:00:00,327.4632
2012-06-22 13:00:00,356.81958
2012-06-22 14:00:00,356.81958
2012-06-22 15:00:00,364.2166
2012-06-22 16:00:00,355.29648
2012-06-22 17:00:00,407.61685
2012-06-22 18:00:00,346.75375
2012-06-22 19:00:00,372.7619
2012-06-22 20:00:00,372.7619
2012-06-22 21:00:00,251.47374
2012-06-22 22:00:00,209.45116
2012-06-22 23:00:00,170.86897
2012-06-23 00:00:00,85.28429
2012-06-23 01:00:00,118.324196
2012-06-23 02:00:00,125.41845
2012-06-23 03:00:00,102.291565
2012-06-23 04:00:00,117.97288
2012-06-23 05:00:00,125.41845
2012-06-23 06:00:00,86.89942
2012-06-23 07:00:00,102.9738
2012-06-23 08:00:00,233.16849
2012-06-23 09:00:00,309.24304
2012-06-23 10:00:00,355.31726
2012-06-23 11:00:00,448.7372
2012-06-23 12:00:00,467.80722
2012-06-23 13:00:00,448.82852
2012-06-23 14:00:00,480.64307
2012-06-23 15:00:00,455.12335
2012-06-23 16:00:00,440.41272
2012-06-23 17:00:00,445.31107
2012-06-23 18:00:00,443.92438
2012-06-23 19:00:00,443.94003
2012-06-23 20:00:00,462.5695
2012-06-23 21:00:00,453.40033
2012-06-23 22:00:00,458.86313
2012-06-23 23:00:00,437.9251
2012-06-24 00:00:00,350.78766
2012-06-24 01:00:00,309.85028
2012-06-24 02:00:00,353.13535
2012-06-24 03:00:00,219.00064
2012-06-24 04:00:00,234.7822
2012-06-24 05:00:00,171.32973
2012-06-24 06:00:00,221.86972
2012-06-24 07:00:00,162.59685
2012-06-24 08:00:00,285.43326
2012-06-24 09:00:00,361.5821
2012-06-24 10:00:00,472.55338
2012-06-24 11:00:00,460.23322
2012-06-24 12:00:00,468.13156
2012-06-24 13:00:00,476.54004
2012-06-24 14:00:00,452.76404
2012-06-24 15:00:00,434.04404
2012-06-24 16:00:00,449.8128
2012-06-24 17:00:00,454.3151
2012-06-24 18:00:00,465.70026
2012-06-24 19:00:00,497.63583
2012-06-24 20:00:00,487.99835
2012-06-24 21:00:00,372.48312
2012-06-24 22:00:00,331.70865
2012-06-24 23:00:00,311.2561
2012-06-25 00:00:00,320.21027
2012-06-25 01:00:00,273.06644
2012-06-25 02:00:00,244.13309
2012-06-25 03:00:00,253.98015
2012-06-25 04:00:00,185.3738
2012-06-25 05:00:00,185.79187
2012-06-25 06:00:00,153.72739
2012-06-25 07:00:00,201.9889
2012-06-25 08:00:00,224.15785
2012-06-25 09:00:00,262.5077
2012-06-25 10:00:00,328.23312
2012-06-25 11:00:00,395.09607
2012-06-25 12:00:00,399.2131
2012-06-25 13:00:00,383.77557
2012-06-25 14:00:00,388.05975
2012-06-25 15:00:00,446.34274
2012-06-25 16:00:00,398.31152
2012-06-25 17:00:00,372.37347
2012-06-25 18:00:00,414.91733
2012-06-25 19:00:00,418.69974
2012-06-25 20:00:00,438.19907
2012-06-25 21:00:00,398.26917
2012-06-25 22:00:00,422.41064
2012-06-25 23:00:00,414.8241
2012-06-26 00:00:00,415.62762
2012-06-26 01:00:00,412.36603
2012-06-26 02:00:00,333.0366
2012-06-26 03:00:00,308.01437
2012-06-26 04:00:00,303.45517
2012-06-26 05:00:00,276.68896
2012-06-26 06:00:00,256.3956
2012-06-26 07:00:00,254.62802
2012-06-26 08:00:00,292.43195
2012-06-26 09:00:00,322.7408
2012-06-26 10:00:00,387.65765
2012-06-26 11:00:00,417.95654
2012-06-26 12:00:00,430.5099
2012-06-26 13:00:00,438.38684
2012-06-26 14:00:00,438.38684
2012-06-26 15:00:00,436.44968
2012-06-26 16:00:00,410.19348
2012-06-26 17:00:00,420.5739
2012-06-26 18:00:00,396.09338
2012-06-26 19:00:00,377.34125
2012-06-26 20:00:00,384.6407
2012-06-26 21:00:00,397.16864
2012-06-26 22:00:00,402.0421
2012-06-26 23:00:00,355.05063
2012-06-27 00:00:00,390.40314
2012-06-27 01:00:00,358.10727
2012-06-27 02:00:00,293.4427
2012-06-27 03:00:00,288.27307
2012-06-27 04:00:00,397.37415
2012-06-27 05:00:00,382.77264
2012-06-27 06:00:00,332.5123
2012-06-27 07:00:00,372.40878
2012-06-27 08:00:00,381.5189
2012-06-27 09:00:00,399.84393
2012-06-27 10:00:00,402.18723
2012-06-27 11:00:00,385.0133
2012-06-27 12:00:00,372.37866
2012-06-27 13:00:00,368.98495
2012-06-27 14:00:00,369.32315
2012-06-27 15:00:00,395.44556
2012-06-27 16:00:00,368.87695
2012-06-27 17:00:00,373.6918
2012-06-27 18:00:00,368.98495
2012-06-27 19:00:00,376.11853
2012-06-27 20:00:00,373.75656
2012-06-27 21:00:00,363.40103
2012-06-27 22:00:00,341.71463
2012-06-27 23:00:00,326.2702
2012-06-28 00:00:00,291.0401
2012-06-28 01:00:00,235.25847
2012-06-28 02:00:00,282.70508
2012-06-28 03:00:00,282.70508
2012-06-28 04:00:00,230.26404
2012-06-28 05:00:00,246.07747
2012-06-28 06:00:00,246.07747
2012-06-28 07:00:00,230.26404
2012-06-28 08:00:00,308.4379
2012-06-28 09:00:00,317.71777
2012-06-28 10:00:00,362.3239
2012-06-28 11:00:00,366.80945
2012-06-28 12:00:00,354.57333
2012-06-28 13:00:00,359.22726
2012-06-28 14:00:00,352.74728
2012-06-28 15:00:00,352.74728
2012-06-28 16:00:00,349.21878
2012-06-28 17:00:00,348.41895
2012-06-28 18:00:00,355.04523
2012-06-28 19:00:00,355.66895
2012-06-28 20:00:00,363.4935
2012-06-28 21:00:00,345.53937
2012-06-28 22:00:00,340.1568
2012-06-28 23:00:00,332.06772
2012-06-29 00:00:00,332.06772
2012-06-29 01:00:00,337.32422
2012-06-29 02:00:00,321.31595
2012-06-29 03:00:00,321.31595
2012-06-29 04:00:00,251.50345
2012-06-29 05:00:00,249.5715
2012-06-29 06:00:00,271.18195
2012-06-29 07:00:00,249.5715
2012-06-29 08:00:00,275.60034
2012-06-29 09:00:00,328.23312
2012-06-29 10:00:00,363.66232
2012-06-29 11:00:00,420.16196
2012-06-29 12:00:00,427.49768
2012-06-29 13:00:00,356.90912
2012-06-29 14:00:00,366.70648
2012-06-29 15:00:00,355.71533
2012-06-29 16:00:00,355.71533
2012-06-29 17:00:00,360.5362
2012-06-29 18:00:00,339.86664
2012-06-29 19:00:00,364.53516
2012-06-29 20:00:00,379.60693
2012-06-29 21:00:00,391.70895
2012-06-29 22:00:00,341.56863
2012-06-29 23:00:00,341.56863
2012-06-30 00:00:00,120.81
2012-06-30 01:00:00,125.260635
2012-06-30 02:00:00,90.69125
2012-06-30 03:00:00,90.69125
2012-06-30 04:00:00,69.59193
2012-06-30 05:00:00,93.57421
2012-06-30 06:00:00,93.57421
2012-06-30 07:00:00,93.57421
2012-06-30 08:00:00,93.57421
2012-06-30 09:00:00,93.57421
2012-06-30 10:00:00,435.5393
2012-06-30 11:00:00,435.5393
2012-06-30 12:00:00,435.5393
2012-06-30 13:00:00,435.5393
2012-06-30 14:00:00,435.5393
2012-06-30 15:00:00,435.5393
2012-06-30 16:00:00,400.2876
2012-06-30 17:00:00,402.96664
2012-06-30 18:00:00,433.3935
2012-06-30 19:00:00,490.06638
2012-06-30 20:00:00,434.5739
2012-06-30 21:00:00,434.5739
2012-06-30 22:00:00,344.67004
2012-06-30 23:00:00,317.84286
2012-07-20 00:00:00,134.69298
2012-07-20 01:00:00,114.65532
2012-07-20 02:00:00,116.599785
2012-07-20 03:00:00,119.81117
2012-07-20 04:00:00,132.6793
2012-07-20 05:00:00,126.233986
2012-07-20 06:00:00,132.6793
2012-07-20 07:00:00,139.10309
2012-07-20 08:00:00,171.47899
2012-07-20 09:00:00,193.41841
2012-07-20 10:00:00,201.59634
2012-07-20 11:00:00,236.80353
2012-07-20 12:00:00,190.8321
2012-07-20 13:00:00,178.70882
2012-07-20 14:00:00,198.88966
2012-07-20 15:00:00,210.20013
2012-07-20 16:00:00,195.97179
2012-07-20 17:00:00,181.52235
2012-07-20 18:00:00,196.34169
2012-07-20 19:00:00,164.17148
2012-07-20 20:00:00,166.33635
2012-07-20 21:00:00,162.70853
2012-07-20 22:00:00,152.62886
2012-07-20 23:00:00,162.3364
2012-07-21 00:00:00,142.36772
2012-07-21 01:00:00,136.20769
2012-07-21 02:00:00,124.919205
2012-07-21 03:00:00,121.728935
2012-07-21 04:00:00,125.978935
2012-07-21 05:00:00,121.77231
2012-07-21 06:00:00,121.77231
2012-07-21 07:00:00,120.25848
2012-07-21 08:00:00,128.03021
2012-07-21 09:00:00,112.07857
2012-07-21 10:00:00,121.77231
2012-07-21 11:00:00,131.60982
2012-07-21 12:00:00,132.39255
2012-07-21 13:00:00,130.05513
2012-07-21 14:00:00,119.95165
2012-07-21 15:00:00,121.728935
2012-07-21 16:00:00,113.12
2012-07-21 17:00:00,109.36433
2012-07-21 18:00:00,104.08756
2012-07-21 19:00:00,96.515434
2012-07-21 20:00:00,109.36433
2012-07-21 21:00:00,96.515434
2012-07-21 22:00:00,86.01453
2012-07-21 23:00:00,83.11636
2012-07-22 00:00:00,86.01453
2012-07-22 01:00:00,96.515434
2012-07-22 02:00:00,86.01453
2012-07-22 03:00:00,86.01453
2012-07-22 04:00:00,66.113914
2012-07-22 05:00:00,66.113914
2012-07-22 06:00:00,101.72848
2012-07-22 07:00:00,102.34164
2012-07-22 08:00:00,127.94967
2012-07-22 09:00:00,203.58728
2012-07-22 10:00:00,169.55911
2012-07-22 11:00:00,169.55911
2012-07-22 12:00:00,208.14828
2012-07-22 13:00:00,232.28964
2012-07-22 14:00:00,249.4353
2012-07-22 15:00:00,249.4353
2012-07-22 16:00:00,264.74738
2012-07-22 17:00:00,306.97488
2012-07-22 18:00:00,286.7355
2012-07-22 19:00:00,241.97366
2012-07-22 20:00:00,195.83377
2012-07-22 21:00:00,134.45099
2012-07-22 22:00:00,208.0628
2012-07-22 23:00:00,139.12946
2012-07-23 00:00:00,102.57049
2012-07-23 01:00:00,131.7032
2012-07-23 02:00:00,107.42829
2012-07-23 03:00:00,107.42829
2012-07-23 04:00:00,116.25428
2012-07-23 05:00:00,116.25428
2012-07-23 06:00:00,129.65921
2012-07-23 07:00:00,151.69577
2012-07-23 08:00:00,180.81989
2012-07-23 09:00:00,229.64534
2012-07-23 10:00:00,240.50768
2012-07-23 11:00:00,336.10864
2012-07-23 12:00:00,336.10864
2012-07-23 13:00:00,302.37827
2012-07-23 14:00:00,311.06778
2012-07-23 15:00:00,357.675
2012-07-23 16:00:00,340.55176
2012-07-23 17:00:00,340.55176
2012-07-23 18:00:00,318.84406
2012-07-23 19:00:00,387.98114
2012-07-23 20:00:00,303.6517
2012-07-23 21:00:00,319.0129
2012-07-23 22:00:00,301.8125
2012-07-23 23:00:00,257.51965
2012-07-24 00:00:00,199.96945
2012-07-24 01:00:00,169.15411
2012-07-24 02:00:00,138.90485
2012-07-24 03:00:00,138.90485
2012-07-24 04:00:00,118.2265
2012-07-24 05:00:00,122.113686
2012-07-24 06:00:00,129.90472
2012-07-24 07:00:00,209.87614
2012-07-24 08:00:00,261.98578
2012-07-24 09:00:00,308.7807
2012-07-24 10:00:00,418.27856
2012-07-24 11:00:00,416.34082
2012-07-24 12:00:00,376.51587
2012-07-24 13:00:00,413.2655
2012-07-24 14:00:00,391.4425
2012-07-24 15:00:00,400.8625
2012-07-24 16:00:00,405.3895
2012-07-24 17:00:00,407.594
2012-07-24 18:00:00,356.8745
2012-07-24 19:00:00,303.6517
2012-07-24 20:00:00,271.6395
2012-07-24 21:00:00,295.42075
2012-07-24 22:00:00,307.1973
2012-07-24 23:00:00,357.8499
2012-07-25 00:00:00,349.5426
2012-07-25 01:00:00,312.00458
2012-07-25 02:00:00,292.26422
2012-07-25 03:00:00,259.321
2012-07-25 04:00:00,252.52965
2012-07-25 05:00:00,230.15338
2012-07-25 06:00:00,241.65512
2012-07-25 07:00:00,358.08713
2012-07-25 08:00:00,404.95694
2012-07-25 09:00:00,401.53494
2012-07-25 10:00:00,342.74503
2012-07-25 11:00:00,350.6889
2012-07-25 12:00:00,350.6889
2012-07-25 13:00:00,367.74506
2012-07-25 14:00:00,357.10522
2012-07-25 15:00:00,350.36325
2012-07-25 16:00:00,364.1974
2012-07-25 17:00:00,350.18024
2012-07-25 18:00:00,356.34924
2012-07-25 19:00:00,361.6428
2012-07-25 20:00:00,367.5371
2012-07-25 21:00:00,342.98892
2012-07-25 22:00:00,283.2684
2012-07-25 23:00:00,332.40683
2012-07-26 00:00:00,248.76277
2012-07-26 01:00:00,259.321
2012-07-26 02:00:00,245.9487
2012-07-26 03:00:00,235.43365
2012-07-26 04:00:00,193.88405
2012-07-26 05:00:00,193.88405
2012-07-26 06:00:00,185.3738
2012-07-26 07:00:00,241.31479
2012-07-26 08:00:00,238.8234
2012-07-26 09:00:00,227.89998
2012-07-26 10:00:00,273.52155
2012-07-26 11:00:00,368.90045
2012-07-26 12:00:00,407.70297
2012-07-26 13:00:00,423.73483
2012-07-26 14:00:00,386.2649
2012-07-26 15:00:00,387.24017
2012-07-26 16:00:00,384.7296
2012-07-26 17:00:00,427.45682
2012-07-26 18:00:00,386.1001
2012-07-26 19:00:00,398.86
2012-07-26 20:00:00,387.3934
2012-07-26 21:00:00,449.70905
2012-07-26 22:00:00,449.70905
2012-07-26 23:00:00,227.02
2012-07-27 00:00:00,179.06747
2012-07-27 01:00:00,214.89175
2012-07-27 02:00:00,174.11768
2012-07-27 03:00:00,209.87614
2012-07-27 04:00:00,141.24869
2012-07-27 05:00:00,125.143654
2012-07-27 06:00:00,141.24869
2012-07-27 07:00:00,250.48915
2012-07-27 08:00:00,251.63042
2012-07-27 09:00:00,398.3168
2012-07-27 10:00:00,310.09418
2012-07-27 11:00:00,395.11536
2012-07-27 12:00:00,413.23914
2012-07-27 13:00:00,387.76938
2012-07-27 14:00:00,392.5505
2012-07-27 15:00:00,359.28247
2012-07-27 16:00:00,364.93872
2012-07-27 17:00:00,369.06232
2012-07-27 18:00:00,341.55978
2012-07-27 19:00:00,367.4677
2012-07-27 20:00:00,293.90283
2012-07-27 21:00:00,293.90283
2012-07-27 22:00:00,311.11874
2012-07-27 23:00:00,215.19499
2012-07-28 00:00:00,296.64517
2012-07-28 01:00:00,208.08516
2012-07-28 02:00:00,203.31873
2012-07-28 03:00:00,203.31873
2012-07-28 04:00:00,173.09662
2012-07-28 05:00:00,139.12946
2012-07-28 06:00:00,190.25067
2012-07-28 07:00:00,229.42654
2012-07-28 08:00:00,286.7355
2012-07-28 09:00:00,340.5235
2012-07-28 10:00:00,461.9613
2012-07-28 11:00:00,461.88986
2012-07-28 12:00:00,465.48666
2012-07-28 13:00:00,488.0311
2012-07-28 14:00:00,466.2033
2012-07-28 15:00:00,446.92352
2012-07-28 16:00:00,453.0201
2012-07-28 17:00:00,462.64545
2012-07-28 18:00:00,507.59467
2012-07-28 19:00:00,104.26405
2012-07-28 20:00:00,129.84996
2012-07-28 21:00:00,107.263374
2012-07-28 22:00:00,107.263374
2012-07-28 23:00:00,95.81351
2012-07-29 00:00:00,89.49148
2012-07-29 01:00:00,98.95028
2012-07-29 02:00:00,147.71686
2012-07-29 03:00:00,218.42953
2012-07-29 04:00:00,199.30893
2012-07-29 05:00:00,127.22039
2012-07-29 06:00:00,155.34537
2012-07-29 07:00:00,229.34142
2012-07-29 08:00:00,277.5542
2012-07-29 09:00:00,330.34644
2012-07-29 10:00:00,273.34116
2012-07-29 11:00:00,372.48312
2012-07-29 12:00:00,406.66824
2012-07-29 13:00:00,463.7519
2012-07-29 14:00:00,462.59573
2012-07-29 15:00:00,443.931
2012-07-29 16:00:00,443.931
2012-07-29 17:00:00,446.4898
2012-07-29 18:00:00,511.1189
2012-07-29 19:00:00,357.2965
2012-07-29 20:00:00,264.74738
2012-07-29 21:00:00,229.42654
2012-07-29 22:00:00,190.25067
2012-07-29 23:00:00,181.7105
2012-07-30 00:00:00,182.80382
2012-07-30 01:00:00,158.3233
2012-07-30 02:00:00,147.93257
2012-07-30 03:00:00,108.61058
2012-07-30 04:00:00,108.61058
2012-07-30 05:00:00,122.113686
2012-07-30 06:00:00,138.90485
2012-07-30 07:00:00,157.04604
2012-07-30 08:00:00,213.49083
2012-07-30 09:00:00,207.4755
2012-07-30 10:00:00,283.82217
2012-07-30 11:00:00,302.56406
2012-07-30 12:00:00,268.715
2012-07-30 13:00:00,349.81628
2012-07-30 14:00:00,380.65323
2012-07-30 15:00:00,396.8609
2012-07-30 16:00:00,404.86246
2012-07-30 17:00:00,385.80194
2012-07-30 18:00:00,366.37582
2012-07-30 19:00:00,353.58142
2012-07-30 20:00:00,262.06226
2012-07-30 21:00:00,250.48915
2012-07-30 22:00:00,229.71278
2012-07-30 23:00:00,219.32076
2012-07-31 00:00:00,157.96565
2012-07-31 01:00:00,129.90472
2012-07-31 02:00:00,129.90472
2012-07-31 03:00:00,118.2265
2012-07-31 04:00:00,118.2265
2012-07-31 05:00:00,138.90485
2012-07-31 06:00:00,117.40338
2012-07-31 07:00:00,173.21503
2012-07-31 08:00:00,174.11769
2012-07-31 09:00:00,214.89175
2012-07-31 10:00:00,193.21725
2012-07-31 11:00:00,243.49974
2012-07-31 12:00:00,303.8812
2012-07-31 13:00:00,401.4925
2012-07-31 14:00:00,401.4925
2012-07-31 15:00:00,288.3501
2012-07-31 16:00:00,352.52646
2012-07-31 17:00:00,370.68753
2012-07-31 18:00:00,383.91336
2012-07-31 19:00:00,284.25485
2012-07-31 20:00:00,235.48279
2012-07-31 21:00:00,179.73076
2012-07-31 22:00:00,220.96474
2012-07-31 23:00:00,156.78767
2012-08-20 00:00:00,128.93054
2012-08-20 01:00:00,126.586555
2012-08-20 02:00:00,126.586555
2012-08-20 03:00:00,94.76577
2012-08-20 04:00:00,125.66371
2012-08-20 05:00:00,120.12566
2012-08-20 06:00:00,164.42719
2012-08-20 07:00:00,167.96046
2012-08-20 08:00:00,187.57701
2012-08-20 09:00:00,190.56151
2012-08-20 10:00:00,201.99622
2012-08-20 11:00:00,215.44673
2012-08-20 12:00:00,243.8074
2012-08-20 13:00:00,283.2684
2012-08-20 14:00:00,322.54776
2012-08-20 15:00:00,371.1865
2012-08-20 16:00:00,371.1865
2012-08-20 17:00:00,339.66495
2012-08-20 18:00:00,192.33746
2012-08-20 19:00:00,181.27289
2012-08-20 20:00:00,162.3364
2012-08-20 21:00:00,101.67277
2012-08-20 22:00:00,120.12566
2012-08-20 23:00:00,120.12566
2012-08-21 00:00:00,125.66371
2012-08-21 01:00:00,135.7615
2012-08-21 02:00:00,143.38731
2012-08-21 03:00:00,86.30263
2012-08-21 04:00:00,86.30263
2012-08-21 05:00:00,105.79771
2012-08-21 06:00:00,108.748344
2012-08-21 07:00:00,129.20963
2012-08-21 08:00:00,137.87793
2012-08-21 09:00:00,166.24449
2012-08-21 10:00:00,237.6059
2012-08-21 11:00:00,244.83267
2012-08-21 12:00:00,299.0713
2012-08-21 13:00:00,324.5249
2012-08-21 14:00:00,344.65845
2012-08-21 15:00:00,344.5172
2012-08-21 16:00:00,344.5172
2012-08-21 17:00:00,385.53162
2012-08-21 18:00:00,356.74524
2012-08-21 19:00:00,202.6218
2012-08-21 20:00:00,147.44032
2012-08-21 21:00:00,147.44032
2012-08-21 22:00:00,118.50693
2012-08-21 23:00:00,102.52314
2012-08-22 00:00:00,112.98009
2012-08-22 01:00:00,118.2565
2012-08-22 02:00:00,118.2565
2012-08-22 03:00:00,118.2565
2012-08-22 04:00:00,109.93842
2012-08-22 05:00:00,117.12314
2012-08-22 06:00:00,144.53474
2012-08-22 07:00:00,118.2565
2012-08-22 08:00:00,160.53215
2012-08-22 09:00:00,190.76988
2012-08-22 10:00:00,240.99825
2012-08-22 11:00:00,263.42798
2012-08-22 12:00:00,269.0881
2012-08-22 13:00:00,319.8863
2012-08-22 14:00:00,328.85156
2012-08-22 15:00:00,337.00006
2012-08-22 16:00:00,316.11127
2012-08-22 17:00:00,316.11127
2012-08-22 18:00:00,265.34073
2012-08-22 19:00:00,170.86897
2012-08-22 20:00:00,195.24103
2012-08-22 21:00:00,147.44032
2012-08-22 22:00:00,147.44032
2012-08-22 23:00:00,102.094345
2012-08-23 00:00:00,118.50693
2012-08-23 01:00:00,102.52314
2012-08-23 02:00:00,102.523155
2012-08-23 03:00:00,109.60522
2012-08-23 04:00:00,102.52314
2012-08-23 05:00:00,102.52314
2012-08-23 06:00:00,108.670586
2012-08-23 07:00:00,127.554405
2012-08-23 08:00:00,182.79898
2012-08-23 09:00:00,192.3943
2012-08-23 10:00:00,268.46085
2012-08-23 11:00:00,311.3294
2012-08-23 12:00:00,340.54846
2012-08-23 13:00:00,333.18356
2012-08-23 14:00:00,384.21567
2012-08-23 15:00:00,339.48138
2012-08-23 16:00:00,351.06808
2012-08-23 17:00:00,387.458
2012-08-23 18:00:00,377.67105
2012-08-23 19:00:00,291.57712
2012-08-23 20:00:00,249.5715
2012-08-23 21:00:00,264.7538
2012-08-23 22:00:00,246.12425
2012-08-23 23:00:00,192.63362
2012-08-24 00:00:00,192.63362
2012-08-24 01:00:00,173.66121
2012-08-24 02:00:00,168.33014
2012-08-24 03:00:00,147.44032
2012-08-24 04:00:00,173.66121
2012-08-24 05:00:00,118.50693
2012-08-24 06:00:00,121.06754
2012-08-24 07:00:00,147.8431
2012-08-24 08:00:00,170.86897
2012-08-24 09:00:00,235.60686
2012-08-24 10:00:00,292.73688
2012-08-24 11:00:00,308.98523
2012-08-24 12:00:00,328.20563
2012-08-24 13:00:00,370.00494
2012-08-24 14:00:00,330.13687
2012-08-24 15:00:00,325.17316
2012-08-24 16:00:00,325.17316
2012-08-24 17:00:00,352.01865
2012-08-24 18:00:00,286.21878
2012-08-24 19:00:00,291.0011
2012-08-24 20:00:00,268.39917
2012-08-24 21:00:00,271.18195
2012-08-24 22:00:00,228.7778
2012-08-24 23:00:00,208.88486
2012-08-25 00:00:00,271.76138
2012-08-25 01:00:00,210.82541
2012-08-25 02:00:00,157.45877
2012-08-25 03:00:00,165.16505
2012-08-25 04:00:00,194.3285
2012-08-25 05:00:00,174.25601
2012-08-25 06:00:00,141.8485
2012-08-25 07:00:00,149.00815
2012-08-25 08:00:00,206.36237
2012-08-25 09:00:00,254.72696
2012-08-25 10:00:00,295.56082
2012-08-25 11:00:00,334.14542
2012-08-25 12:00:00,356.0789
2012-08-25 13:00:00,403.3299
2012-08-25 14:00:00,262.1317
2012-08-25 15:00:00,206.11766
2012-08-25 16:00:00,215.53256
2012-08-25 17:00:00,214.23004
2012-08-25 18:00:00,245.90681
2012-08-25 19:00:00,172.48813
2012-08-25 20:00:00,143.00833
2012-08-25 21:00:00,172.07639
2012-08-25 22:00:00,172.07639
2012-08-25 23:00:00,136.20769
2012-08-26 00:00:00,119.25236
2012-08-26 01:00:00,100.983345
2012-08-26 02:00:00,117.82616
2012-08-26 03:00:00,125.88792
2012-08-26 04:00:00,110.74969
2012-08-26 05:00:00,100.983345
2012-08-26 06:00:00,135.8699
2012-08-26 07:00:00,100.983345
2012-08-26 08:00:00,189.13913
2012-08-26 09:00:00,176.4414
2012-08-26 10:00:00,345.96396
2012-08-26 11:00:00,350.6411
2012-08-26 12:00:00,266.22617
2012-08-26 13:00:00,191.06322
2012-08-26 14:00:00,78.1381
2012-08-26 15:00:00,133.04459
2012-08-26 16:00:00,133.04459
2012-08-26 17:00:00,109.20575
2012-08-26 18:00:00,90.24337
2012-08-26 19:00:00,105.847916
2012-08-26 20:00:00,93.57421
2012-08-26 21:00:00,96.50001
2012-08-26 22:00:00,72.32663
2012-08-26 23:00:00,86.34987
2012-08-27 00:00:00,102.52314
2012-08-27 01:00:00,94.49209
2012-08-27 02:00:00,104.73539
2012-08-27 03:00:00,94.49208
2012-08-27 04:00:00,102.52314
2012-08-27 05:00:00,88.409225
2012-08-27 06:00:00,88.409225
2012-08-27 07:00:00,108.61058
2012-08-27 08:00:00,118.2265
2012-08-27 09:00:00,122.113686
2012-08-27 10:00:00,217.08717
2012-08-27 11:00:00,283.66638
2012-08-27 12:00:00,222.11046
2012-08-27 13:00:00,322.38556
2012-08-27 14:00:00,314.54025
2012-08-27 15:00:00,405.3895
2012-08-27 16:00:00,387.00937
2012-08-27 17:00:00,374.66565
2012-08-27 18:00:00,385.3253
2012-08-27 19:00:00,273.52155
2012-08-27 20:00:00,261.98578
2012-08-27 21:00:00,239.41354
2012-08-27 22:00:00,173.41582
2012-08-27 23:00:00,162.00111
2012-08-28 00:00:00,192.98941
2012-08-28 01:00:00,148.31056
2012-08-28 02:00:00,182.08023
2012-08-28 03:00:00,114.65532
2012-08-28 04:00:00,129.90472
2012-08-28 05:00:00,136.56256
2012-08-28 06:00:00,119.81117
2012-08-28 07:00:00,140.48953
2012-08-28 08:00:00,137.7559
2012-08-28 09:00:00,201.59633
2012-08-28 10:00:00,324.99994
2012-08-28 11:00:00,378.34998
2012-08-28 12:00:00,404.86246
2012-08-28 13:00:00,386.08377
2012-08-28 14:00:00,372.07886
2012-08-28 15:00:00,363.53812
2012-08-28 16:00:00,367.5351
2012-08-28 17:00:00,405.13754
2012-08-28 18:00:00,385.16498
2012-08-28 19:00:00,360.12592
2012-08-28 20:00:00,312.03485
2012-08-28 21:00:00,303.41385
2012-08-28 22:00:00,244.83267
2012-08-28 23:00:00,223.94846
2012-08-29 00:00:00,168.33014
2012-08-29 01:00:00,200.7974
2012-08-29 02:00:00,172.7924
2012-08-29 03:00:00,161.56842
2012-08-29 04:00:00,197.23286
2012-08-29 05:00:00,190.15167
2012-08-29 06:00:00,190.15167
2012-08-29 07:00:00,206.70557
2012-08-29 08:00:00,261.1056
2012-08-29 09:00:00,346.98456
2012-08-29 10:00:00,346.64886
2012-08-29 11:00:00,299.0713
2012-08-29 12:00:00,329.91425
2012-08-29 13:00:00,316.98813
2012-08-29 14:00:00,334.89404
2012-08-29 15:00:00,374.00427
2012-08-29 16:00:00,357.53317
2012-08-29 17:00:00,370.7058
2012-08-29 18:00:00,364.0575
2012-08-29 19:00:00,334.92557
2012-08-29 20:00:00,223.94846
2012-08-29 21:00:00,273.1907
2012-08-29 22:00:00,235.25847
2012-08-29 23:00:00,222.55875
2012-08-30 00:00:00,166.24449
2012-08-30 01:00:00,185.5838
2012-08-30 02:00:00,144.53474
2012-08-30 03:00:00,144.53474
2012-08-30 04:00:00,144.53474
2012-08-30 05:00:00,144.53474
2012-08-30 06:00:00,126.586555
2012-08-30 07:00:00,147.44032
2012-08-30 08:00:00,188.17355
2012-08-30 09:00:00,223.06154
2012-08-30 10:00:00,250.24258
2012-08-30 11:00:00,334.89404
2012-08-30 12:00:00,343.46524
2012-08-30 13:00:00,319.8863
2012-08-30 14:00:00,337.00006
2012-08-30 15:00:00,346.59
2012-08-30 16:00:00,348.89127
2012-08-30 17:00:00,364.55698
2012-08-30 18:00:00,348.39645
2012-08-30 19:00:00,337.00006
2012-08-30 20:00:00,311.21317
2012-08-30 21:00:00,245.79321
2012-08-30 22:00:00,168.54303
2012-08-30 23:00:00,188.67279
2012-08-31 00:00:00,151.24356
2012-08-31 01:00:00,151.24356
2012-08-31 02:00:00,114.65533
2012-08-31 03:00:00,106.37151
2012-08-31 04:00:00,108.92911
2012-08-31 05:00:00,117.40338
2012-08-31 06:00:00,128.0049
2012-08-31 07:00:00,112.104645
2012-08-31 08:00:00,180.01251
2012-08-31 09:00:00,186.91014
2012-08-31 10:00:00,262.13513
2012-08-31 11:00:00,353.53983
2012-08-31 12:00:00,357.48593
2012-08-31 13:00:00,351.02313
2012-08-31 14:00:00,353.55325
2012-08-31 15:00:00,352.2025
2012-08-31 16:00:00,354.66742
2012-08-31 17:00:00,348.0176
2012-08-31 18:00:00,356.5651
2012-08-31 19:00:00,335.69196
2012-08-31 20:00:00,335.69196
2012-08-31 21:00:00,335.5951
2012-08-31 22:00:00,335.5951
2012-08-31 23:00:00,258.50214
2012-09-20 00:00:00,180.15196
2012-09-20 01:00:00,139.88129
2012-09-20 02:00:00,136.24202
2012-09-20 03:00:00,108.73626
2012-09-20 04:00:00,119.07363
2012-09-20 05:00:00,119.07363
2012-09-20 06:00:00,108.73626
2012-09-20 07:00:00,102.076035
2012-09-20 08:00:00,163.7988
2012-09-20 09:00:00,216.87361
2012-09-20 10:00:00,255.34332
2012-09-20 11:00:00,302.31262
2012-09-20 12:00:00,341.47278
2012-09-20 13:00:00,336.3944
2012-09-20 14:00:00,356.5855
2012-09-20 15:00:00,357.24396
2012-09-20 16:00:00,339.59067
2012-09-20 17:00:00,357.51794
2012-09-20 18:00:00,317.07605
2012-09-20 19:00:00,256.45648
2012-09-20 20:00:00,210.74582
2012-09-20 21:00:00,222.475
2012-09-20 22:00:00,145.31818
2012-09-20 23:00:00,174.71814
2012-09-21 00:00:00,157.71645
2012-09-21 01:00:00,132.45618
2012-09-21 02:00:00,132.45618
2012-09-21 03:00:00,120.89348
2012-09-21 04:00:00,114.05184
2012-09-21 05:00:00,100.3273
2012-09-21 06:00:00,120.89348
2012-09-21 07:00:00,114.902245
2012-09-21 08:00:00,153.36578
2012-09-21 09:00:00,191.39096
2012-09-21 10:00:00,271.90335
2012-09-21 11:00:00,311.727
2012-09-21 12:00:00,297.39362
2012-09-21 13:00:00,317.71777
2012-09-21 14:00:00,361.51874
2012-09-21 15:00:00,350.8517
2012-09-21 16:00:00,334.92557
2012-09-21 17:00:00,334.15784
2012-09-21 18:00:00,294.24033
2012-09-21 19:00:00,262.86746
2012-09-21 20:00:00,215.06178
2012-09-21 21:00:00,203.75482
2012-09-21 22:00:00,190.15167
2012-09-21 23:00:00,216.20049
2012-09-22 00:00:00,183.61267
2012-09-22 01:00:00,141.44638
2012-09-22 02:00:00,116.82946
2012-09-22 03:00:00,136.4388
2012-09-22 04:00:00,136.4388
2012-09-22 05:00:00,154.1215
2012-09-22 06:00:00,142.58757
2012-09-22 07:00:00,136.60855
2012-09-22 08:00:00,188.57082
2012-09-22 09:00:00,219.36105
2012-09-22 10:00:00,282.68954
2012-09-22 11:00:00,351.84058
2012-09-22 12:00:00,392.93616
2012-09-22 13:00:00,419.95105
2012-09-22 14:00:00,465.27914
2012-09-22 15:00:00,450.6667
2012-09-22 16:00:00,420.532
2012-09-22 17:00:00,420.532
2012-09-22 18:00:00,387.0345
2012-09-22 19:00:00,321.48312
2012-09-22 20:00:00,367.4715
2012-09-22 21:00:00,329.58194
2012-09-22 22:00:00,303.40814
2012-09-22 23:00:00,364.50064
2012-09-23 00:00:00,563.53564
2012-09-23 01:00:00,337.57794
2012-09-23 02:00:00,382.69614
2012-09-23 03:00:00,286.16562
2012-09-23 04:00:00,293.07312
2012-09-23 05:00:00,261.76285
2012-09-23 06:00:00,234.16093
2012-09-23 07:00:00,269.0234
2012-09-23 08:00:00,276.62973
2012-09-23 09:00:00,318.22498
2012-09-23 10:00:00,415.85138
2012-09-23 11:00:00,427.3829
2012-09-23 12:00:00,460.8137
2012-09-23 13:00:00,545.80835
2012-09-23 14:00:00,553.37427
2012-09-23 15:00:00,570.36005
2012-09-23 16:00:00,540.98895
2012-09-23 17:00:00,488.98456
2012-09-23 18:00:00,495.41327
2012-09-23 19:00:00,434.15854
2012-09-23 20:00:00,434.15854
2012-09-23 21:00:00,379.47818
2012-09-23 22:00:00,399.84396
2012-09-23 23:00:00,317.15906
2012-09-24 00:00:00,283.38358
2012-09-24 01:00:00,268.47824
2012-09-24 02:00:00,308.83087
2012-09-24 03:00:00,285.71646
2012-09-24 04:00:00,260.65494
2012-09-24 05:00:00,291.56766
2012-09-24 06:00:00,311.17804
2012-09-24 07:00:00,268.47824
2012-09-24 08:00:00,325.1078
2012-09-24 09:00:00,345.79767
2012-09-24 10:00:00,367.37128
2012-09-24 11:00:00,426.0284
2012-09-24 12:00:00,405.67102
2012-09-24 13:00:00,442.1839
2012-09-24 14:00:00,416.64746
2012-09-24 15:00:00,416.84738
2012-09-24 16:00:00,425.09796
2012-09-24 17:00:00,413.09628
2012-09-24 18:00:00,415.10034
2012-09-24 19:00:00,393.17804
2012-09-24 20:00:00,344.0775
2012-09-24 21:00:00,341.0689
2012-09-24 22:00:00,334.58807
2012-09-24 23:00:00,288.01776
2012-09-25 00:00:00,267.26508
2012-09-25 01:00:00,234.32678
2012-09-25 02:00:00,188.52357
2012-09-25 03:00:00,233.89905
2012-09-25 04:00:00,232.0749
2012-09-25 05:00:00,194.90692
2012-09-25 06:00:00,191.69678
2012-09-25 07:00:00,191.41878
2012-09-25 08:00:00,272.15836
2012-09-25 09:00:00,326.3321
2012-09-25 10:00:00,336.54416
2012-09-25 11:00:00,420.25488
2012-09-25 12:00:00,445.96326
2012-09-25 13:00:00,444.91428
2012-09-25 14:00:00,460.48645
2012-09-25 15:00:00,450.6491
2012-09-25 16:00:00,467.08594
2012-09-25 17:00:00,469.6882
2012-09-25 18:00:00,467.97122
2012-09-25 19:00:00,422.06927
2012-09-25 20:00:00,371.09158
2012-09-25 21:00:00,371.09158
2012-09-25 22:00:00,376.59073
2012-09-25 23:00:00,359.34982
2012-09-26 00:00:00,301.04077
2012-09-26 01:00:00,287.90384
2012-09-26 02:00:00,304.0721
2012-09-26 03:00:00,304.0721
2012-09-26 04:00:00,265.3233
2012-09-26 05:00:00,268.7185
2012-09-26 06:00:00,263.5497
2012-09-26 07:00:00,230.70547
2012-09-26 08:00:00,251.49721
2012-09-26 09:00:00,327.96054
2012-09-26 10:00:00,282.1275
2012-09-26 11:00:00,364.5324
2012-09-26 12:00:00,379.4098
2012-09-26 13:00:00,411.9763
2012-09-26 14:00:00,484.33603
2012-09-26 15:00:00,483.0854
2012-09-26 16:00:00,494.3275
2012-09-26 17:00:00,483.0854
2012-09-26 18:00:00,475.87982
2012-09-26 19:00:00,407.6336
2012-09-26 20:00:00,311.25885
2012-09-26 21:00:00,337.86316
2012-09-26 22:00:00,337.2096
2012-09-26 23:00:00,280.34213
2012-09-27 00:00:00,219.9769
2012-09-27 01:00:00,219.9769
2012-09-27 02:00:00,219.9769
2012-09-27 03:00:00,216.19717
2012-09-27 04:00:00,141.61151
2012-09-27 05:00:00,180.27557
2012-09-27 06:00:00,156.42926
2012-09-27 07:00:00,216.19717
2012-09-27 08:00:00,274.67044
2012-09-27 09:00:00,303.1425
2012-09-27 10:00:00,432.1531
2012-09-27 11:00:00,416.1852
2012-09-27 12:00:00,419.4391
2012-09-27 13:00:00,390.1076
2012-09-27 14:00:00,430.3152
2012-09-27 15:00:00,426.76596
2012-09-27 16:00:00,403.2355
2012-09-27 17:00:00,323.226
2012-09-27 18:00:00,329.97186
2012-09-27 19:00:00,321.12827
2012-09-27 20:00:00,327.71674
2012-09-27 21:00:00,255.26105
2012-09-27 22:00:00,255.26105
2012-09-27 23:00:00,267.70764
2012-09-28 00:00:00,236.35202
2012-09-28 01:00:00,216.12204
2012-09-28 02:00:00,213.42186
2012-09-28 03:00:00,231.2853
2012-09-28 04:00:00,221.66614
2012-09-28 05:00:00,150.72313
2012-09-28 06:00:00,152.88747
2012-09-28 07:00:00,146.81589
2012-09-28 08:00:00,188.4856
2012-09-28 09:00:00,224.90344
2012-09-28 10:00:00,267.89804
2012-09-28 11:00:00,308.6191
2012-09-28 12:00:00,423.46075
2012-09-28 13:00:00,437.53766
2012-09-28 14:00:00,423.46075
2012-09-28 15:00:00,406.13324
2012-09-28 16:00:00,421.07172
2012-09-28 17:00:00,389.82562
2012-09-28 18:00:00,413.27515
2012-09-28 19:00:00,378.167
2012-09-28 20:00:00,374.99197
2012-09-28 21:00:00,372.68396
2012-09-28 22:00:00,365.7714
2012-09-28 23:00:00,349.6112
2012-09-29 00:00:00,310.94006
2012-09-29 01:00:00,310.94006
2012-09-29 02:00:00,346.1682
2012-09-29 03:00:00,318.1033
2012-09-29 04:00:00,304.5885
2012-09-29 05:00:00,269.15955
2012-09-29 06:00:00,264.06528
2012-09-29 07:00:00,226.5835
2012-09-29 08:00:00,231.83064
2012-09-29 09:00:00,269.15955
2012-09-29 10:00:00,339.9454
2012-09-29 11:00:00,378.8124
2012-09-29 12:00:00,530.61383
2012-09-29 13:00:00,530.61383
2012-09-29 14:00:00,544.3169
2012-09-29 15:00:00,526.6435
2012-09-29 16:00:00,547.52716
2012-09-29 17:00:00,514.73553
2012-09-29 18:00:00,432.28345
2012-09-29 19:00:00,331.2473
2012-09-29 20:00:00,331.54965
2012-09-29 21:00:00,330.4067
2012-09-29 22:00:00,271.97006
2012-09-29 23:00:00,296.2618
2012-09-30 00:00:00,321.14624
2012-09-30 01:00:00,321.14624
2012-09-30 02:00:00,287.11002
2012-09-30 03:00:00,236.55585
2012-09-30 04:00:00,236.55585
2012-09-30 05:00:00,215.74088
2012-09-30 06:00:00,200.40082
2012-09-30 07:00:00,166.7899
2012-09-30 08:00:00,242.7661
2012-09-30 09:00:00,279.8246
2012-09-30 10:00:00,448.68042
2012-09-30 11:00:00,525.4609
2012-09-30 12:00:00,530.61383
2012-09-30 13:00:00,547.52716
2012-09-30 14:00:00,547.52716
2012-09-30 15:00:00,582.334
2012-09-30 16:00:00,584.54694
2012-09-30 17:00:00,566.0405
2012-09-30 18:00:00,279.3344
2012-09-30 19:00:00,278.7901
2012-09-30 20:00:00,278.7901
2012-09-30 21:00:00,252.64304
2012-09-30 22:00:00,220.5125
2012-09-30 23:00:00,207.2798
2012-10-20 00:00:00,134.49362
2012-10-20 01:00:00,204.69339
2012-10-20 02:00:00,158.16235
2012-10-20 03:00:00,144.8873
2012-10-20 04:00:00,215.74088
2012-10-20 05:00:00,99.71016
2012-10-20 06:00:00,219.249
2012-10-20 07:00:00,99.71016
2012-10-20 08:00:00,236.51405
2012-10-20 09:00:00,295.08063
2012-10-20 10:00:00,351.4282
2012-10-20 11:00:00,371.6776
2012-10-20 12:00:00,429.84802
2012-10-20 13:00:00,459.63715
2012-10-20 14:00:00,486.5043
2012-10-20 15:00:00,465.93848
2012-10-20 16:00:00,425.51337
2012-10-20 17:00:00,492.40796
2012-10-20 18:00:00,457.9939
2012-10-20 19:00:00,391.45465
2012-10-20 20:00:00,438.45682
2012-10-20 21:00:00,346.40375
2012-10-20 22:00:00,311.85675
2012-10-20 23:00:00,302.2913
2012-10-21 00:00:00,288.7786
2012-10-21 01:00:00,245.31963
2012-10-21 02:00:00,224.53671
2012-10-21 03:00:00,202.89435
2012-10-21 04:00:00,133.58102
2012-10-21 05:00:00,202.89435
2012-10-21 06:00:00,273.38712
2012-10-21 07:00:00,273.38712
2012-10-21 08:00:00,249.08917
2012-10-21 09:00:00,295.48117
2012-10-21 10:00:00,345.10004
2012-10-21 11:00:00,374.24426
2012-10-21 12:00:00,428.37503
2012-10-21 13:00:00,496.86884
2012-10-21 14:00:00,523.0074
2012-10-21 15:00:00,477.8873
2012-10-21 16:00:00,492.40796
2012-10-21 17:00:00,443.70245
2012-10-21 18:00:00,462.06778
2012-10-21 19:00:00,416.25775
2012-10-21 20:00:00,383.67456
2012-10-21 21:00:00,277.21722
2012-10-21 22:00:00,323.64545
2012-10-21 23:00:00,333.0569
2012-10-22 00:00:00,279.11752
2012-10-22 01:00:00,228.29558
2012-10-22 02:00:00,207.68521
2012-10-22 03:00:00,279.11752
2012-10-22 04:00:00,250.48074
2012-10-22 05:00:00,154.02911
2012-10-22 06:00:00,138.91121
2012-10-22 07:00:00,246.96391
2012-10-22 08:00:00,264.1995
2012-10-22 09:00:00,287.19415
2012-10-22 10:00:00,333.31757
2012-10-22 11:00:00,423.9211
2012-10-22 12:00:00,417.38068
2012-10-22 13:00:00,442.2179
2012-10-22 14:00:00,440.8324
2012-10-22 15:00:00,442.68402
2012-10-22 16:00:00,449.37494
2012-10-22 17:00:00,424.98584
2012-10-22 18:00:00,306.1314
2012-10-22 19:00:00,344.0775
2012-10-22 20:00:00,315.6958
2012-10-22 21:00:00,271.8507
2012-10-22 22:00:00,180.28525
2012-10-22 23:00:00,179.31108
2012-10-23 00:00:00,152.44284
2012-10-23 01:00:00,207.62671
2012-10-23 02:00:00,142.9512
2012-10-23 03:00:00,202.70404
2012-10-23 04:00:00,192.73048
2012-10-23 05:00:00,208.5937
2012-10-23 06:00:00,138.80719
2012-10-23 07:00:00,238.72269
2012-10-23 08:00:00,270.22003
2012-10-23 09:00:00,281.31873
2012-10-23 10:00:00,321.58047
2012-10-23 11:00:00,346.67078
2012-10-23 12:00:00,372.04773
2012-10-23 13:00:00,385.42307
2012-10-23 14:00:00,467.58463
2012-10-23 15:00:00,486.1149
2012-10-23 16:00:00,409.40604
2012-10-23 17:00:00,421.41547
2012-10-23 18:00:00,356.94287
2012-10-23 19:00:00,348.10205
2012-10-23 20:00:00,315.95538
2012-10-23 21:00:00,275.5379
2012-10-23 22:00:00,286.8189
2012-10-23 23:00:00,249.26324
2012-10-24 00:00:00,244.97476
2012-10-24 01:00:00,273.6428
2012-10-24 02:00:00,273.6428
2012-10-24 03:00:00,215.95985
2012-10-24 04:00:00,215.95985
2012-10-24 05:00:00,177.90262
2012-10-24 06:00:00,185.33817
2012-10-24 07:00:00,147.3
2012-10-24 08:00:00,216.91989
2012-10-24 09:00:00,251.70654
2012-10-24 10:00:00,275.5987
2012-10-24 11:00:00,299.91946
2012-10-24 12:00:00,332.13666
2012-10-24 13:00:00,346.88425
2012-10-24 14:00:00,441.26562
2012-10-24 15:00:00,437.39777
2012-10-24 16:00:00,437.93298
2012-10-24 17:00:00,372.68164
2012-10-24 18:00:00,390.01593
2012-10-24 19:00:00,351.97043
2012-10-24 20:00:00,346.881
2012-10-24 21:00:00,348.81497
2012-10-24 22:00:00,338.0667
2012-10-24 23:00:00,309.15588
2012-10-25 00:00:00,335.10788
2012-10-25 01:00:00,277.34818
2012-10-25 02:00:00,214.0087
2012-10-25 03:00:00,187.99353
2012-10-25 04:00:00,185.35245
2012-10-25 05:00:00,189.06438
2012-10-25 06:00:00,189.87607
2012-10-25 07:00:00,189.87607
2012-10-25 08:00:00,227.86111
2012-10-25 09:00:00,223.16171
2012-10-25 10:00:00,226.22145
2012-10-25 11:00:00,218.72342
2012-10-25 12:00:00,252.41824
2012-10-25 13:00:00,244.65459
2012-10-25 14:00:00,272.5043
2012-10-25 15:00:00,318.8121
2012-10-25 16:00:00,302.73944
2012-10-25 17:00:00,302.73944
2012-10-25 18:00:00,186.69637
2012-10-25 19:00:00,201.3995
2012-10-25 20:00:00,187.99353
2012-10-25 21:00:00,187.99353
2012-10-25 22:00:00,214.79115
2012-10-25 23:00:00,226.22147
2012-10-26 00:00:00,249.1951
2012-10-26 01:00:00,181.97325
2012-10-26 02:00:00,185.35245
2012-10-26 03:00:00,189.06438
2012-10-26 04:00:00,189.06438
2012-10-26 05:00:00,185.35245
2012-10-26 06:00:00,181.97325
2012-10-26 07:00:00,185.35245
2012-10-26 08:00:00,193.72183
2012-10-26 09:00:00,193.72183
2012-10-26 10:00:00,186.77438
2012-10-26 11:00:00,266.40836
2012-10-26 12:00:00,297.82343
2012-10-26 13:00:00,316.93973
2012-10-26 14:00:00,338.0667
2012-10-26 15:00:00,348.81497
2012-10-26 16:00:00,297.92056
2012-10-26 17:00:00,279.07248
2012-10-26 18:00:00,259.56177
2012-10-26 19:00:00,232.9708
2012-10-26 20:00:00,232.9708
2012-10-26 21:00:00,264.20886
2012-10-26 22:00:00,224.38509
2012-10-26 23:00:00,193.74081
2012-10-27 00:00:00,116.00423
2012-10-27 01:00:00,130.67136
2012-10-27 02:00:00,149.39119
2012-10-27 03:00:00,127.91564
2012-10-27 04:00:00,138.9017
2012-10-27 05:00:00,177.95938
2012-10-27 06:00:00,177.95938
2012-10-27 07:00:00,153.85893
2012-10-27 08:00:00,185.42702
2012-10-27 09:00:00,185.42702
2012-10-27 10:00:00,223.0929
2012-10-27 11:00:00,295.36047
2012-10-27 12:00:00,433.69135
2012-10-27 13:00:00,526.6435
2012-10-27 14:00:00,499.87628
2012-10-27 15:00:00,319.32236
2012-10-27 16:00:00,296.5702
2012-10-27 17:00:00,296.5702
2012-10-27 18:00:00,296.5702
2012-10-27 19:00:00,246.75217
2012-10-27 20:00:00,246.75217
2012-10-27 21:00:00,246.75217
2012-10-27 22:00:00,235.15125
2012-10-27 23:00:00,237.16702
2012-10-28 00:00:00,248.85394
2012-10-28 01:00:00,218.93704
2012-10-28 02:00:00,233.70345
2012-10-28 03:00:00,254.31503
2012-10-28 04:00:00,249.67603
2012-10-28 05:00:00,258.86942
2012-10-28 06:00:00,272.45074
2012-10-28 07:00:00,277.33136
2012-10-28 08:00:00,267.66675
2012-10-28 09:00:00,281.72244
2012-10-28 10:00:00,296.58792
2012-10-28 11:00:00,311.1527
2012-10-28 12:00:00,266.68726
2012-10-28 13:00:00,260.2303
2012-10-28 14:00:00,269.4848
2012-10-28 15:00:00,258.81348
2012-10-28 16:00:00,236.5704
2012-10-28 17:00:00,191.72623
2012-10-28 18:00:00,113.44301
2012-10-28 19:00:00,136.63092
2012-10-28 20:00:00,117.66905
2012-10-28 21:00:00,156.31818
2012-10-28 22:00:00,159.5692
2012-10-28 23:00:00,136.63092
2012-10-29 00:00:00,170.49219
2012-10-30 13:00:00,86.88213
2012-10-30 14:00:00,86.88213
2012-10-30 15:00:00,116.036995
2012-10-30 16:00:00,116.036995
2012-10-30 17:00:00,125.37542
2012-10-30 18:00:00,147.89052
2012-10-30 19:00:00,295.82928
2012-10-30 20:00:00,141.93971
2012-10-30 21:00:00,142.32321
2012-10-30 22:00:00,144.93387
2012-10-30 23:00:00,144.93387
2012-10-31 00:00:00,142.74316
2012-10-31 01:00:00,140.78287
2012-10-31 02:00:00,145.2876
2012-10-31 03:00:00,142.74316
2012-10-31 04:00:00,141.49782
2012-10-31 05:00:00,145.2876
2012-10-31 06:00:00,148.12347
2012-10-31 07:00:00,146.69865
2012-10-31 08:00:00,143.9347
2012-10-31 09:00:00,145.66344
2012-10-31 10:00:00,176.1981
2012-10-31 11:00:00,204.21239
2012-10-31 12:00:00,282.06653
2012-10-31 13:00:00,297.30768
2012-10-31 14:00:00,296.0852
2012-10-31 15:00:00,309.43146
2012-10-31 16:00:00,291.43655
2012-10-31 17:00:00,301.8849
2012-10-31 18:00:00,301.8849
2012-10-31 19:00:00,303.75235
2012-10-31 20:00:00,303.75235
2012-10-31 21:00:00,303.75235
2012-10-31 22:00:00,275.419
2012-10-31 23:00:00,282.29745
2012-11-20 00:00:00,153.96504
2012-11-20 01:00:00,191.00874
2012-11-20 02:00:00,142.88136
2012-11-20 03:00:00,165.84366
2012-11-20 04:00:00,191.12433
2012-11-20 05:00:00,201.51566
2012-11-20 06:00:00,171.07771
2012-11-20 07:00:00,137.04979
2012-11-20 08:00:00,153.27058
2012-11-20 09:00:00,214.75647
2012-11-20 10:00:00,282.3322
2012-11-20 11:00:00,283.26443
2012-11-20 12:00:00,285.15793
2012-11-20 13:00:00,330.51587
2012-11-20 14:00:00,320.02722
2012-11-20 15:00:00,331.4706
2012-11-20 16:00:00,303.79837
2012-11-20 17:00:00,240.92313
2012-11-20 18:00:00,282.3322
2012-11-20 19:00:00,257.04852
2012-11-20 20:00:00,186.71857
2012-11-20 21:00:00,183.76462
2012-11-20 22:00:00,183.76462
2012-11-20 23:00:00,138.576
2012-11-21 00:00:00,120.52053
2012-11-21 01:00:00,138.576
2012-11-21 02:00:00,138.11609
2012-11-21 03:00:00,138.11609
2012-11-21 04:00:00,138.11609
2012-11-21 05:00:00,138.11609
2012-11-21 06:00:00,137.03175
2012-11-21 07:00:00,136.73907
2012-11-21 08:00:00,140.6257
2012-11-21 09:00:00,137.04979
2012-11-21 10:00:00,263.49603
2012-11-21 11:00:00,305.77563
2012-11-21 12:00:00,344.32452
2012-11-21 13:00:00,347.81857
2012-11-21 14:00:00,374.00653
2012-11-21 15:00:00,361.50925
2012-11-21 16:00:00,370.4352
2012-11-21 17:00:00,334.66843
2012-11-21 18:00:00,346.275
2012-11-21 19:00:00,304.9419
2012-11-21 20:00:00,242.39984
2012-11-21 21:00:00,309.70715
2012-11-21 22:00:00,300.79123
2012-11-21 23:00:00,227.33064
2012-11-22 00:00:00,92.62389
2012-11-22 01:00:00,64.49686
2012-11-22 02:00:00,34.658028
2012-11-22 03:00:00,35.920578
2012-11-22 04:00:00,27.720482
2012-11-22 05:00:00,35.920578
2012-11-22 06:00:00,46.489002
2012-11-22 07:00:00,27.485844
2012-11-22 08:00:00,34.676727
2012-11-22 09:00:00,87.65404
2012-11-22 10:00:00,234.77484
2012-11-22 11:00:00,389.965
2012-11-22 12:00:00,442.27267
2012-11-22 13:00:00,479.8735
2012-11-22 14:00:00,506.4529
2012-11-22 15:00:00,506.4529
2012-11-22 16:00:00,469.18118
2012-11-22 17:00:00,442.27267
2012-11-22 18:00:00,352.3338
2012-11-22 19:00:00,103.03775
2012-11-22 20:00:00,102.07871
2012-11-22 21:00:00,169.87004
2012-11-22 22:00:00,153.08772
2012-11-22 23:00:00,67.94425
2012-11-23 00:00:00,121.06783
2012-11-23 01:00:00,138.09465
2012-11-23 02:00:00,128.81248
2012-11-23 03:00:00,94.17951
2012-11-23 04:00:00,123.613846
2012-11-23 05:00:00,98.04034
2012-11-23 06:00:00,98.04034
2012-11-23 07:00:00,98.04034
2012-11-23 08:00:00,129.41821
2012-11-23 09:00:00,135.39679
2012-11-23 10:00:00,214.4156
2012-11-23 11:00:00,305.77563
2012-11-23 12:00:00,334.808
2012-11-23 13:00:00,344.16614
2012-11-23 14:00:00,373.04254
2012-11-23 15:00:00,349.11646
2012-11-23 16:00:00,355.7547
2012-11-23 17:00:00,356.54565
2012-11-23 18:00:00,341.9355
2012-11-23 19:00:00,340.53973
2012-11-23 20:00:00,346.6383
2012-11-23 21:00:00,312.16354
2012-11-23 22:00:00,387.96805
2012-11-23 23:00:00,343.0511
2012-11-24 00:00:00,329.5495
2012-11-24 01:00:00,258.84164
2012-11-24 02:00:00,265.89212
2012-11-24 03:00:00,195.30443
2012-11-24 04:00:00,166.65979
2012-11-24 05:00:00,151.64204
2012-11-24 06:00:00,103.75505
2012-11-24 07:00:00,142.00627
2012-11-24 08:00:00,140.4371
2012-11-24 09:00:00,157.19452
2012-11-24 10:00:00,122.913666
2012-11-24 11:00:00,168.92397
2012-11-24 12:00:00,221.71498
2012-11-24 13:00:00,259.6715
2012-11-24 14:00:00,291.9552
2012-11-24 15:00:00,262.9422
2012-11-24 16:00:00,218.5367
2012-11-24 17:00:00,167.48889
2012-11-24 18:00:00,185.5563
2012-11-24 19:00:00,142.55458
2012-11-24 20:00:00,103.755035
2012-11-24 21:00:00,106.34323
2012-11-24 22:00:00,110.707436
2012-11-24 23:00:00,106.34323
2012-11-25 00:00:00,84.562035
2012-11-25 01:00:00,95.5035
2012-11-25 02:00:00,100.14451
2012-11-25 03:00:00,138.21417
2012-11-25 04:00:00,138.21417
2012-11-25 05:00:00,83.84612
2012-11-25 06:00:00,97.16939
2012-11-25 07:00:00,80.10333
2012-11-25 08:00:00,75.82032
2012-11-25 09:00:00,98.628
2012-11-25 10:00:00,99.527374
2012-11-25 11:00:00,149.93535
2012-11-25 12:00:00,149.93535
2012-11-25 13:00:00,161.39766
2012-11-25 14:00:00,188.38834
2012-11-25 15:00:00,195.96638
2012-11-25 16:00:00,213.69174
2012-11-25 17:00:00,183.19028
2012-11-25 18:00:00,134.58899
2012-11-25 19:00:00,226.3796
2012-11-25 20:00:00,58.36361
2012-11-25 21:00:00,179.12738
2012-11-25 22:00:00,58.36361
2012-11-25 23:00:00,54.493145
2012-11-26 00:00:00,74.12667
2012-11-26 01:00:00,65.8895
2012-11-26 02:00:00,65.8895
2012-11-26 03:00:00,65.8895
2012-11-26 04:00:00,74.12667
2012-11-26 05:00:00,113.373505
2012-11-26 06:00:00,74.12667
2012-11-26 07:00:00,81.72113
2012-11-26 08:00:00,81.72113
2012-11-26 09:00:00,190.72385
2012-11-26 10:00:00,288.6135
2012-11-26 11:00:00,319.62708
2012-11-26 12:00:00,348.9211
2012-11-26 13:00:00,348.9211
2012-11-26 14:00:00,321.6923
2012-11-26 15:00:00,341.2505
2012-11-26 16:00:00,336.99216
2012-11-26 17:00:00,317.55182
2012-11-26 18:00:00,296.02216
2012-11-26 19:00:00,292.82593
2012-11-26 20:00:00,300.79123
2012-11-26 21:00:00,300.79123
2012-11-26 22:00:00,227.33067
2012-11-26 23:00:00,190.38376
2012-11-27 00:00:00,193.13678
2012-11-27 01:00:00,164.19008
2012-11-27 02:00:00,161.7863
2012-11-27 03:00:00,172.77028
2012-11-27 04:00:00,137.16658
2012-11-27 05:00:00,136.2383
2012-11-27 06:00:00,146.7132
2012-11-27 07:00:00,144.38046
2012-11-27 08:00:00,148.93361
2012-11-27 09:00:00,146.929
2012-11-27 10:00:00,147.83041
2012-11-27 11:00:00,99.4108
2012-11-27 12:00:00,68.58507
2012-11-27 13:00:00,107.88765
2012-11-27 14:00:00,76.5449
2012-11-27 15:00:00,119.12792
2012-11-27 16:00:00,119.12792
2012-11-27 17:00:00,100.878365
2012-11-27 18:00:00,91.07949
2012-11-27 19:00:00,112.564606
2012-11-27 20:00:00,99.27668
2012-11-27 21:00:00,106.805824
2012-11-27 22:00:00,133.30063
2012-11-27 23:00:00,109.43231
2012-11-28 00:00:00,110.12876
2012-11-28 01:00:00,121.992546
2012-11-28 02:00:00,121.992546
2012-11-28 03:00:00,125.27712
2012-11-28 04:00:00,127.28895
2012-11-28 05:00:00,129.2958
2012-11-28 06:00:00,128.72408
2012-11-28 07:00:00,153.69482
2012-11-28 08:00:00,108.99568
2012-11-28 09:00:00,182.65846
2012-11-28 10:00:00,269.34872
2012-11-28 11:00:00,278.04034
2012-11-28 12:00:00,279.1233
2012-11-28 13:00:00,275.68658
2012-11-28 14:00:00,275.09384
2012-11-28 15:00:00,305.5869
2012-11-28 16:00:00,311.4149
2012-11-28 17:00:00,288.79095
2012-11-28 18:00:00,276.1219
2012-11-28 19:00:00,272.18985
2012-11-28 20:00:00,290.71912
2012-11-28 21:00:00,259.7922
2012-11-28 22:00:00,221.21786
2012-11-28 23:00:00,190.44092
2012-11-29 00:00:00,120.80021
2012-11-29 01:00:00,103.304825
2012-11-29 02:00:00,70.95882
2012-11-29 04:00:00,108.46729
2012-11-29 05:00:00,65.8895
2012-11-29 06:00:00,74.12667
2012-11-29 07:00:00,61.233784
2012-11-29 08:00:00,103.24987
2012-11-29 09:00:00,95.598656
2012-11-29 10:00:00,136.38156
2012-11-29 11:00:00,290.40475
2012-11-29 12:00:00,302.86777
2012-11-29 13:00:00,337.13837
2012-11-29 14:00:00,276.37222
2012-11-29 15:00:00,267.13467
2012-11-29 16:00:00,281.21695
2012-11-29 17:00:00,276.10974
2012-11-29 18:00:00,272.65762
2012-11-29 19:00:00,205.43832
2012-11-29 20:00:00,223.28166
2012-11-29 21:00:00,124.88796
2012-11-29 22:00:00,124.05433
2012-11-29 23:00:00,154.5957
2012-11-30 00:00:00,127.964165
2012-11-30 01:00:00,112.73506
2012-11-30 02:00:00,89.482994
2012-11-30 03:00:00,89.482994
2012-11-30 04:00:00,82.07443
2012-11-30 05:00:00,81.84842
2012-11-30 06:00:00,88.95662
2012-11-30 07:00:00,89.2384
2012-11-30 08:00:00,128.86375
2012-11-30 09:00:00,119.50757
2012-11-30 10:00:00,181.57649
2012-11-30 11:00:00,298.98068
2012-11-30 12:00:00,328.78204
2012-11-30 13:00:00,322.76517
2012-11-30 14:00:00,331.34464
2012-11-30 15:00:00,339.87054
2012-11-30 16:00:00,331.72614
2012-11-30 17:00:00,282.86212
2012-11-30 18:00:00,273.78146
2012-11-30 19:00:00,179.8615
2012-11-30 20:00:00,179.8615
2012-11-30 21:00:00,137.30974
2012-11-30 22:00:00,116.98626
2012-11-30 23:00:00,142.76088
2012-12-20 00:00:00,204.93456
2012-12-20 01:00:00,179.8615
2012-12-20 02:00:00,179.8615
2012-12-20 03:00:00,147.80296
2012-12-20 04:00:00,147.80296
2012-12-20 05:00:00,149.3816
2012-12-20 06:00:00,181.57649
2012-12-20 07:00:00,137.09738
2012-12-20 08:00:00,137.09738
2012-12-20 09:00:00,137.09738
2012-12-20 10:00:00,195.48897
2012-12-20 11:00:00,226.53609
2012-12-20 12:00:00,291.78235
2012-12-20 13:00:00,260.57474
2012-12-20 14:00:00,277.04553
2012-12-20 15:00:00,247.33968
2012-12-20 16:00:00,221.1073
2012-12-20 17:00:00,191.12433
2012-12-20 18:00:00,172.87317
2012-12-20 19:00:00,165.58043
2012-12-20 20:00:00,160.93265
2012-12-20 21:00:00,160.93265
2012-12-20 22:00:00,152.1602
2012-12-20 23:00:00,176.83365
2012-12-21 00:00:00,93.91789
2012-12-21 01:00:00,98.0643
2012-12-21 02:00:00,96.62666
2012-12-21 03:00:00,96.62666
2012-12-21 04:00:00,107.457245
2012-12-21 05:00:00,86.41688
2012-12-21 06:00:00,125.75171
2012-12-21 07:00:00,109.23966
2012-12-21 08:00:00,107.312065
2012-12-21 09:00:00,133.60638
2012-12-21 10:00:00,148.02054
2012-12-21 11:00:00,135.25116
2012-12-21 12:00:00,137.19269
2012-12-21 13:00:00,139.63187
2012-12-21 14:00:00,140.84682
2012-12-21 15:00:00,126.8658
2012-12-21 16:00:00,128.75688
2012-12-21 17:00:00,82.39515
2012-12-21 18:00:00,80.15886
2012-12-21 19:00:00,121.74146
2012-12-21 20:00:00,130.80075
2012-12-21 21:00:00,122.938095
2012-12-21 22:00:00,112.40519
2012-12-21 23:00:00,115.53702
2012-12-22 00:00:00,119.71183
2012-12-22 01:00:00,105.87044
2012-12-22 02:00:00,112.60465
2012-12-22 03:00:00,99.82614
2012-12-22 04:00:00,91.66845
2012-12-22 05:00:00,101.14793
2012-12-22 06:00:00,106.88637
2012-12-22 07:00:00,106.88637
2012-12-22 08:00:00,123.43842
2012-12-22 09:00:00,98.27817
2012-12-22 10:00:00,93.00151
2012-12-22 11:00:00,118.729866
2012-12-22 12:00:00,129.51814
2012-12-22 13:00:00,148.59085
2012-12-22 14:00:00,149.27458
2012-12-22 15:00:00,130.29167
2012-12-22 16:00:00,133.8555
2012-12-22 17:00:00,116.161064
2012-12-22 18:00:00,106.95521
2012-12-22 19:00:00,88.80311
2012-12-22 20:00:00,83.88654
2012-12-22 21:00:00,70.78629
2012-12-22 22:00:00,70.78629
2012-12-22 23:00:00,69.40692
2012-12-23 00:00:00,79.47346
2012-12-23 01:00:00,76.92422
2012-12-23 02:00:00,62.264412
2012-12-23 03:00:00,62.05597
2012-12-23 04:00:00,70.22302
2012-12-23 05:00:00,65.242455
2012-12-23 06:00:00,44.11277
2012-12-23 07:00:00,44.11277
2012-12-23 08:00:00,41.40414
2012-12-23 09:00:00,50.098797
2012-12-23 10:00:00,55.09596
2012-12-23 11:00:00,71.71183
2012-12-23 12:00:00,122.62016
2012-12-23 13:00:00,139.44736
2012-12-23 14:00:00,170.86545
2012-12-23 15:00:00,192.49623
2012-12-23 16:00:00,195.93263
2012-12-23 17:00:00,121.072845
2012-12-23 18:00:00,122.46009
2012-12-23 19:00:00,105.379456
2012-12-23 20:00:00,59.066216
2012-12-23 21:00:00,48.243965
2012-12-23 22:00:00,56.42
2012-12-23 23:00:00,61.61187
2012-12-24 00:00:00,85.72382
2012-12-24 01:00:00,85.72381
2012-12-24 02:00:00,76.01333
2012-12-24 03:00:00,76.01333
2012-12-24 05:00:00,67.96512
2012-12-24 06:00:00,76.01333
2012-12-24 07:00:00,81.128876
2012-12-24 08:00:00,85.72381
2012-12-24 09:00:00,82.18548
2012-12-24 10:00:00,106.651886
2012-12-24 11:00:00,80.68043
2012-12-24 12:00:00,119.99942
2012-12-24 13:00:00,74.90243
2012-12-24 14:00:00,71.60131
2012-12-24 15:00:00,52.206177
2012-12-24 16:00:00,52.206177
2012-12-24 17:00:00,60.1004
2012-12-24 18:00:00,68.709785
2012-12-24 19:00:00,66.31706
2012-12-24 20:00:00,64.490486
2012-12-24 21:00:00,70.308174
2012-12-24 22:00:00,79.49217
2012-12-24 23:00:00,87.24493
2012-12-25 00:00:00,39.206173
2012-12-25 01:00:00,41.34272
2012-12-25 02:00:00,41.34272
2012-12-25 04:00:00,35.32002
2012-12-25 05:00:00,38.21104
2012-12-25 06:00:00,38.21104
2012-12-25 07:00:00,39.1608
2012-12-25 08:00:00,30.608093
2012-12-25 09:00:00,27.435476
2012-12-25 10:00:00,24.339495
2012-12-25 11:00:00,38.145157
2012-12-25 12:00:00,40.58584
2012-12-25 13:00:00,144.3275
2012-12-25 14:00:00,149.50266
2012-12-25 15:00:00,111.47938
2012-12-25 16:00:00,105.08899
2012-12-25 17:00:00,73.766716
2012-12-25 18:00:00,59.617058
2012-12-25 19:00:00,60.964554
2012-12-25 20:00:00,57.971874
2012-12-25 21:00:00,57.656265
2012-12-25 22:00:00,57.994225
2012-12-25 23:00:00,48.712944
2012-12-26 00:00:00,77.32482
2012-12-26 01:00:00,67.09296
2012-12-26 02:00:00,67.09296
2012-12-26 03:00:00,66.51872
2012-12-26 04:00:00,73.18341
2012-12-26 05:00:00,60.281914
2012-12-26 06:00:00,60.560726
2012-12-26 07:00:00,51.725483
2012-12-26 08:00:00,51.725483
2012-12-26 09:00:00,51.725483
2012-12-26 10:00:00,49.22974
2012-12-26 11:00:00,58.603127
2012-12-26 12:00:00,52.443924
2012-12-26 13:00:00,52.443924
2012-12-26 14:00:00,51.02362
2012-12-26 15:00:00,57.894108
2012-12-26 16:00:00,57.894108
2012-12-26 17:00:00,56.96821
2012-12-26 18:00:00,53.64769
2012-12-26 19:00:00,63.067734
2012-12-26 20:00:00,59.491367
2012-12-26 21:00:00,66.57454
2012-12-26 22:00:00,65.78286
2012-12-26 23:00:00,51.591995
2012-12-27 00:00:00,51.591995
2012-12-27 01:00:00,65.78286
2012-12-27 02:00:00,72.530556
2012-12-27 03:00:00,62.59167
2012-12-27 04:00:00,59.74487
2012-12-27 05:00:00,76.488014
2012-12-27 06:00:00,81.562706
2012-12-27 07:00:00,74.39365
2012-12-27 08:00:00,81.989845
2012-12-27 09:00:00,96.413284
2012-12-27 10:00:00,111.20567
2012-12-27 11:00:00,97.973885
2012-12-27 12:00:00,130.70435
2012-12-27 13:00:00,130.70435
2012-12-27 14:00:00,98.194466
2012-12-27 15:00:00,89.44828
2012-12-27 16:00:00,90.88737
2012-12-27 17:00:00,90.88737
2012-12-27 18:00:00,67.86137
2012-12-27 19:00:00,77.57848
2012-12-27 20:00:00,82.10662
2012-12-27 21:00:00,67.86137
2012-12-27 22:00:00,66.32632
2012-12-27 23:00:00,67.86137
2012-12-28 00:00:00,73.58389
2012-12-28 01:00:00,78.73698
2012-12-28 02:00:00,78.66038
2012-12-28 03:00:00,73.58389
2012-12-28 04:00:00,90.78187
2012-12-28 05:00:00,94.11515
2012-12-28 06:00:00,74.202705
2012-12-28 07:00:00,78.345184
2012-12-28 08:00:00,78.03105
2012-12-28 09:00:00,66.32632
2012-12-28 10:00:00,81.36465
2012-12-28 11:00:00,99.433975
2012-12-28 12:00:00,124.72243
2012-12-28 13:00:00,124.72243
2012-12-28 14:00:00,124.72243
2012-12-28 15:00:00,116.501366
2012-12-28 16:00:00,131.21933
2012-12-28 17:00:00,83.00634
2012-12-28 18:00:00,83.00634
2012-12-28 19:00:00,65.247604
2012-12-28 20:00:00,82.18548
2012-12-28 21:00:00,70.14735
2012-12-28 22:00:00,78.34538
2012-12-28 23:00:00,84.87468
2012-12-29 00:00:00,51.661655
2012-12-29 01:00:00,47.145172
2012-12-29 02:00:00,51.661655
2012-12-29 03:00:00,46.955482
2012-12-29 04:00:00,47.145172
2012-12-29 05:00:00,47.145172
2012-12-29 06:00:00,48.267067
2012-12-29 07:00:00,48.97843
2012-12-29 08:00:00,41.916637
2012-12-29 09:00:00,41.916645
2012-12-29 10:00:00,48.986504
2012-12-29 11:00:00,45.85402
2012-12-29 12:00:00,48.091915
2012-12-29 13:00:00,48.091915
2012-12-29 14:00:00,46.487167
2012-12-29 15:00:00,39.55571
2012-12-29 16:00:00,44.854393
2012-12-29 17:00:00,46.036587
2012-12-29 18:00:00,59.063934
2012-12-29 19:00:00,65.12551
2012-12-29 20:00:00,106.26458
2012-12-29 21:00:00,95.70843
2012-12-29 22:00:00,85.32521
2012-12-29 23:00:00,65.54702
2012-12-30 00:00:00,67.10498
2012-12-30 01:00:00,81.01558
2012-12-30 02:00:00,66.1851
2012-12-30 03:00:00,81.01558
2012-12-30 04:00:00,69.91429
2012-12-30 05:00:00,80.698784
2012-12-30 06:00:00,78.73754
2012-12-30 07:00:00,74.596375
2012-12-30 08:00:00,91.578445
2012-12-30 09:00:00,84.82046
2012-12-30 10:00:00,120.89155
2012-12-30 11:00:00,110.86462
2012-12-30 12:00:00,121.00135
2012-12-30 13:00:00,129.51814
2012-12-30 14:00:00,140.99734
2012-12-30 15:00:00,122.67863
2012-12-30 16:00:00,122.78057
2012-12-30 17:00:00,106.41687
2012-12-30 18:00:00,81.092155
2012-12-30 19:00:00,87.71873
2012-12-30 20:00:00,80.2226
2012-12-30 21:00:00,62.264412
2012-12-30 22:00:00,54.58499
2012-12-30 23:00:00,60.620155
2012-12-31 00:00:00,71.424644
2012-12-31 01:00:00,71.424644
2012-12-31 02:00:00,70.26991
2012-12-31 03:00:00,73.064964
2012-12-31 04:00:00,67.029564
2012-12-31 05:00:00,66.200806
2012-12-31 06:00:00,69.57817
2012-12-31 07:00:00,72.96273
2012-12-31 08:00:00,69.25207
2012-12-31 09:00:00,69.72756
2012-12-31 10:00:00,65.08239
2012-12-31 11:00:00,65.428535
2012-12-31 12:00:00,73.48214
2012-12-31 13:00:00,104.86118
2012-12-31 14:00:00,112.422745
2012-12-31 15:00:00,120.50919
2012-12-31 16:00:00,99.16622
2012-12-31 17:00:00,118.426445
2012-12-31 18:00:00,108.18771
2012-12-31 19:00:00,80.68043
2012-12-31 20:00:00,80.68043
2012-12-31 21:00:00,88.5938
2012-12-31 22:00:00,100.10939
2012-12-31 23:00:00,82.82292
